"","Project.ID","Deployment.id_new","Unit","Subunit","Site","Settlements","Lon","Lat","Start.date","Time.Diff","rescaled_Time.Diff","Monitoring.Time.Diff_numeric","sinus_Monitoring.Time.Diff","cosinus_Monitoring.Time.Diff","Distance","Transect","Distance.Agri"
"1","T0","Aderet Far CA28","Mediterranean Maquis","Judea","Aderet","Far",34.98161,31.665262,17/07/12,  79,-1.6941730,26,0.762558450479603,0.64691932232864,1018.218479,"Aderet Far",712.62274
"2","T0","Aderet Far CA30","Mediterranean Maquis","Judea","Aderet","Far",34.98161,31.665262,17/07/12,  79,-1.6941730,26,0.762558450479603,0.64691932232864,1018.218479,"Aderet Far",712.62274
"3","T0","Aderet Far CA31","Mediterranean Maquis","Judea","Aderet","Far",34.98161,31.665262,17/07/12,  79,-1.6941730,26,0.762558450479603,0.64691932232864,1018.218479,"Aderet Far",712.62274
"4","T0","Aderet Far CA33","Mediterranean Maquis","Judea","Aderet","Far",34.98161,31.665262,17/07/12,  79,-1.6941730,26,0.762558450479603,0.64691932232864,1018.218479,"Aderet Far",712.62274
"5","T0","Aderet Far CA34","Mediterranean Maquis","Judea","Aderet","Far",34.98161,31.665262,17/07/12,  79,-1.6941730,26,0.762558450479603,0.64691932232864,1018.218479,"Aderet Far",712.62274
"6","T0","Aderet Far CA36","Mediterranean Maquis","Judea","Aderet","Far",34.98161,31.665262,17/07/12,  79,-1.6941730,26,0.762558450479603,0.64691932232864,1018.218479,"Aderet Far",712.62274
"7","T0","Aderet Near CA2","Mediterranean Maquis","Judea","Aderet","Near",34.988968,31.661694,17/07/12,  79,-1.6941730,26,0.762558450479603,0.64691932232864,309.2722968,"Aderet Near",584.722426
"8","T0","Aderet Near CA3","Mediterranean Maquis","Judea","Aderet","Near",34.988968,31.661694,17/07/12,  79,-1.6941730,26,0.762558450479603,0.64691932232864,309.2722968,"Aderet Near",584.722426
"9","T0","Aderet Near CA4","Mediterranean Maquis","Judea","Aderet","Near",34.988968,31.661694,17/07/12,  79,-1.6941730,26,0.762558450479603,0.64691932232864,309.2722968,"Aderet Near",584.722426
"10","T0","Aderet Near CA5","Mediterranean Maquis","Judea","Aderet","Near",34.988968,31.661694,17/07/12,  79,-1.6941730,26,0.762558450479603,0.64691932232864,309.2722968,"Aderet Near",584.722426
"11","T0","Aderet Near CA6","Mediterranean Maquis","Judea","Aderet","Near",34.988968,31.661694,17/07/12,  79,-1.6941730,26,0.762558450479603,0.64691932232864,309.2722968,"Aderet Near",584.722426
"12","T0","Aderet Near CA7","Mediterranean Maquis","Judea","Aderet","Near",34.988968,31.661694,17/07/12,  79,-1.6941730,26,0.762558450479603,0.64691932232864,309.2722968,"Aderet Near",584.722426
"13","T0","Aderet Near CA8","Mediterranean Maquis","Judea","Aderet","Near",34.988968,31.661694,17/07/12,  79,-1.6941730,26,0.762558450479603,0.64691932232864,309.2722968,"Aderet Near",584.722426
"14","T0","Aderet Near CA9","Mediterranean Maquis","Judea","Aderet","Near",34.988968,31.661694,17/07/12,  79,-1.6941730,26,0.762558450479603,0.64691932232864,309.2722968,"Aderet Near",584.722426
"15","T0","Beit Oren Far CA28","Mediterranean Maquis","Carmel","Beit Oren","Far",35.005342,32.725554,18/06/12,  50,-1.7176921,-3,-0.141120008059867,-0.989992496600445,437.5441632,"Beit Oren Far",695.115241
"16","T0","Beit Oren Far CA29","Mediterranean Maquis","Carmel","Beit Oren","Far",35.005342,32.725554,18/06/12,  50,-1.7176921,-3,-0.141120008059867,-0.989992496600445,437.5441632,"Beit Oren Far",695.115241
"17","T0","Beit Oren Far CA30","Mediterranean Maquis","Carmel","Beit Oren","Far",35.005342,32.725554,18/06/12,  50,-1.7176921,-3,-0.141120008059867,-0.989992496600445,437.5441632,"Beit Oren Far",695.115241
"18","T0","Beit Oren Far CA31","Mediterranean Maquis","Carmel","Beit Oren","Far",35.005342,32.725554,18/06/12,  50,-1.7176921,-3,-0.141120008059867,-0.989992496600445,437.5441632,"Beit Oren Far",695.115241
"19","T0","Beit Oren Far CA32","Mediterranean Maquis","Carmel","Beit Oren","Far",35.005342,32.725554,18/06/12,  50,-1.7176921,-3,-0.141120008059867,-0.989992496600445,437.5441632,"Beit Oren Far",695.115241
"20","T0","Beit Oren Far CA33","Mediterranean Maquis","Carmel","Beit Oren","Far",35.005342,32.725554,18/06/12,  50,-1.7176921,-3,-0.141120008059867,-0.989992496600445,437.5441632,"Beit Oren Far",695.115241
"21","T0","Beit Oren Far CA35","Mediterranean Maquis","Carmel","Beit Oren","Far",35.005342,32.725554,18/06/12,  50,-1.7176921,-3,-0.141120008059867,-0.989992496600445,437.5441632,"Beit Oren Far",695.115241
"22","T0","Beit Oren Far CA36","Mediterranean Maquis","Carmel","Beit Oren","Far",35.005342,32.725554,18/06/12,  50,-1.7176921,-3,-0.141120008059867,-0.989992496600445,437.5441632,"Beit Oren Far",695.115241
"23","T0","Beit Oren Near CA21","Mediterranean Maquis","Carmel","Beit Oren","Near",35.003002,32.734064,18/06/12,  50,-1.7176921,-3,-0.141120008059867,-0.989992496600445,0,"Beit Oren Near",208.515008
"24","T0","Beit Oren Near CA22","Mediterranean Maquis","Carmel","Beit Oren","Near",35.003002,32.734064,18/06/12,  50,-1.7176921,-3,-0.141120008059867,-0.989992496600445,0,"Beit Oren Near",208.515008
"25","T0","Beit Oren Near CA23","Mediterranean Maquis","Carmel","Beit Oren","Near",35.003002,32.734064,18/06/12,  50,-1.7176921,-3,-0.141120008059867,-0.989992496600445,0,"Beit Oren Near",208.515008
"26","T0","Beit Oren Near CA24","Mediterranean Maquis","Carmel","Beit Oren","Near",35.003002,32.734064,18/06/12,  50,-1.7176921,-3,-0.141120008059867,-0.989992496600445,0,"Beit Oren Near",208.515008
"27","T0","Beit Oren Near CA25","Mediterranean Maquis","Carmel","Beit Oren","Near",35.003002,32.734064,18/06/12,  50,-1.7176921,-3,-0.141120008059867,-0.989992496600445,0,"Beit Oren Near",208.515008
"28","T0","Beit Oren Near CA26","Mediterranean Maquis","Carmel","Beit Oren","Near",35.003002,32.734064,18/06/12,  50,-1.7176921,-3,-0.141120008059867,-0.989992496600445,0,"Beit Oren Near",208.515008
"29","T0","Beit Oren Near CA27","Mediterranean Maquis","Carmel","Beit Oren","Near",35.003002,32.734064,18/06/12,  50,-1.7176921,-3,-0.141120008059867,-0.989992496600445,0,"Beit Oren Near",208.515008
"30","T0","Ein Yaakov Far CA20","Mediterranean Maquis","Galilee","Ein Yaakov","Far",35.229275,33.003018,03/06/12,  35,-1.7298572,-18,0.750987246771676,0.66031670824408,398.2677455,"Ein Yaakov Far",541.609247
"31","T0","Ein Yaakov Far CA21","Mediterranean Maquis","Galilee","Ein Yaakov","Far",35.229275,33.003018,03/06/12,  35,-1.7298572,-18,0.750987246771676,0.66031670824408,398.2677455,"Ein Yaakov Far",541.609247
"32","T0","Ein Yaakov Far CA22","Mediterranean Maquis","Galilee","Ein Yaakov","Far",35.229275,33.003018,03/06/12,  35,-1.7298572,-18,0.750987246771676,0.66031670824408,398.2677455,"Ein Yaakov Far",541.609247
"33","T0","Ein Yaakov Far CA23","Mediterranean Maquis","Galilee","Ein Yaakov","Far",35.229275,33.003018,03/06/12,  35,-1.7298572,-18,0.750987246771676,0.66031670824408,398.2677455,"Ein Yaakov Far",541.609247
"34","T0","Ein Yaakov Far CA24","Mediterranean Maquis","Galilee","Ein Yaakov","Far",35.229275,33.003018,03/06/12,  35,-1.7298572,-18,0.750987246771676,0.66031670824408,398.2677455,"Ein Yaakov Far",541.609247
"35","T0","Ein Yaakov Far CA25","Mediterranean Maquis","Galilee","Ein Yaakov","Far",35.229275,33.003018,03/06/12,  35,-1.7298572,-18,0.750987246771676,0.66031670824408,398.2677455,"Ein Yaakov Far",541.609247
"36","T0","Ein Yaakov Far CA26","Mediterranean Maquis","Galilee","Ein Yaakov","Far",35.229275,33.003018,03/06/12,  35,-1.7298572,-18,0.750987246771676,0.66031670824408,398.2677455,"Ein Yaakov Far",541.609247
"37","T0","Ein Yaakov Near CA10","Mediterranean Maquis","Galilee","Ein Yaakov","Near",35.228332,33.006337,03/06/12,  35,-1.7298572,-18,0.750987246771676,0.66031670824408,25.22243808,"Ein Yaakov Near",286.785281
"38","T0","Ein Yaakov Near CA11","Mediterranean Maquis","Galilee","Ein Yaakov","Near",35.228332,33.006337,03/06/12,  35,-1.7298572,-18,0.750987246771676,0.66031670824408,25.22243808,"Ein Yaakov Near",286.785281
"39","T0","Ein Yaakov Near CA12","Mediterranean Maquis","Galilee","Ein Yaakov","Near",35.228332,33.006337,03/06/12,  35,-1.7298572,-18,0.750987246771676,0.66031670824408,25.22243808,"Ein Yaakov Near",286.785281
"40","T0","Ein Yaakov Near CA13","Mediterranean Maquis","Galilee","Ein Yaakov","Near",35.228332,33.006337,03/06/12,  35,-1.7298572,-18,0.750987246771676,0.66031670824408,25.22243808,"Ein Yaakov Near",286.785281
"41","T0","Ein Yaakov Near CA14","Mediterranean Maquis","Galilee","Ein Yaakov","Near",35.228332,33.006337,03/06/12,  35,-1.7298572,-18,0.750987246771676,0.66031670824408,25.22243808,"Ein Yaakov Near",286.785281
"42","T0","Ein Yaakov Near CA15","Mediterranean Maquis","Galilee","Ein Yaakov","Near",35.228332,33.006337,03/06/12,  35,-1.7298572,-18,0.750987246771676,0.66031670824408,25.22243808,"Ein Yaakov Near",286.785281
"43","T0","Ein Yaakov Near CA16","Mediterranean Maquis","Galilee","Ein Yaakov","Near",35.228332,33.006337,03/06/12,  35,-1.7298572,-18,0.750987246771676,0.66031670824408,25.22243808,"Ein Yaakov Near",286.785281
"44","T0","Ein Yaakov Near CA17","Mediterranean Maquis","Galilee","Ein Yaakov","Near",35.228332,33.006337,03/06/12,  35,-1.7298572,-18,0.750987246771676,0.66031670824408,25.22243808,"Ein Yaakov Near",286.785281
"45","T0","Ein Yaakov Near CA18","Mediterranean Maquis","Galilee","Ein Yaakov","Near",35.228332,33.006337,03/06/12,  35,-1.7298572,-18,0.750987246771676,0.66031670824408,25.22243808,"Ein Yaakov Near",286.785281
"46","T0","Givat Yearim Far CA20","Mediterranean Maquis","Judea","Givat Yearim","Far",35.092326,31.775273,31/07/12,  93,-1.6828189,40,0.745113160479349,-0.666938061652262,396.3905249,"Givat Yearim Far",397.955471
"47","T0","Givat Yearim Far CA21","Mediterranean Maquis","Judea","Givat Yearim","Far",35.092326,31.775273,31/07/12,  93,-1.6828189,40,0.745113160479349,-0.666938061652262,396.3905249,"Givat Yearim Far",397.955471
"48","T0","Givat Yearim Far CA23","Mediterranean Maquis","Judea","Givat Yearim","Far",35.092326,31.775273,31/07/12,  93,-1.6828189,40,0.745113160479349,-0.666938061652262,396.3905249,"Givat Yearim Far",397.955471
"49","T0","Givat Yearim Far CA24","Mediterranean Maquis","Judea","Givat Yearim","Far",35.092326,31.775273,31/07/12,  93,-1.6828189,40,0.745113160479349,-0.666938061652262,396.3905249,"Givat Yearim Far",397.955471
"50","T0","Givat Yearim Far CA25","Mediterranean Maquis","Judea","Givat Yearim","Far",35.092326,31.775273,31/07/12,  93,-1.6828189,40,0.745113160479349,-0.666938061652262,396.3905249,"Givat Yearim Far",397.955471
"51","T0","Givat Yearim Far CA27","Mediterranean Maquis","Judea","Givat Yearim","Far",35.092326,31.775273,31/07/12,  93,-1.6828189,40,0.745113160479349,-0.666938061652262,396.3905249,"Givat Yearim Far",397.955471
"52","T0","Givat Yearim Near CA11","Mediterranean Maquis","Judea","Givat Yearim","Near",35.094864,31.786766,31/07/12,  93,-1.6828189,40,0.745113160479349,-0.666938061652262,72.96258033,"Givat Yearim Near",62.324738
"53","T0","Givat Yearim Near CA12","Mediterranean Maquis","Judea","Givat Yearim","Near",35.094864,31.786766,31/07/12,  93,-1.6828189,40,0.745113160479349,-0.666938061652262,72.96258033,"Givat Yearim Near",62.324738
"54","T0","Givat Yearim Near CA13","Mediterranean Maquis","Judea","Givat Yearim","Near",35.094864,31.786766,31/07/12,  93,-1.6828189,40,0.745113160479349,-0.666938061652262,72.96258033,"Givat Yearim Near",62.324738
"55","T0","Givat Yearim Near CA14","Mediterranean Maquis","Judea","Givat Yearim","Near",35.094864,31.786766,31/07/12,  93,-1.6828189,40,0.745113160479349,-0.666938061652262,72.96258033,"Givat Yearim Near",62.324738
"56","T0","Givat Yearim Near CA16","Mediterranean Maquis","Judea","Givat Yearim","Near",35.094864,31.786766,31/07/12,  93,-1.6828189,40,0.745113160479349,-0.666938061652262,72.96258033,"Givat Yearim Near",62.324738
"57","T0","Givat Yearim Near CA17","Mediterranean Maquis","Judea","Givat Yearim","Near",35.094864,31.786766,31/07/12,  93,-1.6828189,40,0.745113160479349,-0.666938061652262,72.96258033,"Givat Yearim Near",62.324738
"58","T0","Givat Yearim Near CA18","Mediterranean Maquis","Judea","Givat Yearim","Near",35.094864,31.786766,31/07/12,  93,-1.6828189,40,0.745113160479349,-0.666938061652262,72.96258033,"Givat Yearim Near",62.324738
"59","T0","Givat Yeshayahu Far CA10","Mediterranean Maquis","Judea","Givat Yeshayahu","Far",34.955749,31.661871,16/07/12,  78,-1.6949840,25,-0.132351750097773,0.991202811863474,463.6723106,"Givat Yeshayahu Far",328.485518
"60","T0","Givat Yeshayahu Far CA11","Mediterranean Maquis","Judea","Givat Yeshayahu","Far",34.955749,31.661871,16/07/12,  78,-1.6949840,25,-0.132351750097773,0.991202811863474,463.6723106,"Givat Yeshayahu Far",328.485518
"61","T0","Givat Yeshayahu Far CA12","Mediterranean Maquis","Judea","Givat Yeshayahu","Far",34.955749,31.661871,16/07/12,  78,-1.6949840,25,-0.132351750097773,0.991202811863474,463.6723106,"Givat Yeshayahu Far",328.485518
"62","T0","Givat Yeshayahu Far CA13","Mediterranean Maquis","Judea","Givat Yeshayahu","Far",34.955749,31.661871,16/07/12,  78,-1.6949840,25,-0.132351750097773,0.991202811863474,463.6723106,"Givat Yeshayahu Far",328.485518
"63","T0","Givat Yeshayahu Far CA14","Mediterranean Maquis","Judea","Givat Yeshayahu","Far",34.955749,31.661871,16/07/12,  78,-1.6949840,25,-0.132351750097773,0.991202811863474,463.6723106,"Givat Yeshayahu Far",328.485518
"64","T0","Givat Yeshayahu Far CA16","Mediterranean Maquis","Judea","Givat Yeshayahu","Far",34.955749,31.661871,16/07/12,  78,-1.6949840,25,-0.132351750097773,0.991202811863474,463.6723106,"Givat Yeshayahu Far",328.485518
"65","T0","Givat Yeshayahu Far CA17","Mediterranean Maquis","Judea","Givat Yeshayahu","Far",34.955749,31.661871,16/07/12,  78,-1.6949840,25,-0.132351750097773,0.991202811863474,463.6723106,"Givat Yeshayahu Far",328.485518
"66","T0","Givat Yeshayahu Far CA18","Mediterranean Maquis","Judea","Givat Yeshayahu","Far",34.955749,31.661871,16/07/12,  78,-1.6949840,25,-0.132351750097773,0.991202811863474,463.6723106,"Givat Yeshayahu Far",328.485518
"67","T0","Givat Yeshayahu Near CA20","Mediterranean Maquis","Judea","Givat Yeshayahu","Near",34.951925,31.671793,16/07/12,  78,-1.6949840,25,-0.132351750097773,0.991202811863474,133.387153,"Givat Yeshayahu Near",170.007969
"68","T0","Givat Yeshayahu Near CA21","Mediterranean Maquis","Judea","Givat Yeshayahu","Near",34.951925,31.671793,16/07/12,  78,-1.6949840,25,-0.132351750097773,0.991202811863474,133.387153,"Givat Yeshayahu Near",170.007969
"69","T0","Givat Yeshayahu Near CA22","Mediterranean Maquis","Judea","Givat Yeshayahu","Near",34.951925,31.671793,16/07/12,  78,-1.6949840,25,-0.132351750097773,0.991202811863474,133.387153,"Givat Yeshayahu Near",170.007969
"70","T0","Givat Yeshayahu Near CA23","Mediterranean Maquis","Judea","Givat Yeshayahu","Near",34.951925,31.671793,16/07/12,  78,-1.6949840,25,-0.132351750097773,0.991202811863474,133.387153,"Givat Yeshayahu Near",170.007969
"71","T0","Givat Yeshayahu Near CA24","Mediterranean Maquis","Judea","Givat Yeshayahu","Near",34.951925,31.671793,16/07/12,  78,-1.6949840,25,-0.132351750097773,0.991202811863474,133.387153,"Givat Yeshayahu Near",170.007969
"72","T0","Givat Yeshayahu Near CA25","Mediterranean Maquis","Judea","Givat Yeshayahu","Near",34.951925,31.671793,16/07/12,  78,-1.6949840,25,-0.132351750097773,0.991202811863474,133.387153,"Givat Yeshayahu Near",170.007969
"73","T0","Givat Yeshayahu Near CA26","Mediterranean Maquis","Judea","Givat Yeshayahu","Near",34.951925,31.671793,16/07/12,  78,-1.6949840,25,-0.132351750097773,0.991202811863474,133.387153,"Givat Yeshayahu Near",170.007969
"74","T0","Goren Far CA28","Mediterranean Maquis","Galilee","Goren","Far",35.256043,33.048903,22/05/12,  23,-1.7395892,-30,0.988031624092862,0.154251449887584,1061.863908,"Goren Far",135.740851
"75","T0","Goren Far CA29","Mediterranean Maquis","Galilee","Goren","Far",35.256043,33.048903,22/05/12,  23,-1.7395892,-30,0.988031624092862,0.154251449887584,1061.863908,"Goren Far",135.740851
"76","T0","Goren Far CA30","Mediterranean Maquis","Galilee","Goren","Far",35.256043,33.048903,22/05/12,  23,-1.7395892,-30,0.988031624092862,0.154251449887584,1061.863908,"Goren Far",135.740851
"77","T0","Goren Far CA31","Mediterranean Maquis","Galilee","Goren","Far",35.256043,33.048903,22/05/12,  23,-1.7395892,-30,0.988031624092862,0.154251449887584,1061.863908,"Goren Far",135.740851
"78","T0","Goren Far CA32","Mediterranean Maquis","Galilee","Goren","Far",35.256043,33.048903,22/05/12,  23,-1.7395892,-30,0.988031624092862,0.154251449887584,1061.863908,"Goren Far",135.740851
"79","T0","Goren Far CA33","Mediterranean Maquis","Galilee","Goren","Far",35.256043,33.048903,22/05/12,  23,-1.7395892,-30,0.988031624092862,0.154251449887584,1061.863908,"Goren Far",135.740851
"80","T0","Goren Far CA35","Mediterranean Maquis","Galilee","Goren","Far",35.256043,33.048903,22/05/12,  23,-1.7395892,-30,0.988031624092862,0.154251449887584,1061.863908,"Goren Far",135.740851
"81","T0","Goren Far CA36","Mediterranean Maquis","Galilee","Goren","Far",35.256043,33.048903,22/05/12,  23,-1.7395892,-30,0.988031624092862,0.154251449887584,1061.863908,"Goren Far",135.740851
"82","T0","Goren Near CA19","Mediterranean Maquis","Galilee","Goren","Near",35.231046,33.054492,22/05/12,  23,-1.7395892,-30,0.988031624092862,0.154251449887584,89.93804456,"Goren Near",107.778189
"83","T0","Goren Near CA20","Mediterranean Maquis","Galilee","Goren","Near",35.231046,33.054492,22/05/12,  23,-1.7395892,-30,0.988031624092862,0.154251449887584,89.93804456,"Goren Near",107.778189
"84","T0","Goren Near CA21","Mediterranean Maquis","Galilee","Goren","Near",35.231046,33.054492,22/05/12,  23,-1.7395892,-30,0.988031624092862,0.154251449887584,89.93804456,"Goren Near",107.778189
"85","T0","Goren Near CA22","Mediterranean Maquis","Galilee","Goren","Near",35.231046,33.054492,22/05/12,  23,-1.7395892,-30,0.988031624092862,0.154251449887584,89.93804456,"Goren Near",107.778189
"86","T0","Goren Near CA23","Mediterranean Maquis","Galilee","Goren","Near",35.231046,33.054492,22/05/12,  23,-1.7395892,-30,0.988031624092862,0.154251449887584,89.93804456,"Goren Near",107.778189
"87","T0","Goren Near CA24","Mediterranean Maquis","Galilee","Goren","Near",35.231046,33.054492,22/05/12,  23,-1.7395892,-30,0.988031624092862,0.154251449887584,89.93804456,"Goren Near",107.778189
"88","T0","Goren Near CA25","Mediterranean Maquis","Galilee","Goren","Near",35.231046,33.054492,22/05/12,  23,-1.7395892,-30,0.988031624092862,0.154251449887584,89.93804456,"Goren Near",107.778189
"89","T0","Goren Near CA26","Mediterranean Maquis","Galilee","Goren","Near",35.231046,33.054492,22/05/12,  23,-1.7395892,-30,0.988031624092862,0.154251449887584,89.93804456,"Goren Near",107.778189
"90","T0","Goren Near CA27","Mediterranean Maquis","Galilee","Goren","Near",35.231046,33.054492,22/05/12,  23,-1.7395892,-30,0.988031624092862,0.154251449887584,89.93804456,"Goren Near",107.778189
"91","T0","Kerem Maharal Far CA19","Mediterranean Maquis","Carmel","Kerem Maharal","Far",35.017422,32.662375,01/07/12,  63,-1.7071490,10,-0.54402111088937,-0.839071529076452,2593.53426,"Kerem Maharal Far",640.699089
"92","T0","Kerem Maharal Far CA20","Mediterranean Maquis","Carmel","Kerem Maharal","Far",35.017422,32.662375,01/07/12,  63,-1.7071490,10,-0.54402111088937,-0.839071529076452,2593.53426,"Kerem Maharal Far",640.699089
"93","T0","Kerem Maharal Far CA21","Mediterranean Maquis","Carmel","Kerem Maharal","Far",35.017422,32.662375,01/07/12,  63,-1.7071490,10,-0.54402111088937,-0.839071529076452,2593.53426,"Kerem Maharal Far",640.699089
"94","T0","Kerem Maharal Far CA22","Mediterranean Maquis","Carmel","Kerem Maharal","Far",35.017422,32.662375,01/07/12,  63,-1.7071490,10,-0.54402111088937,-0.839071529076452,2593.53426,"Kerem Maharal Far",640.699089
"95","T0","Kerem Maharal Far CA23","Mediterranean Maquis","Carmel","Kerem Maharal","Far",35.017422,32.662375,01/07/12,  63,-1.7071490,10,-0.54402111088937,-0.839071529076452,2593.53426,"Kerem Maharal Far",640.699089
"96","T0","Kerem Maharal Far CA24","Mediterranean Maquis","Carmel","Kerem Maharal","Far",35.017422,32.662375,01/07/12,  63,-1.7071490,10,-0.54402111088937,-0.839071529076452,2593.53426,"Kerem Maharal Far",640.699089
"97","T0","Kerem Maharal Far CA25","Mediterranean Maquis","Carmel","Kerem Maharal","Far",35.017422,32.662375,01/07/12,  63,-1.7071490,10,-0.54402111088937,-0.839071529076452,2593.53426,"Kerem Maharal Far",640.699089
"98","T0","Kerem Maharal Far CA26","Mediterranean Maquis","Carmel","Kerem Maharal","Far",35.017422,32.662375,01/07/12,  63,-1.7071490,10,-0.54402111088937,-0.839071529076452,2593.53426,"Kerem Maharal Far",640.699089
"99","T0","Kerem Maharal Far CA27","Mediterranean Maquis","Carmel","Kerem Maharal","Far",35.017422,32.662375,01/07/12,  63,-1.7071490,10,-0.54402111088937,-0.839071529076452,2593.53426,"Kerem Maharal Far",640.699089
"100","T0","Kerem Maharal Near CA1","Mediterranean Maquis","Carmel","Kerem Maharal","Near",34.995291,32.644205,01/07/12,  63,-1.7071490,10,-0.54402111088937,-0.839071529076452,227.2248103,"Kerem Maharal Near",353.545011
"101","T0","Kerem Maharal Near CA3","Mediterranean Maquis","Carmel","Kerem Maharal","Near",34.995291,32.644205,01/07/12,  63,-1.7071490,10,-0.54402111088937,-0.839071529076452,227.2248103,"Kerem Maharal Near",353.545011
"102","T0","Kerem Maharal Near CA4","Mediterranean Maquis","Carmel","Kerem Maharal","Near",34.995291,32.644205,01/07/12,  63,-1.7071490,10,-0.54402111088937,-0.839071529076452,227.2248103,"Kerem Maharal Near",353.545011
"103","T0","Kerem Maharal Near CA5","Mediterranean Maquis","Carmel","Kerem Maharal","Near",34.995291,32.644205,01/07/12,  63,-1.7071490,10,-0.54402111088937,-0.839071529076452,227.2248103,"Kerem Maharal Near",353.545011
"104","T0","Kerem Maharal Near CA7","Mediterranean Maquis","Carmel","Kerem Maharal","Near",34.995291,32.644205,01/07/12,  63,-1.7071490,10,-0.54402111088937,-0.839071529076452,227.2248103,"Kerem Maharal Near",353.545011
"105","T0","Kerem Maharal Near CA8","Mediterranean Maquis","Carmel","Kerem Maharal","Near",34.995291,32.644205,01/07/12,  63,-1.7071490,10,-0.54402111088937,-0.839071529076452,227.2248103,"Kerem Maharal Near",353.545011
"106","T0","Kerem Maharal Near CA9","Mediterranean Maquis","Carmel","Kerem Maharal","Near",34.995291,32.644205,01/07/12,  63,-1.7071490,10,-0.54402111088937,-0.839071529076452,227.2248103,"Kerem Maharal Near",353.545011
"107","T0","Kfar Shamai Far CA01","Mediterranean Maquis","Galilee","Kfar Shamai","Far",35.469839,32.967418,29/04/12,   0,-1.7582423,-53,-0.395925150181834,-0.918282786212119,1272.262406,"Kfar Shamai Far",934.824423
"108","T0","Kfar Shamai Far CA02","Mediterranean Maquis","Galilee","Kfar Shamai","Far",35.469839,32.967418,29/04/12,   0,-1.7582423,-53,-0.395925150181834,-0.918282786212119,1272.262406,"Kfar Shamai Far",934.824423
"109","T0","Kfar Shamai Far CA03","Mediterranean Maquis","Galilee","Kfar Shamai","Far",35.469839,32.967418,29/04/12,   0,-1.7582423,-53,-0.395925150181834,-0.918282786212119,1272.262406,"Kfar Shamai Far",934.824423
"110","T0","Kfar Shamai Far CA04","Mediterranean Maquis","Galilee","Kfar Shamai","Far",35.469839,32.967418,29/04/12,   0,-1.7582423,-53,-0.395925150181834,-0.918282786212119,1272.262406,"Kfar Shamai Far",934.824423
"111","T0","Kfar Shamai Far CA05","Mediterranean Maquis","Galilee","Kfar Shamai","Far",35.469839,32.967418,29/04/12,   0,-1.7582423,-53,-0.395925150181834,-0.918282786212119,1272.262406,"Kfar Shamai Far",934.824423
"112","T0","Kfar Shamai Far CA06","Mediterranean Maquis","Galilee","Kfar Shamai","Far",35.469839,32.967418,29/04/12,   0,-1.7582423,-53,-0.395925150181834,-0.918282786212119,1272.262406,"Kfar Shamai Far",934.824423
"113","T0","Kfar Shamai Far CA07","Mediterranean Maquis","Galilee","Kfar Shamai","Far",35.469839,32.967418,29/04/12,   0,-1.7582423,-53,-0.395925150181834,-0.918282786212119,1272.262406,"Kfar Shamai Far",934.824423
"114","T0","Kfar Shamai Far CA08","Mediterranean Maquis","Galilee","Kfar Shamai","Far",35.469839,32.967418,29/04/12,   0,-1.7582423,-53,-0.395925150181834,-0.918282786212119,1272.262406,"Kfar Shamai Far",934.824423
"115","T0","Kfar Shamai Far CA09","Mediterranean Maquis","Galilee","Kfar Shamai","Far",35.469839,32.967418,29/04/12,   0,-1.7582423,-53,-0.395925150181834,-0.918282786212119,1272.262406,"Kfar Shamai Far",934.824423
"116","T0","Kfar Shamai Near CA10","Mediterranean Maquis","Galilee","Kfar Shamai","Near",35.458873,32.964077,29/04/12,   0,-1.7582423,-53,-0.395925150181834,-0.918282786212119,222.7575834,"Kfar Shamai Near",43.903109
"117","T0","Kfar Shamai Near CA11","Mediterranean Maquis","Galilee","Kfar Shamai","Near",35.458873,32.964077,29/04/12,   0,-1.7582423,-53,-0.395925150181834,-0.918282786212119,222.7575834,"Kfar Shamai Near",43.903109
"118","T0","Kfar Shamai Near CA12","Mediterranean Maquis","Galilee","Kfar Shamai","Near",35.458873,32.964077,29/04/12,   0,-1.7582423,-53,-0.395925150181834,-0.918282786212119,222.7575834,"Kfar Shamai Near",43.903109
"119","T0","Kfar Shamai Near CA13","Mediterranean Maquis","Galilee","Kfar Shamai","Near",35.458873,32.964077,29/04/12,   0,-1.7582423,-53,-0.395925150181834,-0.918282786212119,222.7575834,"Kfar Shamai Near",43.903109
"120","T0","Kfar Shamai Near CA14","Mediterranean Maquis","Galilee","Kfar Shamai","Near",35.458873,32.964077,29/04/12,   0,-1.7582423,-53,-0.395925150181834,-0.918282786212119,222.7575834,"Kfar Shamai Near",43.903109
"121","T0","Kfar Shamai Near CA15","Mediterranean Maquis","Galilee","Kfar Shamai","Near",35.458873,32.964077,29/04/12,   0,-1.7582423,-53,-0.395925150181834,-0.918282786212119,222.7575834,"Kfar Shamai Near",43.903109
"122","T0","Kfar Shamai Near CA16","Mediterranean Maquis","Galilee","Kfar Shamai","Near",35.458873,32.964077,29/04/12,   0,-1.7582423,-53,-0.395925150181834,-0.918282786212119,222.7575834,"Kfar Shamai Near",43.903109
"123","T0","Kfar Shamai Near CA17","Mediterranean Maquis","Galilee","Kfar Shamai","Near",35.458873,32.964077,29/04/12,   0,-1.7582423,-53,-0.395925150181834,-0.918282786212119,222.7575834,"Kfar Shamai Near",43.903109
"124","T0","Kfar Shamai Near CA18","Mediterranean Maquis","Galilee","Kfar Shamai","Near",35.458873,32.964077,29/04/12,   0,-1.7582423,-53,-0.395925150181834,-0.918282786212119,222.7575834,"Kfar Shamai Near",43.903109
"125","T0","Kisalon Far CA28","Mediterranean Maquis","Judea","Kisalon","Far",35.040128,31.76836,30/07/12,  92,-1.6836299,39,0.963795386284088,0.266642932359937,757.4992127,"Kisalon Far",1287.513799
"126","T0","Kisalon Far CA32","Mediterranean Maquis","Judea","Kisalon","Far",35.040128,31.76836,30/07/12,  92,-1.6836299,39,0.963795386284088,0.266642932359937,757.4992127,"Kisalon Far",1287.513799
"127","T0","Kisalon Far CA33","Mediterranean Maquis","Judea","Kisalon","Far",35.040128,31.76836,30/07/12,  92,-1.6836299,39,0.963795386284088,0.266642932359937,757.4992127,"Kisalon Far",1287.513799
"128","T0","Kisalon Far CA34","Mediterranean Maquis","Judea","Kisalon","Far",35.040128,31.76836,30/07/12,  92,-1.6836299,39,0.963795386284088,0.266642932359937,757.4992127,"Kisalon Far",1287.513799
"129","T0","Kisalon Far CA36","Mediterranean Maquis","Judea","Kisalon","Far",35.040128,31.76836,30/07/12,  92,-1.6836299,39,0.963795386284088,0.266642932359937,757.4992127,"Kisalon Far",1287.513799
"130","T0","Kisalon Near CA1","Mediterranean Maquis","Judea","Kisalon","Near",35.052094,31.774771,30/07/12,  92,-1.6836299,39,0.963795386284088,0.266642932359937,37.77101064,"Kisalon Near",80.343685
"131","T0","Kisalon Near CA4","Mediterranean Maquis","Judea","Kisalon","Near",35.052094,31.774771,30/07/12,  92,-1.6836299,39,0.963795386284088,0.266642932359937,37.77101064,"Kisalon Near",80.343685
"132","T0","Kisalon Near CA5","Mediterranean Maquis","Judea","Kisalon","Near",35.052094,31.774771,30/07/12,  92,-1.6836299,39,0.963795386284088,0.266642932359937,37.77101064,"Kisalon Near",80.343685
"133","T0","Kisalon Near CA6","Mediterranean Maquis","Judea","Kisalon","Near",35.052094,31.774771,30/07/12,  92,-1.6836299,39,0.963795386284088,0.266642932359937,37.77101064,"Kisalon Near",80.343685
"134","T0","Kisalon Near CA7","Mediterranean Maquis","Judea","Kisalon","Near",35.052094,31.774771,30/07/12,  92,-1.6836299,39,0.963795386284088,0.266642932359937,37.77101064,"Kisalon Near",80.343685
"135","T0","Kisalon Near CA8","Mediterranean Maquis","Judea","Kisalon","Near",35.052094,31.774771,30/07/12,  92,-1.6836299,39,0.963795386284088,0.266642932359937,37.77101064,"Kisalon Near",80.343685
"136","T0","Kisalon Near CA9","Mediterranean Maquis","Judea","Kisalon","Near",35.052094,31.774771,30/07/12,  92,-1.6836299,39,0.963795386284088,0.266642932359937,37.77101064,"Kisalon Near",80.343685
"137","T0","Margaliot Far CA28","Mediterranean Maquis","Galilee","Margaliot","Far",35.544029,33.205306,30/04/12,   1,-1.7574313,-52,-0.986627592040485,-0.162990780795705,569.6681004,"Margaliot Far",133.599389
"138","T0","Margaliot Far CA29","Mediterranean Maquis","Galilee","Margaliot","Far",35.544029,33.205306,30/04/12,   1,-1.7574313,-52,-0.986627592040485,-0.162990780795705,569.6681004,"Margaliot Far",133.599389
"139","T0","Margaliot Far CA30","Mediterranean Maquis","Galilee","Margaliot","Far",35.544029,33.205306,30/04/12,   1,-1.7574313,-52,-0.986627592040485,-0.162990780795705,569.6681004,"Margaliot Far",133.599389
"140","T0","Margaliot Far CA31","Mediterranean Maquis","Galilee","Margaliot","Far",35.544029,33.205306,30/04/12,   1,-1.7574313,-52,-0.986627592040485,-0.162990780795705,569.6681004,"Margaliot Far",133.599389
"141","T0","Margaliot Far CA32","Mediterranean Maquis","Galilee","Margaliot","Far",35.544029,33.205306,30/04/12,   1,-1.7574313,-52,-0.986627592040485,-0.162990780795705,569.6681004,"Margaliot Far",133.599389
"142","T0","Margaliot Far CA33","Mediterranean Maquis","Galilee","Margaliot","Far",35.544029,33.205306,30/04/12,   1,-1.7574313,-52,-0.986627592040485,-0.162990780795705,569.6681004,"Margaliot Far",133.599389
"143","T0","Margaliot Far CA35","Mediterranean Maquis","Galilee","Margaliot","Far",35.544029,33.205306,30/04/12,   1,-1.7574313,-52,-0.986627592040485,-0.162990780795705,569.6681004,"Margaliot Far",133.599389
"144","T0","Margaliot Far CA36","Mediterranean Maquis","Galilee","Margaliot","Far",35.544029,33.205306,30/04/12,   1,-1.7574313,-52,-0.986627592040485,-0.162990780795705,569.6681004,"Margaliot Far",133.599389
"145","T0","Margaliot Near CA19","Mediterranean Maquis","Galilee","Margaliot","Near",35.541613,33.213763,30/04/12,   1,-1.7574313,-52,-0.986627592040485,-0.162990780795705,157.2418936,"Margaliot Near",107.670948
"146","T0","Margaliot Near CA20","Mediterranean Maquis","Galilee","Margaliot","Near",35.541613,33.213763,30/04/12,   1,-1.7574313,-52,-0.986627592040485,-0.162990780795705,157.2418936,"Margaliot Near",107.670948
"147","T0","Margaliot Near CA21","Mediterranean Maquis","Galilee","Margaliot","Near",35.541613,33.213763,30/04/12,   1,-1.7574313,-52,-0.986627592040485,-0.162990780795705,157.2418936,"Margaliot Near",107.670948
"148","T0","Margaliot Near CA23","Mediterranean Maquis","Galilee","Margaliot","Near",35.541613,33.213763,30/04/12,   1,-1.7574313,-52,-0.986627592040485,-0.162990780795705,157.2418936,"Margaliot Near",107.670948
"149","T0","Margaliot Near CA24","Mediterranean Maquis","Galilee","Margaliot","Near",35.541613,33.213763,30/04/12,   1,-1.7574313,-52,-0.986627592040485,-0.162990780795705,157.2418936,"Margaliot Near",107.670948
"150","T0","Margaliot Near CA25","Mediterranean Maquis","Galilee","Margaliot","Near",35.541613,33.213763,30/04/12,   1,-1.7574313,-52,-0.986627592040485,-0.162990780795705,157.2418936,"Margaliot Near",107.670948
"151","T0","Margaliot Near CA26","Mediterranean Maquis","Galilee","Margaliot","Near",35.541613,33.213763,30/04/12,   1,-1.7574313,-52,-0.986627592040485,-0.162990780795705,157.2418936,"Margaliot Near",107.670948
"152","T0","Margaliot Near CA27","Mediterranean Maquis","Galilee","Margaliot","Near",35.541613,33.213763,30/04/12,   1,-1.7574313,-52,-0.986627592040485,-0.162990780795705,157.2418936,"Margaliot Near",107.670948
"153","T0","Nehusha Far CA19","Mediterranean Maquis","Judea","Nehusha","Far",34.946181,31.637569,13/08/12, 106,-1.6722759,53,0.395925150181834,-0.918282786212119,690.080258,"Nehusha Far",381.553871
"154","T0","Nehusha Far CA21","Mediterranean Maquis","Judea","Nehusha","Far",34.946181,31.637569,13/08/12, 106,-1.6722759,53,0.395925150181834,-0.918282786212119,690.080258,"Nehusha Far",381.553871
"155","T0","Nehusha Far CA22","Mediterranean Maquis","Judea","Nehusha","Far",34.946181,31.637569,13/08/12, 106,-1.6722759,53,0.395925150181834,-0.918282786212119,690.080258,"Nehusha Far",381.553871
"156","T0","Nehusha Far CA23","Mediterranean Maquis","Judea","Nehusha","Far",34.946181,31.637569,13/08/12, 106,-1.6722759,53,0.395925150181834,-0.918282786212119,690.080258,"Nehusha Far",381.553871
"157","T0","Nehusha Far CA24","Mediterranean Maquis","Judea","Nehusha","Far",34.946181,31.637569,13/08/12, 106,-1.6722759,53,0.395925150181834,-0.918282786212119,690.080258,"Nehusha Far",381.553871
"158","T0","Nehusha Far CA25","Mediterranean Maquis","Judea","Nehusha","Far",34.946181,31.637569,13/08/12, 106,-1.6722759,53,0.395925150181834,-0.918282786212119,690.080258,"Nehusha Far",381.553871
"159","T0","Nehusha Far CA26","Mediterranean Maquis","Judea","Nehusha","Far",34.946181,31.637569,13/08/12, 106,-1.6722759,53,0.395925150181834,-0.918282786212119,690.080258,"Nehusha Far",381.553871
"160","T0","Nehusha Far CA27","Mediterranean Maquis","Judea","Nehusha","Far",34.946181,31.637569,13/08/12, 106,-1.6722759,53,0.395925150181834,-0.918282786212119,690.080258,"Nehusha Far",381.553871
"161","T0","Nehusha Near CA28","Mediterranean Maquis","Judea","Nehusha","Near",34.953158,31.635401,13/08/12, 106,-1.6722759,53,0.395925150181834,-0.918282786212119,219.5164128,"Nehusha Near",41.887971
"162","T0","Nehusha Near CA29","Mediterranean Maquis","Judea","Nehusha","Near",34.953158,31.635401,13/08/12, 106,-1.6722759,53,0.395925150181834,-0.918282786212119,219.5164128,"Nehusha Near",41.887971
"163","T0","Nehusha Near CA30","Mediterranean Maquis","Judea","Nehusha","Near",34.953158,31.635401,13/08/12, 106,-1.6722759,53,0.395925150181834,-0.918282786212119,219.5164128,"Nehusha Near",41.887971
"164","T0","Nehusha Near CA31","Mediterranean Maquis","Judea","Nehusha","Near",34.953158,31.635401,13/08/12, 106,-1.6722759,53,0.395925150181834,-0.918282786212119,219.5164128,"Nehusha Near",41.887971
"165","T0","Nehusha Near CA32","Mediterranean Maquis","Judea","Nehusha","Near",34.953158,31.635401,13/08/12, 106,-1.6722759,53,0.395925150181834,-0.918282786212119,219.5164128,"Nehusha Near",41.887971
"166","T0","Nehusha Near CA33","Mediterranean Maquis","Judea","Nehusha","Near",34.953158,31.635401,13/08/12, 106,-1.6722759,53,0.395925150181834,-0.918282786212119,219.5164128,"Nehusha Near",41.887971
"167","T0","Nehusha Near CA34","Mediterranean Maquis","Judea","Nehusha","Near",34.953158,31.635401,13/08/12, 106,-1.6722759,53,0.395925150181834,-0.918282786212119,219.5164128,"Nehusha Near",41.887971
"168","T0","Nehusha Near CA35","Mediterranean Maquis","Judea","Nehusha","Near",34.953158,31.635401,13/08/12, 106,-1.6722759,53,0.395925150181834,-0.918282786212119,219.5164128,"Nehusha Near",41.887971
"169","T0","Nehusha Near CA36","Mediterranean Maquis","Judea","Nehusha","Near",34.953158,31.635401,13/08/12, 106,-1.6722759,53,0.395925150181834,-0.918282786212119,219.5164128,"Nehusha Near",41.887971
"170","T0","Nir Etzion Far CA1","Mediterranean Maquis","Carmel","Nir Etzion","Far",35.008281,32.69753,17/06/12,  49,-1.7185031,-4,0.756802495307928,-0.653643620863612,859.1147072,"Nir Etzion Far",333.518117
"171","T0","Nir Etzion Far CA2","Mediterranean Maquis","Carmel","Nir Etzion","Far",35.008281,32.69753,17/06/12,  49,-1.7185031,-4,0.756802495307928,-0.653643620863612,859.1147072,"Nir Etzion Far",333.518117
"172","T0","Nir Etzion Far CA3","Mediterranean Maquis","Carmel","Nir Etzion","Far",35.008281,32.69753,17/06/12,  49,-1.7185031,-4,0.756802495307928,-0.653643620863612,859.1147072,"Nir Etzion Far",333.518117
"173","T0","Nir Etzion Far CA4","Mediterranean Maquis","Carmel","Nir Etzion","Far",35.008281,32.69753,17/06/12,  49,-1.7185031,-4,0.756802495307928,-0.653643620863612,859.1147072,"Nir Etzion Far",333.518117
"174","T0","Nir Etzion Far CA5","Mediterranean Maquis","Carmel","Nir Etzion","Far",35.008281,32.69753,17/06/12,  49,-1.7185031,-4,0.756802495307928,-0.653643620863612,859.1147072,"Nir Etzion Far",333.518117
"175","T0","Nir Etzion Far CA6","Mediterranean Maquis","Carmel","Nir Etzion","Far",35.008281,32.69753,17/06/12,  49,-1.7185031,-4,0.756802495307928,-0.653643620863612,859.1147072,"Nir Etzion Far",333.518117
"176","T0","Nir Etzion Far CA7","Mediterranean Maquis","Carmel","Nir Etzion","Far",35.008281,32.69753,17/06/12,  49,-1.7185031,-4,0.756802495307928,-0.653643620863612,859.1147072,"Nir Etzion Far",333.518117
"177","T0","Nir Etzion Far CA8","Mediterranean Maquis","Carmel","Nir Etzion","Far",35.008281,32.69753,17/06/12,  49,-1.7185031,-4,0.756802495307928,-0.653643620863612,859.1147072,"Nir Etzion Far",333.518117
"178","T0","Nir Etzion Far CA9","Mediterranean Maquis","Carmel","Nir Etzion","Far",35.008281,32.69753,17/06/12,  49,-1.7185031,-4,0.756802495307928,-0.653643620863612,859.1147072,"Nir Etzion Far",333.518117
"179","T0","Nir Etzion Near CA10","Mediterranean Maquis","Carmel","Nir Etzion","Near",34.996464,32.700115,17/06/12,  49,-1.7185031,-4,0.756802495307928,-0.653643620863612,41.49084754,"Nir Etzion Near",931.712095
"180","T0","Nir Etzion Near CA11","Mediterranean Maquis","Carmel","Nir Etzion","Near",34.996464,32.700115,17/06/12,  49,-1.7185031,-4,0.756802495307928,-0.653643620863612,41.49084754,"Nir Etzion Near",931.712095
"181","T0","Nir Etzion Near CA12","Mediterranean Maquis","Carmel","Nir Etzion","Near",34.996464,32.700115,17/06/12,  49,-1.7185031,-4,0.756802495307928,-0.653643620863612,41.49084754,"Nir Etzion Near",931.712095
"182","T0","Nir Etzion Near CA13","Mediterranean Maquis","Carmel","Nir Etzion","Near",34.996464,32.700115,17/06/12,  49,-1.7185031,-4,0.756802495307928,-0.653643620863612,41.49084754,"Nir Etzion Near",931.712095
"183","T0","Nir Etzion Near CA14","Mediterranean Maquis","Carmel","Nir Etzion","Near",34.996464,32.700115,17/06/12,  49,-1.7185031,-4,0.756802495307928,-0.653643620863612,41.49084754,"Nir Etzion Near",931.712095
"184","T0","Nir Etzion Near CA15","Mediterranean Maquis","Carmel","Nir Etzion","Near",34.996464,32.700115,17/06/12,  49,-1.7185031,-4,0.756802495307928,-0.653643620863612,41.49084754,"Nir Etzion Near",931.712095
"185","T0","Nir Etzion Near CA16","Mediterranean Maquis","Carmel","Nir Etzion","Near",34.996464,32.700115,17/06/12,  49,-1.7185031,-4,0.756802495307928,-0.653643620863612,41.49084754,"Nir Etzion Near",931.712095
"186","T0","Nir Etzion Near CA17","Mediterranean Maquis","Carmel","Nir Etzion","Near",34.996464,32.700115,17/06/12,  49,-1.7185031,-4,0.756802495307928,-0.653643620863612,41.49084754,"Nir Etzion Near",931.712095
"187","T0","Nir Etzion Near CA18","Mediterranean Maquis","Carmel","Nir Etzion","Near",34.996464,32.700115,17/06/12,  49,-1.7185031,-4,0.756802495307928,-0.653643620863612,41.49084754,"Nir Etzion Near",931.712095
"188","T0","Ofer Far CA28","Mediterranean Maquis","Carmel","Ofer","Far",34.992922,32.6151,02/07/12,  64,-1.7063380,11,-0.999990206550703,0.00442569798805079,787.8290298,"Ofer Far",105.500545
"189","T0","Ofer Far CA29","Mediterranean Maquis","Carmel","Ofer","Far",34.992922,32.6151,02/07/12,  64,-1.7063380,11,-0.999990206550703,0.00442569798805079,787.8290298,"Ofer Far",105.500545
"190","T0","Ofer Far CA30","Mediterranean Maquis","Carmel","Ofer","Far",34.992922,32.6151,02/07/12,  64,-1.7063380,11,-0.999990206550703,0.00442569798805079,787.8290298,"Ofer Far",105.500545
"191","T0","Ofer Far CA31","Mediterranean Maquis","Carmel","Ofer","Far",34.992922,32.6151,02/07/12,  64,-1.7063380,11,-0.999990206550703,0.00442569798805079,787.8290298,"Ofer Far",105.500545
"192","T0","Ofer Far CA32","Mediterranean Maquis","Carmel","Ofer","Far",34.992922,32.6151,02/07/12,  64,-1.7063380,11,-0.999990206550703,0.00442569798805079,787.8290298,"Ofer Far",105.500545
"193","T0","Ofer Far CA33","Mediterranean Maquis","Carmel","Ofer","Far",34.992922,32.6151,02/07/12,  64,-1.7063380,11,-0.999990206550703,0.00442569798805079,787.8290298,"Ofer Far",105.500545
"194","T0","Ofer Far CA34","Mediterranean Maquis","Carmel","Ofer","Far",34.992922,32.6151,02/07/12,  64,-1.7063380,11,-0.999990206550703,0.00442569798805079,787.8290298,"Ofer Far",105.500545
"195","T0","Ofer Far CA35","Mediterranean Maquis","Carmel","Ofer","Far",34.992922,32.6151,02/07/12,  64,-1.7063380,11,-0.999990206550703,0.00442569798805079,787.8290298,"Ofer Far",105.500545
"196","T0","Ofer Far CA36","Mediterranean Maquis","Carmel","Ofer","Far",34.992922,32.6151,02/07/12,  64,-1.7063380,11,-0.999990206550703,0.00442569798805079,787.8290298,"Ofer Far",105.500545
"197","T0","Ofer Near CA10","Mediterranean Maquis","Carmel","Ofer","Near",34.984608,32.617701,02/07/12,  64,-1.7063380,11,-0.999990206550703,0.00442569798805079,0,"Ofer Near",39.223806
"198","T0","Ofer Near CA11","Mediterranean Maquis","Carmel","Ofer","Near",34.984608,32.617701,02/07/12,  64,-1.7063380,11,-0.999990206550703,0.00442569798805079,0,"Ofer Near",39.223806
"199","T0","Ofer Near CA12","Mediterranean Maquis","Carmel","Ofer","Near",34.984608,32.617701,02/07/12,  64,-1.7063380,11,-0.999990206550703,0.00442569798805079,0,"Ofer Near",39.223806
"200","T0","Ofer Near CA13","Mediterranean Maquis","Carmel","Ofer","Near",34.984608,32.617701,02/07/12,  64,-1.7063380,11,-0.999990206550703,0.00442569798805079,0,"Ofer Near",39.223806
"201","T0","Ofer Near CA14","Mediterranean Maquis","Carmel","Ofer","Near",34.984608,32.617701,02/07/12,  64,-1.7063380,11,-0.999990206550703,0.00442569798805079,0,"Ofer Near",39.223806
"202","T0","Ofer Near CA15","Mediterranean Maquis","Carmel","Ofer","Near",34.984608,32.617701,02/07/12,  64,-1.7063380,11,-0.999990206550703,0.00442569798805079,0,"Ofer Near",39.223806
"203","T0","Ofer Near CA16","Mediterranean Maquis","Carmel","Ofer","Near",34.984608,32.617701,02/07/12,  64,-1.7063380,11,-0.999990206550703,0.00442569798805079,0,"Ofer Near",39.223806
"204","T0","Ofer Near CA17","Mediterranean Maquis","Carmel","Ofer","Near",34.984608,32.617701,02/07/12,  64,-1.7063380,11,-0.999990206550703,0.00442569798805079,0,"Ofer Near",39.223806
"205","T0","Ofer Near CA18","Mediterranean Maquis","Carmel","Ofer","Near",34.984608,32.617701,02/07/12,  64,-1.7063380,11,-0.999990206550703,0.00442569798805079,0,"Ofer Near",39.223806
"206","T0","Yagur Far CA28","Mediterranean Maquis","Carmel","Yagur","Far",35.054124,32.754811,04/06/12,  36,-1.7290461,-17,0.961397491879557,-0.275163338051597,661.1424357,"Yagur Far",544.733526
"207","T0","Yagur Far CA29","Mediterranean Maquis","Carmel","Yagur","Far",35.054124,32.754811,04/06/12,  36,-1.7290461,-17,0.961397491879557,-0.275163338051597,661.1424357,"Yagur Far",544.733526
"208","T0","Yagur Far CA30","Mediterranean Maquis","Carmel","Yagur","Far",35.054124,32.754811,04/06/12,  36,-1.7290461,-17,0.961397491879557,-0.275163338051597,661.1424357,"Yagur Far",544.733526
"209","T0","Yagur Far CA31","Mediterranean Maquis","Carmel","Yagur","Far",35.054124,32.754811,04/06/12,  36,-1.7290461,-17,0.961397491879557,-0.275163338051597,661.1424357,"Yagur Far",544.733526
"210","T0","Yagur Far CA32","Mediterranean Maquis","Carmel","Yagur","Far",35.054124,32.754811,04/06/12,  36,-1.7290461,-17,0.961397491879557,-0.275163338051597,661.1424357,"Yagur Far",544.733526
"211","T0","Yagur Far CA33","Mediterranean Maquis","Carmel","Yagur","Far",35.054124,32.754811,04/06/12,  36,-1.7290461,-17,0.961397491879557,-0.275163338051597,661.1424357,"Yagur Far",544.733526
"212","T0","Yagur Far CA35","Mediterranean Maquis","Carmel","Yagur","Far",35.054124,32.754811,04/06/12,  36,-1.7290461,-17,0.961397491879557,-0.275163338051597,661.1424357,"Yagur Far",544.733526
"213","T0","Yagur Far CA36","Mediterranean Maquis","Carmel","Yagur","Far",35.054124,32.754811,04/06/12,  36,-1.7290461,-17,0.961397491879557,-0.275163338051597,661.1424357,"Yagur Far",544.733526
"214","T0","Yagur Near CA1","Mediterranean Maquis","Carmel","Yagur","Near",35.077215,32.738092,04/06/12,  36,-1.7290461,-17,0.961397491879557,-0.275163338051597,85.70250566,"Yagur Near",431.628585
"215","T0","Yagur Near CA2","Mediterranean Maquis","Carmel","Yagur","Near",35.077215,32.738092,04/06/12,  36,-1.7290461,-17,0.961397491879557,-0.275163338051597,85.70250566,"Yagur Near",431.628585
"216","T0","Yagur Near CA3","Mediterranean Maquis","Carmel","Yagur","Near",35.077215,32.738092,04/06/12,  36,-1.7290461,-17,0.961397491879557,-0.275163338051597,85.70250566,"Yagur Near",431.628585
"217","T0","Yagur Near CA4","Mediterranean Maquis","Carmel","Yagur","Near",35.077215,32.738092,04/06/12,  36,-1.7290461,-17,0.961397491879557,-0.275163338051597,85.70250566,"Yagur Near",431.628585
"218","T0","Yagur Near CA6","Mediterranean Maquis","Carmel","Yagur","Near",35.077215,32.738092,04/06/12,  36,-1.7290461,-17,0.961397491879557,-0.275163338051597,85.70250566,"Yagur Near",431.628585
"219","T0","Yagur Near CA7","Mediterranean Maquis","Carmel","Yagur","Near",35.077215,32.738092,04/06/12,  36,-1.7290461,-17,0.961397491879557,-0.275163338051597,85.70250566,"Yagur Near",431.628585
"220","T0","Yagur Near CA8","Mediterranean Maquis","Carmel","Yagur","Near",35.077215,32.738092,04/06/12,  36,-1.7290461,-17,0.961397491879557,-0.275163338051597,85.70250566,"Yagur Near",431.628585
"221","T0","Yagur Near CA9","Mediterranean Maquis","Carmel","Yagur","Near",35.077215,32.738092,04/06/12,  36,-1.7290461,-17,0.961397491879557,-0.275163338051597,85.70250566,"Yagur Near",431.628585
"222","T0","Yiftah Far CA01","Mediterranean Maquis","Galilee","Iftach","Far",35.557543,33.122668,21/05/12,  22,-1.7404002,-31,0.404037645323065,0.914742357804531,297.3903143,"Iftach Far",184.809751
"223","T0","Yiftah Far CA02","Mediterranean Maquis","Galilee","Iftach","Far",35.557543,33.122668,21/05/12,  22,-1.7404002,-31,0.404037645323065,0.914742357804531,297.3903143,"Iftach Far",184.809751
"224","T0","Yiftah Far CA03","Mediterranean Maquis","Galilee","Iftach","Far",35.557543,33.122668,21/05/12,  22,-1.7404002,-31,0.404037645323065,0.914742357804531,297.3903143,"Iftach Far",184.809751
"225","T0","Yiftah Far CA04","Mediterranean Maquis","Galilee","Iftach","Far",35.557543,33.122668,21/05/12,  22,-1.7404002,-31,0.404037645323065,0.914742357804531,297.3903143,"Iftach Far",184.809751
"226","T0","Yiftah Far CA05","Mediterranean Maquis","Galilee","Iftach","Far",35.557543,33.122668,21/05/12,  22,-1.7404002,-31,0.404037645323065,0.914742357804531,297.3903143,"Iftach Far",184.809751
"227","T0","Yiftah Far CA06","Mediterranean Maquis","Galilee","Iftach","Far",35.557543,33.122668,21/05/12,  22,-1.7404002,-31,0.404037645323065,0.914742357804531,297.3903143,"Iftach Far",184.809751
"228","T0","Yiftah Far CA07","Mediterranean Maquis","Galilee","Iftach","Far",35.557543,33.122668,21/05/12,  22,-1.7404002,-31,0.404037645323065,0.914742357804531,297.3903143,"Iftach Far",184.809751
"229","T0","Yiftah Far CA08","Mediterranean Maquis","Galilee","Iftach","Far",35.557543,33.122668,21/05/12,  22,-1.7404002,-31,0.404037645323065,0.914742357804531,297.3903143,"Iftach Far",184.809751
"230","T0","Yiftah Far CA09","Mediterranean Maquis","Galilee","Iftach","Far",35.557543,33.122668,21/05/12,  22,-1.7404002,-31,0.404037645323065,0.914742357804531,297.3903143,"Iftach Far",184.809751
"231","T0","Yiftah Near CA10","Mediterranean Maquis","Galilee","Iftach","Near",35.555958,33.127622,21/05/12,  22,-1.7404002,-31,0.404037645323065,0.914742357804531,74.19256635,"Iftach Near",226.385533
"232","T0","Yiftah Near CA11","Mediterranean Maquis","Galilee","Iftach","Near",35.555958,33.127622,21/05/12,  22,-1.7404002,-31,0.404037645323065,0.914742357804531,74.19256635,"Iftach Near",226.385533
"233","T0","Yiftah Near CA12","Mediterranean Maquis","Galilee","Iftach","Near",35.555958,33.127622,21/05/12,  22,-1.7404002,-31,0.404037645323065,0.914742357804531,74.19256635,"Iftach Near",226.385533
"234","T0","Yiftah Near CA13","Mediterranean Maquis","Galilee","Iftach","Near",35.555958,33.127622,21/05/12,  22,-1.7404002,-31,0.404037645323065,0.914742357804531,74.19256635,"Iftach Near",226.385533
"235","T0","Yiftah Near CA14","Mediterranean Maquis","Galilee","Iftach","Near",35.555958,33.127622,21/05/12,  22,-1.7404002,-31,0.404037645323065,0.914742357804531,74.19256635,"Iftach Near",226.385533
"236","T0","Yiftah Near CA15","Mediterranean Maquis","Galilee","Iftach","Near",35.555958,33.127622,21/05/12,  22,-1.7404002,-31,0.404037645323065,0.914742357804531,74.19256635,"Iftach Near",226.385533
"237","T0","Yiftah Near CA16","Mediterranean Maquis","Galilee","Iftach","Near",35.555958,33.127622,21/05/12,  22,-1.7404002,-31,0.404037645323065,0.914742357804531,74.19256635,"Iftach Near",226.385533
"238","T0","Yiftah Near CA17","Mediterranean Maquis","Galilee","Iftach","Near",35.555958,33.127622,21/05/12,  22,-1.7404002,-31,0.404037645323065,0.914742357804531,74.19256635,"Iftach Near",226.385533
"239","T0","Yiftah Near CA18","Mediterranean Maquis","Galilee","Iftach","Near",35.555958,33.127622,21/05/12,  22,-1.7404002,-31,0.404037645323065,0.914742357804531,74.19256635,"Iftach Near",226.385533
"240","T1","Aderet Far ca12","Mediterranean Maquis","Judea","Aderet","Far",34.98222,31.666213,10/10/15,1259,-0.7371882,111,-0.864551448610608,-0.502544319145385,996.3497568,"Aderet Far",825.476903
"241","T1","Aderet Far ca18","Mediterranean Maquis","Judea","Aderet","Far",34.98039,31.664636,10/10/15,1259,-0.7371882,111,-0.864551448610608,-0.502544319145385,1116.347232,"Aderet Far",636.731346
"242","T1","Aderet Far ca28","Mediterranean Maquis","Judea","Aderet","Far",34.980726,31.664188,10/10/15,1259,-0.7371882,111,-0.864551448610608,-0.502544319145385,1077.256319,"Aderet Far",587.802308
"243","T1","Aderet Far ca31","Mediterranean Maquis","Judea","Aderet","Far",34.983171,31.666451,10/10/15,1259,-0.7371882,111,-0.864551448610608,-0.502544319145385,924.0790994,"Aderet Far",866.764806
"244","T1","Aderet Far ca32","Mediterranean Maquis","Judea","Aderet","Far",34.981688,31.666001,10/10/15,1259,-0.7371882,111,-0.864551448610608,-0.502544319145385,1035.355785,"Aderet Far",794.850108
"245","T1","Aderet Far ca33","Mediterranean Maquis","Judea","Aderet","Far",34.980481,31.665203,10/10/15,1259,-0.7371882,111,-0.864551448610608,-0.502544319145385,1120.502733,"Aderet Far",699.698674
"246","T1","Aderet Far ca34","Mediterranean Maquis","Judea","Aderet","Far",34.981143,31.665793,10/10/15,1259,-0.7371882,111,-0.864551448610608,-0.502544319145385,1077.137468,"Aderet Far",767.177875
"247","T1","Aderet Far ca35","Mediterranean Maquis","Judea","Aderet","Far",34.98137,31.663581,10/10/15,1259,-0.7371882,111,-0.864551448610608,-0.502544319145385,1009.480662,"Aderet Far",524.846849
"248","T1","Aderet Near ca12","Mediterranean Maquis","Judea","Aderet","Near",34.989168,31.660738,22/10/15,1271,-0.7274561,123,-0.459903490689591,-0.887968906691855,224.2831943,"Aderet Near",505.268393
"249","T1","Aderet Near ca18a","Mediterranean Maquis","Judea","Aderet","Near",34.988674,31.662903,22/10/15,1271,-0.7274561,123,-0.459903490689591,-0.887968906691855,313.9357821,"Aderet Near",625.935298
"250","T1","Aderet Near ca28","Mediterranean Maquis","Judea","Aderet","Near",34.987683,31.662422,22/10/15,1271,-0.7274561,123,-0.459903490689591,-0.887968906691855,411.2968477,"Aderet Near",596.575423
"251","T1","Aderet Near ca31","Mediterranean Maquis","Judea","Aderet","Near",34.988205,31.663641,22/10/15,1271,-0.7274561,123,-0.459903490689591,-0.887968906691855,367.7991951,"Aderet Near",672.578877
"252","T1","Aderet Near ca32","Mediterranean Maquis","Judea","Aderet","Near",34.988498,31.662554,22/10/15,1271,-0.7274561,123,-0.459903490689591,-0.887968906691855,332.7991933,"Aderet Near",643.93351
"253","T1","Aderet Near ca33","Mediterranean Maquis","Judea","Aderet","Near",34.988402,31.661958,22/10/15,1271,-0.7274561,123,-0.459903490689591,-0.887968906691855,354.6344753,"Aderet Near",581.483643
"254","T1","Aderet Near ca34","Mediterranean Maquis","Judea","Aderet","Near",34.9888812,31.66108,22/10/15,1271,-0.7274561,123,-0.459903490689591,-0.887968906691855,270.8115337,"Aderet Near",523.148073
"255","T1","Aderet Near ca35","Mediterranean Maquis","Judea","Aderet","Near",34.988471,31.663285,22/10/15,1271,-0.7274561,123,-0.459903490689591,-0.887968906691855,335.9611645,"Aderet Near",645.060248
"256","T1","Beit Oren Far 10","Mediterranean Maquis","Carmel","Beit Oren","Far",35.00424441,32.72565787,03/06/15,1130,-0.8418077,-18,0.750987246771676,0.66031670824408,426.0541779,"Beit Oren Far",670.331447
"257","T1","Beit Oren Far 12","Mediterranean Maquis","Carmel","Beit Oren","Far",35.00584067,32.72519493,03/06/15,1130,-0.8418077,-18,0.750987246771676,0.66031670824408,484.1616278,"Beit Oren Far",744.510614
"258","T1","Beit Oren Far 13","Mediterranean Maquis","Carmel","Beit Oren","Far",35.00665596,32.72560289,03/06/15,1130,-0.8418077,-18,0.750987246771676,0.66031670824408,452.7364437,"Beit Oren Far",724.96189
"259","T1","Beit Oren Far 14","Mediterranean Maquis","Carmel","Beit Oren","Far",35.00768704,32.72613828,03/06/15,1130,-0.8418077,-18,0.750987246771676,0.66031670824408,406.24576,"Beit Oren Far",661.829581
"260","T1","Beit Oren Far 16","Mediterranean Maquis","Carmel","Beit Oren","Far",35.00525107,32.72563599,03/06/15,1130,-0.8418077,-18,0.750987246771676,0.66031670824408,427.5725009,"Beit Oren Far",684.519929
"261","T1","Beit Oren Far 17","Mediterranean Maquis","Carmel","Beit Oren","Far",35.00253123,32.72538777,03/06/15,1130,-0.8418077,-18,0.750987246771676,0.66031670824408,470.2326455,"Beit Oren Far",706.581893
"262","T1","Beit Oren Far 18","Mediterranean Maquis","Carmel","Beit Oren","Far",35.00672833,32.72604215,03/06/15,1130,-0.8418077,-18,0.750987246771676,0.66031670824408,405.9150647,"Beit Oren Far",682.467288
"263","T1","Beit Oren Far 21","Mediterranean Maquis","Carmel","Beit Oren","Far",35.00351199,32.72525111,03/06/15,1130,-0.8418077,-18,0.750987246771676,0.66031670824408,483.1807487,"Beit Oren Far",715.077693
"264","T1","Beit Oren Near 19","Mediterranean Maquis","Carmel","Beit Oren","Near",35.00271963,32.73325879,25/06/15,1152,-0.8239656,4,-0.756802495307928,-0.653643620863612,87.96922778,"Beit Oren Near",116.662179
"265","T1","Beit Oren Near 20","Mediterranean Maquis","Carmel","Beit Oren","Near",35.00435578,32.73274887,25/06/15,1152,-0.8239656,4,-0.756802495307928,-0.653643620863612,17.72425045,"Beit Oren Near",44.945429
"266","T1","Beit Oren Near 22","Mediterranean Maquis","Carmel","Beit Oren","Near",35.00356185,32.73303767,25/06/15,1152,-0.8239656,4,-0.756802495307928,-0.653643620863612,60.83798127,"Beit Oren Near",93.823222
"267","T1","Beit Oren Near 23","Mediterranean Maquis","Carmel","Beit Oren","Near",35.00194179,32.73410714,25/06/15,1152,-0.8239656,4,-0.756802495307928,-0.653643620863612,51.23273499,"Beit Oren Near",198.630013
"268","T1","Beit Oren Near 24","Mediterranean Maquis","Carmel","Beit Oren","Near",35.0031166,32.73296547,25/06/15,1152,-0.8239656,4,-0.756802495307928,-0.653643620863612,92.68411635,"Beit Oren Near",87.325918
"269","T1","Beit Oren Near 25","Mediterranean Maquis","Carmel","Beit Oren","Near",35.00402855,32.73324525,25/06/15,1152,-0.8239656,4,-0.756802495307928,-0.653643620863612,14.36845915,"Beit Oren Near",106.476106
"270","T1","Beit Oren Near 26","Mediterranean Maquis","Carmel","Beit Oren","Near",35.00254261,32.73372809,25/06/15,1152,-0.8239656,4,-0.756802495307928,-0.653643620863612,54.89705024,"Beit Oren Near",164.084279
"271","T1","Beit Oren Near 27","Mediterranean Maquis","Carmel","Beit Oren","Near",35.00171649,32.73386347,25/06/15,1152,-0.8239656,4,-0.756802495307928,-0.653643620863612,85.43399087,"Beit Oren Near",171.64705
"272","T1","Ein Yaakov Far CA1","Mediterranean Maquis","Galilee","Ein Yaakov","Far",35.22742932,33.00345145,11/11/15,1291,-0.7112360,143,-0.998345360873918,0.0575025253491242,339.0764027,"Ein Yaakov Far",373.163844
"273","T1","Ein Yaakov Far CA2","Mediterranean Maquis","Galilee","Ein Yaakov","Far",35.22791333,33.00308667,11/11/15,1291,-0.7112360,143,-0.998345360873918,0.0575025253491242,382.3894639,"Ein Yaakov Far",433.810106
"274","T1","Ein Yaakov Far CA3","Mediterranean Maquis","Galilee","Ein Yaakov","Far",35.23172167,33.00303833,11/11/15,1291,-0.7112360,143,-0.998345360873918,0.0575025253491242,455.9115387,"Ein Yaakov Far",744.738225
"275","T1","Ein Yaakov Far CA4","Mediterranean Maquis","Galilee","Ein Yaakov","Far",35.23197525,33.00317383,11/11/15,1291,-0.7112360,143,-0.998345360873918,0.0575025253491242,455.0855141,"Ein Yaakov Far",755.244512
"276","T1","Ein Yaakov Far CA5","Mediterranean Maquis","Galilee","Ein Yaakov","Far",35.23108696,33.0031869,11/11/15,1291,-0.7112360,143,-0.998345360873918,0.0575025253491242,414.7306527,"Ein Yaakov Far",683.660539
"277","T1","Ein Yaakov Far CA6","Mediterranean Maquis","Galilee","Ein Yaakov","Far",35.23002759,33.00317498,11/11/15,1291,-0.7112360,143,-0.998345360873918,0.0575025253491242,387.5975389,"Ein Yaakov Far",594.404913
"278","T1","Ein Yaakov Far CA7","Mediterranean Maquis","Galilee","Ein Yaakov","Far",35.229415,33.00323333,11/11/15,1291,-0.7112360,143,-0.998345360873918,0.0575025253491242,375.28833,"Ein Yaakov Far",540.788142
"279","T1","Ein Yaakov Far CA8","Mediterranean Maquis","Galilee","Ein Yaakov","Far",35.22864005,33.00300398,11/11/15,1291,-0.7112360,143,-0.998345360873918,0.0575025253491242,395.9592021,"Ein Yaakov Far",493.129232
"280","T1","Ein Yaakov Far CA9","Mediterranean Maquis","Galilee","Ein Yaakov","Far",35.23002759,33.00317498,11/11/15,1291,-0.7112360,143,-0.998345360873918,0.0575025253491242,387.5975389,"Ein Yaakov Far",594.404913
"281","T1","Ein Yaakov Near CA19","Mediterranean Maquis","Galilee","Ein Yaakov","Near",35.2293468,33.00642282,10/11/15,1290,-0.7120470,142,-0.587795007167407,-0.809009906953598,21.89986662,"Ein Yaakov Near",319.162112
"282","T1","Ein Yaakov Near CA20","Mediterranean Maquis","Galilee","Ein Yaakov","Near",35.22796476,33.00598859,10/11/15,1290,-0.7120470,142,-0.587795007167407,-0.809009906953598,61.54803434,"Ein Yaakov Near",316.899789
"283","T1","Ein Yaakov Near CA21","Mediterranean Maquis","Galilee","Ein Yaakov","Near",35.23048123,33.0066047,10/11/15,1290,-0.7120470,142,-0.587795007167407,-0.809009906953598,57.1649855,"Ein Yaakov Near",358.961893
"284","T1","Ein Yaakov Near CA22","Mediterranean Maquis","Galilee","Ein Yaakov","Near",35.22989048,33.00667226,10/11/15,1290,-0.7120470,142,-0.587795007167407,-0.809009906953598,22.23261083,"Ein Yaakov Near",329.55847
"285","T1","Ein Yaakov Near CA23","Mediterranean Maquis","Galilee","Ein Yaakov","Near",35.22708451,33.005913,10/11/15,1290,-0.7120470,142,-0.587795007167407,-0.809009906953598,64.56119403,"Ein Yaakov Near",238.320481
"286","T1","Ein Yaakov Near CA24","Mediterranean Maquis","Galilee","Ein Yaakov","Near",35.22860653,33.00625772,10/11/15,1290,-0.7120470,142,-0.587795007167407,-0.809009906953598,35.66536534,"Ein Yaakov Near",303.43318
"287","T1","Ein Yaakov Near CA25","Mediterranean Maquis","Galilee","Ein Yaakov","Near",35.22629432,33.00585103,10/11/15,1290,-0.7120470,142,-0.587795007167407,-0.809009906953598,67.41561887,"Ein Yaakov Near",164.779491
"288","T1","Ein Yaakov Near CA26","Mediterranean Maquis","Galilee","Ein Yaakov","Near",35.23100042,33.00693308,10/11/15,1290,-0.7120470,142,-0.587795007167407,-0.809009906953598,51.04379522,"Ein Yaakov Near",333.060084
"289","T1","Ein Yaakov Near CA27","Mediterranean Maquis","Galilee","Ein Yaakov","Near",35.22539907,33.005768,10/11/15,1290,-0.7120470,142,-0.587795007167407,-0.809009906953598,117.3328265,"Ein Yaakov Near",83.130888
"290","T1","Givat Yearim Far ca13","Mediterranean Maquis","Judea","Givat Yearim","Far",35.089944,31.775619,03/07/15,1160,-0.8174776,12,-0.536572918000435,0.843853958732492,519.6121605,"Givat Yearim Far",557.260522
"291","T1","Givat Yearim Far ca21","Mediterranean Maquis","Judea","Givat Yearim","Far",35.09095943,31.7751665,03/07/15,1160,-0.8174776,12,-0.536572918000435,0.843853958732492,497.5310997,"Givat Yearim Far",502.238627
"292","T1","Givat Yearim Near ca14","Mediterranean Maquis","Judea","Givat Yearim","Near",35.096762,31.785828,21/07/15,1178,-0.8028795,30,-0.988031624092862,0.154251449887584,25.35309148,"Givat Yearim Near",66.706979
"293","T1","Givat Yearim Near ca18","Mediterranean Maquis","Judea","Givat Yearim","Near",35.094212,31.7868,21/07/15,1178,-0.8028795,30,-0.988031624092862,0.154251449887584,58.72343849,"Givat Yearim Near",105.832155
"294","T1","Givat Yearim Near ca21","Mediterranean Maquis","Judea","Givat Yearim","Near",35.093616,31.786686,21/07/15,1178,-0.8028795,30,-0.988031624092862,0.154251449887584,30.30728194,"Givat Yearim Near",150.884942
"295","T1","Givat Yeshayahu Far ca28","Mediterranean Maquis","Judea","Givat Yeshayahu","Far",34.954057,31.662692,31/08/15,1219,-0.7696283,71,0.951054653254375,-0.309022728166071,500.0000014,"Givat Yeshayahu Far",336.059969
"296","T1","Givat Yeshayahu Far ca30","Mediterranean Maquis","Judea","Givat Yeshayahu","Far",34.956952,31.660732,31/08/15,1219,-0.7696283,71,0.951054653254375,-0.309022728166071,530.7868816,"Givat Yeshayahu Far",211.794966
"297","T1","Givat Yeshayahu Far ca32","Mediterranean Maquis","Judea","Givat Yeshayahu","Far",34.955005,31.662467,31/08/15,1219,-0.7696283,71,0.951054653254375,-0.309022728166071,457.359306,"Givat Yeshayahu Far",384.145798
"298","T1","Givat Yeshayahu Far ca33","Mediterranean Maquis","Judea","Givat Yeshayahu","Far",34.957652,31.660883,31/08/15,1219,-0.7696283,71,0.951054653254375,-0.309022728166071,499.9999913,"Givat Yeshayahu Far",190.401436
"299","T1","Givat Yeshayahu Far ca34","Mediterranean Maquis","Judea","Givat Yeshayahu","Far",34.958925,31.66033,31/08/15,1219,-0.7696283,71,0.951054653254375,-0.309022728166071,556.5558967,"Givat Yeshayahu Far",123.493908
"300","T1","Givat Yeshayahu Far ca35","Mediterranean Maquis","Judea","Givat Yeshayahu","Far",34.95835,31.660825,31/08/15,1219,-0.7696283,71,0.951054653254375,-0.309022728166071,500.28751,"Givat Yeshayahu Far",169.26966
"301","T1","Givat Yeshayahu Far ca36","Mediterranean Maquis","Judea","Givat Yeshayahu","Far",34.955645,31.662205,31/08/15,1219,-0.7696283,71,0.951054653254375,-0.309022728166071,439.4661118,"Givat Yeshayahu Far",362.477858
"302","T1","Givat Yeshayahu Near ca10","Mediterranean Maquis","Judea","Givat Yeshayahu","Near",34.951102,31.672425,29/08/15,1217,-0.7712503,69,-0.114784813783187,0.993390379722272,132.6254847,"Givat Yeshayahu Near",65.37783
"303","T1","Givat Yeshayahu Near ca12","Mediterranean Maquis","Judea","Givat Yeshayahu","Near",34.953685,31.670907,29/08/15,1217,-0.7712503,69,-0.114784813783187,0.993390379722272,148.8501136,"Givat Yeshayahu Near",361.001073
"304","T1","Givat Yeshayahu Near ca13","Mediterranean Maquis","Judea","Givat Yeshayahu","Near",34.949675,31.672797,29/08/15,1217,-0.7712503,69,-0.114784813783187,0.993390379722272,65.71437421,"Givat Yeshayahu Near",28.573825
"305","T1","Givat Yeshayahu Near ca14","Mediterranean Maquis","Judea","Givat Yeshayahu","Near",34.954266,31.670808,29/08/15,1217,-0.7712503,69,-0.114784813783187,0.993390379722272,168.3771444,"Givat Yeshayahu Near",412.332936
"306","T1","Givat Yeshayahu Near ca16","Mediterranean Maquis","Judea","Givat Yeshayahu","Near",34.949362,31.672812,29/08/15,1217,-0.7712503,69,-0.114784813783187,0.993390379722272,56.79996263,"Givat Yeshayahu Near",19.179611
"307","T1","Givat Yeshayahu Near ca17","Mediterranean Maquis","Judea","Givat Yeshayahu","Near",34.953482,31.671135,29/08/15,1217,-0.7712503,69,-0.114784813783187,0.993390379722272,164.9919601,"Givat Yeshayahu Near",330.524706
"308","T1","Givat Yeshayahu Near ca18","Mediterranean Maquis","Judea","Givat Yeshayahu","Near",34.95222,31.671088,29/08/15,1217,-0.7712503,69,-0.114784813783187,0.993390379722272,104.9750767,"Givat Yeshayahu Near",247.373989
"309","T1","Givat Yeshayahu Near ca21","Mediterranean Maquis","Judea","Givat Yeshayahu","Near",34.951395,31.672168,29/08/15,1217,-0.7712503,69,-0.114784813783187,0.993390379722272,125.6250177,"Givat Yeshayahu Near",105.150781
"310","T1","Goren Far 1","Mediterranean Maquis","Galilee","Goren","Far",35.25564334,33.05426239,03/09/15,1222,-0.7671953,74,-0.985146260468247,0.171717341830778,507.5400695,"Goren Far",85.419781
"311","T1","Goren Far 2","Mediterranean Maquis","Galilee","Goren","Far",35.25466077,33.05259016,03/09/15,1222,-0.7671953,74,-0.985146260468247,0.171717341830778,633.0762975,"Goren Far",101.029053
"312","T1","Goren Far 3","Mediterranean Maquis","Galilee","Goren","Far",35.25560698,33.04856483,03/09/15,1222,-0.7671953,74,-0.985146260468247,0.171717341830778,1086.055128,"Goren Far",183.628971
"313","T1","Goren Far 4","Mediterranean Maquis","Galilee","Goren","Far",35.25657392,33.04746259,03/09/15,1222,-0.7671953,74,-0.985146260468247,0.171717341830778,1229.117828,"Goren Far",217.416317
"314","T1","Goren Far 5","Mediterranean Maquis","Galilee","Goren","Far",35.25523515,33.05102757,03/09/15,1222,-0.7671953,74,-0.985146260468247,0.171717341830778,814.4562392,"Goren Far",72.009339
"315","T1","Goren Far 6","Mediterranean Maquis","Galilee","Goren","Far",35.25502723,33.05178889,03/09/15,1222,-0.7671953,74,-0.985146260468247,0.171717341830778,728.2181586,"Goren Far",156.395561
"316","T1","Goren Far 9","Mediterranean Maquis","Galilee","Goren","Far",35.25575433,33.05027759,03/09/15,1222,-0.7671953,74,-0.985146260468247,0.171717341830778,908.8283007,"Goren Far",1.963919
"317","T1","Goren Near 19","Mediterranean Maquis","Galilee","Goren","Near",35.23069336,33.05569531,03/09/15,1222,-0.7671953,74,-0.985146260468247,0.171717341830778,107.6052837,"Goren Near",159.752055
"318","T1","Goren Near 20","Mediterranean Maquis","Galilee","Goren","Near",35.23124873,33.05420141,03/09/15,1222,-0.7671953,74,-0.985146260468247,0.171717341830778,77.50008363,"Goren Near",102.007989
"319","T1","Goren Near 21","Mediterranean Maquis","Galilee","Goren","Near",35.23119391,33.05223938,03/09/15,1222,-0.7671953,74,-0.985146260468247,0.171717341830778,254.6761012,"Goren Near",258.986174
"320","T1","Goren Near 22","Mediterranean Maquis","Galilee","Goren","Near",35.2294873,33.05560371,03/09/15,1222,-0.7671953,74,-0.985146260468247,0.171717341830778,220.6715968,"Goren Near",258.044805
"321","T1","Goren Near 23","Mediterranean Maquis","Galilee","Goren","Near",35.23109083,33.05290565,03/09/15,1222,-0.7671953,74,-0.985146260468247,0.171717341830778,193.0151072,"Goren Near",204.245671
"322","T1","Goren Near 24","Mediterranean Maquis","Galilee","Goren","Near",35.23099538,33.05355777,03/09/15,1222,-0.7671953,74,-0.985146260468247,0.171717341830778,138.4531288,"Goren Near",160.385896
"323","T1","Goren Near 25","Mediterranean Maquis","Galilee","Goren","Near",35.23107088,33.05613013,03/09/15,1222,-0.7671953,74,-0.985146260468247,0.171717341830778,67.13123522,"Goren Near",167.787349
"324","T1","Goren Near 26","Mediterranean Maquis","Galilee","Goren","Near",35.23102342,33.05485835,03/09/15,1222,-0.7671953,74,-0.985146260468247,0.171717341830778,87.44928977,"Goren Near",102.662811
"325","T1","Goren Near 27","Mediterranean Maquis","Galilee","Goren","Near",35.23122169,33.05528078,03/09/15,1222,-0.7671953,74,-0.985146260468247,0.171717341830778,63.7642237,"Goren Near",93.935893
"326","T1","Kerem Maharal Far CA10","Mediterranean Maquis","Carmel","Kerem Maharal","Far",35.01517452,32.6615915,19/05/15,1115,-0.8539727,-33,-0.999911860107267,-0.0132767472230595,2373.647552,"Kerem Maharal Far",418.24545
"327","T1","Kerem Maharal Far CA12","Mediterranean Maquis","Carmel","Kerem Maharal","Far",35.01852979,32.66287854,19/05/15,1115,-0.8539727,-33,-0.999911860107267,-0.0132767472230595,2710.170147,"Kerem Maharal Far",753.8414
"328","T1","Kerem Maharal Far CA13","Mediterranean Maquis","Carmel","Kerem Maharal","Far",35.01685674,32.66181211,19/05/15,1115,-0.8539727,-33,-0.999911860107267,-0.0132767472230595,2513.657599,"Kerem Maharal Far",577.92295
"329","T1","Kerem Maharal Far CA14","Mediterranean Maquis","Carmel","Kerem Maharal","Far",35.01606202,32.66172159,19/05/15,1115,-0.8539727,-33,-0.999911860107267,-0.0132767472230595,2448.138335,"Kerem Maharal Far",502.741864
"330","T1","Kerem Maharal Far CA16","Mediterranean Maquis","Carmel","Kerem Maharal","Far",35.01498446,32.66119169,19/05/15,1115,-0.8539727,-33,-0.999911860107267,-0.0132767472230595,2332.223502,"Kerem Maharal Far",393.247818
"331","T1","Kerem Maharal Far CA17","Mediterranean Maquis","Carmel","Kerem Maharal","Far",35.01798091,32.66268556,19/05/15,1115,-0.8539727,-33,-0.999911860107267,-0.0132767472230595,2656.131218,"Kerem Maharal Far",698.898006
"332","T1","Kerem Maharal Far CA18","Mediterranean Maquis","Carmel","Kerem Maharal","Far",35.01798091,32.66268556,19/05/15,1115,-0.8539727,-33,-0.999911860107267,-0.0132767472230595,2656.131218,"Kerem Maharal Far",698.898006
"333","T1","Kerem Maharal Far CA6","Mediterranean Maquis","Carmel","Kerem Maharal","Far",35.01994352,32.66338161,19/05/15,1115,-0.8539727,-33,-0.999911860107267,-0.0132767472230595,2686.335993,"Kerem Maharal Far",895.990157
"334","T1","Kerem Maharal Near CA20","Mediterranean Maquis","Carmel","Kerem Maharal","Near",34.99570895,32.6426459,19/05/15,1115,-0.8539727,-33,-0.999911860107267,-0.0132767472230595,271.1000925,"Kerem Maharal Near",296.673623
"335","T1","Kerem Maharal Near CA21","Mediterranean Maquis","Carmel","Kerem Maharal","Near",34.99497366,32.64521318,19/05/15,1115,-0.8539727,-33,-0.999911860107267,-0.0132767472230595,132.1419866,"Kerem Maharal Near",264.347433
"336","T1","Kerem Maharal Near CA22","Mediterranean Maquis","Carmel","Kerem Maharal","Near",34.99465491,32.64208485,19/05/15,1115,-0.8539727,-33,-0.999911860107267,-0.0132767472230595,163.5637818,"Kerem Maharal Near",257.706504
"337","T1","Kerem Maharal Near CA23","Mediterranean Maquis","Carmel","Kerem Maharal","Near",34.99517403,32.64566756,19/05/15,1115,-0.8539727,-33,-0.999911860107267,-0.0132767472230595,100.0499594,"Kerem Maharal Near",260.834516
"338","T1","Kerem Maharal Near CA24","Mediterranean Maquis","Carmel","Kerem Maharal","Near",34.99593311,32.64491716,19/05/15,1115,-0.8539727,-33,-0.999911860107267,-0.0132767472230595,208.6083891,"Kerem Maharal Near",333.585826
"339","T1","Kerem Maharal Near CA25","Mediterranean Maquis","Carmel","Kerem Maharal","Near",34.99466062,32.64581817,19/05/15,1115,-0.8539727,-33,-0.999911860107267,-0.0132767472230595,59.85772411,"Kerem Maharal Near",209.867398
"340","T1","Kerem Maharal Near CA26","Mediterranean Maquis","Carmel","Kerem Maharal","Near",34.99658305,32.64588425,19/05/15,1115,-0.8539727,-33,-0.999911860107267,-0.0132767472230595,151.6945565,"Kerem Maharal Near",218.873263
"341","T1","Kerem Maharal Near CA27","Mediterranean Maquis","Carmel","Kerem Maharal","Near",34.99538737,32.64326839,19/05/15,1115,-0.8539727,-33,-0.999911860107267,-0.0132767472230595,252.2910246,"Kerem Maharal Near",367.613006
"342","T1","Kfar Shamay Far CA2","Mediterranean Maquis","Galilee","Kfar Shamai","Far",35.46851773,32.96913215,13/07/15,1170,-0.8093675,22,-0.00885130929040388,-0.999960826394637,1281.497734,"Kfar Shamai Far",937.118578
"343","T1","Kfar Shamay Far CA3","Mediterranean Maquis","Galilee","Kfar Shamai","Far",35.46941475,32.96887734,13/07/15,1170,-0.8093675,22,-0.00885130929040388,-0.999960826394637,1332.493841,"Kfar Shamai Far",1010.220741
"344","T1","Kfar Shamay Far CA4","Mediterranean Maquis","Galilee","Kfar Shamai","Far",35.47046806,32.96610759,13/07/15,1170,-0.8093675,22,-0.00885130929040388,-0.999960826394637,1254.526481,"Kfar Shamai Far",866.529302
"345","T1","Kfar Shamay Far CA6","Mediterranean Maquis","Galilee","Kfar Shamai","Far",35.46960451,32.96723779,13/07/15,1170,-0.8093675,22,-0.00885130929040388,-0.999960826394637,1243.087347,"Kfar Shamai Far",905.616069
"346","T1","Kfar Shamay Far CA7","Mediterranean Maquis","Galilee","Kfar Shamai","Far",35.46966981,32.96781861,13/07/15,1170,-0.8093675,22,-0.00885130929040388,-0.999960826394637,1283.258881,"Kfar Shamai Far",961.103161
"347","T1","Kfar Shamay Far CA8","Mediterranean Maquis","Galilee","Kfar Shamai","Far",35.46838405,32.96951867,13/07/15,1170,-0.8093675,22,-0.00885130929040388,-0.999960826394637,1296.721405,"Kfar Shamai Far",938.899841
"348","T1","Kfar Shamay Near CA19","Mediterranean Maquis","Galilee","Kfar Shamai","Near",35.45862816,32.96352785,13/07/15,1170,-0.8093675,22,-0.00885130929040388,-0.999960826394637,168.3206126,"Kfar Shamai Near",30.117289
"349","T1","Kfar Shamay Near CA20","Mediterranean Maquis","Galilee","Kfar Shamai","Near",35.45917285,32.96230333,13/07/15,1170,-0.8093675,22,-0.00885130929040388,-0.999960826394637,129.2248007,"Kfar Shamai Near",41.283549
"350","T1","Kfar Shamay Near CA21","Mediterranean Maquis","Galilee","Kfar Shamai","Near",35.46044751,32.96229954,13/07/15,1170,-0.8093675,22,-0.00885130929040388,-0.999960826394637,227.3461359,"Kfar Shamai Near",35.415734
"351","T1","Kfar Shamay Near CA22","Mediterranean Maquis","Galilee","Kfar Shamai","Near",35.45915211,32.96578148,13/07/15,1170,-0.8093675,22,-0.00885130929040388,-0.999960826394637,364.4832454,"Kfar Shamai Near",51.021781
"352","T1","Kfar Shamay Near CA23","Mediterranean Maquis","Galilee","Kfar Shamai","Near",35.45896327,32.96303111,13/07/15,1170,-0.8093675,22,-0.00885130929040388,-0.999960826394637,161.0735957,"Kfar Shamai Near",62.880009
"353","T1","Kfar Shamay Near CA24","Mediterranean Maquis","Galilee","Kfar Shamai","Near",35.45891091,32.96447189,13/07/15,1170,-0.8093675,22,-0.00885130929040388,-0.999960826394637,251.4790964,"Kfar Shamai Near",49.130739
"354","T1","Kfar Shamay Near CA25","Mediterranean Maquis","Galilee","Kfar Shamai","Near",35.45940127,32.96633742,13/07/15,1170,-0.8093675,22,-0.00885130929040388,-0.999960826394637,426.9042289,"Kfar Shamai Near",50.823531
"355","T1","Kfar Shamay Near CA26","Mediterranean Maquis","Galilee","Kfar Shamai","Near",35.45864882,32.96522554,13/07/15,1170,-0.8093675,22,-0.00885130929040388,-0.999960826394637,287.1263447,"Kfar Shamai Near",20.447941
"356","T1","Kfar Shamay Near CA27","Mediterranean Maquis","Galilee","Kfar Shamai","Near",35.45958805,32.96199559,13/07/15,1170,-0.8093675,22,-0.00885130929040388,-0.999960826394637,140.8497954,"Kfar Shamai Near",1.162283
"357","T1","Kisalon Far ca29","Mediterranean Maquis","Judea","Kisalon","Far",35.038793,31.768203,19/07/15,1176,-0.8045015,28,0.270905788307869,-0.962605866313567,823.0594595,"Kisalon Far",1414.863945
"358","T1","Kisalon Far ca30","Mediterranean Maquis","Judea","Kisalon","Far",35.038243,31.76842,19/07/15,1176,-0.8045015,28,0.270905788307869,-0.962605866313567,827.2222849,"Kisalon Far",1465.404966
"359","T1","Kisalon Far ca33","Mediterranean Maquis","Judea","Kisalon","Far",35.039873,31.768217,19/07/15,1176,-0.8045015,28,0.270905788307869,-0.962605866313567,780.5574949,"Kisalon Far",1312.710429
"360","T1","Kisalon Near ca28","Mediterranean Maquis","Judea","Kisalon","Near",34.988797,31.661578,01/07/15,1158,-0.8190996,10,-0.54402111088937,-0.839071529076452,319.2565024,"Kisalon Near",565.30032
"361","T1","Kisalon Near ca29","Mediterranean Maquis","Judea","Kisalon","Near",35.051883,31.774915,01/07/15,1158,-0.8190996,10,-0.54402111088937,-0.839071529076452,40.71951253,"Kisalon Near",68.832333
"362","T1","Kisalon Near ca31","Mediterranean Maquis","Judea","Kisalon","Near",35.051183,31.774873,01/07/15,1158,-0.8190996,10,-0.54402111088937,-0.839071529076452,1.630999442,"Kisalon Near",107.916194
"363","T1","Kisalon Near ca32","Mediterranean Maquis","Judea","Kisalon","Near",35.052551,31.774668,01/07/15,1158,-0.8190996,10,-0.54402111088937,-0.839071529076452,51.02696173,"Kisalon Near",78.481924
"364","T1","Kisalon Near ca35","Mediterranean Maquis","Judea","Kisalon","Near",35.052935,31.774968,01/07/15,1158,-0.8190996,10,-0.54402111088937,-0.839071529076452,98.51298878,"Kisalon Near",33.216418
"365","T1","Kisalon Near ca36","Mediterranean Maquis","Judea","Kisalon","Near",35.0523,31.774341,01/07/15,1158,-0.8190996,10,-0.54402111088937,-0.839071529076452,7.678625989,"Kisalon Near",121.484568
"366","T1","Margaliot Far CA19","Mediterranean Maquis","Galilee","Margaliot","Far",35.54184125,33.20645619,20/09/15,1239,-0.7534082,91,0.105987511751157,-0.994367460928201,599.00097,"Margaliot Far",103.888625
"367","T1","Margaliot Far CA20","Mediterranean Maquis","Galilee","Margaliot","Far",35.54418594,33.20502207,20/09/15,1239,-0.7534082,91,0.105987511751157,-0.994367460928201,538.8310928,"Margaliot Far",160.318354
"368","T1","Margaliot Far CA21","Mediterranean Maquis","Galilee","Margaliot","Far",35.54449324,33.20464788,20/09/15,1239,-0.7534082,91,0.105987511751157,-0.994367460928201,500.0000185,"Margaliot Far",152.299285
"369","T1","Margaliot Far CA22","Mediterranean Maquis","Galilee","Margaliot","Far",35.5450644,33.2045172,20/09/15,1239,-0.7534082,91,0.105987511751157,-0.994367460928201,493.0079763,"Margaliot Far",124.135657
"370","T1","Margaliot Far CA23","Mediterranean Maquis","Galilee","Margaliot","Far",35.5433718,33.20568966,20/09/15,1239,-0.7534082,91,0.105987511751157,-0.994367460928201,613.6442876,"Margaliot Far",112.812279
"371","T1","Margaliot Far CA25","Mediterranean Maquis","Galilee","Margaliot","Far",35.54549414,33.20450644,20/09/15,1239,-0.7534082,91,0.105987511751157,-0.994367460928201,497.4497078,"Margaliot Far",107.176345
"372","T1","Margaliot Far CA27","Mediterranean Maquis","Galilee","Margaliot","Far",35.54298375,33.20620445,20/09/15,1239,-0.7534082,91,0.105987511751157,-0.994367460928201,577.1970715,"Margaliot Far",49.480039
"373","T1","Margaliot Near CA1","Mediterranean Maquis","Galilee","Margaliot","Near",35.54135065,33.21277391,28/10/15,1277,-0.7225901,129,-0.193473392038468,-0.981105522649388,201.7828426,"Margaliot Near",30.006824
"374","T1","Margaliot Near CA2","Mediterranean Maquis","Galilee","Margaliot","Near",35.5402863,33.21552264,28/10/15,1277,-0.7225901,129,-0.193473392038468,-0.981105522649388,160.7638988,"Margaliot Near",53.588094
"375","T1","Margaliot Near CA3","Mediterranean Maquis","Galilee","Margaliot","Near",35.54190517,33.21316519,28/10/15,1277,-0.7225901,129,-0.193473392038468,-0.981105522649388,142.0306534,"Margaliot Near",40.714971
"376","T1","Margaliot Near CA4","Mediterranean Maquis","Galilee","Margaliot","Near",35.54192709,33.21379044,28/10/15,1277,-0.7225901,129,-0.193473392038468,-0.981105522649388,127.9045484,"Margaliot Near",86.280961
"377","T1","Margaliot Near CA5","Mediterranean Maquis","Galilee","Margaliot","Near",35.54081506,33.21524065,28/10/15,1277,-0.7225901,129,-0.193473392038468,-0.981105522649388,138.2716989,"Margaliot Near",95.309325
"378","T1","Margaliot Near CA6","Mediterranean Maquis","Galilee","Margaliot","Near",35.54132743,33.21515575,28/10/15,1277,-0.7225901,129,-0.193473392038468,-0.981105522649388,104.4754846,"Margaliot Near",124.450811
"379","T1","Margaliot Near CA7","Mediterranean Maquis","Galilee","Margaliot","Near",35.54094993,33.21216371,28/10/15,1277,-0.7225901,129,-0.193473392038468,-0.981105522649388,257.9920506,"Margaliot Near",77.253507
"380","T1","Margaliot Near CA8","Mediterranean Maquis","Galilee","Margaliot","Near",35.54195026,33.21457551,28/10/15,1277,-0.7225901,129,-0.193473392038468,-0.981105522649388,93.4132674,"Margaliot Near",133.134323
"381","T1","Margaliot Near CA9","Mediterranean Maquis","Galilee","Margaliot","Near",35.54088965,33.21248886,28/10/15,1277,-0.7225901,129,-0.193473392038468,-0.981105522649388,250.9912917,"Margaliot Near",70.370556
"382","T1","Nehusha Far ca13","Mediterranean Maquis","Judea","Nehusha","Far",34.945855,31.637132,13/09/15,1232,-0.7590853,84,0.733190320073292,-0.680023495587339,683.4853434,"Nehusha Far",430.107957
"383","T1","Nehusha Far ca16","Mediterranean Maquis","Judea","Nehusha","Far",34.94685,31.637652,13/09/15,1232,-0.7590853,84,0.733190320073292,-0.680023495587339,649.7274523,"Nehusha Far",319.903201
"384","T1","Nehusha Far ca17","Mediterranean Maquis","Judea","Nehusha","Far",34.944978,31.638885,13/09/15,1232,-0.7590853,84,0.733190320073292,-0.680023495587339,872.4789787,"Nehusha Far",414.224469
"385","T1","Nehusha Far ca18","Mediterranean Maquis","Judea","Nehusha","Far",34.948062,31.637562,13/09/15,1232,-0.7590853,84,0.733190320073292,-0.680023495587339,566.1391943,"Nehusha Far",227.660473
"386","T1","Nehusha Far ca32","Mediterranean Maquis","Judea","Nehusha","Far",34.946187,31.637503,13/09/15,1232,-0.7590853,84,0.733190320073292,-0.680023495587339,684.9005332,"Nehusha Far",383.933895
"387","T1","Nehusha Near ca28","Mediterranean Maquis","Judea","Nehusha","Near",34.952505,31.636078,26/09/15,1245,-0.7485422,97,0.379607739027522,-0.925147536596414,289.4240281,"Nehusha Near",49.828433
"388","T1","Nehusha Near ca29","Mediterranean Maquis","Judea","Nehusha","Near",34.951522,31.635937,26/09/15,1245,-0.7485422,97,0.379607739027522,-0.925147536596414,269.1488633,"Nehusha Near",82.461663
"389","T1","Nehusha Near ca30","Mediterranean Maquis","Judea","Nehusha","Near",34.953415,31.635553,26/09/15,1245,-0.7485422,97,0.379607739027522,-0.925147536596414,238.2539031,"Nehusha Near",53.321152
"390","T1","Nehusha Near ca31","Mediterranean Maquis","Judea","Nehusha","Near",34.951037,31.635583,26/09/15,1245,-0.7485422,97,0.379607739027522,-0.925147536596414,237.8296194,"Nehusha Near",113.317933
"391","T1","Nehusha Near ca33","Mediterranean Maquis","Judea","Nehusha","Near",34.95193,31.635872,26/09/15,1245,-0.7485422,97,0.379607739027522,-0.925147536596414,262.3217783,"Nehusha Near",49.727647
"392","T1","Nehusha Near ca35","Mediterranean Maquis","Judea","Nehusha","Near",34.953342,31.63592,26/09/15,1245,-0.7485422,97,0.379607739027522,-0.925147536596414,278.2682172,"Nehusha Near",84.623641
"393","T1","Nehusha Near ca36","Mediterranean Maquis","Judea","Nehusha","Near",34.953792,31.635158,26/09/15,1245,-0.7485422,97,0.379607739027522,-0.925147536596414,200.753128,"Nehusha Near",39.295156
"394","T1","Nir Etzion Far CA19","Mediterranean Maquis","Carmel","Nir Etzion","Far",35.01042733,32.6966915,02/06/15,1129,-0.8426187,-19,-0.149877209662952,0.988704618186669,949.7563038,"Nir Etzion Far",137.979384
"395","T1","Nir Etzion Far CA20","Mediterranean Maquis","Carmel","Nir Etzion","Far",35.00632468,32.69832898,02/06/15,1129,-0.8426187,-19,-0.149877209662952,0.988704618186669,797.789906,"Nir Etzion Far",530.498771
"396","T1","Nir Etzion Far CA22","Mediterranean Maquis","Carmel","Nir Etzion","Far",35.00909667,32.69671848,02/06/15,1129,-0.8426187,-19,-0.149877209662952,0.988704618186669,852.4755195,"Nir Etzion Far",216.136133
"397","T1","Nir Etzion Far CA23","Mediterranean Maquis","Carmel","Nir Etzion","Far",35.00909667,32.69671848,02/06/15,1129,-0.8426187,-19,-0.149877209662952,0.988704618186669,852.4755195,"Nir Etzion Far",216.136133
"398","T1","Nir Etzion Far CA24","Mediterranean Maquis","Carmel","Nir Etzion","Far",35.00909667,32.69671848,02/06/15,1129,-0.8426187,-19,-0.149877209662952,0.988704618186669,852.4755195,"Nir Etzion Far",216.136133
"399","T1","Nir Etzion Far CA25","Mediterranean Maquis","Carmel","Nir Etzion","Far",35.00781478,32.69741843,02/06/15,1129,-0.8426187,-19,-0.149877209662952,0.988704618186669,819.6566197,"Nir Etzion Far",358.196338
"400","T1","Nir Etzion Far CA26","Mediterranean Maquis","Carmel","Nir Etzion","Far",35.00658005,32.69797592,02/06/15,1129,-0.8426187,-19,-0.149877209662952,0.988704618186669,783.436748,"Nir Etzion Far",487.964695
"401","T1","Nir Etzion Far CA27","Mediterranean Maquis","Carmel","Nir Etzion","Far",35.00716602,32.69801021,02/06/15,1129,-0.8426187,-19,-0.149877209662952,0.988704618186669,823.8632058,"Nir Etzion Far",446.806275
"402","T1","Nir Etzion Near CA1","Mediterranean Maquis","Carmel","Nir Etzion","Near",34.9944741,32.70081251,02/06/15,1129,-0.8426187,-19,-0.149877209662952,0.988704618186669,57.82210857,"Nir Etzion Near",821.074301
"403","T1","Nir Etzion Near CA2","Mediterranean Maquis","Carmel","Nir Etzion","Near",34.9949786,32.70040324,02/06/15,1129,-0.8426187,-19,-0.149877209662952,0.988704618186669,19.28992989,"Nir Etzion Near",830.709835
"404","T1","Nir Etzion Near CA3","Mediterranean Maquis","Carmel","Nir Etzion","Near",34.99687386,32.69999856,02/06/15,1129,-0.8426187,-19,-0.149877209662952,0.988704618186669,53.80341231,"Nir Etzion Near",959.582073
"405","T1","Nir Etzion Near CA4","Mediterranean Maquis","Carmel","Nir Etzion","Near",34.99259319,32.70131503,02/06/15,1129,-0.8426187,-19,-0.149877209662952,0.988704618186669,26.83459666,"Nir Etzion Near",738.440418
"406","T1","Nir Etzion Near CA5","Mediterranean Maquis","Carmel","Nir Etzion","Near",34.99807964,32.69960292,02/06/15,1129,-0.8426187,-19,-0.149877209662952,0.988704618186669,125.1176368,"Nir Etzion Near",1044.157662
"407","T1","Nir Etzion Near CA6","Mediterranean Maquis","Carmel","Nir Etzion","Near",34.99625762,32.70015982,02/06/15,1129,-0.8426187,-19,-0.149877209662952,0.988704618186669,34.05583986,"Nir Etzion Near",917.274939
"408","T1","Nir Etzion Near CA7","Mediterranean Maquis","Carmel","Nir Etzion","Near",34.99376582,32.70115116,02/06/15,1129,-0.8426187,-19,-0.149877209662952,0.988704618186669,76.88206479,"Nir Etzion Near",797.534668
"409","T1","Nir Etzion Near CA8","Mediterranean Maquis","Carmel","Nir Etzion","Near",34.99546513,32.70027373,02/06/15,1129,-0.8426187,-19,-0.149877209662952,0.988704618186669,11.26568838,"Nir Etzion Near",860.3648
"410","T1","Nir Etzion Near CA9","Mediterranean Maquis","Carmel","Nir Etzion","Near",34.99729763,32.699768,02/06/15,1129,-0.8426187,-19,-0.149877209662952,0.988704618186669,61.7537806,"Nir Etzion Near",984.145317
"411","T1","Ofer Far CA30","Mediterranean Maquis","Carmel","Ofer","Far",34.99239819,32.61565017,18/05/15,1114,-0.8547837,-34,-0.529082686120024,-0.848570274784605,717.321826,"Ofer Far",34.233204
"412","T1","Ofer Far CA31","Mediterranean Maquis","Carmel","Ofer","Far",34.99393732,32.61547824,18/05/15,1114,-0.8547837,-34,-0.529082686120024,-0.848570274784605,858.0758427,"Ofer Far",25.647358
"413","T1","Ofer Far CA32_100","Mediterranean Maquis","Carmel","Ofer","Far",34.99473901,32.61512449,18/05/15,1114,-0.8547837,-34,-0.529082686120024,-0.848570274784605,942.4593861,"Ofer Far",4.296711
"414","T1","Ofer Far CA33","Mediterranean Maquis","Carmel","Ofer","Far",34.99153256,32.61549298,18/05/15,1114,-0.8547837,-34,-0.529082686120024,-0.848570274784605,651.978428,"Ofer Far",27.004035
"415","T1","Ofer Far CA34","Mediterranean Maquis","Carmel","Ofer","Far",34.99349852,32.61580744,18/05/15,1114,-0.8547837,-34,-0.529082686120024,-0.848570274784605,806.7071675,"Ofer Far",24.225353
"416","T1","Ofer Far CA35","Mediterranean Maquis","Carmel","Ofer","Far",34.99095279,32.61516257,18/05/15,1114,-0.8547837,-34,-0.529082686120024,-0.848570274784605,624.0849,"Ofer Far",19.859087
"417","T1","Ofer Far CA36","Mediterranean Maquis","Carmel","Ofer","Far",34.99489724,32.61470864,18/05/15,1114,-0.8547837,-34,-0.529082686120024,-0.848570274784605,974.0651753,"Ofer Far",46.849501
"418","T1","Ofer Near CA1","Mediterranean Maquis","Carmel","Ofer","Near",34.98264104,32.61673473,18/05/15,1114,-0.8547837,-34,-0.529082686120024,-0.848570274784605,94.61251929,"Ofer Near",165.411204
"419","T1","Ofer Near CA2","Mediterranean Maquis","Carmel","Ofer","Near",34.98260877,32.61697241,18/05/15,1114,-0.8547837,-34,-0.529082686120024,-0.848570274784605,69.28292714,"Ofer Near",144.819647
"420","T1","Ofer Near CA3","Mediterranean Maquis","Carmel","Ofer","Near",34.98334644,32.61736483,18/05/15,1114,-0.8547837,-34,-0.529082686120024,-0.848570274784605,40.57099943,"Ofer Near",74.911984
"421","T1","Ofer Near CA4","Mediterranean Maquis","Carmel","Ofer","Near",34.98530357,32.61809398,18/05/15,1114,-0.8547837,-34,-0.529082686120024,-0.848570274784605,20.06895787,"Ofer Near",68.722157
"422","T1","Ofer Near CA5","Mediterranean Maquis","Carmel","Ofer","Near",34.98673248,32.61836475,18/05/15,1114,-0.8547837,-34,-0.529082686120024,-0.848570274784605,124.2511911,"Ofer Near",72.917077
"423","T1","Ofer Near CA8","Mediterranean Maquis","Carmel","Ofer","Near",34.98409875,32.61760447,18/05/15,1114,-0.8547837,-34,-0.529082686120024,-0.848570274784605,18.15430158,"Ofer Near",26.325356
"424","T1","Yagur Far 1","Mediterranean Maquis","Carmel","Yagur","Far",35.05639606,32.7532141,28/06/15,1155,-0.8215326,7,0.656986598718789,0.753902254343305,937.1603969,"Yagur Far",430.892034
"425","T1","Yagur Far 2","Mediterranean Maquis","Carmel","Yagur","Far",35.05594347,32.75354849,28/06/15,1155,-0.8215326,7,0.656986598718789,0.753902254343305,880.8792538,"Yagur Far",451.774359
"426","T1","Yagur Far 3","Mediterranean Maquis","Carmel","Yagur","Far",35.05327198,32.75542125,28/06/15,1155,-0.8215326,7,0.656986598718789,0.753902254343305,556.9574338,"Yagur Far",607.983492
"427","T1","Yagur Far 5","Mediterranean Maquis","Carmel","Yagur","Far",35.05414152,32.75441262,28/06/15,1155,-0.8215326,7,0.656986598718789,0.753902254343305,694.360392,"Yagur Far",557.578543
"428","T1","Yagur Far 6","Mediterranean Maquis","Carmel","Yagur","Far",35.05366101,32.75553026,28/06/15,1155,-0.8215326,7,0.656986598718789,0.753902254343305,574.467057,"Yagur Far",570.178731
"429","T1","Yagur Far 7","Mediterranean Maquis","Carmel","Yagur","Far",35.05665043,32.75255345,28/06/15,1155,-0.8215326,7,0.656986598718789,0.753902254343305,1005.666645,"Yagur Far",444.987381
"430","T1","Yagur Far 8","Mediterranean Maquis","Carmel","Yagur","Far",35.05331661,32.75469011,28/06/15,1155,-0.8215326,7,0.656986598718789,0.753902254343305,620.7150514,"Yagur Far",621.106461
"431","T1","Yagur Near 19","Mediterranean Maquis","Carmel","Yagur","Near",35.07504567,32.73905963,29/10/15,1278,-0.7217791,130,-0.930105950186762,-0.367291330454696,33.78950067,"Yagur Near",592.601112
"432","T1","Yagur Near 20","Mediterranean Maquis","Carmel","Yagur","Near",35.07740009,32.73840007,29/10/15,1278,-0.7217791,130,-0.930105950186762,-0.367291330454696,47.3965364,"Yagur Near",444.034525
"433","T1","Yagur Near 21","Mediterranean Maquis","Carmel","Yagur","Near",35.07574862,32.73903762,29/10/15,1278,-0.7217791,130,-0.930105950186762,-0.367291330454696,30.13201441,"Yagur Near",559.071148
"434","T1","Yagur Near 23","Mediterranean Maquis","Carmel","Yagur","Near",35.07857588,32.73729296,29/10/15,1278,-0.7217791,130,-0.930105950186762,-0.367291330454696,41.37015169,"Yagur Near",282.892583
"435","T1","Yagur Near 24","Mediterranean Maquis","Carmel","Yagur","Near",35.07702439,32.73857675,29/10/15,1278,-0.7217791,130,-0.930105950186762,-0.367291330454696,44.89955682,"Yagur Near",465.93336
"436","T1","Yagur Near 25","Mediterranean Maquis","Carmel","Yagur","Near",35.07863093,32.73765512,29/10/15,1278,-0.7217791,130,-0.930105950186762,-0.367291330454696,44.57916641,"Yagur Near",314.266902
"437","T1","Yagur Near 26","Mediterranean Maquis","Carmel","Yagur","Near",35.07768327,32.73860207,29/10/15,1278,-0.7217791,130,-0.930105950186762,-0.367291330454696,15.74037968,"Yagur Near",409.876121
"438","T1","Yagur Near 27","Mediterranean Maquis","Carmel","Yagur","Near",35.07834232,32.73807264,29/10/15,1278,-0.7217791,130,-0.930105950186762,-0.367291330454696,26.43193428,"Yagur Near",367.888905
"439","T1","Yiftach Far CA2","Mediterranean Maquis","Galilee","Iftach","Far",35.55741463,33.12236399,05/08/15,1193,-0.7907144,45,0.850903524534118,0.52532198881773,305.1507397,"Iftach Far",168.169389
"440","T1","Yiftach Far CA3","Mediterranean Maquis","Galilee","Iftach","Far",35.55763796,33.12370967,05/08/15,1193,-0.7907144,45,0.850903524534118,0.52532198881773,270.9851989,"Iftach Far",174.855658
"441","T1","Yiftach Far CA5","Mediterranean Maquis","Galilee","Iftach","Far",35.55785093,33.12309269,05/08/15,1193,-0.7907144,45,0.850903524534118,0.52532198881773,304.9598265,"Iftach Far",212.59193
"442","T1","Yiftach Far CA6","Mediterranean Maquis","Galilee","Iftach","Far",35.55590911,33.12116217,05/08/15,1193,-0.7907144,45,0.850903524534118,0.52532198881773,328.3708573,"Iftach Far",72.517505
"443","T1","Yiftach Far CA7","Mediterranean Maquis","Galilee","Iftach","Far",35.5576367,33.12412528,05/08/15,1193,-0.7907144,45,0.850903524534118,0.52532198881773,265.587453,"Iftach Far",168.433658
"444","T1","Yiftach Far CA8","Mediterranean Maquis","Galilee","Iftach","Far",35.55824232,33.12207109,05/08/15,1193,-0.7907144,45,0.850903524534118,0.52532198881773,387.3653845,"Iftach Far",241.899575
"445","T1","Yiftach Far CA9","Mediterranean Maquis","Galilee","Iftach","Far",35.55741136,33.12117456,05/08/15,1193,-0.7907144,45,0.850903524534118,0.52532198881773,396.221225,"Iftach Far",188.080034
"446","T1","Yiftach Near CA19","Mediterranean Maquis","Galilee","Iftach","Near",35.55478652,33.13105155,05/08/15,1193,-0.7907144,45,0.850903524534118,0.52532198881773,51.09418865,"Iftach Near",109.512047
"447","T1","Yiftach Near CA20","Mediterranean Maquis","Galilee","Iftach","Near",35.55572972,33.12736236,05/08/15,1193,-0.7907144,45,0.850903524534118,0.52532198881773,51.38744663,"Iftach Near",192.189951
"448","T1","Yiftach Near CA21","Mediterranean Maquis","Galilee","Iftach","Near",35.55569579,33.12680988,05/08/15,1193,-0.7907144,45,0.850903524534118,0.52532198881773,51.54376961,"Iftach Near",133.317157
"449","T1","Yiftach Near CA23","Mediterranean Maquis","Galilee","Iftach","Near",35.55536991,33.12592988,05/08/15,1193,-0.7907144,45,0.850903524534118,0.52532198881773,32.51264921,"Iftach Near",31.821622
"450","T1","Yiftach Near CA25","Mediterranean Maquis","Galilee","Iftach","Near",35.55578227,33.12803782,05/08/15,1193,-0.7907144,45,0.850903524534118,0.52532198881773,60.27139646,"Iftach Near",265.292626
"451","T1","Yiftach Near CA26","Mediterranean Maquis","Galilee","Iftach","Near",35.55476435,33.13167061,05/08/15,1193,-0.7907144,45,0.850903524534118,0.52532198881773,91.85408116,"Iftach Near",81.538833
"452","T1","Yiftach Near CA27","Mediterranean Maquis","Galilee","Iftach","Near",35.55566681,33.12916941,05/08/15,1193,-0.7907144,45,0.850903524534118,0.52532198881773,56.19168543,"Iftach Near",194.199762
"453","T2","Aderet Far 1","Mediterranean Maquis","Judea","Aderet","Far",34.98303,31.66637,03/10/17,1983,-0.1500212,104,-0.321622403162531,-0.946868010751213,932.4456853,"Aderet Far",855.28744
"454","T2","Aderet Far 2","Mediterranean Maquis","Judea","Aderet","Far",34.98074,31.66564,03/10/17,1983,-0.1500212,104,-0.321622403162531,-0.946868010751213,1108.903231,"Aderet Far",748.77951
"455","T2","Aderet Far 3","Mediterranean Maquis","Judea","Aderet","Far",34.98132,31.66616,03/10/17,1983,-0.1500212,104,-0.321622403162531,-0.946868010751213,1074.142511,"Aderet Far",808.921781
"456","T2","Aderet Far 5","Mediterranean Maquis","Judea","Aderet","Far",34.98054,31.66522,03/10/17,1983,-0.1500212,104,-0.321622403162531,-0.946868010751213,1115.489618,"Aderet Far",701.703366
"457","T2","Aderet Far 6","Mediterranean Maquis","Judea","Aderet","Far",34.98057,31.66456,03/10/17,1983,-0.1500212,104,-0.321622403162531,-0.946868010751213,1098.090841,"Aderet Far",628.625597
"458","T2","Aderet Far 7","Mediterranean Maquis","Judea","Aderet","Far",34.9808,31.66417,03/10/17,1983,-0.1500212,104,-0.321622403162531,-0.946868010751213,1070.03598,"Aderet Far",586.001556
"459","T2","Aderet Far 8","Mediterranean Maquis","Judea","Aderet","Far",34.98114,31.66365,03/10/17,1983,-0.1500212,104,-0.321622403162531,-0.946868010751213,1031.823717,"Aderet Far",530.135209
"460","T2","Aderet Far 9","Mediterranean Maquis","Judea","Aderet","Far",34.9819,31.66299,03/10/17,1983,-0.1500212,104,-0.321622403162531,-0.946868010751213,934.7681344,"Aderet Far",467.74294
"461","T2","Aderet Near 1","Mediterranean Maquis","Judea","Aderet","Near",34.9883,31.66151,03/10/17,1983,-0.1500212,104,-0.321622403162531,-0.946868010751213,342.9094936,"Aderet Near",533.74384
"462","T2","Aderet Near 7","Mediterranean Maquis","Judea","Aderet","Near",34.98969,31.66321,03/10/17,1983,-0.1500212,104,-0.321622403162531,-0.946868010751213,220.3414406,"Aderet Near",529.275993
"463","T2","Aderet Near 8","Mediterranean Maquis","Judea","Aderet","Near",34.98945,31.6627,03/10/17,1983,-0.1500212,104,-0.321622403162531,-0.946868010751213,241.3258031,"Aderet Near",553.787091
"464","T2","Aderet Near 9","Mediterranean Maquis","Judea","Aderet","Near",34.98879,31.66192,03/10/17,1983,-0.1500212,104,-0.321622403162531,-0.946868010751213,319.8374737,"Aderet Near",596.945461
"465","T2","Beit Oren Far 1","Mediterranean Maquis","Carmel","Beit Oren","Far",35.00815,32.72598,07/07/17,1895,-0.2213896,16,-0.287903316665065,-0.957659480323385,428.5421992,"Beit Oren Far",675.085931
"466","T2","Beit Oren Far 2","Mediterranean Maquis","Carmel","Beit Oren","Far",35.00716,32.72617,07/07/17,1895,-0.2213896,16,-0.287903316665065,-0.957659480323385,397.2247368,"Beit Oren Far",665.031744
"467","T2","Beit Oren Far 3","Mediterranean Maquis","Carmel","Beit Oren","Far",35.0066,32.72551,07/07/17,1895,-0.2213896,16,-0.287903316665065,-0.957659480323385,461.9823203,"Beit Oren Far",732.703289
"468","T2","Beit Oren Far 4","Mediterranean Maquis","Carmel","Beit Oren","Far",35.00599,32.72516,07/07/17,1895,-0.2213896,16,-0.287903316665065,-0.957659480323385,490.3850472,"Beit Oren Far",751.882476
"469","T2","Beit Oren Far 5","Mediterranean Maquis","Carmel","Beit Oren","Far",35.00524,32.72533,07/07/17,1895,-0.2213896,16,-0.287903316665065,-0.957659480323385,461.2503162,"Beit Oren Far",717.659624
"470","T2","Beit Oren Far 6","Mediterranean Maquis","Carmel","Beit Oren","Far",35.0044,32.72569,07/07/17,1895,-0.2213896,16,-0.287903316665065,-0.957659480323385,420.9979055,"Beit Oren Far",667.751319
"471","T2","Beit Oren Far 7","Mediterranean Maquis","Carmel","Beit Oren","Far",35.00376,32.72523,07/07/17,1895,-0.2213896,16,-0.287903316665065,-0.957659480323385,480.2366605,"Beit Oren Far",716.781103
"472","T2","Beit Oren Far 8","Mediterranean Maquis","Carmel","Beit Oren","Far",35.0027,32.72518,07/07/17,1895,-0.2213896,16,-0.287903316665065,-0.957659480323385,495.1443636,"Beit Oren Far",728.353774
"473","T2","Beit Oren Far 9","Mediterranean Maquis","Carmel","Beit Oren","Far",35.00172,32.72553,07/07/17,1895,-0.2213896,16,-0.287903316665065,-0.957659480323385,451.6806074,"Beit Oren Far",696.907051
"474","T2","Beit Oren Near 1","Mediterranean Maquis","Carmel","Beit Oren","Near",35.00155,32.73383,07/07/17,1895,-0.2213896,16,-0.287903316665065,-0.957659480323385,97.19018466,"Beit Oren Near",167.965148
"475","T2","Beit Oren Near 3","Mediterranean Maquis","Carmel","Beit Oren","Near",35.00198,32.73476,07/07/17,1895,-0.2213896,16,-0.287903316665065,-0.957659480323385,0,"Beit Oren Near",271.026411
"476","T2","Beit Oren Near 6","Mediterranean Maquis","Carmel","Beit Oren","Near",35.00307,32.73327,07/07/17,1895,-0.2213896,16,-0.287903316665065,-0.957659480323385,67.80157246,"Beit Oren Near",120.856197
"477","T2","Beit Oren Near 8","Mediterranean Maquis","Carmel","Beit Oren","Near",35.00403,32.73322,07/07/17,1895,-0.2213896,16,-0.287903316665065,-0.957659480323385,16.34792669,"Beit Oren Near",103.763749
"478","T2","Beit Oren Near 9","Mediterranean Maquis","Carmel","Beit Oren","Near",35.00435,32.73286,07/07/17,1895,-0.2213896,16,-0.287903316665065,-0.957659480323385,20.67057455,"Beit Oren Near",54.521582
"479","T2","Ein Yaakov Far 1","Mediterranean Maquis","Galilee","Ein Yaakov","Far",35.22711,33.00361,20/10/17,2000,-0.1362341,121,0.99881522472358,-0.0486636092001539,319.5880118,"Ein Yaakov Far",339.009692
"480","T2","Ein Yaakov Far 2","Mediterranean Maquis","Galilee","Ein Yaakov","Far",35.22754,33.00326,20/10/17,2000,-0.1362341,121,0.99881522472358,-0.0486636092001539,360.9370871,"Ein Yaakov Far",394.792952
"481","T2","Ein Yaakov Far 3","Mediterranean Maquis","Galilee","Ein Yaakov","Far",35.2279,33.00306,20/10/17,2000,-0.1362341,121,0.99881522472358,-0.0486636092001539,385.2599686,"Ein Yaakov Far",434.764334
"482","T2","Ein Yaakov Far 4","Mediterranean Maquis","Galilee","Ein Yaakov","Far",35.2283,33.00272,20/10/17,2000,-0.1362341,121,0.99881522472358,-0.0486636092001539,425.3196801,"Ein Yaakov Far",487.68657
"483","T2","Ein Yaakov Far 5","Mediterranean Maquis","Galilee","Ein Yaakov","Far",35.22908,33.00268,20/10/17,2000,-0.1362341,121,0.99881522472358,-0.0486636092001539,434.4886144,"Ein Yaakov Far",547.507622
"484","T2","Ein Yaakov Far 7","Mediterranean Maquis","Galilee","Ein Yaakov","Far",35.2302,33.00263,20/10/17,2000,-0.1362341,121,0.99881522472358,-0.0486636092001539,449.9279826,"Ein Yaakov Far",637.803736
"485","T2","Ein Yaakov Far 8","Mediterranean Maquis","Galilee","Ein Yaakov","Far",35.23071,33.00275,20/10/17,2000,-0.1362341,121,0.99881522472358,-0.0486636092001539,448.2077675,"Ein Yaakov Far",672.724703
"486","T2","Ein Yaakov Far 9","Mediterranean Maquis","Galilee","Ein Yaakov","Far",35.2313,33.00284,20/10/17,2000,-0.1362341,121,0.99881522472358,-0.0486636092001539,457.9544341,"Ein Yaakov Far",717.561405
"487","T2","Ein Yaakov Near 1","Mediterranean Maquis","Galilee","Ein Yaakov","Near",35.22754,33.00326,20/10/17,2000,-0.1362341,121,0.99881522472358,-0.0486636092001539,70,"Ein Yaakov Near",394.792952
"488","T2","Ein Yaakov Near 2","Mediterranean Maquis","Galilee","Ein Yaakov","Near",35.226,33.00551,20/10/17,2000,-0.1362341,121,0.99881522472358,-0.0486636092001539,110.1885673,"Ein Yaakov Near",145.180029
"489","T2","Ein Yaakov Near 3","Mediterranean Maquis","Galilee","Ein Yaakov","Near",35.22615,33.00562,20/10/17,2000,-0.1362341,121,0.99881522472358,-0.0486636092001539,94.79572589,"Ein Yaakov Near",155.197058
"490","T2","Ein Yaakov Near 4","Mediterranean Maquis","Galilee","Ein Yaakov","Near",35.22655,33.00564,20/10/17,2000,-0.1362341,121,0.99881522472358,-0.0486636092001539,91.52354,"Ein Yaakov Near",191.349658
"491","T2","Ein Yaakov Near 5","Mediterranean Maquis","Galilee","Ein Yaakov","Near",35.22716,33.00568,20/10/17,2000,-0.1362341,121,0.99881522472358,-0.0486636092001539,90.80623144,"Ein Yaakov Near",247.096941
"492","T2","Ein Yaakov Near 7","Mediterranean Maquis","Galilee","Ein Yaakov","Near",35.22792,33.0058,20/10/17,2000,-0.1362341,121,0.99881522472358,-0.0486636092001539,82.14706007,"Ein Yaakov Near",316.775711
"493","T2","Ein Yaakov Near 8","Mediterranean Maquis","Galilee","Ein Yaakov","Near",35.22834,33.00571,20/10/17,2000,-0.1362341,121,0.99881522472358,-0.0486636092001539,94.66090779,"Ein Yaakov Near",354.090343
"494","T2","Ein Yaakov Near 9","Mediterranean Maquis","Galilee","Ein Yaakov","Near",35.22903,33.0058,20/10/17,2000,-0.1362341,121,0.99881522472358,-0.0486636092001539,88.89548311,"Ein Yaakov Near",365.488672
"495","T2","Givat Yearim Far 1","Mediterranean Maquis","Judea","Givat Yearim","Far",35.0898,31.7755,29/07/17,1917,-0.2035475,38,0.296368578709385,0.955073644047295,538.5785018,"Givat Yearim Far",575.434946
"496","T2","Givat Yearim Far 3","Mediterranean Maquis","Judea","Givat Yearim","Far",35.0932,31.7749,29/07/17,1917,-0.2035475,38,0.296368578709385,0.955073644047295,381.8123377,"Givat Yearim Far",379.882548
"497","T2","Givat Yearim Far 7","Mediterranean Maquis","Judea","Givat Yearim","Far",35.09296,31.77377,29/07/17,1917,-0.2035475,38,0.296368578709385,0.955073644047295,504.187622,"Givat Yearim Far",498.519839
"498","T2","Givat Yearim Far 9","Mediterranean Maquis","Judea","Givat Yearim","Far",35.09097,31.77499,29/07/17,1917,-0.2035475,38,0.296368578709385,0.955073644047295,510.222157,"Givat Yearim Far",513.522543
"499","T2","Givat Yearim Near 1","Mediterranean Maquis","Judea","Givat Yearim","Near",35.09384,31.78672,29/07/17,1917,-0.2035475,38,0.296368578709385,0.955073644047295,40.04817908,"Givat Yearim Near",13.728785
"500","T2","Givat Yearim Near 2","Mediterranean Maquis","Judea","Givat Yearim","Near",35.0931,31.7868,29/07/17,1917,-0.2035475,38,0.296368578709385,0.955073644047295,20.88702255,"Givat Yearim Near",79.165451
"501","T2","Givat Yearim Near 3","Mediterranean Maquis","Judea","Givat Yearim","Near",35.0952,31.7864,29/07/17,1917,-0.2035475,38,0.296368578709385,0.955073644047295,43.30958272,"Givat Yearim Near",0
"502","T2","Givat Yearim Near 5","Mediterranean Maquis","Judea","Givat Yearim","Near",35.0945,31.7866,29/07/17,1917,-0.2035475,38,0.296368578709385,0.955073644047295,45.377184,"Givat Yearim Near",0
"503","T2","Givat Yearim Near 6","Mediterranean Maquis","Judea","Givat Yearim","Near",35.09587,31.78624,29/07/17,1917,-0.2035475,38,0.296368578709385,0.955073644047295,44.66719751,"Givat Yearim Near",0
"504","T2","Givat Yearim Near 7","Mediterranean Maquis","Judea","Givat Yearim","Near",35.0965,31.786,29/07/17,1917,-0.2035475,38,0.296368578709385,0.955073644047295,36.43819542,"Givat Yearim Near",0
"505","T2","Givat Yearim Near 9","Mediterranean Maquis","Judea","Givat Yearim","Near",35.094,31.7867,29/07/17,1917,-0.2035475,38,0.296368578709385,0.955073644047295,42.30502759,"Givat Yearim Near",0.203162
"506","T2","Givat Yeshayahu Far 1","Mediterranean Maquis","Judea","Givat Yeshayahu","Far",34.9583,31.66059,24/08/17,1943,-0.1824614,64,0.920026038196791,0.39185723042955,526.4746534,"Givat Yeshayahu Far",143.571535
"507","T2","Givat Yeshayahu Far 2","Mediterranean Maquis","Judea","Givat Yeshayahu","Far",34.95758,31.66083,24/08/17,1943,-0.1824614,64,0.920026038196791,0.39185723042955,506.917407,"Givat Yeshayahu Far",187.824872
"508","T2","Givat Yeshayahu Far 3","Mediterranean Maquis","Judea","Givat Yeshayahu","Far",34.95694,31.66066,24/08/17,1943,-0.1824614,64,0.920026038196791,0.39185723042955,538.7774064,"Givat Yeshayahu Far",206.653772
"509","T2","Givat Yeshayahu Far 4","Mediterranean Maquis","Judea","Givat Yeshayahu","Far",34.95651,31.6613,24/08/17,1943,-0.1824614,64,0.920026038196791,0.39185723042955,485.1488385,"Givat Yeshayahu Far",286.937229
"510","T2","Givat Yeshayahu Far 5","Mediterranean Maquis","Judea","Givat Yeshayahu","Far",34.95616,31.66175,24/08/17,1943,-0.1824614,64,0.920026038196791,0.39185723042955,454.7041867,"Givat Yeshayahu Far",327.556505
"511","T2","Givat Yeshayahu Far 7","Mediterranean Maquis","Judea","Givat Yeshayahu","Far",34.955,31.66229,24/08/17,1943,-0.1824614,64,0.920026038196791,0.39185723042955,472.2488598,"Givat Yeshayahu Far",364.547148
"512","T2","Givat Yeshayahu Far 9","Mediterranean Maquis","Judea","Givat Yeshayahu","Far",34.95896,31.66029,24/08/17,1943,-0.1824614,64,0.920026038196791,0.39185723042955,561.2343426,"Givat Yeshayahu Far",120.748158
"513","T2","Givat Yeshayahu Near 1","Mediterranean Maquis","Judea","Givat Yeshayahu","Near",34.951,31.67254,24/08/17,1943,-0.1824614,64,0.920026038196791,0.39185723042955,137.3646537,"Givat Yeshayahu Near",49.434778
"514","T2","Givat Yeshayahu Near 5","Mediterranean Maquis","Judea","Givat Yeshayahu","Near",34.95222,31.67171,24/08/17,1943,-0.1824614,64,0.920026038196791,0.39185723042955,149.03117,"Givat Yeshayahu Near",196.859818
"515","T2","Givat Yeshayahu Near 7","Mediterranean Maquis","Judea","Givat Yeshayahu","Near",34.95361,31.67098,24/08/17,1943,-0.1824614,64,0.920026038196791,0.39185723042955,153.2115119,"Givat Yeshayahu Near",350.456486
"516","T2","Goren Far 1","Mediterranean Maquis","Galilee","Goren","Far",35.23149,33.05409,20/10/17,2000,-0.1362341,121,0.99881522472358,-0.0486636092001539,1316.3,"Goren Far",88.310738
"517","T2","Goren Far 2","Mediterranean Maquis","Galilee","Goren","Far",35.25433,33.04794,20/10/17,2000,-0.1362341,121,0.99881522472358,-0.0486636092001539,1122.78092,"Goren Far",124.712919
"518","T2","Goren Far 3","Mediterranean Maquis","Galilee","Goren","Far",35.25518,33.04858,20/10/17,2000,-0.1362341,121,0.99881522472358,-0.0486636092001539,1074.233566,"Goren Far",195.48097
"519","T2","Goren Far 4","Mediterranean Maquis","Galilee","Goren","Far",35.23134,33.05531,20/10/17,2000,-0.1362341,121,0.99881522472358,-0.0486636092001539,1275,"Goren Far",85.846455
"520","T2","Goren Far 6","Mediterranean Maquis","Galilee","Goren","Far",35.25536,33.05049,20/10/17,2000,-0.1362341,121,0.99881522472358,-0.0486636092001539,874.7719446,"Goren Far",25.371244
"521","T2","Goren Far 7","Mediterranean Maquis","Galilee","Goren","Far",35.25492,33.05185,20/10/17,2000,-0.1362341,121,0.99881522472358,-0.0486636092001539,718.6138484,"Goren Far",146.79779
"522","T2","Goren Far 8","Mediterranean Maquis","Galilee","Goren","Far",35.2546,33.05289,20/10/17,2000,-0.1362341,121,0.99881522472358,-0.0486636092001539,1043,"Goren Far",86.822689
"523","T2","Goren Far 9","Mediterranean Maquis","Galilee","Goren","Far",35.25561,33.05451,20/10/17,2000,-0.1362341,121,0.99881522472358,-0.0486636092001539,483.470011,"Goren Far",93.967844
"524","T2","Goren Near 1","Mediterranean Maquis","Galilee","Goren","Near",35.22944,33.05612,20/10/17,2000,-0.1362341,121,0.99881522472358,-0.0486636092001539,218.5997111,"Goren Near",284.526956
"525","T2","Goren Near 2","Mediterranean Maquis","Galilee","Goren","Near",35.23105,33.05449,20/10/17,2000,-0.1362341,121,0.99881522472358,-0.0486636092001539,89.59187318,"Goren Near",107.498525
"526","T2","Goren Near 3","Mediterranean Maquis","Galilee","Goren","Near",35.23114,33.05593,20/10/17,2000,-0.1362341,121,0.99881522472358,-0.0486636092001539,63.22127856,"Goren Near",146.216072
"527","T2","Goren Near 4","Mediterranean Maquis","Galilee","Goren","Near",35.23105,33.05449,20/10/17,2000,-0.1362341,121,0.99881522472358,-0.0486636092001539,89.59187318,"Goren Near",107.498525
"528","T2","Goren Near 5","Mediterranean Maquis","Galilee","Goren","Near",35.23105,33.05449,20/10/17,2000,-0.1362341,121,0.99881522472358,-0.0486636092001539,89.59187318,"Goren Near",107.498525
"529","T2","Goren Near 6","Mediterranean Maquis","Galilee","Goren","Near",35.23105,33.05449,20/10/17,2000,-0.1362341,121,0.99881522472358,-0.0486636092001539,89.59187318,"Goren Near",107.498525
"530","T2","Goren Near 7","Mediterranean Maquis","Galilee","Goren","Near",35.23157,33.05364,20/10/17,2000,-0.1362341,121,0.99881522472358,-0.0486636092001539,100.1453466,"Goren Near",113.419822
"531","T2","Goren Near 8","Mediterranean Maquis","Galilee","Goren","Near",35.23207,33.05306,20/10/17,2000,-0.1362341,121,0.99881522472358,-0.0486636092001539,136.5829367,"Goren Near",138.279448
"532","T2","Goren Near 9","Mediterranean Maquis","Galilee","Goren","Near",35.23153,33.05264,20/10/17,2000,-0.1362341,121,0.99881522472358,-0.0486636092001539,200.8733927,"Goren Near",204.689695
"533","T2","Iftach Far 1","Mediterranean Maquis","Galilee","Iftach","Far",35.55673,33.12481,04/11/17,2015,-0.1240691,136,-0.790433206722889,-0.6125482394961,172.8296753,"Iftach Far",77.158139
"534","T2","Iftach Far 2","Mediterranean Maquis","Galilee","Iftach","Far",35.55666,33.1243,04/11/17,2015,-0.1240691,136,-0.790433206722889,-0.6125482394961,172.8199582,"Iftach Far",75.306267
"535","T2","Iftach Far 3","Mediterranean Maquis","Galilee","Iftach","Far",35.55769,33.12443,04/11/17,2015,-0.1240691,136,-0.790433206722889,-0.6125482394961,266.6568389,"Iftach Far",169.77804
"536","T2","Iftach Far 4","Mediterranean Maquis","Galilee","Iftach","Far",35.55754,33.12418,04/11/17,2015,-0.1240691,136,-0.790433206722889,-0.6125482394961,255.9273315,"Iftach Far",158.502728
"537","T2","Iftach Far 5","Mediterranean Maquis","Galilee","Iftach","Far",35.55814,33.12472,04/11/17,2015,-0.1240691,136,-0.790433206722889,-0.6125482394961,304.6900916,"Iftach Far",209.122294
"538","T2","Iftach Far 6","Mediterranean Maquis","Galilee","Iftach","Far",35.55812,33.12432,04/11/17,2015,-0.1240691,136,-0.790433206722889,-0.6125482394961,307.9187416,"Iftach Far",210.740601
"539","T2","Iftach Far 7","Mediterranean Maquis","Galilee","Iftach","Far",35.55818,33.1239,04/11/17,2015,-0.1240691,136,-0.790433206722889,-0.6125482394961,318.8181397,"Iftach Far",223.394045
"540","T2","Iftach Far 8","Mediterranean Maquis","Galilee","Iftach","Far",35.55813,33.12336,04/11/17,2015,-0.1240691,136,-0.790433206722889,-0.6125482394961,322.4126096,"Iftach Far",227.247648
"541","T2","Iftach Far 9","Mediterranean Maquis","Galilee","Iftach","Far",35.5579,33.12307,04/11/17,2015,-0.1240691,136,-0.790433206722889,-0.6125482394961,310.09969,"Iftach Far",217.802164
"542","T2","Iftach Near 1","Mediterranean Maquis","Galilee","Iftach","Near",35.5544,33.13142,04/11/17,2015,-0.1240691,136,-0.790433206722889,-0.6125482394961,47.94853921,"Iftach Near",124.239082
"543","T2","Iftach Near 3","Mediterranean Maquis","Galilee","Iftach","Near",35.55502,33.1309,04/11/17,2015,-0.1240691,136,-0.790433206722889,-0.6125482394961,57.85689118,"Iftach Near",97.193081
"544","T2","Iftach Near 4","Mediterranean Maquis","Galilee","Iftach","Near",35.55523,33.13017,04/11/17,2015,-0.1240691,136,-0.790433206722889,-0.6125482394961,23.64100828,"Iftach Near",120.680389
"545","T2","Iftach Near 5","Mediterranean Maquis","Galilee","Iftach","Near",35.55553,33.12958,04/11/17,2015,-0.1240691,136,-0.790433206722889,-0.6125482394961,45.86678626,"Iftach Near",155.867274
"546","T2","Iftach Near 6","Mediterranean Maquis","Galilee","Iftach","Near",35.5556,33.12901,04/11/17,2015,-0.1240691,136,-0.790433206722889,-0.6125482394961,49.02505461,"Iftach Near",212.914158
"547","T2","Iftach Near 7","Mediterranean Maquis","Galilee","Iftach","Near",35.55566,33.12833,04/11/17,2015,-0.1240691,136,-0.790433206722889,-0.6125482394961,50.6022492,"Iftach Near",285.006501
"548","T2","Kerem Maharal Far 1","Mediterranean Maquis","Carmel","Kerem Maharal","Far",35.0039,32.6714,11/08/17,1930,-0.1930044,51,0.670229175843375,0.742154196813783,2123.723,"Kerem Maharal Far",609.777654
"549","T2","Kerem Maharal Far 2","Mediterranean Maquis","Carmel","Kerem Maharal","Far",35.005,32.6716,11/08/17,1930,-0.1930044,51,0.670229175843375,0.742154196813783,2121.57766,"Kerem Maharal Far",604.67605
"550","T2","Kerem Maharal Far 3","Mediterranean Maquis","Carmel","Kerem Maharal","Far",35.00561,32.67185,11/08/17,1930,-0.1930044,51,0.670229175843375,0.742154196813783,2107.683989,"Kerem Maharal Far",624.896106
"551","T2","Kerem Maharal Far 8","Mediterranean Maquis","Carmel","Kerem Maharal","Far",35.0033,32.66974,11/08/17,1930,-0.1930044,51,0.670229175843375,0.742154196813783,2297.546394,"Kerem Maharal Far",466.267735
"552","T2","Kerem Maharal Far 9","Mediterranean Maquis","Carmel","Kerem Maharal","Far",35.00778,32.67194,11/08/17,1930,-0.1930044,51,0.670229175843375,0.742154196813783,2156.770672,"Kerem Maharal Far",648.193487
"553","T2","Kerem Maharal Near 1","Mediterranean Maquis","Carmel","Kerem Maharal","Near",34.9954,32.6432,11/08/17,1930,-0.1930044,51,0.670229175843375,0.742154196813783,252.2546524,"Kerem Maharal Near",359.946433
"554","T2","Kerem Maharal Near 3","Mediterranean Maquis","Carmel","Kerem Maharal","Near",34.9949,32.6438,11/08/17,1930,-0.1930044,51,0.670229175843375,0.742154196813783,199.0969964,"Kerem Maharal Near",360.956596
"555","T2","Kerem Maharal Near 5","Mediterranean Maquis","Carmel","Kerem Maharal","Near",34.9952,32.6446,11/08/17,1930,-0.1930044,51,0.670229175843375,0.742154196813783,200.7696012,"Kerem Maharal Near",319.048506
"556","T2","Kerem Maharal Near 6","Mediterranean Maquis","Carmel","Kerem Maharal","Near",34.99583,32.64488,11/08/17,1930,-0.1930044,51,0.670229175843375,0.742154196813783,206.8124962,"Kerem Maharal Near",338.030191
"557","T2","Kerem Maharal Near 7","Mediterranean Maquis","Carmel","Kerem Maharal","Near",34.99528,32.64498,11/08/17,1930,-0.1930044,51,0.670229175843375,0.742154196813783,169.4672322,"Kerem Maharal Near",302.024622
"558","T2","Kfar Shamai Far 1","Mediterranean Maquis","Galilee","Kfar Shamai","Far",35.45995,32.96618,28/09/17,1978,-0.1540762,99,-0.999206834186354,0.0398208803931389,1258.5,"Kfar Shamai Far",104.985742
"559","T2","Kfar Shamai Far 2","Mediterranean Maquis","Galilee","Kfar Shamai","Far",35.45975,32.96627,28/09/17,1978,-0.1540762,99,-0.999206834186354,0.0398208803931389,1253.4,"Kfar Shamai Far",84.190565
"560","T2","Kfar Shamai Far 3","Mediterranean Maquis","Galilee","Kfar Shamai","Far",35.45915,32.96587,28/09/17,1978,-0.1540762,99,-0.999206834186354,0.0398208803931389,1253.4,"Kfar Shamai Far",47.279794
"561","T2","Kfar Shamai Far 4","Mediterranean Maquis","Galilee","Kfar Shamai","Far",35.45891,32.96518,28/09/17,1978,-0.1540762,99,-0.999206834186354,0.0398208803931389,1266,"Kfar Shamai Far",45.37149
"562","T2","Kfar Shamai Far 5","Mediterranean Maquis","Galilee","Kfar Shamai","Far",35.45882,32.96422,28/09/17,1978,-0.1540762,99,-0.999206834186354,0.0398208803931389,1245.6,"Kfar Shamai Far",37.556591
"563","T2","Kfar Shamai Far 6","Mediterranean Maquis","Galilee","Kfar Shamai","Far",35.45853,32.96382,28/09/17,1978,-0.1540762,99,-0.999206834186354,0.0398208803931389,1205.8,"Kfar Shamai Far",16.267499
"564","T2","Kfar Shamai Far 7","Mediterranean Maquis","Galilee","Kfar Shamai","Far",35.46921,32.96712,28/09/17,1978,-0.1540762,99,-0.999206834186354,0.0398208803931389,1204.887455,"Kfar Shamai Far",873.094311
"565","T2","Kfar Shamai Far 8","Mediterranean Maquis","Galilee","Kfar Shamai","Far",35.4586,32.96372,28/09/17,1978,-0.1540762,99,-0.999206834186354,0.0398208803931389,1142.6,"Kfar Shamai Far",25.573772
"566","T2","Kfar Shamai Far 9","Mediterranean Maquis","Galilee","Kfar Shamai","Far",35.46807,32.9669,28/09/17,1978,-0.1540762,99,-0.999206834186354,0.0398208803931389,1102.295782,"Kfar Shamai Far",793.959929
"567","T2","Kfar Shamai Near 1","Mediterranean Maquis","Galilee","Kfar Shamai","Near",35.45995,32.96618,28/09/17,1978,-0.1540762,99,-0.999206834186354,0.0398208803931389,447.6181573,"Kfar Shamai Near",104.985742
"568","T2","Kfar Shamai Near 2","Mediterranean Maquis","Galilee","Kfar Shamai","Near",35.45975,32.96627,28/09/17,1978,-0.1540762,99,-0.999206834186354,0.0398208803931389,442.095313,"Kfar Shamai Near",84.190565
"569","T2","Kfar Shamai Near 3","Mediterranean Maquis","Galilee","Kfar Shamai","Near",35.45915,32.96587,28/09/17,1978,-0.1540762,99,-0.999206834186354,0.0398208803931389,371.8192656,"Kfar Shamai Near",47.279794
"570","T2","Kfar Shamai Near 5","Mediterranean Maquis","Galilee","Kfar Shamai","Near",35.45882,32.96422,28/09/17,1978,-0.1540762,99,-0.999206834186354,0.0398208803931389,228.123748,"Kfar Shamai Near",37.556591
"571","T2","Kfar Shamai Near 6","Mediterranean Maquis","Galilee","Kfar Shamai","Near",35.45853,32.96382,28/09/17,1978,-0.1540762,99,-0.999206834186354,0.0398208803931389,180.0472718,"Kfar Shamai Near",16.267499
"572","T2","Kfar Shamai Near 7","Mediterranean Maquis","Galilee","Kfar Shamai","Near",35.4586,32.96372,28/09/17,1978,-0.1540762,99,-0.999206834186354,0.0398208803931389,178.7798043,"Kfar Shamai Near",25.573772
"573","T2","Kfar Shamai Near 9","Mediterranean Maquis","Galilee","Kfar Shamai","Near",35.45905,32.96201,28/09/17,1978,-0.1540762,99,-0.999206834186354,0.0398208803931389,100.7455104,"Kfar Shamai Near",7.784837
"574","T2","Kisalon Far 3","Mediterranean Maquis","Judea","Kisalon","Far",35.03913,31.76824,21/06/17,1879,-0.2343656,0,0,1,805.3693552,"Kisalon Far",1382.73106
"575","T2","Kisalon Far 4","Mediterranean Maquis","Judea","Kisalon","Far",35.03883,31.76825,21/06/17,1879,-0.2343656,0,0,1,816.8256548,"Kisalon Far",1411.009484
"576","T2","Kisalon Near 1","Mediterranean Maquis","Judea","Kisalon","Near",35.05093,31.77494,21/06/17,1879,-0.2343656,0,0,1,0,"Kisalon Near",115.935025
"577","T2","Kisalon Near 4","Mediterranean Maquis","Judea","Kisalon","Near",35.05252,31.77468,21/06/17,1879,-0.2343656,0,0,1,50.59914553,"Kisalon Near",78.567514
"578","T2","Kisalon Near 5","Mediterranean Maquis","Judea","Kisalon","Near",35.05268,31.7744,21/06/17,1879,-0.2343656,0,0,1,32.30239639,"Kisalon Near",100.671565
"579","T2","Kisalon Near 8","Mediterranean Maquis","Judea","Kisalon","Near",35.05447,31.77464,21/06/17,1879,-0.2343656,0,0,1,144.7286981,"Kisalon Near",15.137888
"580","T2","Kisalon Near 9","Mediterranean Maquis","Judea","Kisalon","Near",35.05238,31.77443,21/06/17,1879,-0.2343656,0,0,1,20.06338514,"Kisalon Near",109.296917
"581","T2","Margaliot Far 1","Mediterranean Maquis","Galilee","Margaliot","Far",35.5445,33.20345,04/11/17,2015,-0.1240691,136,-0.790433206722889,-0.6125482394961,368.4330787,"Margaliot Far",136.399051
"582","T2","Margaliot Far 2","Mediterranean Maquis","Galilee","Margaliot","Far",35.54395,33.20402,04/11/17,2015,-0.1240691,136,-0.790433206722889,-0.6125482394961,426.9011315,"Margaliot Far",139.238473
"583","T2","Margaliot Far 3","Mediterranean Maquis","Galilee","Margaliot","Far",35.54393,33.20407,04/11/17,2015,-0.1240691,136,-0.790433206722889,-0.6125482394961,432.4111869,"Margaliot Far",141.976197
"584","T2","Margaliot Far 4","Mediterranean Maquis","Galilee","Margaliot","Far",35.54441,33.20412,04/11/17,2015,-0.1240691,136,-0.790433206722889,-0.6125482394961,440.9469031,"Margaliot Far",176.813016
"585","T2","Margaliot Far 5","Mediterranean Maquis","Galilee","Margaliot","Far",35.5442,33.20427,04/11/17,2015,-0.1240691,136,-0.790433206722889,-0.6125482394961,455.6730128,"Margaliot Far",174.648286
"586","T2","Margaliot Far 6","Mediterranean Maquis","Galilee","Margaliot","Far",35.54428,33.20454,04/11/17,2015,-0.1240691,136,-0.790433206722889,-0.6125482394961,486.0992247,"Margaliot Far",175.463869
"587","T2","Margaliot Far 7","Mediterranean Maquis","Galilee","Margaliot","Far",35.54407,33.20493,04/11/17,2015,-0.1240691,136,-0.790433206722889,-0.6125482394961,528.1161757,"Margaliot Far",172.862427
"588","T2","Margaliot Far 8","Mediterranean Maquis","Galilee","Margaliot","Far",35.5434,33.20515,04/11/17,2015,-0.1240691,136,-0.790433206722889,-0.6125482394961,553.7629505,"Margaliot Far",131.905218
"589","T2","Margaliot Far 9","Mediterranean Maquis","Galilee","Margaliot","Far",35.54328,33.20583,04/11/17,2015,-0.1240691,136,-0.790433206722889,-0.6125482394961,607.5723972,"Margaliot Far",95.363554
"590","T2","Margaliot Near 2","Mediterranean Maquis","Galilee","Margaliot","Near",35.54083,33.21522,04/11/17,2015,-0.1240691,136,-0.790433206722889,-0.6125482394961,138.4418588,"Margaliot Near",97.95034
"591","T2","Margaliot Near 3","Mediterranean Maquis","Galilee","Margaliot","Near",35.54133,33.21505,04/11/17,2015,-0.1240691,136,-0.790433206722889,-0.6125482394961,110.9598694,"Margaliot Near",134.624467
"592","T2","Margaliot Near 5","Mediterranean Maquis","Galilee","Margaliot","Near",35.54188,33.21406,04/11/17,2015,-0.1240691,136,-0.790433206722889,-0.6125482394961,131.3664094,"Margaliot Near",102.169361
"593","T2","Margaliot Near 6","Mediterranean Maquis","Galilee","Margaliot","Near",35.54123,33.21294,04/11/17,2015,-0.1240691,136,-0.790433206722889,-0.6125482394961,208.8501153,"Margaliot Near",50.200483
"594","T2","Margaliot Near 7","Mediterranean Maquis","Galilee","Margaliot","Near",35.54124,33.21266,04/11/17,2015,-0.1240691,136,-0.790433206722889,-0.6125482394961,214.5892436,"Margaliot Near",36.016053
"595","T2","Margaliot Near 8","Mediterranean Maquis","Galilee","Margaliot","Near",35.54079,33.21268,04/11/17,2015,-0.1240691,136,-0.790433206722889,-0.6125482394961,255.0703722,"Margaliot Near",78.018166
"596","T2","Margaliot Near 9","Mediterranean Maquis","Galilee","Margaliot","Near",35.54105,33.21188,04/11/17,2015,-0.1240691,136,-0.790433206722889,-0.6125482394961,264.2365814,"Margaliot Near",81.227806
"597","T2","Nehusha Far 1","Mediterranean Maquis","Judea","Nehusha","Far",34.9449,31.6388,05/09/17,1955,-0.1727293,76,0.56610763689818,0.824331331107558,871.5361015,"Nehusha Far",425.359403
"598","T2","Nehusha Far 2","Mediterranean Maquis","Judea","Nehusha","Far",34.9452,31.6382,05/09/17,1955,-0.1727293,76,0.56610763689818,0.824331331107558,806.2985251,"Nehusha Far",439.780553
"599","T2","Nehusha Far 5","Mediterranean Maquis","Judea","Nehusha","Far",34.9461,31.6369,05/09/17,1955,-0.1727293,76,0.56610763689818,0.824331331107558,649.2575579,"Nehusha Far",422.524602
"600","T2","Nehusha Far 6","Mediterranean Maquis","Judea","Nehusha","Far",34.9462,31.6375,05/09/17,1955,-0.1727293,76,0.56610763689818,0.824331331107558,683.744292,"Nehusha Far",382.941476
"601","T2","Nehusha Far 7","Mediterranean Maquis","Judea","Nehusha","Far",34.94687,31.63762,05/09/17,1955,-0.1727293,76,0.56610763689818,0.824331331107558,645.8796861,"Nehusha Far",319.760134
"602","T2","Nehusha Far 8","Mediterranean Maquis","Judea","Nehusha","Far",34.9479,31.6375,05/09/17,1955,-0.1727293,76,0.56610763689818,0.824331331107558,570.2924144,"Nehusha Far",244.129801
"603","T2","Nehusha Near 1","Mediterranean Maquis","Judea","Nehusha","Near",34.95151,31.63589,05/09/17,1955,-0.1727293,76,0.56610763689818,0.824331331107558,264.0230982,"Nehusha Near",80.49336
"604","T2","Nehusha Near 4","Mediterranean Maquis","Judea","Nehusha","Near",34.95236,31.63576,05/09/17,1955,-0.1727293,76,0.56610763689818,0.824331331107558,253.1827619,"Nehusha Near",19.636643
"605","T2","Nehusha Near 7","Mediterranean Maquis","Judea","Nehusha","Near",34.95385,31.63519,05/09/17,1955,-0.1727293,76,0.56610763689818,0.824331331107558,205.346462,"Nehusha Near",45.799263
"606","T2","Nehusha Near 8","Mediterranean Maquis","Judea","Nehusha","Near",34.95403,31.63488,05/09/17,1955,-0.1727293,76,0.56610763689818,0.824331331107558,175.1662529,"Nehusha Near",48.068444
"607","T2","Nehusha Near 9","Mediterranean Maquis","Judea","Nehusha","Near",34.95439,31.63453,05/09/17,1955,-0.1727293,76,0.56610763689818,0.824331331107558,144.1176069,"Nehusha Near",52.403513
"608","T2","Nir Etzion Far 3","Mediterranean Maquis","Carmel","Nir Etzion","Far",35.00672,32.69824,16/06/17,1874,-0.2384206,-5,0.958924274663138,0.283662185463226,814.0554843,"Nir Etzion Far",495.282738
"609","T2","Nir Etzion Far 5","Mediterranean Maquis","Carmel","Nir Etzion","Far",35.00852,32.69747,16/06/17,1874,-0.2384206,-5,0.958924274663138,0.283662185463226,870.0686362,"Nir Etzion Far",313.065108
"610","T2","Nir Etzion Far 6","Mediterranean Maquis","Carmel","Nir Etzion","Far",35.00771,32.6981,16/06/17,1874,-0.2384206,-5,0.958924274663138,0.283662185463226,866.7060669,"Nir Etzion Far",416.085852
"611","T2","Nir Etzion Far 7","Mediterranean Maquis","Carmel","Nir Etzion","Far",35.00921,32.69676,16/06/17,1874,-0.2384206,-5,0.958924274663138,0.283662185463226,863.5836702,"Nir Etzion Far",211.530275
"612","T2","Nir Etzion Far 8","Mediterranean Maquis","Carmel","Nir Etzion","Far",35.00986,32.6968,16/06/17,1874,-0.2384206,-5,0.958924274663138,0.283662185463226,913.9691184,"Nir Etzion Far",176.992337
"613","T2","Nir Etzion Far 9","Mediterranean Maquis","Carmel","Nir Etzion","Far",35.01053,32.69668,16/06/17,1874,-0.2384206,-5,0.958924274663138,0.283662185463226,956.9341356,"Nir Etzion Far",132.4523
"614","T2","Nir Etzion Near 1","Mediterranean Maquis","Carmel","Nir Etzion","Near",34.99299,32.70119,16/06/17,1874,-0.2384206,-5,0.958924274663138,0.283662185463226,27.36911387,"Nir Etzion Near",751.251937
"615","T2","Nir Etzion Near 3","Mediterranean Maquis","Carmel","Nir Etzion","Near",34.99424,32.7008,16/06/17,1874,-0.2384206,-5,0.958924274663138,0.283662185463226,53.46230432,"Nir Etzion Near",803.470653
"616","T2","Nir Etzion Near 5","Mediterranean Maquis","Carmel","Nir Etzion","Near",34.99519,32.70024,16/06/17,1874,-0.2384206,-5,0.958924274663138,0.283662185463226,4.050987375,"Nir Etzion Near",836.751565
"617","T2","Nir Etzion Near 6","Mediterranean Maquis","Carmel","Nir Etzion","Near",34.99636,32.69998,16/06/17,1874,-0.2384206,-5,0.958924274663138,0.283662185463226,23.65089861,"Nir Etzion Near",915.977264
"618","T2","Nir Etzion Near 8","Mediterranean Maquis","Carmel","Nir Etzion","Near",34.9972,32.69961,16/06/17,1874,-0.2384206,-5,0.958924274663138,0.283662185463226,46.2045085,"Nir Etzion Near",968.573801
"619","T2","Nir Etzion Near 9","Mediterranean Maquis","Carmel","Nir Etzion","Near",34.9976,32.69948,16/06/17,1874,-0.2384206,-5,0.958924274663138,0.283662185463226,78.12371012,"Nir Etzion Near",997.369852
"620","T2","Ofer Far 1","Mediterranean Maquis","Carmel","Ofer","Far",34.9904,32.61497,13/05/17,1840,-0.2659948,-39,-0.963795386284088,0.266642932359937,594.4911702,"Ofer Far",4.603512
"621","T2","Ofer Far 3","Mediterranean Maquis","Carmel","Ofer","Far",34.99153,32.61539,13/05/17,1840,-0.2659948,-39,-0.963795386284088,0.266642932359937,657.249819,"Ofer Far",37.482061
"622","T2","Ofer Far 4","Mediterranean Maquis","Carmel","Ofer","Far",34.9925,32.61554,13/05/17,1840,-0.2659948,-39,-0.963795386284088,0.266642932359937,731.0495963,"Ofer Far",48.431185
"623","T2","Ofer Far 5","Mediterranean Maquis","Carmel","Ofer","Far",34.99287,32.61567,13/05/17,1840,-0.2659948,-39,-0.963795386284088,0.266642932359937,757.1650023,"Ofer Far",43.031981
"624","T2","Ofer Far 7","Mediterranean Maquis","Carmel","Ofer","Far",34.99385,32.61548,13/05/17,1840,-0.2659948,-39,-0.963795386284088,0.266642932359937,850.3684816,"Ofer Far",30.135552
"625","T2","Ofer Near 1","Mediterranean Maquis","Carmel","Ofer","Near",34.9825,32.61693,13/05/17,1840,-0.2659948,-39,-0.963795386284088,0.266642932359937,76.78622714,"Ofer Near",154.699388
"626","T2","Ofer Near 2","Mediterranean Maquis","Carmel","Ofer","Near",34.98277,32.61699,13/05/17,1840,-0.2659948,-39,-0.963795386284088,0.266642932359937,65.35514283,"Ofer Near",134.857982
"627","T2","Ofer Near 3","Mediterranean Maquis","Carmel","Ofer","Near",34.98334,32.61713,13/05/17,1840,-0.2659948,-39,-0.963795386284088,0.266642932359937,64.79150699,"Ofer Near",99.667351
"628","T2","Ofer Near 5","Mediterranean Maquis","Carmel","Ofer","Near",34.9853,32.61723,13/05/17,1840,-0.2659948,-39,-0.963795386284088,0.266642932359937,83.34513102,"Ofer Near",121.12436
"629","T2","Ofer Near 6","Mediterranean Maquis","Carmel","Ofer","Near",34.98543,32.6177,13/05/17,1840,-0.2659948,-39,-0.963795386284088,0.266642932359937,63.78070149,"Ofer Near",98.210837
"630","T2","Ofer Near 7","Mediterranean Maquis","Carmel","Ofer","Near",34.98595,32.61812,13/05/17,1840,-0.2659948,-39,-0.963795386284088,0.266642932359937,53.26105883,"Ofer Near",67.258485
"631","T2","Ofer Near 8","Mediterranean Maquis","Carmel","Ofer","Near",34.98629,32.61793,13/05/17,1840,-0.2659948,-39,-0.963795386284088,0.266642932359937,90.77717621,"Ofer Near",97.574618
"632","T2","Ofer Near 9","Mediterranean Maquis","Carmel","Ofer","Near",34.98662,32.61819,13/05/17,1840,-0.2659948,-39,-0.963795386284088,0.266642932359937,113.6858973,"Ofer Near",83.076019
"633","T2","Yagur Far 1","Mediterranean Maquis","Carmel","Yagur","Far",35.05408,32.75573,28/08/17,1947,-0.1792173,68,-0.897927680689291,0.440143022496041,589.7795651,"Yagur Far",528.52176
"634","T2","Yagur Far 2","Mediterranean Maquis","Carmel","Yagur","Far",35.05366,32.75572,28/08/17,1947,-0.1792173,68,-0.897927680689291,0.440143022496041,560.3077766,"Yagur Far",567.786987
"635","T2","Yagur Far 5","Mediterranean Maquis","Carmel","Yagur","Far",35.05341,32.75482,28/08/17,1947,-0.1792173,68,-0.897927680689291,0.440143022496041,615.183146,"Yagur Far",608.83619
"636","T2","Yagur Far 7","Mediterranean Maquis","Carmel","Yagur","Far",35.05454,32.75452,28/08/17,1947,-0.1792173,68,-0.897927680689291,0.440143022496041,711.5174152,"Yagur Far",518.462473
"637","T2","Yagur Far 8","Mediterranean Maquis","Carmel","Yagur","Far",35.05488,32.7542,28/08/17,1947,-0.1792173,68,-0.897927680689291,0.440143022496041,759.1421333,"Yagur Far",503.78669
"638","T2","Yagur Far 9","Mediterranean Maquis","Carmel","Yagur","Far",35.05563,32.75388,28/08/17,1947,-0.1792173,68,-0.897927680689291,0.440143022496041,834.2483794,"Yagur Far",461.009921
"639","T2","Yagur Near 1","Mediterranean Maquis","Carmel","Yagur","Near",35.07487,32.73893,28/08/17,1947,-0.1792173,68,-0.897927680689291,0.440143022496041,49.7810274,"Yagur Near",655.333502
"640","T2","Yagur Near 2","Mediterranean Maquis","Carmel","Yagur","Near",35.07557,32.73882,28/08/17,1947,-0.1792173,68,-0.897927680689291,0.440143022496041,55.70977252,"Yagur Near",597.686676
"641","T2","Yagur Near 3","Mediterranean Maquis","Carmel","Yagur","Near",35.07627,32.7389,28/08/17,1947,-0.1792173,68,-0.897927680689291,0.440143022496041,40.81301333,"Yagur Near",557.49899
"642","T2","Yagur Near 4","Mediterranean Maquis","Carmel","Yagur","Near",35.0769,32.73831,28/08/17,1947,-0.1792173,68,-0.897927680689291,0.440143022496041,76.61800556,"Yagur Near",469.36387
"643","T2","Yagur Near 6","Mediterranean Maquis","Carmel","Yagur","Near",35.07715,32.73736,28/08/17,1947,-0.1792173,68,-0.897927680689291,0.440143022496041,158.7628538,"Yagur Near",379.680145
"644","T2","Yagur Near 7","Mediterranean Maquis","Carmel","Yagur","Near",35.07451,32.7387,28/08/17,1947,-0.1792173,68,-0.897927680689291,0.440143022496041,85.69302876,"Yagur Near",666.571581
"645","T2","Yagur Near 8","Mediterranean Maquis","Carmel","Yagur","Near",35.0789,32.73779,28/08/17,1947,-0.1792173,68,-0.897927680689291,0.440143022496041,16.92224338,"Yagur Near",316.028692
"646","T3","Aderet Far 2","Mediterranean Maquis","Judea","Aderet","Far",34.98074703,31.66564194,29/09/19,2709, 0.4387678,100,-0.506365641109759,0.862318872287684,1108.321185,"Aderet Far",780.27401
"647","T3","Aderet Far 4","Mediterranean Maquis","Judea","Aderet","Far",34.98142865,31.6661165,29/09/19,2709, 0.4387678,100,-0.506365641109759,0.862318872287684,1062.816772,"Aderet Far",863.561429
"648","T3","Aderet Far 5","Mediterranean Maquis","Judea","Aderet","Far",34.98054419,31.6652236,29/09/19,2709, 0.4387678,100,-0.506365641109759,0.862318872287684,1115.195279,"Aderet Far",739.203982
"649","T3","Aderet Far 6","Mediterranean Maquis","Judea","Aderet","Far",34.98073328,31.66452417,29/09/19,2709, 0.4387678,100,-0.506365641109759,0.862318872287684,1082.159621,"Aderet Far",718.555497
"650","T3","Aderet Far 7","Mediterranean Maquis","Judea","Aderet","Far",34.98098943,31.66428161,29/09/19,2709, 0.4387678,100,-0.506365641109759,0.862318872287684,1053.962552,"Aderet Far",730.14469
"651","T3","Aderet Far 8","Mediterranean Maquis","Judea","Aderet","Far",34.98128649,31.66379991,29/09/19,2709, 0.4387678,100,-0.506365641109759,0.862318872287684,1019.475583,"Aderet Far",701.108715
"652","T3","Aderet Far 9","Mediterranean Maquis","Judea","Aderet","Far",34.98201102,31.66318037,29/09/19,2709, 0.4387678,100,-0.506365641109759,0.862318872287684,935.1487605,"Aderet Far",622.481412
"653","T3","Aderet Near 1","Mediterranean Maquis","Judea","Aderet","Near",34.98868503,31.66191561,29/09/19,2709, 0.4387678,100,-0.506365641109759,0.862318872287684,329.6312311,"Aderet Near",591.607063
"654","T3","Aderet Near 2","Mediterranean Maquis","Judea","Aderet","Near",34.98882953,31.66106091,29/09/19,2709, 0.4387678,100,-0.506365641109759,0.862318872287684,272.3593327,"Aderet Near",518.652669
"655","T3","Aderet Near 3","Mediterranean Maquis","Judea","Aderet","Near",34.98916313,31.66053981,29/09/19,2709, 0.4387678,100,-0.506365641109759,0.862318872287684,208.3907426,"Aderet Near",486.36916
"656","T3","Aderet Near 4","Mediterranean Maquis","Judea","Aderet","Near",34.98949338,31.66023959,29/09/19,2709, 0.4387678,100,-0.506365641109759,0.862318872287684,162.6984617,"Aderet Near",476.719492
"657","T3","Aderet Near 5","Mediterranean Maquis","Judea","Aderet","Near",34.98874135,31.65940514,29/09/19,2709, 0.4387678,100,-0.506365641109759,0.862318872287684,187.5503856,"Aderet Near",360.292077
"658","T3","Aderet Near 6","Mediterranean Maquis","Judea","Aderet","Near",34.98958826,31.65960976,29/09/19,2709, 0.4387678,100,-0.506365641109759,0.862318872287684,115.1763348,"Aderet Near",429.371331
"659","T3","Aderet Near 7","Mediterranean Maquis","Judea","Aderet","Near",34.9894565,31.66325828,29/09/19,2709, 0.4387678,100,-0.506365641109759,0.862318872287684,243.0597899,"Aderet Near",551.555745
"660","T3","Aderet Near 9","Mediterranean Maquis","Judea","Aderet","Near",34.98873297,31.66252459,29/09/19,2709, 0.4387678,100,-0.506365641109759,0.862318872287684,311.08647,"Aderet Near",623.362145
"661","T3","Beit Oren Far 1","Mediterranean Maquis","Carmel","Beit Oren","Far",35.0081577,32.72598763,05/11/19,2746, 0.4687749,137,-0.942514454558251,0.334165382630761,427.7820632,"Beit Oren Far",551.555522
"662","T3","Beit Oren Far 2","Mediterranean Maquis","Carmel","Beit Oren","Far",35.00716746,32.72617094,05/11/19,2746, 0.4687749,137,-0.942514454558251,0.334165382630761,397.1993557,"Beit Oren Far",556.824618
"663","T3","Beit Oren Far 3","Mediterranean Maquis","Carmel","Beit Oren","Far",35.00664108,32.72580649,05/11/19,2746, 0.4687749,137,-0.942514454558251,0.334165382630761,430.2537917,"Beit Oren Far",609.647361
"664","T3","Beit Oren Far 4","Mediterranean Maquis","Carmel","Beit Oren","Far",35.00615861,32.72528441,05/11/19,2746, 0.4687749,137,-0.942514454558251,0.334165382630761,479.5117967,"Beit Oren Far",680.197125
"665","T3","Beit Oren Far 5","Mediterranean Maquis","Carmel","Beit Oren","Far",35.00520844,32.72528892,05/11/19,2746, 0.4687749,137,-0.942514454558251,0.334165382630761,465.5291375,"Beit Oren Far",715.424926
"666","T3","Beit Oren Far 6","Mediterranean Maquis","Carmel","Beit Oren","Far",35.00456337,32.72562118,05/11/19,2746, 0.4687749,137,-0.942514454558251,0.334165382630761,427.5648592,"Beit Oren Far",676.842648
"667","T3","Beit Oren Far 8","Mediterranean Maquis","Carmel","Beit Oren","Far",35.00292923,32.7252232,05/11/19,2746, 0.4687749,137,-0.942514454558251,0.334165382630761,493.9755971,"Beit Oren Far",722.296202
"668","T3","Beit Oren Far 9","Mediterranean Maquis","Carmel","Beit Oren","Far",35.00203002,32.72541302,05/11/19,2746, 0.4687749,137,-0.942514454558251,0.334165382630761,464.2485808,"Beit Oren Far",707.696852
"669","T3","Beit Oren Near 2","Mediterranean Maquis","Carmel","Beit Oren","Near",35.00183892,32.73441812,05/11/19,2746, 0.4687749,137,-0.942514454558251,0.334165382630761,27.91420947,"Beit Oren Near",233.345152
"670","T3","Beit Oren Near 4","Mediterranean Maquis","Carmel","Beit Oren","Near",35.0020498,32.73452839,05/11/19,2746, 0.4687749,137,-0.942514454558251,0.334165382630761,6.764731165,"Beit Oren Near",245.597349
"671","T3","Beit Oren Near 5","Mediterranean Maquis","Carmel","Beit Oren","Near",35.00228114,32.73337996,05/11/19,2746, 0.4687749,137,-0.942514454558251,0.334165382630761,100.6141629,"Beit Oren Near",121.206981
"672","T3","Beit Oren Near 6","Mediterranean Maquis","Carmel","Beit Oren","Near",35.00317365,32.73320708,05/11/19,2746, 0.4687749,137,-0.942514454558251,0.334165382630761,67.80159728,"Beit Oren Near",114.66614
"673","T3","Beit Oren Near 8","Mediterranean Maquis","Carmel","Beit Oren","Near",35.00413857,32.73308552,05/11/19,2746, 0.4687749,137,-0.942514454558251,0.334165382630761,24.51269737,"Beit Oren Near",86.753997
"674","T3","Beit Oren Near 9","Mediterranean Maquis","Carmel","Beit Oren","Near",35.00421602,32.73291038,05/11/19,2746, 0.4687749,137,-0.942514454558251,0.334165382630761,34.39430785,"Beit Oren Near",65.867376
"675","T3","Ein Yaakov Far 1","Mediterranean Maquis","Galilee","Ein Yaakov","Far",35.22731815,33.00373802,06/02/20,2839, 0.5441983,-136,0.790433206722889,-0.6125482394961,306.6858495,"Ein Yaakov Far",345.222493
"676","T3","Ein Yaakov Far 2","Mediterranean Maquis","Galilee","Ein Yaakov","Far",35.22761084,33.00325862,06/02/20,2839, 0.5441983,-136,0.790433206722889,-0.6125482394961,361.5205627,"Ein Yaakov Far",399.809492
"677","T3","Ein Yaakov Far 4","Mediterranean Maquis","Galilee","Ein Yaakov","Far",35.22836722,33.00273085,06/02/20,2839, 0.5441983,-136,0.790433206722889,-0.6125482394961,424.527613,"Ein Yaakov Far",491.735898
"678","T3","Ein Yaakov Far 5","Mediterranean Maquis","Galilee","Ein Yaakov","Far",35.22906795,33.00280395,06/02/20,2839, 0.5441983,-136,0.790433206722889,-0.6125482394961,420.6978639,"Ein Yaakov Far",538.828188
"679","T3","Ein Yaakov Far 6","Mediterranean Maquis","Galilee","Ein Yaakov","Far",35.22961378,33.00281436,06/02/20,2839, 0.5441983,-136,0.790433206722889,-0.6125482394961,422.8639489,"Ein Yaakov Far",580.6837
"680","T3","Ein Yaakov Far 7","Mediterranean Maquis","Galilee","Ein Yaakov","Far",35.23029506,33.00278849,06/02/20,2839, 0.5441983,-136,0.790433206722889,-0.6125482394961,434.4185825,"Ein Yaakov Far",636.564059
"681","T3","Ein Yaakov Far 8","Mediterranean Maquis","Galilee","Ein Yaakov","Far",35.23064811,33.00288437,06/02/20,2839, 0.5441983,-136,0.790433206722889,-0.6125482394961,432.2723499,"Ein Yaakov Far",660.925409
"682","T3","Ein Yaakov Far 9","Mediterranean Maquis","Galilee","Ein Yaakov","Far",35.23121573,33.0029333,06/02/20,2839, 0.5441983,-136,0.790433206722889,-0.6125482394961,445.3220226,"Ein Yaakov Far",706.205909
"683","T3","Ein Yaakov Near 1","Mediterranean Maquis","Galilee","Ein Yaakov","Near",35.22520356,33.005499,06/02/20,2839, 0.5441983,-136,0.790433206722889,-0.6125482394961,151.3983525,"Ein Yaakov Near",79.619844
"684","T3","Ein Yaakov Near 2","Mediterranean Maquis","Galilee","Ein Yaakov","Near",35.2260907,33.00550828,06/02/20,2839, 0.5441983,-136,0.790433206722889,-0.6125482394961,108.0989576,"Ein Yaakov Near",153.201136
"685","T3","Ein Yaakov Near 3","Mediterranean Maquis","Galilee","Ein Yaakov","Near",35.22622112,33.00567192,06/02/20,2839, 0.5441983,-136,0.790433206722889,-0.6125482394961,87.95496574,"Ein Yaakov Near",160.525944
"686","T3","Ein Yaakov Near 4","Mediterranean Maquis","Galilee","Ein Yaakov","Near",35.22674181,33.00564886,06/02/20,2839, 0.5441983,-136,0.790433206722889,-0.6125482394961,91.70945981,"Ein Yaakov Near",208.840241
"687","T3","Ein Yaakov Near 5","Mediterranean Maquis","Galilee","Ein Yaakov","Near",35.22719074,33.00564858,06/02/20,2839, 0.5441983,-136,0.790433206722889,-0.6125482394961,94.4703915,"Ein Yaakov Near",250.361755
"688","T3","Ein Yaakov Near 6","Mediterranean Maquis","Galilee","Ein Yaakov","Near",35.22741839,33.00580435,06/02/20,2839, 0.5441983,-136,0.790433206722889,-0.6125482394961,78.61567254,"Ein Yaakov Near",269.971588
"689","T3","Ein Yaakov Near 7","Mediterranean Maquis","Galilee","Ein Yaakov","Near",35.22787336,33.00584427,06/02/20,2839, 0.5441983,-136,0.790433206722889,-0.6125482394961,76.96413981,"Ein Yaakov Near",312.226764
"690","T3","Ein Yaakov Near 8","Mediterranean Maquis","Galilee","Ein Yaakov","Near",35.22842322,33.00578045,06/02/20,2839, 0.5441983,-136,0.790433206722889,-0.6125482394961,87.37019197,"Ein Yaakov Near",348.515857
"691","T3","Ein Yaakov Near 9","Mediterranean Maquis","Galilee","Ein Yaakov","Near",35.22879705,33.00580828,06/02/20,2839, 0.5441983,-136,0.790433206722889,-0.6125482394961,86.56297194,"Ein Yaakov Near",356.17207
"692","T3","Givat Yearim Far 1","Mediterranean Maquis","Judea","Givat Yearim","Far",35.09059221,31.77560842,15/09/19,2695, 0.4274137,86,-0.92345844700406,-0.383698444949742,479.9898444,"Givat Yearim Far",503.847406
"693","T3","Givat Yearim Far 2","Mediterranean Maquis","Judea","Givat Yearim","Far",35.09177238,31.77558477,15/09/19,2695, 0.4274137,86,-0.92345844700406,-0.383698444949742,409.6784601,"Givat Yearim Far",413.296478
"694","T3","Givat Yearim Far 4","Mediterranean Maquis","Judea","Givat Yearim","Far",35.09359092,31.77459031,15/09/19,2695, 0.4274137,86,-0.92345844700406,-0.383698444949742,397.0981156,"Givat Yearim Far",390.14847
"695","T3","Givat Yearim Far 5","Mediterranean Maquis","Judea","Givat Yearim","Far",35.09239197,31.77499676,15/09/19,2695, 0.4274137,86,-0.92345844700406,-0.383698444949742,415.6107264,"Givat Yearim Far",416.652212
"696","T3","Givat Yearim Far 6","Mediterranean Maquis","Judea","Givat Yearim","Far",35.09298876,31.77341343,15/09/19,2695, 0.4274137,86,-0.92345844700406,-0.383698444949742,539.4577913,"Givat Yearim Far",532.500911
"697","T3","Givat Yearim Far 7","Mediterranean Maquis","Judea","Givat Yearim","Far",35.0934682,31.77366853,15/09/19,2695, 0.4274137,86,-0.92345844700406,-0.383698444949742,497.0905373,"Givat Yearim Far",486.177374
"698","T3","Givat Yearim Far 8","Mediterranean Maquis","Judea","Givat Yearim","Far",35.09081047,31.77586608,15/09/19,2695, 0.4274137,86,-0.92345844700406,-0.383698444949742,444.7645132,"Givat Yearim Far",471.669685
"699","T3","Givat Yearim Far 9","Mediterranean Maquis","Judea","Givat Yearim","Far",35.08997563,31.77564035,15/09/19,2695, 0.4274137,86,-0.92345844700406,-0.383698444949742,515.8290148,"Givat Yearim Far",553.533703
"700","T3","Givat Yearim Near 1","Mediterranean Maquis","Judea","Givat Yearim","Near",35.09519689,31.78676729,16/09/19,2696, 0.4282247,87,-0.821817836630823,0.569750334265312,82.21239266,"Givat Yearim Near",385.124909
"701","T3","Givat Yearim Near 2","Mediterranean Maquis","Judea","Givat Yearim","Near",35.09369452,31.78708762,16/09/19,2696, 0.4282247,87,-0.821817836630823,0.569750334265312,75.08894882,"Givat Yearim Near",408.767046
"702","T3","Givat Yearim Near 3","Mediterranean Maquis","Judea","Givat Yearim","Near",35.09612761,31.786321,16/09/19,2696, 0.4282247,87,-0.821817836630823,0.569750334265312,60.31768191,"Givat Yearim Near",293.526559
"703","T3","Givat Yearim Near 4","Mediterranean Maquis","Judea","Givat Yearim","Near",35.09525556,31.78662138,16/09/19,2696, 0.4282247,87,-0.821817836630823,0.569750334265312,68.33010662,"Givat Yearim Near",368.714516
"704","T3","Givat Yearim Near 6","Mediterranean Maquis","Judea","Givat Yearim","Near",35.09673949,31.7864367,16/09/19,2696, 0.4282247,87,-0.821817836630823,0.569750334265312,89.35025425,"Givat Yearim Near",280.546498
"705","T3","Givat Yearim Near 9","Mediterranean Maquis","Judea","Givat Yearim","Near",35.0946524,31.7866607,16/09/19,2696, 0.4282247,87,-0.821817836630823,0.569750334265312,55.9924242,"Givat Yearim Near",397.319633
"706","T3","Givat Yeshayahu Far 1","Mediterranean Maquis","Judea","Givat Yeshayahu","Far",34.9583048,31.6605925,03/09/19,2683, 0.4176817,74,-0.985146260468247,0.171717341830778,526.1824529,"Givat Yeshayahu Far",143.533227
"707","T3","Givat Yeshayahu Far 3","Mediterranean Maquis","Judea","Givat Yeshayahu","Far",34.95698232,31.66077154,03/09/19,2683, 0.4176817,74,-0.985146260468247,0.171717341830778,525.7844115,"Givat Yeshayahu Far",213.108396
"708","T3","Givat Yeshayahu Far 4","Mediterranean Maquis","Judea","Givat Yeshayahu","Far",34.956581,31.66123984,03/09/19,2683, 0.4176817,74,-0.985146260468247,0.171717341830778,488.7777412,"Givat Yeshayahu Far",277.524128
"709","T3","Givat Yeshayahu Far 5","Mediterranean Maquis","Judea","Givat Yeshayahu","Far",34.95617732,31.66180859,03/09/19,2683, 0.4176817,74,-0.985146260468247,0.171717341830778,448.2302162,"Givat Yeshayahu Far",334.352769
"710","T3","Givat Yeshayahu Far 6","Mediterranean Maquis","Judea","Givat Yeshayahu","Far",34.95604187,31.6620777,03/09/19,2683, 0.4176817,74,-0.985146260468247,0.171717341830778,429.2501468,"Givat Yeshayahu Far",358.362691
"711","T3","Givat Yeshayahu Far 7","Mediterranean Maquis","Judea","Givat Yeshayahu","Far",34.95618034,31.6624815,03/09/19,2683, 0.4176817,74,-0.985146260468247,0.171717341830778,384.7023215,"Givat Yeshayahu Far",404.6128
"712","T3","Givat Yeshayahu Far 9","Mediterranean Maquis","Judea","Givat Yeshayahu","Far",34.95888837,31.66037914,03/09/19,2683, 0.4176817,74,-0.985146260468247,0.171717341830778,550.8716832,"Givat Yeshayahu Far",127.41133
"713","T3","Givat Yeshayahu Near 2","Mediterranean Maquis","Judea","Givat Yeshayahu","Near",34.95102346,31.67218364,03/09/19,2683, 0.4176817,74,-0.985146260468247,0.171717341830778,106.5285694,"Givat Yeshayahu Near",84.13831
"714","T3","Givat Yeshayahu Near 3","Mediterranean Maquis","Judea","Givat Yeshayahu","Near",34.95151531,31.67223757,03/09/19,2683, 0.4176817,74,-0.985146260468247,0.171717341830778,138.5923716,"Givat Yeshayahu Near",107.881057
"715","T3","Givat Yeshayahu Near 4","Mediterranean Maquis","Judea","Givat Yeshayahu","Near",34.95195284,31.67198904,03/09/19,2683, 0.4176817,74,-0.985146260468247,0.171717341830778,149.30383,"Givat Yeshayahu Near",157.57342
"716","T3","Givat Yeshayahu Near 5","Mediterranean Maquis","Judea","Givat Yeshayahu","Near",34.9522215,31.6717151,03/09/19,2683, 0.4176817,74,-0.985146260468247,0.171717341830778,149.5018402,"Givat Yeshayahu Near",196.247908
"717","T3","Givat Yeshayahu Near 6","Mediterranean Maquis","Judea","Givat Yeshayahu","Near",34.9533372,31.67112473,03/09/19,2683, 0.4176817,74,-0.985146260468247,0.171717341830778,159.2079015,"Givat Yeshayahu Near",320.448069
"718","T3","Givat Yeshayahu Near 7","Mediterranean Maquis","Judea","Givat Yeshayahu","Near",34.953614,31.6709883,03/09/19,2683, 0.4176817,74,-0.985146260468247,0.171717341830778,154.2068818,"Givat Yeshayahu Near",350.100913
"719","T3","Givat Yeshayahu Near 8","Mediterranean Maquis","Judea","Givat Yeshayahu","Near",34.95020539,31.67281995,03/09/19,2683, 0.4176817,74,-0.985146260468247,0.171717341830778,103.8470334,"Givat Yeshayahu Near",20.179297
"720","T3","Givat Yeshayahu Near 9","Mediterranean Maquis","Judea","Givat Yeshayahu","Near",34.95261401,31.67153249,03/09/19,2683, 0.4176817,74,-0.985146260468247,0.171717341830778,165.204888,"Givat Yeshayahu Near",238.389788
"721","T3","Goren Far 1","Mediterranean Maquis","Galilee","Goren","Far",35.25366582,33.04702177,14/01/20,2816, 0.5255452,-159,-0.939519731713148,-0.342494779115907,1115.932576,"Goren Far",76.765941
"722","T3","Goren Far 2","Mediterranean Maquis","Galilee","Goren","Far",35.25400411,33.04751977,14/01/20,2816, 0.5255452,-159,-0.939519731713148,-0.342494779115907,1160.153133,"Goren Far",87.9777
"723","T3","Goren Far 3","Mediterranean Maquis","Galilee","Goren","Far",35.25420226,33.04804755,14/01/20,2816, 0.5255452,-159,-0.939519731713148,-0.342494779115907,1108.21917,"Goren Far",116.868378
"724","T3","Goren Far 4","Mediterranean Maquis","Galilee","Goren","Far",35.25515411,33.0486231,14/01/20,2816, 0.5255452,-159,-0.939519731713148,-0.342494779115907,1068.996828,"Goren Far",192.460461
"725","T3","Goren Far 5","Mediterranean Maquis","Galilee","Goren","Far",35.25555074,33.04923013,14/01/20,2816, 0.5255452,-159,-0.939519731713148,-0.342494779115907,1013.631618,"Goren Far",115.556408
"726","T3","Goren Far 6","Mediterranean Maquis","Galilee","Goren","Far",35.25574319,33.04983068,14/01/20,2816, 0.5255452,-159,-0.939519731713148,-0.342494779115907,955.382478,"Goren Far",48.0601
"727","T3","Goren Far 7","Mediterranean Maquis","Galilee","Goren","Far",35.25491472,33.05095338,14/01/20,2816, 0.5255452,-159,-0.939519731713148,-0.342494779115907,813.5349822,"Goren Far",85.467427
"728","T3","Goren Far 8","Mediterranean Maquis","Galilee","Goren","Far",35.25497574,33.05392235,14/01/20,2816, 0.5255452,-159,-0.939519731713148,-0.342494779115907,507.7391118,"Goren Far",23.929923
"729","T3","Goren Far 9","Mediterranean Maquis","Galilee","Goren","Far",35.25542635,33.05439304,14/01/20,2816, 0.5255452,-159,-0.939519731713148,-0.342494779115907,484.0984767,"Goren Far",72.368922
"730","T3","Goren Near 1","Mediterranean Maquis","Galilee","Goren","Near",35.229692,33.056086,14/01/20,2816, 0.5255452,-159,-0.939519731713148,-0.342494779115907,195.6402302,"Goren Near",262.35799
"731","T3","Goren Near 2","Mediterranean Maquis","Galilee","Goren","Near",35.23101423,33.05619741,14/01/20,2816, 0.5255452,-159,-0.939519731713148,-0.342494779115907,71.54634168,"Goren Near",177.167417
"732","T3","Goren Near 3","Mediterranean Maquis","Galilee","Goren","Near",35.23131263,33.05577646,14/01/20,2816, 0.5255452,-159,-0.939519731713148,-0.342494779115907,49.1227919,"Goren Near",123.164789
"733","T3","Goren Near 4","Mediterranean Maquis","Galilee","Goren","Near",35.23127005,33.05523917,14/01/20,2816, 0.5255452,-159,-0.939519731713148,-0.342494779115907,59.79714356,"Goren Near",87.90044
"734","T3","Goren Near 5","Mediterranean Maquis","Galilee","Goren","Near",35.23145143,33.05500509,14/01/20,2816, 0.5255452,-159,-0.939519731713148,-0.342494779115907,45.89428591,"Goren Near",63.740766
"735","T3","Goren Near 6","Mediterranean Maquis","Galilee","Goren","Near",35.23142695,33.05458385,14/01/20,2816, 0.5255452,-159,-0.939519731713148,-0.342494779115907,53.43683109,"Goren Near",70.970624
"736","T3","Goren Near 7","Mediterranean Maquis","Galilee","Goren","Near",35.23157448,33.05406988,14/01/20,2816, 0.5255452,-159,-0.939519731713148,-0.342494779115907,60.02478476,"Goren Near",83.167796
"737","T3","Goren Near 8","Mediterranean Maquis","Galilee","Goren","Near",35.23199324,33.0530422,14/01/20,2816, 0.5255452,-159,-0.939519731713148,-0.342494779115907,141.5714153,"Goren Near",144.035473
"738","T3","Goren Near 9","Mediterranean Maquis","Galilee","Goren","Near",35.22911288,33.05589139,14/01/20,2816, 0.5255452,-159,-0.939519731713148,-0.342494779115907,251.816696,"Goren Near",279.642388
"739","T3","Iftach Far 1","Mediterranean Maquis","Galilee","Iftach","Far",35.55674102,33.12485742,16/04/20,2909, 0.6009686,-66,0.0265511540239668,-0.99964745596635,173.2488105,"Iftach Far",77.748493
"740","T3","Iftach Far 2","Mediterranean Maquis","Galilee","Iftach","Far",35.55659115,33.12428517,16/04/20,2909, 0.6009686,-66,0.0265511540239668,-0.99964745596635,166.6254633,"Iftach Far",69.162771
"741","T3","Iftach Far 3","Mediterranean Maquis","Galilee","Iftach","Far",35.55758256,33.12458618,16/04/20,2909, 0.6009686,-66,0.0265511540239668,-0.99964745596635,254.7118775,"Iftach Far",158.390577
"742","T3","Iftach Far 4","Mediterranean Maquis","Galilee","Iftach","Far",35.55757988,33.12418016,16/04/20,2909, 0.6009686,-66,0.0265511540239668,-0.99964745596635,259.6224772,"Iftach Far",162.178964
"743","T3","Iftach Far 5","Mediterranean Maquis","Galilee","Iftach","Far",35.55819981,33.12465694,16/04/20,2909, 0.6009686,-66,0.0265511540239668,-0.99964745596635,311.036202,"Iftach Far",215.208584
"744","T3","Iftach Far 6","Mediterranean Maquis","Galilee","Iftach","Far",35.55813376,33.12434863,16/04/20,2909, 0.6009686,-66,0.0265511540239668,-0.99964745596635,308.8305942,"Iftach Far",211.759833
"745","T3","Iftach Far 8","Mediterranean Maquis","Galilee","Iftach","Far",35.55816293,33.12336839,16/04/20,2909, 0.6009686,-66,0.0265511540239668,-0.99964745596635,325.2325718,"Iftach Far",229.943092
"746","T3","Iftach Near 1","Mediterranean Maquis","Galilee","Iftach","Near",35.55391096,33.13156995,16/04/20,2909, 0.6009686,-66,0.0265511540239668,-0.99964745596635,22.31654202,"Iftach Near",104.77379
"747","T3","Iftach Near 2","Mediterranean Maquis","Galilee","Iftach","Near",35.55462174,33.13107159,16/04/20,2909, 0.6009686,-66,0.0265511540239668,-0.99964745596635,40.37013432,"Iftach Near",122.471883
"748","T3","Iftach Near 3","Mediterranean Maquis","Galilee","Iftach","Near",35.55501837,33.13090706,16/04/20,2909, 0.6009686,-66,0.0265511540239668,-0.99964745596635,58.22063558,"Iftach Near",96.848263
"749","T3","Iftach Near 4","Mediterranean Maquis","Galilee","Iftach","Near",35.55556823,33.12991145,16/04/20,2909, 0.6009686,-66,0.0265511540239668,-0.99964745596635,51.38572205,"Iftach Near",121.807313
"750","T3","Iftach Near 5","Mediterranean Maquis","Galilee","Iftach","Near",35.55540662,33.12972783,16/04/20,2909, 0.6009686,-66,0.0265511540239668,-0.99964745596635,35.2423793,"Iftach Near",146.702112
"751","T3","Iftach Near 6","Mediterranean Maquis","Galilee","Iftach","Near",35.55557493,33.12924743,16/04/20,2909, 0.6009686,-66,0.0265511540239668,-0.99964745596635,48.09043161,"Iftach Near",188.252224
"752","T3","Iftach Near 7","Mediterranean Maquis","Galilee","Iftach","Near",35.55550218,33.1285702,16/04/20,2909, 0.6009686,-66,0.0265511540239668,-0.99964745596635,37.31361246,"Iftach Near",262.369003
"753","T3","Iftach Near 9","Mediterranean Maquis","Galilee","Iftach","Near",35.55580191,33.12734573,16/04/20,2909, 0.6009686,-66,0.0265511540239668,-0.99964745596635,58.01641616,"Iftach Near",193.107596
"754","T3","Kerem Maharal Far 1","Mediterranean Maquis","Carmel","Kerem Maharal","Far",35.00440244,32.67151321,07/12/19,2778, 0.4947271,169,-0.601999867677605,0.798496186162556,2119.711841,"Kerem Maharal Far",607.167999
"755","T3","Kerem Maharal Far 2","Mediterranean Maquis","Carmel","Kerem Maharal","Far",35.00462808,32.67145197,07/12/19,2778, 0.4947271,169,-0.601999867677605,0.798496186162556,2130.457193,"Kerem Maharal Far",595.459661
"756","T3","Kerem Maharal Far 4","Mediterranean Maquis","Carmel","Kerem Maharal","Far",35.00508707,32.67168452,07/12/19,2778, 0.4947271,169,-0.601999867677605,0.798496186162556,2114.199002,"Kerem Maharal Far",612.084548
"757","T3","Kerem Maharal Far 5","Mediterranean Maquis","Carmel","Kerem Maharal","Far",35.00558663,32.67200429,07/12/19,2778, 0.4947271,169,-0.601999867677605,0.798496186162556,2090.554932,"Kerem Maharal Far",641.664726
"758","T3","Kerem Maharal Far 6","Mediterranean Maquis","Carmel","Kerem Maharal","Far",35.0058277,32.67179939,07/12/19,2778, 0.4947271,169,-0.601999867677605,0.798496186162556,2118.173371,"Kerem Maharal Far",617.74393
"759","T3","Kerem Maharal Far 9","Mediterranean Maquis","Carmel","Kerem Maharal","Far",35.00742126,32.67163118,07/12/19,2778, 0.4947271,169,-0.601999867677605,0.798496186162556,2178.332514,"Kerem Maharal Far",607.724226
"760","T3","Kerem Maharal Near 1","Mediterranean Maquis","Carmel","Kerem Maharal","Near",34.9909468,32.65551083,07/12/19,2778, 0.4947271,169,-0.601999867677605,0.798496186162556,625.488109,"Kerem Maharal Near",100.47901
"761","T3","Kerem Maharal Near 2","Mediterranean Maquis","Carmel","Kerem Maharal","Near",34.99140713,32.65530844,07/12/19,2778, 0.4947271,169,-0.601999867677605,0.798496186162556,612.6137362,"Kerem Maharal Near",56.543984
"762","T3","Kerem Maharal Near 3","Mediterranean Maquis","Carmel","Kerem Maharal","Near",34.99131024,32.65504592,07/12/19,2778, 0.4947271,169,-0.601999867677605,0.798496186162556,582.1596174,"Kerem Maharal Near",40.396898
"763","T3","Kerem Maharal Near 4","Mediterranean Maquis","Carmel","Kerem Maharal","Near",34.99135114,32.6572776,07/12/19,2778, 0.4947271,169,-0.601999867677605,0.798496186162556,825.0353181,"Kerem Maharal Near",29.812716
"764","T3","Kerem Maharal Near 5","Mediterranean Maquis","Carmel","Kerem Maharal","Near",34.99100983,32.65714098,07/12/19,2778, 0.4947271,169,-0.601999867677605,0.798496186162556,804.9687895,"Kerem Maharal Near",65.388633
"765","T3","Kerem Maharal Near 6","Mediterranean Maquis","Carmel","Kerem Maharal","Near",34.99107387,32.6572505,07/12/19,2778, 0.4947271,169,-0.601999867677605,0.798496186162556,817.8543308,"Kerem Maharal Near",54.857016
"766","T3","Kerem Maharal Near 7","Mediterranean Maquis","Carmel","Kerem Maharal","Near",34.99072418,32.65749552,07/12/19,2778, 0.4947271,169,-0.601999867677605,0.798496186162556,840.7036963,"Kerem Maharal Near",73.185426
"767","T3","Kerem Maharal Near 8","Mediterranean Maquis","Carmel","Kerem Maharal","Near",34.99055788,32.65740999,07/12/19,2778, 0.4947271,169,-0.601999867677605,0.798496186162556,829.7767446,"Kerem Maharal Near",91.522853
"768","T3","Kerem Maharal Near 9","Mediterranean Maquis","Carmel","Kerem Maharal","Near",34.99047909,32.65701847,07/12/19,2778, 0.4947271,169,-0.601999867677605,0.798496186162556,785.8897465,"Kerem Maharal Near",116.209629
"769","T3","Kfar Shamai Far 1","Mediterranean Maquis","Galilee","Kfar Shamai","Far",35.46842183,32.97040891,24/05/20,2947, 0.6317867,-28,-0.270905788307869,-0.962605866313567,1357.866261,"Kfar Shamai Far",980.174685
"770","T3","Kfar Shamai Far 2","Mediterranean Maquis","Galilee","Kfar Shamai","Far",35.4691498,32.96950291,24/05/20,2947, 0.6317867,-28,-0.270905788307869,-0.962605866313567,1353.465867,"Kfar Shamai Far",1005.851644
"771","T3","Kfar Shamai Far 3","Mediterranean Maquis","Galilee","Kfar Shamai","Far",35.46940494,32.96894625,24/05/20,2947, 0.6317867,-28,-0.270905788307869,-0.962605866313567,1336.265938,"Kfar Shamai Far",1011.345589
"772","T3","Kfar Shamai Far 4","Mediterranean Maquis","Galilee","Kfar Shamai","Far",35.46984449,32.96843121,24/05/20,2947, 0.6317867,-28,-0.270905788307869,-0.962605866313567,1335.706478,"Kfar Shamai Far",1026.177624
"773","T3","Kfar Shamai Far 5","Mediterranean Maquis","Galilee","Kfar Shamai","Far",35.46978565,32.96801319,24/05/20,2947, 0.6317867,-28,-0.270905788307869,-0.962605866313567,1304.379364,"Kfar Shamai Far",984.68694
"774","T3","Kfar Shamai Far 6","Mediterranean Maquis","Galilee","Kfar Shamai","Far",35.46952497,32.96765289,24/05/20,2947, 0.6317867,-28,-0.270905788307869,-0.962605866313567,1261.764632,"Kfar Shamai Far",938.016527
"775","T3","Kfar Shamai Far 7","Mediterranean Maquis","Galilee","Kfar Shamai","Far",35.46921476,32.96712224,24/05/20,2947, 0.6317867,-28,-0.270905788307869,-0.962605866313567,1205.396392,"Kfar Shamai Far",873.355927
"776","T3","Kfar Shamai Far 8","Mediterranean Maquis","Galilee","Kfar Shamai","Far",35.46918031,32.96656457,24/05/20,2947, 0.6317867,-28,-0.270905788307869,-0.962605866313567,1170.808443,"Kfar Shamai Far",821.936067
"777","T3","Kfar Shamai Far 9","Mediterranean Maquis","Galilee","Kfar Shamai","Far",35.46883028,32.96639777,24/05/20,2947, 0.6317867,-28,-0.270905788307869,-0.962605866313567,1133.218223,"Kfar Shamai Far",787.839249
"778","T3","Kfar Shamai Near 1","Mediterranean Maquis","Galilee","Kfar Shamai","Near",35.45916427,32.96593223,24/05/20,2947, 0.6317867,-28,-0.270905788307869,-0.962605866313567,377.9789503,"Kfar Shamai Near",46.111234
"779","T3","Kfar Shamai Near 2","Mediterranean Maquis","Galilee","Kfar Shamai","Near",35.45938253,32.96560958,24/05/20,2947, 0.6317867,-28,-0.270905788307869,-0.962605866313567,365.371361,"Kfar Shamai Near",77.992247
"780","T3","Kfar Shamai Near 3","Mediterranean Maquis","Galilee","Kfar Shamai","Near",35.45921389,32.96519101,24/05/20,2947, 0.6317867,-28,-0.270905788307869,-0.962605866313567,322.3598815,"Kfar Shamai Near",73.151748
"781","T3","Kfar Shamai Near 5","Mediterranean Maquis","Galilee","Kfar Shamai","Near",35.45879513,32.9644121,24/05/20,2947, 0.6317867,-28,-0.270905788307869,-0.962605866313567,238.8278788,"Kfar Shamai Near",37.597165
"782","T3","Kfar Shamai Near 6","Mediterranean Maquis","Galilee","Kfar Shamai","Near",35.45867644,32.96381208,24/05/20,2947, 0.6317867,-28,-0.270905788307869,-0.962605866313567,190.5775353,"Kfar Shamai Near",29.975777
"783","T3","Kfar Shamai Near 7","Mediterranean Maquis","Galilee","Kfar Shamai","Near",35.45859564,32.96372122,24/05/20,2947, 0.6317867,-28,-0.270905788307869,-0.962605866313567,178.5307382,"Kfar Shamai Near",25.208554
"784","T3","Kfar Shamai Near 8","Mediterranean Maquis","Galilee","Kfar Shamai","Near",35.45866035,32.96293864,24/05/20,2947, 0.6317867,-28,-0.270905788307869,-0.962605866313567,132.1621097,"Kfar Shamai Near",37.195029
"785","T3","Kfar Shamai Near 9","Mediterranean Maquis","Galilee","Kfar Shamai","Near",35.45909386,32.96230598,24/05/20,2947, 0.6317867,-28,-0.270905788307869,-0.962605866313567,123.4384044,"Kfar Shamai Near",41.298046
"786","T3","Kisalon Far 1","Mediterranean Maquis","Judea","Kisalon","Far",35.0407571,31.76838022,22/10/19,2732, 0.4574209,123,-0.459903490689591,-0.887968906691855,738.0713933,"Kisalon Far",1227.89921
"787","T3","Kisalon Far 2","Mediterranean Maquis","Judea","Kisalon","Far",35.03996953,31.7681747,22/10/19,2732, 0.4574209,123,-0.459903490689591,-0.887968906691855,781.8503136,"Kisalon Far",1303.993792
"788","T3","Kisalon Far 4","Mediterranean Maquis","Judea","Kisalon","Far",35.03892481,31.76830012,22/10/19,2732, 0.4574209,123,-0.459903490689591,-0.887968906691855,807.8242887,"Kisalon Far",1401.68603
"789","T3","Kisalon Far 5","Mediterranean Maquis","Judea","Kisalon","Far",35.03832769,31.76840787,22/10/19,2732, 0.4574209,123,-0.459903490689591,-0.887968906691855,824.2868158,"Kisalon Far",1457.450723
"790","T3","Kisalon Far 6","Mediterranean Maquis","Judea","Kisalon","Far",35.04103236,31.76864218,22/10/19,2732, 0.4574209,123,-0.459903490689591,-0.887968906691855,701.6133768,"Kisalon Far",1200.307813
"791","T3","Kisalon Far 8","Mediterranean Maquis","Judea","Kisalon","Far",35.03789619,31.76837737,22/10/19,2732, 0.4574209,123,-0.459903490689591,-0.887968906691855,848.555493,"Kisalon Far",1498.44611
"792","T3","Kisalon Near 1","Mediterranean Maquis","Judea","Kisalon","Near",35.05102057,31.77499448,22/10/19,2732, 0.4574209,123,-0.459903490689591,-0.887968906691855,4.900259449,"Kisalon Near",106.415778
"793","T3","Kisalon Near 4","Mediterranean Maquis","Judea","Kisalon","Near",35.05480215,31.77461824,22/10/19,2732, 0.4574209,123,-0.459903490689591,-0.887968906691855,159.3569514,"Kisalon Near",12.321744
"794","T3","Kisalon Near 5","Mediterranean Maquis","Judea","Kisalon","Near",35.05353179,31.77454556,22/10/19,2732, 0.4574209,123,-0.459903490689591,-0.887968906691855,88.74956897,"Kisalon Near",55.792786
"795","T3","Kisalon Near 6","Mediterranean Maquis","Judea","Kisalon","Near",35.0538208,31.77455753,22/10/19,2732, 0.4574209,123,-0.459903490689591,-0.887968906691855,104.3835876,"Kisalon Near",44.089648
"796","T3","Kisalon Near 7","Mediterranean Maquis","Judea","Kisalon","Near",35.05513072,31.77469093,22/10/19,2732, 0.4574209,123,-0.459903490689591,-0.887968906691855,182.6866841,"Kisalon Near",5.196224
"797","T3","Margaliot Far 1","Mediterranean Maquis","Galilee","Margaliot","Far",35.54457687,33.20323543,16/03/20,2878, 0.5758275,-97,-0.379607739027522,-0.925147536596414,345.876873,"Margaliot Far",128.572722
"798","T3","Margaliot Far 2","Mediterranean Maquis","Galilee","Margaliot","Far",35.54389592,33.20412304,16/03/20,2878, 0.5758275,-97,-0.379607739027522,-0.925147536596414,438.253822,"Margaliot Far",143.809991
"799","T3","Margaliot Far 4","Mediterranean Maquis","Galilee","Margaliot","Far",35.54435927,33.20406609,16/03/20,2878, 0.5758275,-97,-0.379607739027522,-0.925147536596414,434.4724515,"Margaliot Far",169.53457
"800","T3","Margaliot Far 5","Mediterranean Maquis","Galilee","Margaliot","Far",35.54427277,33.20421197,16/03/20,2878, 0.5758275,-97,-0.379607739027522,-0.925147536596414,449.790022,"Margaliot Far",175.242088
"801","T3","Margaliot Far 6","Mediterranean Maquis","Galilee","Margaliot","Far",35.54390296,33.20512005,16/03/20,2878, 0.5758275,-97,-0.379607739027522,-0.925147536596414,548.8319204,"Margaliot Far",156.766337
"802","T3","Margaliot Far 8","Mediterranean Maquis","Galilee","Margaliot","Far",35.54334339,33.20580174,16/03/20,2878, 0.5758275,-97,-0.379607739027522,-0.925147536596414,608.8812126,"Margaliot Far",100.358137
"803","T3","Margaliot Far 9","Mediterranean Maquis","Galilee","Margaliot","Far",35.54312915,33.20598998,16/03/20,2878, 0.5758275,-97,-0.379607739027522,-0.925147536596414,594.9968716,"Margaliot Far",74.667157
"804","T3","Margaliot Near 1","Mediterranean Maquis","Galilee","Margaliot","Near",35.54010739,33.21541303,16/03/20,2878, 0.5758275,-97,-0.379607739027522,-0.925147536596414,181.3988899,"Margaliot Near",49.712366
"805","T3","Margaliot Near 2","Mediterranean Maquis","Galilee","Margaliot","Near",35.54087307,33.21542699,16/03/20,2878, 0.5758275,-97,-0.379607739027522,-0.925147536596414,122.0010999,"Margaliot Near",76.720563
"806","T3","Margaliot Near 3","Mediterranean Maquis","Galilee","Margaliot","Near",35.54143969,33.21511676,16/03/20,2878, 0.5758275,-97,-0.379607739027522,-0.925147536596414,98.33747194,"Margaliot Near",134.034462
"807","T3","Margaliot Near 4","Mediterranean Maquis","Galilee","Margaliot","Near",35.54196842,33.21392996,16/03/20,2878, 0.5758275,-97,-0.379607739027522,-0.925147536596414,124.8362203,"Margaliot Near",90.165894
"808","T3","Margaliot Near 5","Mediterranean Maquis","Galilee","Margaliot","Near",35.54192416,33.21400373,16/03/20,2878, 0.5758275,-97,-0.379607739027522,-0.925147536596414,130.0828673,"Margaliot Near",97.210256
"809","T3","Margaliot Near 6","Mediterranean Maquis","Galilee","Margaliot","Near",35.54131027,33.21309882,16/03/20,2878, 0.5758275,-97,-0.379607739027522,-0.925147536596414,197.7873402,"Margaliot Near",55.192592
"810","T3","Margaliot Near 7","Mediterranean Maquis","Galilee","Margaliot","Near",35.54124925,33.21266825,16/03/20,2878, 0.5758275,-97,-0.379607739027522,-0.925147536596414,213.5399226,"Margaliot Near",27.655148
"811","T3","Margaliot Near 8","Mediterranean Maquis","Galilee","Margaliot","Near",35.54098472,33.21250471,16/03/20,2878, 0.5758275,-97,-0.379607739027522,-0.925147536596414,241.9860551,"Margaliot Near",53.864324
"812","T3","Margaliot Near 9","Mediterranean Maquis","Galilee","Margaliot","Near",35.54077249,33.21263571,16/03/20,2878, 0.5758275,-97,-0.379607739027522,-0.925147536596414,257.7114201,"Margaliot Near",71.73379
"813","T3","Nehusha Far 1","Mediterranean Maquis","Judea","Nehusha","Far",34.94517591,31.63887196,02/10/19,2712, 0.4412008,103,0.622988631442349,-0.782230889887116,857.8512188,"Nehusha Far",398.919958
"814","T3","Nehusha Far 3","Mediterranean Maquis","Judea","Nehusha","Far",34.94545083,31.6376611,02/10/19,2712, 0.4412008,103,0.622988631442349,-0.782230889887116,750.1101446,"Nehusha Far",442.348693
"815","T3","Nehusha Far 4","Mediterranean Maquis","Judea","Nehusha","Far",34.94567279,31.63726604,02/10/19,2712, 0.4412008,103,0.622988631442349,-0.782230889887116,706.2685063,"Nehusha Far",439.014701
"816","T3","Nehusha Far 5","Mediterranean Maquis","Judea","Nehusha","Far",34.94605735,31.63715443,02/10/19,2712, 0.4412008,103,0.622988631442349,-0.782230889887116,670.073281,"Nehusha Far",412.18159
"817","T3","Nehusha Far 6","Mediterranean Maquis","Judea","Nehusha","Far",34.94626388,31.63750924,02/10/19,2712, 0.4412008,103,0.622988631442349,-0.782230889887116,679.7985991,"Nehusha Far",376.957507
"818","T3","Nehusha Far 7","Mediterranean Maquis","Judea","Nehusha","Far",34.94689219,31.63753836,02/10/19,2712, 0.4412008,103,0.622988631442349,-0.782230889887116,638.025378,"Nehusha Far",321.95097
"819","T3","Nehusha Near 1","Mediterranean Maquis","Judea","Nehusha","Near",34.95147038,31.63579739,02/10/19,2712, 0.4412008,103,0.622988631442349,-0.782230889887116,254.0736004,"Nehusha Near",79.045744
"820","T3","Nehusha Near 2","Mediterranean Maquis","Judea","Nehusha","Near",34.9506617,31.63575714,02/10/19,2712, 0.4412008,103,0.622988631442349,-0.782230889887116,267.465779,"Nehusha Near",151.282372
"821","T3","Nehusha Near 3","Mediterranean Maquis","Judea","Nehusha","Near",34.95203264,31.63587018,02/10/19,2712, 0.4412008,103,0.622988631442349,-0.782230889887116,262.8940629,"Nehusha Near",44.664487
"822","T3","Nehusha Near 4","Mediterranean Maquis","Judea","Nehusha","Near",34.95236993,31.63582051,02/10/19,2712, 0.4412008,103,0.622988631442349,-0.782230889887116,259.9457666,"Nehusha Near",25.126083
"823","T3","Nehusha Near 5","Mediterranean Maquis","Judea","Nehusha","Near",34.95322723,31.63596752,02/10/19,2712, 0.4412008,103,0.622988631442349,-0.782230889887116,282.6556179,"Nehusha Near",77.501116
"824","T3","Nehusha Near 6","Mediterranean Maquis","Judea","Nehusha","Near",34.95344181,31.63586618,02/10/19,2712, 0.4412008,103,0.622988631442349,-0.782230889887116,273.0717391,"Nehusha Near",88.562104
"825","T3","Nehusha Near 7","Mediterranean Maquis","Judea","Nehusha","Near",34.95363023,31.63556703,02/10/19,2712, 0.4412008,103,0.622988631442349,-0.782230889887116,242.2557265,"Nehusha Near",60.026837
"826","T3","Nehusha Near 9","Mediterranean Maquis","Judea","Nehusha","Near",34.95434169,31.63500782,02/10/19,2712, 0.4412008,103,0.622988631442349,-0.782230889887116,195.0581115,"Nehusha Near",80.111683
"827","T3","Nir Etzion Far 1","Mediterranean Maquis","Carmel","Nir Etzion","Far",35.00607178,32.69857765,25/11/19,2766, 0.4849950,157,-0.0795485428747221,0.996830993361718,805.2454709,"Nir Etzion Far",566.302976
"828","T3","Nir Etzion Far 2","Mediterranean Maquis","Carmel","Nir Etzion","Far",35.00641543,32.6984157,25/11/19,2766, 0.4849950,157,-0.0795485428747221,0.996830993361718,810.6168341,"Nir Etzion Far",530.040924
"829","T3","Nir Etzion Far 3","Mediterranean Maquis","Carmel","Nir Etzion","Far",35.00676177,32.69830989,25/11/19,2766, 0.4849950,157,-0.0795485428747221,0.996830993361718,822.4691181,"Nir Etzion Far",497.216493
"830","T3","Nir Etzion Far 4","Mediterranean Maquis","Carmel","Nir Etzion","Far",35.00689052,32.69832964,25/11/19,2766, 0.4849950,157,-0.0795485428747221,0.996830993361718,832.0877967,"Nir Etzion Far",489.503838
"831","T3","Nir Etzion Far 5","Mediterranean Maquis","Carmel","Nir Etzion","Far",35.00760634,32.69807261,25/11/19,2766, 0.4849950,157,-0.0795485428747221,0.996830993361718,857.7285412,"Nir Etzion Far",420.619023
"832","T3","Nir Etzion Far 7","Mediterranean Maquis","Carmel","Nir Etzion","Far",35.00916872,32.69795665,25/11/19,2766, 0.4849950,157,-0.0795485428747221,0.996830993361718,951.1967533,"Nir Etzion Far",319.995733
"833","T3","Nir Etzion Far 8","Mediterranean Maquis","Carmel","Nir Etzion","Far",35.00957072,32.69824443,25/11/19,2766, 0.4849950,157,-0.0795485428747221,0.996830993361718,1000.379226,"Nir Etzion Far",319.696109
"834","T3","Nir Etzion Near 1","Mediterranean Maquis","Carmel","Nir Etzion","Near",34.99235932,32.70141963,25/11/19,2766, 0.4849950,157,-0.0795485428747221,0.996830993361718,29.71538917,"Nir Etzion Near",734.601731
"835","T3","Nir Etzion Near 2","Mediterranean Maquis","Carmel","Nir Etzion","Near",34.99289442,32.70111069,25/11/19,2766, 0.4849950,157,-0.0795485428747221,0.996830993361718,15.92709692,"Nir Etzion Near",738.682036
"836","T3","Nir Etzion Near 3","Mediterranean Maquis","Carmel","Nir Etzion","Near",34.99315526,32.70107768,25/11/19,2766, 0.4849950,157,-0.0795485428747221,0.996830993361718,23.2068327,"Nir Etzion Near",752.366739
"837","T3","Nir Etzion Near 4","Mediterranean Maquis","Carmel","Nir Etzion","Near",34.99350932,32.70083448,25/11/19,2766, 0.4849950,157,-0.0795485428747221,0.996830993361718,39.9081102,"Nir Etzion Near",755.367253
"838","T3","Nir Etzion Near 5","Mediterranean Maquis","Carmel","Nir Etzion","Near",34.99401122,32.70080824,25/11/19,2766, 0.4849950,157,-0.0795485428747221,0.996830993361718,51.45016601,"Nir Etzion Near",788.127973
"839","T3","Nir Etzion Near 6","Mediterranean Maquis","Carmel","Nir Etzion","Near",34.99427542,32.70058648,25/11/19,2766, 0.4849950,157,-0.0795485428747221,0.996830993361718,30.4548148,"Nir Etzion Near",790.972694
"840","T3","Nir Etzion Near 8","Mediterranean Maquis","Carmel","Nir Etzion","Near",34.99510221,32.70036105,25/11/19,2766, 0.4849950,157,-0.0795485428747221,0.996830993361718,16.2309818,"Nir Etzion Near",837.430866
"841","T3","Nir Etzion Near 9","Mediterranean Maquis","Carmel","Nir Etzion","Near",34.99540564,32.70026823,25/11/19,2766, 0.4849950,157,-0.0795485428747221,0.996830993361718,9.902708051,"Nir Etzion Near",855.462913
"842","T3","Ofer Far 1","Mediterranean Maquis","Carmel","Ofer","Far",34.99040512,32.61497436,16/12/19,2787, 0.5020261,178,0.877575335804269,-0.479438765629173,594.5718048,"Ofer Far",4.835566
"843","T3","Ofer Far 2","Mediterranean Maquis","Carmel","Ofer","Far",34.99097712,32.61516607,16/12/19,2787, 0.5020261,178,0.877575335804269,-0.479438765629173,625.774715,"Ofer Far",20.540433
"844","T3","Ofer Far 3","Mediterranean Maquis","Carmel","Ofer","Far",34.99159288,32.61530131,16/12/19,2787, 0.5020261,178,0.877575335804269,-0.479438765629173,667.2174843,"Ofer Far",48.346622
"845","T3","Ofer Far 4","Mediterranean Maquis","Carmel","Ofer","Far",34.99212664,32.61556593,16/12/19,2787, 0.5020261,178,0.877575335804269,-0.479438765629173,698.0747246,"Ofer Far",36.51627
"846","T3","Ofer Far 5","Mediterranean Maquis","Carmel","Ofer","Far",34.99268655,32.6155038,16/12/19,2787, 0.5020261,178,0.877575335804269,-0.479438765629173,748.6546581,"Ofer Far",57.371002
"847","T3","Ofer Far 6","Mediterranean Maquis","Carmel","Ofer","Far",34.99320354,32.61539479,16/12/19,2787, 0.5020261,178,0.877575335804269,-0.479438765629173,797.9126586,"Ofer Far",78.16652
"848","T3","Ofer Far 7","Mediterranean Maquis","Carmel","Ofer","Far",34.99395087,32.61518891,16/12/19,2787, 0.5020261,178,0.877575335804269,-0.479438765629173,871.3582129,"Ofer Far",47.87727
"849","T3","Ofer Far 9","Mediterranean Maquis","Carmel","Ofer","Far",34.99487188,32.61496355,16/12/19,2787, 0.5020261,178,0.877575335804269,-0.479438765629173,960.7328533,"Ofer Far",18.875358
"850","T3","Ofer Near 1","Mediterranean Maquis","Carmel","Ofer","Near",34.98248912,32.61688334,16/12/19,2787, 0.5020261,178,0.877575335804269,-0.479438765629173,81.99721723,"Ofer Near",159.727982
"851","T3","Ofer Near 2","Mediterranean Maquis","Carmel","Ofer","Near",34.98271745,32.61712112,16/12/19,2787, 0.5020261,178,0.877575335804269,-0.479438765629173,51.18814061,"Ofer Near",125.582752
"852","T3","Ofer Near 4","Mediterranean Maquis","Carmel","Ofer","Near",34.98333,32.61725723,16/12/19,2787, 0.5020261,178,0.877575335804269,-0.479438765629173,51.2303946,"Ofer Near",86.387179
"853","T3","Ofer Near 5","Mediterranean Maquis","Carmel","Ofer","Near",34.98378932,32.61717844,16/12/19,2787, 0.5020261,178,0.877575335804269,-0.479438765629173,69.41002853,"Ofer Near",80.386169
"854","T3","Ofer Near 6","Mediterranean Maquis","Carmel","Ofer","Near",34.98443406,32.61716545,16/12/19,2787, 0.5020261,178,0.877575335804269,-0.479438765629173,61.22935459,"Ofer Near",75.112277
"855","T3","Ofer Near 7","Mediterranean Maquis","Carmel","Ofer","Near",34.98521559,32.61750687,16/12/19,2787, 0.5020261,178,0.877575335804269,-0.479438765629173,60.95342119,"Ofer Near",98.31189
"856","T3","Ofer Near 8","Mediterranean Maquis","Carmel","Ofer","Near",34.98600919,32.61821259,16/12/19,2787, 0.5020261,178,0.877575335804269,-0.479438765629173,56.39379092,"Ofer Near",59.582361
"857","T3","Ofer Near 9","Mediterranean Maquis","Carmel","Ofer","Near",34.98645376,32.61839897,16/12/19,2787, 0.5020261,178,0.877575335804269,-0.479438765629173,98.65599154,"Ofer Near",55.044719
"858","T3","Yagur Far 1","Mediterranean Maquis","Carmel","Yagur","Far",35.05393412,32.75575506,23/12/19,2794, 0.5077031,185,0.346621180094276,-0.93800520121695,577.401508,"Yagur Far",541.78747
"859","T3","Yagur Far 2","Mediterranean Maquis","Carmel","Yagur","Far",35.05387478,32.75608833,23/12/19,2794, 0.5077031,185,0.346621180094276,-0.93800520121695,550.2738124,"Yagur Far",545.047429
"860","T3","Yagur Far 4","Mediterranean Maquis","Carmel","Yagur","Far",35.05372055,32.7558794,23/12/19,2794, 0.5077031,185,0.346621180094276,-0.93800520121695,553.1828763,"Yagur Far",560.62996
"861","T3","Yagur Far 8","Mediterranean Maquis","Carmel","Yagur","Far",35.05353481,32.75482176,23/12/19,2794, 0.5077031,185,0.346621180094276,-0.93800520121695,622.6647307,"Yagur Far",597.540568
"862","T3","Yagur Far 9","Mediterranean Maquis","Carmel","Yagur","Far",35.05358979,32.7546069,23/12/19,2794, 0.5077031,185,0.346621180094276,-0.93800520121695,644.109093,"Yagur Far",599.141822
"863","T3","Yagur Near 1","Mediterranean Maquis","Carmel","Yagur","Near",35.07479399,32.73942372,23/12/19,2794, 0.5077031,185,0.346621180094276,-0.93800520121695,14.33753939,"Yagur Near",696.266304
"864","T3","Yagur Near 3","Mediterranean Maquis","Carmel","Yagur","Near",35.07388439,32.73901565,23/12/19,2794, 0.5077031,185,0.346621180094276,-0.93800520121695,108.3575754,"Yagur Near",734.915273
"865","T3","Yagur Near 4","Mediterranean Maquis","Carmel","Yagur","Near",35.07399403,32.73879765,23/12/19,2794, 0.5077031,185,0.346621180094276,-0.93800520121695,110.7721991,"Yagur Near",712.561681
"866","T3","Yagur Near 5","Mediterranean Maquis","Carmel","Yagur","Near",35.07444698,32.73881401,23/12/19,2794, 0.5077031,185,0.346621180094276,-0.93800520121695,78.43318907,"Yagur Near",678.522828
"867","T3","Yagur Near 6","Mediterranean Maquis","Carmel","Yagur","Near",35.07486206,32.73897588,23/12/19,2794, 0.5077031,185,0.346621180094276,-0.93800520121695,44.92342026,"Yagur Near",659.431337
"868","T3","Yagur Near 7","Mediterranean Maquis","Carmel","Yagur","Near",35.07534184,32.73901452,23/12/19,2794, 0.5077031,185,0.346621180094276,-0.93800520121695,36.20584115,"Yagur Near",627.687341
"869","T3","Yagur Near 8","Mediterranean Maquis","Carmel","Yagur","Near",35.07598389,32.73899788,23/12/19,2794, 0.5077031,185,0.346621180094276,-0.93800520121695,32.48264679,"Yagur Near",583.904564
"870","T3","Yagur Near 9","Mediterranean Maquis","Carmel","Yagur","Near",35.07678319,32.73871051,23/12/19,2794, 0.5077031,185,0.346621180094276,-0.93800520121695,41.26200056,"Yagur Near",509.943463
"871","T4","Aderet Far 1","Mediterranean Maquis","Judea","Aderet","Far",34.9819148,31.66638788,10/08/21,3390, 0.9910616,50,-0.262374853703929,0.964966028492113,894.023099,"Aderet Far",918.420206
"872","T4","Aderet Far 2","Mediterranean Maquis","Judea","Aderet","Far",34.98071115,31.66569017,10/08/21,3390, 0.9910616,50,-0.262374853703929,0.964966028492113,962.967956,"Aderet Far",780.482126
"873","T4","Aderet Far 3","Mediterranean Maquis","Judea","Aderet","Far",34.98110879,31.66593672,10/08/21,3390, 0.9910616,50,-0.262374853703929,0.964966028492113,939.253135,"Aderet Far",827.082662
"874","T4","Aderet Far 4","Mediterranean Maquis","Judea","Aderet","Far",34.98151012,31.66627573,10/08/21,3390, 0.9910616,50,-0.262374853703929,0.964966028492113,921.71454,"Aderet Far",879.659859
"875","T4","Aderet Far 5","Mediterranean Maquis","Judea","Aderet","Far",34.98072524,31.66531263,10/08/21,3390, 0.9910616,50,-0.262374853703929,0.964966028492113,946.650945,"Aderet Far",759.213293
"876","T4","Aderet Far 6","Mediterranean Maquis","Judea","Aderet","Far",34.98058677,31.6646055,10/08/21,3390, 0.9910616,50,-0.262374853703929,0.964966028492113,935.532087,"Aderet Far",710.156739
"877","T4","Aderet Far 7","Mediterranean Maquis","Judea","Aderet","Far",34.98094082,31.66428475,10/08/21,3390, 0.9910616,50,-0.262374853703929,0.964966028492113,894.195313,"Aderet Far",726.108521
"878","T4","Aderet Far 9","Mediterranean Maquis","Judea","Aderet","Far",34.98180248,31.66326713,10/08/21,3390, 0.9910616,50,-0.262374853703929,0.964966028492113,793.577262,"Aderet Far",634.558946
"879","T4","Aderet Near 1","Mediterranean Maquis","Judea","Aderet","Near",34.98839904,31.66197496,10/08/21,3390, 0.9910616,50,-0.262374853703929,0.964966028492113,158.749033,"Aderet Near",582.984349
"880","T4","Aderet Near 2","Mediterranean Maquis","Judea","Aderet","Near",34.98856097,31.66113796,10/08/21,3390, 0.9910616,50,-0.262374853703929,0.964966028492113,152.006017,"Aderet Near",511.986331
"881","T4","Aderet Near 3","Mediterranean Maquis","Judea","Aderet","Near",34.98904344,31.66043822,10/08/21,3390, 0.9910616,50,-0.262374853703929,0.964966028492113,158.468702,"Aderet Near",470.751728
"882","T4","Aderet Near 4","Mediterranean Maquis","Judea","Aderet","Near",34.98973176,31.66005067,10/08/21,3390, 0.9910616,50,-0.262374853703929,0.964966028492113,135.062856,"Aderet Near",474.704322
"883","T4","Aderet Near 5","Mediterranean Maquis","Judea","Aderet","Near",34.98865049,31.65936176,10/08/21,3390, 0.9910616,50,-0.262374853703929,0.964966028492113,262.797001,"Aderet Near",350.84597
"884","T4","Aderet Near 6","Mediterranean Maquis","Judea","Aderet","Near",34.98931535,31.65962916,10/08/21,3390, 0.9910616,50,-0.262374853703929,0.964966028492113,195.644263,"Aderet Near",413.442428
"885","T4","Aderet Near 7","Mediterranean Maquis","Judea","Aderet","Near",34.98936899,31.66318665,10/08/21,3390, 0.9910616,50,-0.262374853703929,0.964966028492113,111.839975,"Aderet Near",559.667952
"886","T4","Aderet Near 8","Mediterranean Maquis","Judea","Aderet","Near",34.98955876,31.66276973,10/08/21,3390, 0.9910616,50,-0.262374853703929,0.964966028492113,66.261308,"Aderet Near",542.891419
"887","T4","Aderet Near 9","Mediterranean Maquis","Judea","Aderet","Near",34.98874705,31.66254257,10/08/21,3390, 0.9910616,50,-0.262374853703929,0.964966028492113,130.081372,"Aderet Near",621.775971
"888","T4","Beit Oren Far 1","Mediterranean Maquis","Carmel","Beit Oren","Far",35.00842944,32.72557098,07/08/21,3387, 0.9886285,47,0.123573122745224,-0.992335469150929,342.939275,"Beit Oren Far",590.989579
"889","T4","Beit Oren Far 2","Mediterranean Maquis","Carmel","Beit Oren","Far",35.0078769,32.72610294,07/08/21,3387, 0.9886285,47,0.123573122745224,-0.992335469150929,358.311246,"Beit Oren Far",545.97545
"890","T4","Beit Oren Far 3","Mediterranean Maquis","Carmel","Beit Oren","Far",35.00737064,32.72631871,07/08/21,3387, 0.9886285,47,0.123573122745224,-0.992335469150929,326.199746,"Beit Oren Far",535.45301
"891","T4","Beit Oren Far 5","Mediterranean Maquis","Carmel","Beit Oren","Far",35.00650361,32.72566913,07/08/21,3387, 0.9886285,47,0.123573122745224,-0.992335469150929,382.364242,"Beit Oren Far",628.60383
"892","T4","Beit Oren Far 6","Mediterranean Maquis","Carmel","Beit Oren","Far",35.0056557,32.72521248,07/08/21,3387, 0.9886285,47,0.123573122745224,-0.992335469150929,421.372529,"Beit Oren Far",705.056142
"893","T4","Beit Oren Far 8","Mediterranean Maquis","Carmel","Beit Oren","Far",35.00436455,32.72568577,07/08/21,3387, 0.9886285,47,0.123573122745224,-0.992335469150929,368.136233,"Beit Oren Far",667.946146
"894","T4","Beit Oren Far 9","Mediterranean Maquis","Carmel","Beit Oren","Far",35.00359643,32.72525761,07/08/21,3387, 0.9886285,47,0.123573122745224,-0.992335469150929,415.483356,"Beit Oren Far",714.013319
"895","T4","Beit Oren Near 3","Mediterranean Maquis","Carmel","Beit Oren","Near",35.00111975,32.73439612,07/08/21,3387, 0.9886285,47,0.123573122745224,-0.992335469150929,48.217381,"Beit Oren Near",232.263816
"896","T4","Beit Oren Near 4","Mediterranean Maquis","Carmel","Beit Oren","Near",35.00207964,32.73342622,07/08/21,3387, 0.9886285,47,0.123573122745224,-0.992335469150929,31.644156,"Beit Oren Near",123.415049
"897","T4","Beit Oren Near 5","Mediterranean Maquis","Carmel","Beit Oren","Near",35.00241358,32.73334725,07/08/21,3387, 0.9886285,47,0.123573122745224,-0.992335469150929,24.701906,"Beit Oren Near",120.234008
"898","T4","Beit Oren Near 6","Mediterranean Maquis","Carmel","Beit Oren","Near",35.00308111,32.7334626,07/08/21,3387, 0.9886285,47,0.123573122745224,-0.992335469150929,0,"Beit Oren Near",142.284992
"899","T4","Beit Oren Near 7","Mediterranean Maquis","Carmel","Beit Oren","Near",35.00393271,32.73301388,07/08/21,3387, 0.9886285,47,0.123573122745224,-0.992335469150929,0,"Beit Oren Near",84.39878
"900","T4","Beit Oren Near 8","Mediterranean Maquis","Carmel","Beit Oren","Near",35.0041312,32.73310442,07/08/21,3387, 0.9886285,47,0.123573122745224,-0.992335469150929,0,"Beit Oren Near",88.386161
"901","T4","Beit Oren Near 9","Mediterranean Maquis","Carmel","Beit Oren","Near",35.00422675,32.73291856,07/08/21,3387, 0.9886285,47,0.123573122745224,-0.992335469150929,0,"Beit Oren Near",66.535626
"902","T4","Ein Yaakov Far 1","Mediterranean Maquis","Galilee","Ein Yaakov","Far",35.22749417,33.0038578,06/07/21,3355, 0.9626764,15,0.650287840157117,-0.759687912858821,222.485723,"Ein Yaakov Far",351.188037
"903","T4","Ein Yaakov Far 2","Mediterranean Maquis","Galilee","Ein Yaakov","Far",35.22768695,33.00335,06/07/21,3355, 0.9626764,15,0.650287840157117,-0.759687912858821,281.577295,"Ein Yaakov Far",398.942954
"904","T4","Ein Yaakov Far 3","Mediterranean Maquis","Galilee","Ein Yaakov","Far",35.22804368,33.00321307,06/07/21,3355, 0.9626764,15,0.650287840157117,-0.759687912858821,305.215725,"Ein Yaakov Far",434.577762
"905","T4","Ein Yaakov Far 4","Mediterranean Maquis","Galilee","Ein Yaakov","Far",35.22824015,33.00293498,06/07/21,3355, 0.9626764,15,0.650287840157117,-0.759687912858821,339.874364,"Ein Yaakov Far",468.06383
"906","T4","Ein Yaakov Far 5","Mediterranean Maquis","Galilee","Ein Yaakov","Far",35.22910584,33.00277865,06/07/21,3355, 0.9626764,15,0.650287840157117,-0.759687912858821,378.574823,"Ein Yaakov Far",543.076469
"907","T4","Ein Yaakov Far 6","Mediterranean Maquis","Galilee","Ein Yaakov","Far",35.22948135,33.00259701,06/07/21,3355, 0.9626764,15,0.650287840157117,-0.759687912858821,409.10897,"Ein Yaakov Far",583.363313
"908","T4","Ein Yaakov Far 7","Mediterranean Maquis","Galilee","Ein Yaakov","Far",35.23037251,33.00275559,06/07/21,3355, 0.9626764,15,0.650287840157117,-0.759687912858821,424.144038,"Ein Yaakov Far",644.761364
"909","T4","Ein Yaakov Far 8","Mediterranean Maquis","Galilee","Ein Yaakov","Far",35.23078959,33.00287819,06/07/21,3355, 0.9626764,15,0.650287840157117,-0.759687912858821,426.389055,"Ein Yaakov Far",672.852857
"910","T4","Ein Yaakov Far 9","Mediterranean Maquis","Galilee","Ein Yaakov","Far",35.2312573,33.00293161,06/07/21,3355, 0.9626764,15,0.650287840157117,-0.759687912858821,437.817713,"Ein Yaakov Far",709.617305
"911","T4","Ein Yaakov Near 1","Mediterranean Maquis","Galilee","Ein Yaakov","Near",35.22499569,33.00561653,06/07/21,3355, 0.9626764,15,0.650287840157117,-0.759687912858821,56.296719,"Ein Yaakov Near",56.383813
"912","T4","Ein Yaakov Near 2","Mediterranean Maquis","Galilee","Ein Yaakov","Near",35.22589054,33.00549872,06/07/21,3355, 0.9626764,15,0.650287840157117,-0.759687912858821,34.052597,"Ein Yaakov Near",136.052003
"913","T4","Ein Yaakov Near 3","Mediterranean Maquis","Galilee","Ein Yaakov","Near",35.22617988,33.00555973,06/07/21,3355, 0.9626764,15,0.650287840157117,-0.759687912858821,25.497279,"Ein Yaakov Near",159.573427
"914","T4","Ein Yaakov Near 4","Mediterranean Maquis","Galilee","Ein Yaakov","Near",35.22685781,33.00556226,06/07/21,3355, 0.9626764,15,0.650287840157117,-0.759687912858821,24.412534,"Ein Yaakov Near",221.233383
"915","T4","Ein Yaakov Near 5","Mediterranean Maquis","Galilee","Ein Yaakov","Near",35.22727087,33.00574896,06/07/21,3355, 0.9626764,15,0.650287840157117,-0.759687912858821,14.920976,"Ein Yaakov Near",256.639752
"916","T4","Ein Yaakov Near 6","Mediterranean Maquis","Galilee","Ein Yaakov","Near",35.22744823,33.00577792,06/07/21,3355, 0.9626764,15,0.650287840157117,-0.759687912858821,16.312637,"Ein Yaakov Near",272.888018
"917","T4","Ein Yaakov Near 7","Mediterranean Maquis","Galilee","Ein Yaakov","Near",35.22794344,33.00578073,06/07/21,3355, 0.9626764,15,0.650287840157117,-0.759687912858821,28.531562,"Ein Yaakov Near",319.035123
"918","T4","Ein Yaakov Near 8","Mediterranean Maquis","Galilee","Ein Yaakov","Near",35.22839338,33.00568429,06/07/21,3355, 0.9626764,15,0.650287840157117,-0.759687912858821,53.571154,"Ein Yaakov Near",358.088511
"919","T4","Ein Yaakov Near 9","Mediterranean Maquis","Galilee","Ein Yaakov","Near",35.22884231,33.00583078,06/07/21,3355, 0.9626764,15,0.650287840157117,-0.759687912858821,54.343384,"Ein Yaakov Near",355.519329
"920","T4","Givat Yearim Far 1","Mediterranean Maquis","Judea","Givat Yearim","Far",35.09062842,31.77569678,11/07/21,3360, 0.9667314,20,0.912945250727628,0.408082061813392,434.240512,"Givat Yearim Far",496.095714
"921","T4","Givat Yearim Far 3","Mediterranean Maquis","Judea","Givat Yearim","Far",35.0932439,31.77513186,11/07/21,3360, 0.9667314,20,0.912945250727628,0.408082061813392,254.372948,"Givat Yearim Far",356.553603
"922","T4","Givat Yearim Far 5","Mediterranean Maquis","Judea","Givat Yearim","Far",35.09231787,31.77492009,11/07/21,3360, 0.9667314,20,0.912945250727628,0.408082061813392,338.539442,"Givat Yearim Far",427.954391
"923","T4","Givat Yearim Far 9","Mediterranean Maquis","Judea","Givat Yearim","Far",35.08978251,31.77560928,11/07/21,3360, 0.9667314,20,0.912945250727628,0.408082061813392,504.712356,"Givat Yearim Far",571.379182
"924","T4","Givat Yearim Near 1","Mediterranean Maquis","Judea","Givat Yearim","Near",35.09519689,31.78676729,11/07/21,3360, 0.9667314,20,0.912945250727628,0.408082061813392,58.352524,"Givat Yearim Near",384.858668
"925","T4","Givat Yearim Near 2","Mediterranean Maquis","Judea","Givat Yearim","Near",35.09438686,31.78694085,11/07/21,3360, 0.9667314,20,0.912945250727628,0.408082061813392,53.52037,"Givat Yearim Near",415.840935
"926","T4","Givat Yearim Near 3","Mediterranean Maquis","Judea","Givat Yearim","Near",35.09623691,31.78633582,11/07/21,3360, 0.9667314,20,0.912945250727628,0.408082061813392,37.815981,"Givat Yearim Near",289.828726
"927","T4","Givat Yearim Near 4","Mediterranean Maquis","Judea","Givat Yearim","Near",35.09525556,31.78662138,11/07/21,3360, 0.9667314,20,0.912945250727628,0.408082061813392,44.413929,"Givat Yearim Near",368.773418
"928","T4","Givat Yearim Near 5","Mediterranean Maquis","Judea","Givat Yearim","Near",35.09566795,31.78655583,11/07/21,3360, 0.9667314,20,0.912945250727628,0.408082061813392,48.522408,"Givat Yearim Near",339.315537
"929","T4","Givat Yearim Near 6","Mediterranean Maquis","Judea","Givat Yearim","Near",35.09661645,31.78653844,11/07/21,3360, 0.9667314,20,0.912945250727628,0.408082061813392,67.438066,"Givat Yearim Near",294.807975
"930","T4","Givat Yearim Near 8","Mediterranean Maquis","Judea","Givat Yearim","Near",35.09494744,31.78660912,11/07/21,3360, 0.9667314,20,0.912945250727628,0.408082061813392,34.833077,"Givat Yearim Near",387.101802
"931","T4","Givat Yearim Near 9","Mediterranean Maquis","Judea","Givat Yearim","Near",35.09423733,31.78676302,11/07/21,3360, 0.9667314,20,0.912945250727628,0.408082061813392,30.01104,"Givat Yearim Near",392.077851
"932","T4","Givat Yeshayahu Far 2","Mediterranean Maquis","Judea","Givat Yeshayahu","Far",34.95731324,31.66098671,28/06/21,3347, 0.9561884,7,0.656986598718789,0.753902254343305,504.222987,"Givat Yeshayahu Far",214.967701
"933","T4","Givat Yeshayahu Far 3","Mediterranean Maquis","Judea","Givat Yeshayahu","Far",34.95642174,31.66112683,28/06/21,3347, 0.9561884,7,0.656986598718789,0.753902254343305,517.671297,"Givat Yeshayahu Far",273.904026
"934","T4","Givat Yeshayahu Far 4","Mediterranean Maquis","Judea","Givat Yeshayahu","Far",34.95593492,31.66149668,28/06/21,3347, 0.9561884,7,0.656986598718789,0.753902254343305,502.601378,"Givat Yeshayahu Far",293.826528
"935","T4","Givat Yeshayahu Far 5","Mediterranean Maquis","Judea","Givat Yeshayahu","Far",34.95621521,31.66179233,28/06/21,3347, 0.9561884,7,0.656986598718789,0.753902254343305,460.861768,"Givat Yeshayahu Far",333.805648
"936","T4","Givat Yeshayahu Far 6","Mediterranean Maquis","Judea","Givat Yeshayahu","Far",34.95611664,31.66211594,28/06/21,3347, 0.9561884,7,0.656986598718789,0.753902254343305,435.304298,"Givat Yeshayahu Far",364.356214
"937","T4","Givat Yeshayahu Far 7","Mediterranean Maquis","Judea","Givat Yeshayahu","Far",34.95610189,31.66254171,28/06/21,3347, 0.9561884,7,0.656986598718789,0.753902254343305,397.677903,"Givat Yeshayahu Far",409.05449
"938","T4","Givat Yeshayahu Far 8","Mediterranean Maquis","Judea","Givat Yeshayahu","Far",34.95535959,31.66265786,28/06/21,3347, 0.9561884,7,0.656986598718789,0.753902254343305,430.44494,"Givat Yeshayahu Far",408.136952
"939","T4","Givat Yeshayahu Far 9","Mediterranean Maquis","Judea","Givat Yeshayahu","Far",34.95870262,31.66062599,28/06/21,3347, 0.9561884,7,0.656986598718789,0.753902254343305,527.92443,"Givat Yeshayahu Far",149.30085
"940","T4","Givat Yeshayahu Near 1","Mediterranean Maquis","Judea","Givat Yeshayahu","Near",34.95118238,31.6723577,28/06/21,3347, 0.9561884,7,0.656986598718789,0.753902254343305,120.472436,"Givat Yeshayahu Near",75.973365
"941","T4","Givat Yeshayahu Near 2","Mediterranean Maquis","Judea","Givat Yeshayahu","Near",34.95121155,31.67209148,28/06/21,3347, 0.9561884,7,0.656986598718789,0.753902254343305,97.597291,"Givat Yeshayahu Near",101.403787
"942","T4","Givat Yeshayahu Near 3","Mediterranean Maquis","Judea","Givat Yeshayahu","Near",34.95325204,31.6705255,28/06/21,3347, 0.9561884,7,0.656986598718789,0.753902254343305,50.53952,"Givat Yeshayahu Near",358.426745
"943","T4","Givat Yeshayahu Near 4","Mediterranean Maquis","Judea","Givat Yeshayahu","Near",34.95195284,31.67198904,28/06/21,3347, 0.9561884,7,0.656986598718789,0.753902254343305,127.663345,"Givat Yeshayahu Near",157.653749
"944","T4","Givat Yeshayahu Near 5","Mediterranean Maquis","Judea","Givat Yeshayahu","Near",34.95227672,31.67171054,28/06/21,3347, 0.9561884,7,0.656986598718789,0.753902254343305,118.762847,"Givat Yeshayahu Near",200.922019
"945","T4","Givat Yeshayahu Near 6","Mediterranean Maquis","Judea","Givat Yeshayahu","Near",34.95339923,31.6709247,28/06/21,3347, 0.9561884,7,0.656986598718789,0.753902254343305,96.278921,"Givat Yeshayahu Near",338.459281
"946","T4","Givat Yeshayahu Near 7","Mediterranean Maquis","Judea","Givat Yeshayahu","Near",34.953614,31.6709883,28/06/21,3347, 0.9561884,7,0.656986598718789,0.753902254343305,111.88056,"Givat Yeshayahu Near",350.232735
"947","T4","Givat Yeshayahu Near 8","Mediterranean Maquis","Judea","Givat Yeshayahu","Near",34.95019332,31.6728599,28/06/21,3347, 0.9561884,7,0.656986598718789,0.753902254343305,145.602466,"Givat Yeshayahu Near",16.436947
"948","T4","Givat Yeshayahu Near 9","Mediterranean Maquis","Judea","Givat Yeshayahu","Near",34.95292984,31.67136642,28/06/21,3347, 0.9561884,7,0.656986598718789,0.753902254343305,119.413306,"Givat Yeshayahu Near",273.202141
"949","T4","Goren Far 1","Mediterranean Maquis","Galilee","Goren","Far",35.25378417,33.0470361,17/08/21,3397, 0.9967386,57,0.436164755247825,0.899866826969194,1061.610036,"Goren Far",84.120297
"950","T4","Goren Far 2","Mediterranean Maquis","Galilee","Goren","Far",35.25410134,33.04738852,17/08/21,3397, 0.9967386,57,0.436164755247825,0.899866826969194,1083.692377,"Goren Far",97.615607
"951","T4","Goren Far 3","Mediterranean Maquis","Galilee","Goren","Far",35.25415532,33.04810488,17/08/21,3397, 0.9967386,57,0.436164755247825,0.899866826969194,1005.692004,"Goren Far",114.442534
"952","T4","Goren Far 4","Mediterranean Maquis","Galilee","Goren","Far",35.2553013,33.04867228,17/08/21,3397, 0.9967386,57,0.436164755247825,0.899866826969194,962.590966,"Goren Far",181.65684
"953","T4","Goren Far 5","Mediterranean Maquis","Galilee","Goren","Far",35.25680467,33.04933298,17/08/21,3397, 0.9967386,57,0.436164755247825,0.899866826969194,931.796774,"Goren Far",56.018253
"954","T4","Goren Far 6","Mediterranean Maquis","Galilee","Goren","Far",35.25547866,33.05046974,17/08/21,3397, 0.9967386,57,0.436164755247825,0.899866826969194,772.796533,"Goren Far",14.059513
"955","T4","Goren Far 7","Mediterranean Maquis","Galilee","Goren","Far",35.25478967,33.05095254,17/08/21,3397, 0.9967386,57,0.436164755247825,0.899866826969194,705.271349,"Goren Far",95.049774
"956","T4","Goren Far 8","Mediterranean Maquis","Galilee","Goren","Far",35.25504481,33.05405498,17/08/21,3397, 0.9967386,57,0.436164755247825,0.899866826969194,385.628239,"Goren Far",26.291102
"957","T4","Goren Far 9","Mediterranean Maquis","Galilee","Goren","Far",35.25563926,33.05447341,17/08/21,3397, 0.9967386,57,0.436164755247825,0.899866826969194,375.282149,"Goren Far",94.156951
"958","T4","Goren Near 1","Mediterranean Maquis","Galilee","Goren","Near",35.23010228,33.05612322,17/08/21,3397, 0.9967386,57,0.436164755247825,0.899866826969194,26.879825,"Goren Near",232.14993
"959","T4","Goren Near 2","Mediterranean Maquis","Galilee","Goren","Near",35.23098439,33.05624996,17/08/21,3397, 0.9967386,57,0.436164755247825,0.899866826969194,0,"Goren Near",183.320144
"960","T4","Goren Near 3","Mediterranean Maquis","Galilee","Goren","Near",35.23122344,33.05582367,17/08/21,3397, 0.9967386,57,0.436164755247825,0.899866826969194,0,"Goren Near",132.204697
"961","T4","Goren Near 4","Mediterranean Maquis","Galilee","Goren","Near",35.23138773,33.05536815,17/08/21,3397, 0.9967386,57,0.436164755247825,0.899866826969194,6.91956,"Goren Near",85.77054
"962","T4","Goren Near 5","Mediterranean Maquis","Galilee","Goren","Near",35.2314987,33.05501352,17/08/21,3397, 0.9967386,57,0.436164755247825,0.899866826969194,0.546786,"Goren Near",59.470968
"963","T4","Goren Near 6","Mediterranean Maquis","Galilee","Goren","Near",35.23146283,33.05471986,17/08/21,3397, 0.9967386,57,0.436164755247825,0.899866826969194,7.141892,"Goren Near",63.118594
"964","T4","Goren Near 7","Mediterranean Maquis","Galilee","Goren","Near",35.2314407,33.05413058,17/08/21,3397, 0.9967386,57,0.436164755247825,0.899866826969194,15.743768,"Goren Near",89.62378
"965","T4","Goren Near 8","Mediterranean Maquis","Galilee","Goren","Near",35.23138437,33.05365594,17/08/21,3397, 0.9967386,57,0.436164755247825,0.899866826969194,26.250445,"Goren Near",125.235495
"966","T4","Goren Near 9","Mediterranean Maquis","Galilee","Goren","Near",35.22900291,33.05528891,17/08/21,3397, 0.9967386,57,0.436164755247825,0.899866826969194,86.442592,"Goren Near",292.3554
"967","T4","Iftach Far 1","Mediterranean Maquis","Galilee","Iftach","Far",35.5567541,33.12482288,09/09/21,3420, 1.0153917,80,-0.993888653923375,-0.110387243839048,139.543143,"Iftach Far",79.27787
"968","T4","Iftach Far 2","Mediterranean Maquis","Galilee","Iftach","Far",35.55652276,33.12425204,09/09/21,3420, 1.0153917,80,-0.993888653923375,-0.110387243839048,122.896872,"Iftach Far",63.914608
"969","T4","Iftach Far 3","Mediterranean Maquis","Galilee","Iftach","Far",35.55759866,33.12450672,09/09/21,3420, 1.0153917,80,-0.993888653923375,-0.110387243839048,220.82869,"Iftach Far",160.641969
"970","T4","Iftach Far 4","Mediterranean Maquis","Galilee","Iftach","Far",35.55761576,33.12410603,09/09/21,3420, 1.0153917,80,-0.993888653923375,-0.110387243839048,225.844965,"Iftach Far",166.947555
"971","T4","Iftach Far 5","Mediterranean Maquis","Galilee","Iftach","Far",35.55815455,33.12471506,09/09/21,3420, 1.0153917,80,-0.993888653923375,-0.110387243839048,270.771152,"Iftach Far",210.561238
"972","T4","Iftach Far 6","Mediterranean Maquis","Galilee","Iftach","Far",35.55820215,33.12437475,09/09/21,3420, 1.0153917,80,-0.993888653923375,-0.110387243839048,278.109398,"Iftach Far",217.891222
"973","T4","Iftach Far 7","Mediterranean Maquis","Galilee","Iftach","Far",35.55803921,33.12404706,09/09/21,3420, 1.0153917,80,-0.993888653923375,-0.110387243839048,265.749721,"Iftach Far",206.94159
"974","T4","Iftach Far 9","Mediterranean Maquis","Galilee","Iftach","Far",35.5575772,33.12365536,09/09/21,3420, 1.0153917,80,-0.993888653923375,-0.110387243839048,226.109484,"Iftach Far",169.99898
"975","T4","Iftach Near 1","Mediterranean Maquis","Galilee","Iftach","Near",35.55395823,33.13159298,09/09/21,3420, 1.0153917,80,-0.993888653923375,-0.110387243839048,13.965463,"Iftach Near",103.374679
"976","T4","Iftach Near 2","Mediterranean Maquis","Galilee","Iftach","Near",35.55468176,33.13106289,09/09/21,3420, 1.0153917,80,-0.993888653923375,-0.110387243839048,18.062175,"Iftach Near",117.744674
"977","T4","Iftach Near 3","Mediterranean Maquis","Galilee","Iftach","Near",35.55506364,33.13091661,09/09/21,3420, 1.0153917,80,-0.993888653923375,-0.110387243839048,36.570528,"Iftach Near",92.675878
"978","T4","Iftach Near 4","Mediterranean Maquis","Galilee","Iftach","Near",35.55530537,33.12991314,09/09/21,3420, 1.0153917,80,-0.993888653923375,-0.110387243839048,0,"Iftach Near",135.768275
"979","T4","Iftach Near 5","Mediterranean Maquis","Galilee","Iftach","Near",35.55545423,33.12964753,09/09/21,3420, 1.0153917,80,-0.993888653923375,-0.110387243839048,0,"Iftach Near",152.334832
"980","T4","Iftach Near 6","Mediterranean Maquis","Galilee","Iftach","Near",35.55556454,33.12922777,09/09/21,3420, 1.0153917,80,-0.993888653923375,-0.110387243839048,0,"Iftach Near",190.861189
"981","T4","Iftach Near 7","Mediterranean Maquis","Galilee","Iftach","Near",35.55554811,33.12861428,09/09/21,3420, 1.0153917,80,-0.993888653923375,-0.110387243839048,0,"Iftach Near",256.557823
"982","T4","Iftach Near 8","Mediterranean Maquis","Galilee","Iftach","Near",35.55546563,33.1280662,09/09/21,3420, 1.0153917,80,-0.993888653923375,-0.110387243839048,0,"Iftach Near",262.360659
"983","T4","Iftach Near 9","Mediterranean Maquis","Galilee","Iftach","Near",35.55609696,33.12769193,09/09/21,3420, 1.0153917,80,-0.993888653923375,-0.110387243839048,53.87814,"Iftach Near",238.071537
"984","T4","Kerem Maharal Far 1","Mediterranean Maquis","Carmel","Kerem Maharal","Far",35.00434946,32.67146749,24/07/21,3373, 0.9772745,33,0.999911860107267,-0.0132767472230595,2088.949755,"Kerem Maharal Far",475.975424
"985","T4","Kerem Maharal Far 3","Mediterranean Maquis","Carmel","Kerem Maharal","Far",35.00511825,32.67174859,24/07/21,3373, 0.9772745,33,0.999911860107267,-0.0132767472230595,2072.350991,"Kerem Maharal Far",528.90137
"986","T4","Kerem Maharal Far 4","Mediterranean Maquis","Carmel","Kerem Maharal","Far",35.00563491,32.67189648,24/07/21,3373, 0.9772745,33,0.999911860107267,-0.0132767472230595,2067.222699,"Kerem Maharal Far",562.26356
"987","T4","Kerem Maharal Far 5","Mediterranean Maquis","Carmel","Kerem Maharal","Far",35.00558663,32.67200429,24/07/21,3373, 0.9772745,33,0.999911860107267,-0.0132767472230595,2054.536155,"Kerem Maharal Far",571.425218
"988","T4","Kerem Maharal Far 6","Mediterranean Maquis","Carmel","Kerem Maharal","Far",35.00599064,32.67183862,24/07/21,3373, 0.9772745,33,0.999911860107267,-0.0132767472230595,2081.561642,"Kerem Maharal Far",571.101155
"989","T4","Kerem Maharal Far 7","Mediterranean Maquis","Carmel","Kerem Maharal","Far",35.00638459,32.67173843,24/07/21,3373, 0.9772745,33,0.999911860107267,-0.0132767472230595,2101.82988,"Kerem Maharal Far",579.43883
"990","T4","Kerem Maharal Far 8","Mediterranean Maquis","Carmel","Kerem Maharal","Far",35.00679228,32.67161453,24/07/21,3373, 0.9772745,33,0.999911860107267,-0.0132767472230595,2125.491363,"Kerem Maharal Far",588.88943
"991","T4","Kerem Maharal Far 9","Mediterranean Maquis","Carmel","Kerem Maharal","Far",35.00742126,32.67163118,24/07/21,3373, 0.9772745,33,0.999911860107267,-0.0132767472230595,2141.035083,"Kerem Maharal Far",607.828864
"992","T4","Kerem Maharal Near 1","Mediterranean Maquis","Carmel","Kerem Maharal","Near",34.9909468,32.65551083,23/07/21,3372, 0.9764635,32,0.551426681241691,0.83422336050651,384.358236,"Kerem Maharal Near",100.550256
"993","T4","Kerem Maharal Near 2","Mediterranean Maquis","Carmel","Kerem Maharal","Near",34.99141987,32.65550801,23/07/21,3372, 0.9764635,32,0.551426681241691,0.83422336050651,389.040154,"Kerem Maharal Near",67.737381
"994","T4","Kerem Maharal Near 3","Mediterranean Maquis","Carmel","Kerem Maharal","Near",34.99162272,32.65497563,23/07/21,3372, 0.9764635,32,0.551426681241691,0.83422336050651,333.633724,"Kerem Maharal Near",14.76143
"995","T4","Kerem Maharal Near 4","Mediterranean Maquis","Carmel","Kerem Maharal","Near",34.99132667,32.65722058,23/07/21,3372, 0.9764635,32,0.551426681241691,0.83422336050651,576.218681,"Kerem Maharal Near",34.590251
"996","T4","Kerem Maharal Near 6","Mediterranean Maquis","Carmel","Kerem Maharal","Near",34.9908898,32.6579957,23/07/21,3372, 0.9764635,32,0.551426681241691,0.83422336050651,659.518429,"Kerem Maharal Near",30.262206
"997","T4","Kerem Maharal Near 7","Mediterranean Maquis","Carmel","Kerem Maharal","Near",34.9910276,32.65766121,23/07/21,3372, 0.9764635,32,0.551426681241691,0.83422336050651,622.910437,"Kerem Maharal Near",39.841835
"998","T4","Kerem Maharal Near 8","Mediterranean Maquis","Carmel","Kerem Maharal","Near",34.99062125,32.65740632,23/07/21,3372, 0.9764635,32,0.551426681241691,0.83422336050651,594.017126,"Kerem Maharal Near",86.320369
"999","T4","Kerem Maharal Near 9","Mediterranean Maquis","Carmel","Kerem Maharal","Near",34.99049015,32.65708791,23/07/21,3372, 0.9764635,32,0.551426681241691,0.83422336050651,559.038327,"Kerem Maharal Near",112.146587
"1000","T4","Kfar Shamai Far 1","Mediterranean Maquis","Galilee","Kfar Shamai","Far",35.46819996,32.97061932,09/11/21,3481, 1.0648629,141,0.363171365373259,-0.93172236174352,1144.780012,"Kfar Shamai Far",971.774948
"1001","T4","Kfar Shamai Far 2","Mediterranean Maquis","Galilee","Kfar Shamai","Far",35.4681604,32.96982892,09/11/21,3481, 1.0648629,141,0.363171365373259,-0.93172236174352,1113.781127,"Kfar Shamai Far",931.758144
"1002","T4","Kfar Shamai Far 3","Mediterranean Maquis","Galilee","Kfar Shamai","Far",35.46967886,32.9697285,09/11/21,3481, 1.0648629,141,0.363171365373259,-0.93172236174352,978.107867,"Kfar Shamai Far",1060.846615
"1003","T4","Kfar Shamai Far 4","Mediterranean Maquis","Galilee","Kfar Shamai","Far",35.47017977,32.96841659,09/11/21,3481, 1.0648629,141,0.363171365373259,-0.93172236174352,884.881044,"Kfar Shamai Far",1042.829
"1004","T4","Kfar Shamai Far 5","Mediterranean Maquis","Galilee","Kfar Shamai","Far",35.46928927,32.96867087,09/11/21,3481, 1.0648629,141,0.363171365373259,-0.93172236174352,972.683771,"Kfar Shamai Far",993.384288
"1005","T4","Kfar Shamai Far 6","Mediterranean Maquis","Galilee","Kfar Shamai","Far",35.47041882,32.96801913,09/11/21,3481, 1.0648629,141,0.363171365373259,-0.93172236174352,852.072085,"Kfar Shamai Far",1020.725695
"1006","T4","Kfar Shamai Far 7","Mediterranean Maquis","Galilee","Kfar Shamai","Far",35.47033869,32.96712716,09/11/21,3481, 1.0648629,141,0.363171365373259,-0.93172236174352,842.0108,"Kfar Shamai Far",939.620844
"1007","T4","Kfar Shamai Far 8","Mediterranean Maquis","Galilee","Kfar Shamai","Far",35.46874881,32.96712463,09/11/21,3481, 1.0648629,141,0.363171365373259,-0.93172236174352,989.509918,"Kfar Shamai Far",848.935001
"1008","T4","Kfar Shamai Far 9","Mediterranean Maquis","Galilee","Kfar Shamai","Far",35.46805378,32.96682336,09/11/21,3481, 1.0648629,141,0.363171365373259,-0.93172236174352,1050.002778,"Kfar Shamai Far",785.865395
"1009","T4","Kfar Shamai Near 1","Mediterranean Maquis","Galilee","Kfar Shamai","Near",35.45958437,32.96584868,09/11/21,3481, 1.0648629,141,0.363171365373259,-0.93172236174352,399.990828,"Kfar Shamai Near",85.939988
"1010","T4","Kfar Shamai Near 2","Mediterranean Maquis","Galilee","Kfar Shamai","Near",35.45941975,32.96566021,09/11/21,3481, 1.0648629,141,0.363171365373259,-0.93172236174352,374.337375,"Kfar Shamai Near",79.247303
"1011","T4","Kfar Shamai Near 3","Mediterranean Maquis","Galilee","Kfar Shamai","Near",35.45939494,32.96522448,09/11/21,3481, 1.0648629,141,0.363171365373259,-0.93172236174352,338.604966,"Kfar Shamai Near",88.792653
"1012","T4","Kfar Shamai Near 4","Mediterranean Maquis","Galilee","Kfar Shamai","Near",35.45916695,32.96489227,09/11/21,3481, 1.0648629,141,0.363171365373259,-0.93172236174352,297.665438,"Kfar Shamai Near",74.356985
"1013","T4","Kfar Shamai Near 5","Mediterranean Maquis","Galilee","Kfar Shamai","Near",35.45893896,32.96447454,09/11/21,3481, 1.0648629,141,0.363171365373259,-0.93172236174352,250.475609,"Kfar Shamai Near",51.779106
"1014","T4","Kfar Shamai Near 6","Mediterranean Maquis","Galilee","Kfar Shamai","Near",35.45884408,32.9639983,09/11/21,3481, 1.0648629,141,0.363171365373259,-0.93172236174352,207.958372,"Kfar Shamai Near",42.480051
"1015","T4","Kfar Shamai Near 7","Mediterranean Maquis","Galilee","Kfar Shamai","Near",35.45859396,32.96367762,09/11/21,3481, 1.0648629,141,0.363171365373259,-0.93172236174352,166.598113,"Kfar Shamai Near",27.482102
"1016","T4","Kfar Shamai Near 8","Mediterranean Maquis","Galilee","Kfar Shamai","Near",35.45886017,32.96308745,09/11/21,3481, 1.0648629,141,0.363171365373259,-0.93172236174352,140.145464,"Kfar Shamai Near",52.783349
"1017","T4","Kfar Shamai Near 9","Mediterranean Maquis","Galilee","Kfar Shamai","Near",35.45909386,32.96230598,09/11/21,3481, 1.0648629,141,0.363171365373259,-0.93172236174352,101.91006,"Kfar Shamai Near",40.857825
"1018","T4","Kisalon Far 1","Mediterranean Maquis","Judea","Kisalon","Far",35.0407571,31.76838022,19/11/21,3491, 1.0729730,151,0.202149881415654,0.979354596376429,664.055826,"Kisalon Far",1227.908663
"1019","T4","Kisalon Far 2","Mediterranean Maquis","Judea","Kisalon","Far",35.04021864,31.7682967,19/11/21,3491, 1.0729730,151,0.202149881415654,0.979354596376429,706.780275,"Kisalon Far",1279.378542
"1020","T4","Kisalon Far 3","Mediterranean Maquis","Judea","Kisalon","Far",35.03969327,31.76815133,19/11/21,3491, 1.0729730,151,0.202149881415654,0.979354596376429,754.284144,"Kisalon Far",1330.274483
"1021","T4","Kisalon Far 4","Mediterranean Maquis","Judea","Kisalon","Far",35.03931843,31.76814249,19/11/21,3491, 1.0729730,151,0.202149881415654,0.979354596376429,781.720681,"Kisalon Far",1365.767534
"1022","T4","Kisalon Far 6","Mediterranean Maquis","Judea","Kisalon","Far",35.04088886,31.76878213,19/11/21,3491, 1.0729730,151,0.202149881415654,0.979354596376429,623.699211,"Kisalon Far",1213.315665
"1023","T4","Kisalon Far 7","Mediterranean Maquis","Judea","Kisalon","Far",35.03759176,31.76795265,19/11/21,3491, 1.0729730,151,0.202149881415654,0.979354596376429,894.861418,"Kisalon Far",1530.43154
"1024","T4","Kisalon Far 8","Mediterranean Maquis","Judea","Kisalon","Far",35.03793072,31.76831893,19/11/21,3491, 1.0729730,151,0.202149881415654,0.979354596376429,843.326484,"Kisalon Far",1495.53016
"1025","T4","Kisalon Far 9","Mediterranean Maquis","Judea","Kisalon","Far",35.03747307,31.76757924,19/11/21,3491, 1.0729730,151,0.202149881415654,0.979354596376429,935.807787,"Kisalon Far",1545.642972
"1026","T4","Kisalon Near 1","Mediterranean Maquis","Judea","Kisalon","Near",35.05114663,31.77483771,19/11/21,3491, 1.0729730,151,0.202149881415654,0.979354596376429,0,"Kisalon Near",113.059068
"1027","T4","Kisalon Near 2","Mediterranean Maquis","Judea","Kisalon","Near",35.05175952,31.77496398,19/11/21,3491, 1.0729730,151,0.202149881415654,0.979354596376429,24.262172,"Kisalon Near",68.334375
"1028","T4","Kisalon Near 3","Mediterranean Maquis","Judea","Kisalon","Near",35.05276669,31.77486964,19/11/21,3491, 1.0729730,151,0.202149881415654,0.979354596376429,44.78946,"Kisalon Near",49.395703
"1029","T4","Kisalon Near 7","Mediterranean Maquis","Judea","Kisalon","Near",35.05564872,31.77432894,19/11/21,3491, 1.0729730,151,0.202149881415654,0.979354596376429,135.30574,"Kisalon Near",0
"1030","T4","Kisalon Near 8","Mediterranean Maquis","Judea","Kisalon","Near",35.05522527,31.77460086,19/11/21,3491, 1.0729730,151,0.202149881415654,0.979354596376429,142.431511,"Kisalon Near",0
"1031","T4","Kisalon Near 9","Mediterranean Maquis","Judea","Kisalon","Near",35.05229294,31.77481035,19/11/21,3491, 1.0729730,151,0.202149881415654,0.979354596376429,24.239773,"Kisalon Near",73.176331
"1032","T4","Margaliot Far 1","Mediterranean Maquis","Galilee","Margaliot","Far",35.54384597,33.20594116,18/01/22,3551, 1.1216332,-154,0.0619203372560573,-0.9980810948185,533.572476,"Margaliot Far",76.483031
"1033","T4","Margaliot Far 2","Mediterranean Maquis","Galilee","Margaliot","Far",35.54317206,33.20639057,18/01/22,3551, 1.1216332,-154,0.0619203372560573,-0.9980810948185,513.657128,"Margaliot Far",33.093444
"1034","T4","Margaliot Far 3","Mediterranean Maquis","Galilee","Margaliot","Far",35.54174647,33.20642339,18/01/22,3551, 1.1216332,-154,0.0619203372560573,-0.9980810948185,541.685236,"Margaliot Far",57.435932
"1035","T4","Margaliot Far 4","Mediterranean Maquis","Galilee","Margaliot","Far",35.54174647,33.20642339,18/01/22,3551, 1.1216332,-154,0.0619203372560573,-0.9980810948185,580.228146,"Margaliot Far",113.487102
"1036","T4","Margaliot Far 5","Mediterranean Maquis","Galilee","Margaliot","Far",35.5414645,33.20764648,18/01/22,3551, 1.1216332,-154,0.0619203372560573,-0.9980810948185,482.434051,"Margaliot Far",158.350692
"1037","T4","Margaliot Far 6","Mediterranean Maquis","Galilee","Margaliot","Far",35.54081172,33.20751547,18/01/22,3551, 1.1216332,-154,0.0619203372560573,-0.9980810948185,530.317934,"Margaliot Far",205.641161
"1038","T4","Margaliot Far 7","Mediterranean Maquis","Galilee","Margaliot","Far",35.54024275,33.20725767,18/01/22,3551, 1.1216332,-154,0.0619203372560573,-0.9980810948185,586.137193,"Margaliot Far",169.894284
"1039","T4","Margaliot Far 8","Mediterranean Maquis","Galilee","Margaliot","Far",35.54031249,33.20640067,18/01/22,3551, 1.1216332,-154,0.0619203372560573,-0.9980810948185,657.322766,"Margaliot Far",75.503551
"1040","T4","Margaliot Far 9","Mediterranean Maquis","Galilee","Margaliot","Far",35.54108061,33.20654682,18/01/22,3551, 1.1216332,-154,0.0619203372560573,-0.9980810948185,602.406331,"Margaliot Far",117.902536
"1041","T4","Margaliot Near 1","Mediterranean Maquis","Galilee","Margaliot","Near",35.54081742,33.21532825,18/01/22,3551, 1.1216332,-154,0.0619203372560573,-0.9980810948185,82.764237,"Margaliot Near",92.01965
"1042","T4","Margaliot Near 2","Mediterranean Maquis","Galilee","Margaliot","Near",35.54137398,33.21533779,18/01/22,3551, 1.1216332,-154,0.0619203372560573,-0.9980810948185,40.893286,"Margaliot Near",115.080508
"1043","T4","Margaliot Near 3","Mediterranean Maquis","Galilee","Margaliot","Near",35.54181788,33.21473107,18/01/22,3551, 1.1216332,-154,0.0619203372560573,-0.9980810948185,51.438301,"Margaliot Near",157.961078
"1044","T4","Margaliot Near 4","Mediterranean Maquis","Galilee","Margaliot","Near",35.54226514,33.2144141,18/01/22,3551, 1.1216332,-154,0.0619203372560573,-0.9980810948185,43.034105,"Margaliot Near",104.617018
"1045","T4","Margaliot Near 5","Mediterranean Maquis","Galilee","Margaliot","Near",35.54208811,33.21388031,18/01/22,3551, 1.1216332,-154,0.0619203372560573,-0.9980810948185,75.004902,"Margaliot Near",77.732067
"1046","T4","Margaliot Near 6","Mediterranean Maquis","Galilee","Margaliot","Near",35.54184571,33.21334679,18/01/22,3551, 1.1216332,-154,0.0619203372560573,-0.9980810948185,102.461095,"Margaliot Near",57.827859
"1047","T4","Margaliot Near 7","Mediterranean Maquis","Galilee","Margaliot","Near",35.54161873,33.2130834,18/01/22,3551, 1.1216332,-154,0.0619203372560573,-0.9980810948185,126.124196,"Margaliot Near",35.254654
"1048","T4","Margaliot Near 8","Mediterranean Maquis","Galilee","Margaliot","Near",35.54124959,33.21253697,18/01/22,3551, 1.1216332,-154,0.0619203372560573,-0.9980810948185,177.087557,"Margaliot Near",28.194266
"1049","T4","Margaliot Near 9","Mediterranean Maquis","Galilee","Margaliot","Near",35.54091565,33.21223571,18/01/22,3551, 1.1216332,-154,0.0619203372560573,-0.9980810948185,220.275541,"Margaliot Near",68.81243
"1050","T4","Nehusha Far 1","Mediterranean Maquis","Judea","Nehusha","Far",34.94557422,31.63888338,23/08/21,3403, 1.0016046,63,0.167355700302807,0.98589658158255,598.452015,"Nehusha Far",366.410038
"1051","T4","Nehusha Far 2","Mediterranean Maquis","Judea","Nehusha","Far",34.94553868,31.63818347,23/08/21,3403, 1.0016046,63,0.167355700302807,0.98589658158255,560.790223,"Nehusha Far",415.74666
"1052","T4","Nehusha Far 3","Mediterranean Maquis","Judea","Nehusha","Far",34.94553331,31.63771676,23/08/21,3403, 1.0016046,63,0.167355700302807,0.98589658158255,538.845573,"Nehusha Far",432.79849
"1053","T4","Nehusha Far 4","Mediterranean Maquis","Judea","Nehusha","Far",34.94564597,31.63732113,23/08/21,3403, 1.0016046,63,0.167355700302807,0.98589658158255,513.022731,"Nehusha Far",439.037767
"1054","T4","Nehusha Far 5","Mediterranean Maquis","Judea","Nehusha","Far",34.94599029,31.63716956,23/08/21,3403, 1.0016046,63,0.167355700302807,0.98589658158255,476.681199,"Nehusha Far",416.79648
"1055","T4","Nehusha Far 7","Mediterranean Maquis","Judea","Nehusha","Far",34.94690828,31.63770991,23/08/21,3403, 1.0016046,63,0.167355700302807,0.98589658158255,421.699462,"Nehusha Far",312.1723
"1056","T4","Nehusha Far 8","Mediterranean Maquis","Judea","Nehusha","Far",34.94749837,31.63754178,23/08/21,3403, 1.0016046,63,0.167355700302807,0.98589658158255,364.11256,"Nehusha Far",272.446858
"1057","T4","Nehusha Near 1","Mediterranean Maquis","Judea","Nehusha","Near",34.95164171,31.63578997,23/08/21,3403, 1.0016046,63,0.167355700302807,0.98589658158255,0,"Nehusha Near",64.044526
"1058","T4","Nehusha Near 2","Mediterranean Maquis","Judea","Nehusha","Near",34.95060403,31.63584849,23/08/21,3403, 1.0016046,63,0.167355700302807,0.98589658158255,15.135254,"Nehusha Near",158.727036
"1059","T4","Nehusha Near 3","Mediterranean Maquis","Judea","Nehusha","Near",34.95215502,31.63585819,23/08/21,3403, 1.0016046,63,0.167355700302807,0.98589658158255,0,"Nehusha Near",38.182082
"1060","T4","Nehusha Near 4","Mediterranean Maquis","Judea","Nehusha","Near",34.95247956,31.63586676,23/08/21,3403, 1.0016046,63,0.167355700302807,0.98589658158255,0,"Nehusha Near",26.624146
"1061","T4","Nehusha Near 5","Mediterranean Maquis","Judea","Nehusha","Near",34.95281853,31.63614907,23/08/21,3403, 1.0016046,63,0.167355700302807,0.98589658158255,12.517443,"Nehusha Near",64.529262
"1062","T4","Nehusha Near 6","Mediterranean Maquis","Judea","Nehusha","Near",34.95344616,31.63605772,23/08/21,3403, 1.0016046,63,0.167355700302807,0.98589658158255,28.959374,"Nehusha Near",100.39025
"1063","T4","Nehusha Near 7","Mediterranean Maquis","Judea","Nehusha","Near",34.95346326,31.63565095,23/08/21,3403, 1.0016046,63,0.167355700302807,0.98589658158255,0.126739,"Nehusha Near",64.571109
"1064","T4","Nehusha Near 8","Mediterranean Maquis","Judea","Nehusha","Near",34.95398026,31.63526045,23/08/21,3403, 1.0016046,63,0.167355700302807,0.98589658158255,7.868443,"Nehusha Near",60.292752
"1065","T4","Nehusha Near 9","Mediterranean Maquis","Judea","Nehusha","Near",34.95456666,31.63476176,23/08/21,3403, 1.0016046,63,0.167355700302807,0.98589658158255,24.837698,"Nehusha Near",82.574359
"1066","T4","Nir Etzion Far 1","Mediterranean Maquis","Carmel","Nir Etzion","Far",35.00610128,32.69843911,26/06/21,3345, 0.9545664,5,-0.958924274663138,0.283662185463226,680.679795,"Nir Etzion Far",554.578915
"1067","T4","Nir Etzion Far 2","Mediterranean Maquis","Carmel","Nir Etzion","Far",35.00644695,32.69825487,26/06/21,3345, 0.9545664,5,-0.958924274663138,0.283662185463226,708.053885,"Nir Etzion Far",516.403947
"1068","T4","Nir Etzion Far 3","Mediterranean Maquis","Carmel","Nir Etzion","Far",35.00670612,32.69812339,26/06/21,3345, 0.9545664,5,-0.958924274663138,0.283662185463226,729.087907,"Nir Etzion Far",488.233587
"1069","T4","Nir Etzion Far 4","Mediterranean Maquis","Carmel","Nir Etzion","Far",35.00710107,32.69792787,26/06/21,3345, 0.9545664,5,-0.958924274663138,0.283662185463226,762.129939,"Nir Etzion Far",445.75304
"1070","T4","Nir Etzion Far 5","Mediterranean Maquis","Carmel","Nir Etzion","Far",35.0075718,32.69805342,26/06/21,3345, 0.9545664,5,-0.958924274663138,0.283662185463226,807.848151,"Nir Etzion Far",421.622675
"1071","T4","Nir Etzion Far 7","Mediterranean Maquis","Carmel","Nir Etzion","Far",35.00910971,32.69798289,26/06/21,3345, 0.9545664,5,-0.958924274663138,0.283662185463226,916.79092,"Nir Etzion Far",325.17115
"1072","T4","Nir Etzion Far 9","Mediterranean Maquis","Carmel","Nir Etzion","Far",35.01045551,32.69863661,26/06/21,3345, 0.9545664,5,-0.958924274663138,0.283662185463226,1060.470765,"Nir Etzion Far",310.175609
"1073","T4","Nir Etzion Near 1","Mediterranean Maquis","Carmel","Nir Etzion","Near",34.99200728,32.7015954,26/06/21,3345, 0.9545664,5,-0.958924274663138,0.283662185463226,0,"Nir Etzion Near",731.945233
"1074","T4","Nir Etzion Near 3","Mediterranean Maquis","Carmel","Nir Etzion","Near",34.99297589,32.70143627,26/06/21,3345, 0.9545664,5,-0.958924274663138,0.283662185463226,11.174146,"Nir Etzion Near",771.307645
"1075","T4","Nir Etzion Near 4","Mediterranean Maquis","Carmel","Nir Etzion","Near",34.99339666,32.70100912,26/06/21,3345, 0.9545664,5,-0.958924274663138,0.283662185463226,0,"Nir Etzion Near",762.080539
"1076","T4","Nir Etzion Near 5","Mediterranean Maquis","Carmel","Nir Etzion","Near",34.99406688,32.70088413,26/06/21,3345, 0.9545664,5,-0.958924274663138,0.283662185463226,30.582524,"Nir Etzion Near",797.510668
"1077","T4","Nir Etzion Near 6","Mediterranean Maquis","Carmel","Nir Etzion","Near",34.99436527,32.7005893,26/06/21,3345, 0.9545664,5,-0.958924274663138,0.283662185463226,11.597703,"Nir Etzion Near",797.403251
"1078","T4","Nir Etzion Near 7","Mediterranean Maquis","Carmel","Nir Etzion","Near",34.99464389,32.7004677,26/06/21,3345, 0.9545664,5,-0.958924274663138,0.283662185463226,8.238525,"Nir Etzion Near",809.691034
"1079","T4","Nir Etzion Near 8","Mediterranean Maquis","Carmel","Nir Etzion","Near",34.99505695,32.70045077,26/06/21,3345, 0.9545664,5,-0.958924274663138,0.283662185463226,16.187728,"Nir Etzion Near",839.77068
"1080","T4","Nir Etzion Near 9","Mediterranean Maquis","Carmel","Nir Etzion","Near",34.99582775,32.70016892,26/06/21,3345, 0.9545664,5,-0.958924274663138,0.283662185463226,0,"Nir Etzion Near",883.054329
"1081","T4","Ofer Far 1","Mediterranean Maquis","Carmel","Ofer","Far",34.99040512,32.61497436,04/01/22,3537, 1.1102792,-168,0.99717328877408,-0.0751360908983532,526.78233,"Ofer Far",4.441672
"1082","T4","Ofer Far 2","Mediterranean Maquis","Carmel","Ofer","Far",34.99109767,32.61520953,04/01/22,3537, 1.1102792,-168,0.99717328877408,-0.0751360908983532,563.353742,"Ofer Far",24.229181
"1083","T4","Ofer Far 4","Mediterranean Maquis","Carmel","Ofer","Far",34.99221917,32.61554192,04/01/22,3537, 1.1102792,-168,0.99717328877408,-0.0751360908983532,636.911802,"Ofer Far",90.8799
"1084","T4","Ofer Far 5","Mediterranean Maquis","Carmel","Ofer","Far",34.99275897,32.61547584,04/01/22,3537, 1.1102792,-168,0.99717328877408,-0.0751360908983532,685.952633,"Ofer Far",100.051805
"1085","T4","Ofer Far 6","Mediterranean Maquis","Carmel","Ofer","Far",34.99345466,32.6153112,04/01/22,3537, 1.1102792,-168,0.99717328877408,-0.0751360908983532,753.051014,"Ofer Far",68.552047
"1086","T4","Ofer Far 7","Mediterranean Maquis","Carmel","Ofer","Far",34.99408465,32.61530018,04/01/22,3537, 1.1102792,-168,0.99717328877408,-0.0751360908983532,808.076525,"Ofer Far",31.004841
"1087","T4","Ofer Far 8","Mediterranean Maquis","Carmel","Ofer","Far",34.99427911,32.61476615,04/01/22,3537, 1.1102792,-168,0.99717328877408,-0.0751360908983532,848.472503,"Ofer Far",60.630696
"1088","T4","Ofer Far 9","Mediterranean Maquis","Carmel","Ofer","Far",34.9950318,32.61499123,04/01/22,3537, 1.1102792,-168,0.99717328877408,-0.0751360908983532,903.339475,"Ofer Far",16.950724
"1089","T4","Ofer Near 1","Mediterranean Maquis","Carmel","Ofer","Near",34.98243313,32.61686329,04/01/22,3537, 1.1102792,-168,0.99717328877408,-0.0751360908983532,67.803504,"Ofer Near",164.425138
"1090","T4","Ofer Near 2","Mediterranean Maquis","Carmel","Ofer","Near",34.98276204,32.61688305,04/01/22,3537, 1.1102792,-168,0.99717328877408,-0.0751360908983532,62.132865,"Ofer Near",145.518659
"1091","T4","Ofer Near 3","Mediterranean Maquis","Carmel","Ofer","Near",34.98313922,32.61719962,04/01/22,3537, 1.1102792,-168,0.99717328877408,-0.0751360908983532,27.93355,"Ofer Near",98.65649
"1092","T4","Ofer Near 4","Mediterranean Maquis","Carmel","Ofer","Near",34.98344567,32.61721996,04/01/22,3537, 1.1102792,-168,0.99717328877408,-0.0751360908983532,26.407143,"Ofer Near",86.941571
"1093","T4","Ofer Near 5","Mediterranean Maquis","Carmel","Ofer","Near",34.98368941,32.61715557,04/01/22,3537, 1.1102792,-168,0.99717328877408,-0.0751360908983532,34.125078,"Ofer Near",86.033296
"1094","T4","Ofer Near 6","Mediterranean Maquis","Carmel","Ofer","Near",34.98421915,32.6173219,04/01/22,3537, 1.1102792,-168,0.99717328877408,-0.0751360908983532,31.118735,"Ofer Near",55.389811
"1095","T4","Ofer Near 7","Mediterranean Maquis","Carmel","Ofer","Near",34.98475458,32.61698613,04/01/22,3537, 1.1102792,-168,0.99717328877408,-0.0751360908983532,87.455293,"Ofer Near",105.604256
"1096","T4","Ofer Near 8","Mediterranean Maquis","Carmel","Ofer","Near",34.98543452,32.61723634,04/01/22,3537, 1.1102792,-168,0.99717328877408,-0.0751360908983532,85.021862,"Ofer Near",131.625302
"1097","T4","Ofer Near 9","Mediterranean Maquis","Carmel","Ofer","Near",34.98607591,32.61800446,04/01/22,3537, 1.1102792,-168,0.99717328877408,-0.0751360908983532,1.497304,"Ofer Near",83.219076
"1098","T4","Yagur Far 1","Mediterranean Maquis","Carmel","Yagur","Far",35.05404375,32.75579481,10/06/21,3329, 0.9415903,-11,0.999990206550703,0.00442569798805079,367.409831,"Yagur Far",531.171879
"1099","T4","Yagur Far 2","Mediterranean Maquis","Carmel","Yagur","Far",35.05406085,32.75630262,10/06/21,3329, 0.9415903,-11,0.999990206550703,0.00442569798805079,327.499377,"Yagur Far",527.431871
"1100","T4","Yagur Far 3","Mediterranean Maquis","Carmel","Yagur","Far",35.05364846,32.75589152,10/06/21,3329, 0.9415903,-11,0.999990206550703,0.00442569798805079,387.242436,"Yagur Far",567.322677
"1101","T4","Yagur Far 4","Mediterranean Maquis","Carmel","Yagur","Far",35.05358342,32.75568795,10/06/21,3329, 0.9415903,-11,0.999990206550703,0.00442569798805079,408.11708,"Yagur Far",575.327911
"1102","T4","Yagur Far 5","Mediterranean Maquis","Carmel","Yagur","Far",35.05367495,32.75544038,10/06/21,3329, 0.9415903,-11,0.999990206550703,0.00442569798805079,418.852378,"Yagur Far",570.333977
"1103","T4","Yagur Far 7","Mediterranean Maquis","Carmel","Yagur","Far",35.05342986,32.75521199,10/06/21,3329, 0.9415903,-11,0.999990206550703,0.00442569798805079,452.550387,"Yagur Far",597.295481
"1104","T4","Yagur Far 8","Mediterranean Maquis","Carmel","Yagur","Far",35.05340036,32.75472476,10/06/21,3329, 0.9415903,-11,0.999990206550703,0.00442569798805079,488.032585,"Yagur Far",612.53074
"1105","T4","Yagur Far 9","Mediterranean Maquis","Carmel","Yagur","Far",35.05384192,32.75466837,10/06/21,3329, 0.9415903,-11,0.999990206550703,0.00442569798805079,459.182876,"Yagur Far",574.666465
"1106","T4","Yagur Near 1","Mediterranean Maquis","Carmel","Yagur","Near",35.07428505,32.73951763,10/06/21,3329, 0.9415903,-11,0.999990206550703,0.00442569798805079,22.256233,"Yagur Near",720.307428
"1107","T4","Yagur Near 2","Mediterranean Maquis","Carmel","Yagur","Near",35.07449292,32.73878863,10/06/21,3329, 0.9415903,-11,0.999990206550703,0.00442569798805079,39.114483,"Yagur Near",787.047539
"1108","T4","Yagur Near 3","Mediterranean Maquis","Carmel","Yagur","Near",35.07408153,32.73871869,10/06/21,3329, 0.9415903,-11,0.999990206550703,0.00442569798805079,63.847616,"Yagur Near",805.642104
"1109","T4","Yagur Near 4","Mediterranean Maquis","Carmel","Yagur","Near",35.07335097,32.73915045,10/06/21,3329, 0.9415903,-11,0.999990206550703,0.00442569798805079,99.100523,"Yagur Near",753.067298
"1110","T4","Yagur Near 5","Mediterranean Maquis","Carmel","Yagur","Near",35.07506859,32.73889156,10/06/21,3329, 0.9415903,-11,0.999990206550703,0.00442569798805079,28.873232,"Yagur Near",745.571628
"1111","T4","Yagur Near 6","Mediterranean Maquis","Carmel","Yagur","Near",35.07554568,32.73904103,10/06/21,3329, 0.9415903,-11,0.999990206550703,0.00442569798805079,35.243653,"Yagur Near",704.095303
"1112","T4","Yagur Near 7","Mediterranean Maquis","Carmel","Yagur","Near",35.07579513,32.73906416,10/06/21,3329, 0.9415903,-11,0.999990206550703,0.00442569798805079,29.039517,"Yagur Near",680.679357
"1113","T4","Yagur Near 8","Mediterranean Maquis","Carmel","Yagur","Near",35.07639058,32.73876973,10/06/21,3329, 0.9415903,-11,0.999990206550703,0.00442569798805079,68.654817,"Yagur Near",633.068939
"1114","T4","Yagur Near 9","Mediterranean Maquis","Carmel","Yagur","Near",35.0770333,32.73828071,10/06/21,3329, 0.9415903,-11,0.999990206550703,0.00442569798805079,81.818315,"Yagur Near",553.848347
