Project.ID,year,Unit,Subunit,Site,Proximity,Dunes,Lon,Lat,Start.date,Deployment.id,Canis aureus,Canis lupus,Capra nubiana,Dama mesopotamica,Equus hemionus,Erinaceus concolor,Gazella dorcas,Gazella gazella,Hyaena hyaena,Hystrix indica,Lepus capensis,Martes foina,Meles meles,Oryx leucoryx,Sus scrofa,Vulpes vulpes
T0,2012,Mediterranean Maquis,Carmel,Beit Oren,Far,NA,35.005342,32.725554,15509,Beit Oren Far CA28,11,0,0,0,0,0,0,0,0,0,0,0,0,0,1,0
T0,2012,Mediterranean Maquis,Carmel,Beit Oren,Far,NA,35.005342,32.725554,15509,Beit Oren Far CA29,5,0,0,0,0,0,0,0,0,2,0,0,1,0,3,0
T0,2012,Mediterranean Maquis,Carmel,Beit Oren,Far,NA,35.005342,32.725554,15509,Beit Oren Far CA30,8,0,0,0,0,0,0,0,2,4,0,0,1,0,0,0
T0,2012,Mediterranean Maquis,Carmel,Beit Oren,Far,NA,35.005342,32.725554,15509,Beit Oren Far CA31,2,0,0,0,0,0,0,0,0,1,0,0,0,0,3,0
T0,2012,Mediterranean Maquis,Carmel,Beit Oren,Far,NA,35.005342,32.725554,15509,Beit Oren Far CA32,0,0,0,0,0,0,0,0,0,0,0,0,0,0,1,0
T0,2012,Mediterranean Maquis,Carmel,Beit Oren,Far,NA,35.005342,32.725554,15509,Beit Oren Far CA33,0,0,0,0,0,0,0,0,0,0,0,0,0,0,1,0
T0,2012,Mediterranean Maquis,Carmel,Beit Oren,Far,NA,35.005342,32.725554,15509,Beit Oren Far CA35,0,0,0,0,0,0,0,0,0,2,0,0,0,0,0,0
T0,2012,Mediterranean Maquis,Carmel,Beit Oren,Far,NA,35.005342,32.725554,15509,Beit Oren Far CA36,2,0,0,0,0,0,0,0,1,0,0,0,0,0,2,0
T0,2012,Mediterranean Maquis,Carmel,Beit Oren,Near,NA,35.003002,32.734064,15509,Beit Oren Near CA21,1,0,0,0,0,0,0,0,0,0,0,0,0,0,2,0
T0,2012,Mediterranean Maquis,Carmel,Beit Oren,Near,NA,35.003002,32.734064,15509,Beit Oren Near CA22,3,0,0,0,0,0,0,0,0,0,0,0,0,0,0,0
T0,2012,Mediterranean Maquis,Carmel,Beit Oren,Near,NA,35.003002,32.734064,15509,Beit Oren Near CA23,18,0,0,0,0,0,0,0,0,4,0,0,0,0,5,0
T0,2012,Mediterranean Maquis,Carmel,Beit Oren,Near,NA,35.003002,32.734064,15509,Beit Oren Near CA24,0,0,0,0,0,0,0,0,0,0,0,0,0,0,1,0
T0,2012,Mediterranean Maquis,Carmel,Beit Oren,Near,NA,35.003002,32.734064,15509,Beit Oren Near CA25,18,0,0,0,0,0,0,0,0,1,0,0,0,0,3,0
T0,2012,Mediterranean Maquis,Carmel,Beit Oren,Near,NA,35.003002,32.734064,15509,Beit Oren Near CA26,1,0,0,0,0,0,0,0,0,0,0,0,0,0,1,0
T0,2012,Mediterranean Maquis,Carmel,Beit Oren,Near,NA,35.003002,32.734064,15509,Beit Oren Near CA27,10,0,0,0,0,0,0,0,0,4,0,0,0,0,15,0
T0,2012,Mediterranean Maquis,Carmel,Kerem Maharal,Far,NA,35.017422,32.662375,15522,Kerem Maharal Far CA19,3,0,0,0,0,0,0,0,1,4,0,0,3,0,3,4
T0,2012,Mediterranean Maquis,Carmel,Kerem Maharal,Far,NA,35.017422,32.662375,15522,Kerem Maharal Far CA20,2,0,0,0,0,0,0,1,0,1,0,0,0,0,16,12
T0,2012,Mediterranean Maquis,Carmel,Kerem Maharal,Far,NA,35.017422,32.662375,15522,Kerem Maharal Far CA21,5,0,0,0,0,0,0,14,7,0,0,0,0,0,18,0
T0,2012,Mediterranean Maquis,Carmel,Kerem Maharal,Far,NA,35.017422,32.662375,15522,Kerem Maharal Far CA22,4,0,0,0,0,0,0,0,0,0,0,0,0,0,13,43
T0,2012,Mediterranean Maquis,Carmel,Kerem Maharal,Far,NA,35.017422,32.662375,15522,Kerem Maharal Far CA23,0,0,0,0,0,0,0,0,2,0,0,0,0,0,7,4
T0,2012,Mediterranean Maquis,Carmel,Kerem Maharal,Far,NA,35.017422,32.662375,15522,Kerem Maharal Far CA24,0,0,0,0,0,0,0,0,10,5,0,0,0,0,1,9
T0,2012,Mediterranean Maquis,Carmel,Kerem Maharal,Far,NA,35.017422,32.662375,15522,Kerem Maharal Far CA25,2,0,0,0,0,0,0,1,0,2,0,0,0,0,5,1
T0,2012,Mediterranean Maquis,Carmel,Kerem Maharal,Far,NA,35.017422,32.662375,15522,Kerem Maharal Far CA26,2,0,0,0,0,0,0,1,0,0,0,0,1,0,11,0
T0,2012,Mediterranean Maquis,Carmel,Kerem Maharal,Far,NA,35.017422,32.662375,15522,Kerem Maharal Far CA27,0,0,0,0,0,0,0,0,5,0,0,0,0,0,0,39
T0,2012,Mediterranean Maquis,Carmel,Kerem Maharal,Near,NA,34.995291,32.644205,15522,Kerem Maharal Near CA1,0,0,0,0,0,0,0,0,0,4,0,0,0,0,0,3
T0,2012,Mediterranean Maquis,Carmel,Kerem Maharal,Near,NA,34.995291,32.644205,15522,Kerem Maharal Near CA3,0,0,0,0,0,0,0,0,0,1,0,0,0,0,1,0
T0,2012,Mediterranean Maquis,Carmel,Kerem Maharal,Near,NA,34.995291,32.644205,15522,Kerem Maharal Near CA4,0,0,0,0,0,0,0,0,1,4,0,0,0,0,26,0
T0,2012,Mediterranean Maquis,Carmel,Kerem Maharal,Near,NA,34.995291,32.644205,15522,Kerem Maharal Near CA5,0,0,0,0,0,0,0,0,0,1,0,0,0,0,2,0
T0,2012,Mediterranean Maquis,Carmel,Kerem Maharal,Near,NA,34.995291,32.644205,15522,Kerem Maharal Near CA7,3,0,0,0,0,0,0,0,1,3,0,0,0,0,9,0
T0,2012,Mediterranean Maquis,Carmel,Kerem Maharal,Near,NA,34.995291,32.644205,15522,Kerem Maharal Near CA8,0,0,0,0,0,0,0,0,0,0,0,0,0,0,16,0
T0,2012,Mediterranean Maquis,Carmel,Kerem Maharal,Near,NA,34.995291,32.644205,15522,Kerem Maharal Near CA9,0,0,0,0,0,0,0,0,0,2,0,0,0,0,14,0
T0,2012,Mediterranean Maquis,Carmel,Nir Etzion,Far,NA,35.008281,32.69753,15508,Nir Etzion Far CA1,0,0,0,0,0,0,0,0,0,0,0,0,0,0,9,0
T0,2012,Mediterranean Maquis,Carmel,Nir Etzion,Far,NA,35.008281,32.69753,15508,Nir Etzion Far CA2,3,0,0,0,0,0,0,0,0,8,0,0,0,0,8,0
T0,2012,Mediterranean Maquis,Carmel,Nir Etzion,Far,NA,35.008281,32.69753,15508,Nir Etzion Far CA3,1,0,0,0,0,0,0,0,0,0,0,0,0,0,17,1
T0,2012,Mediterranean Maquis,Carmel,Nir Etzion,Far,NA,35.008281,32.69753,15508,Nir Etzion Far CA4,2,0,0,0,0,0,0,0,0,0,0,0,0,0,33,0
T0,2012,Mediterranean Maquis,Carmel,Nir Etzion,Far,NA,35.008281,32.69753,15508,Nir Etzion Far CA5,85,0,0,0,0,0,0,0,0,1,0,0,0,0,18,0
T0,2012,Mediterranean Maquis,Carmel,Nir Etzion,Far,NA,35.008281,32.69753,15508,Nir Etzion Far CA6,7,0,0,0,0,0,0,0,0,0,0,0,0,0,16,0
T0,2012,Mediterranean Maquis,Carmel,Nir Etzion,Far,NA,35.008281,32.69753,15508,Nir Etzion Far CA7,14,0,0,0,0,0,0,0,0,0,0,0,0,0,33,0
T0,2012,Mediterranean Maquis,Carmel,Nir Etzion,Far,NA,35.008281,32.69753,15508,Nir Etzion Far CA8,0,0,0,0,0,0,0,0,0,0,0,0,0,0,7,0
T0,2012,Mediterranean Maquis,Carmel,Nir Etzion,Far,NA,35.008281,32.69753,15508,Nir Etzion Far CA9,2,0,0,0,0,0,0,0,1,0,0,0,0,0,41,0
T0,2012,Mediterranean Maquis,Carmel,Nir Etzion,Near,NA,34.996464,32.700115,15508,Nir Etzion Near CA10,0,0,0,0,0,0,0,0,0,0,0,0,0,0,11,0
T0,2012,Mediterranean Maquis,Carmel,Nir Etzion,Near,NA,34.996464,32.700115,15508,Nir Etzion Near CA11,15,0,0,0,0,0,0,0,0,0,0,0,0,0,9,0
T0,2012,Mediterranean Maquis,Carmel,Nir Etzion,Near,NA,34.996464,32.700115,15508,Nir Etzion Near CA12,2,0,0,0,0,0,0,0,0,0,0,0,2,0,5,0
T0,2012,Mediterranean Maquis,Carmel,Nir Etzion,Near,NA,34.996464,32.700115,15508,Nir Etzion Near CA13,1,0,0,0,0,0,0,0,0,0,0,0,0,0,4,0
T0,2012,Mediterranean Maquis,Carmel,Nir Etzion,Near,NA,34.996464,32.700115,15508,Nir Etzion Near CA14,0,0,0,0,0,0,0,0,0,0,0,0,0,0,5,0
T0,2012,Mediterranean Maquis,Carmel,Nir Etzion,Near,NA,34.996464,32.700115,15508,Nir Etzion Near CA15,6,0,0,0,0,0,0,0,0,0,0,0,0,0,5,0
T0,2012,Mediterranean Maquis,Carmel,Nir Etzion,Near,NA,34.996464,32.700115,15508,Nir Etzion Near CA16,17,0,0,0,0,0,0,0,0,0,0,0,0,0,0,0
T0,2012,Mediterranean Maquis,Carmel,Nir Etzion,Near,NA,34.996464,32.700115,15508,Nir Etzion Near CA17,5,0,0,0,0,0,0,0,0,0,0,0,0,0,1,0
T0,2012,Mediterranean Maquis,Carmel,Nir Etzion,Near,NA,34.996464,32.700115,15508,Nir Etzion Near CA18,1,0,0,0,0,0,0,0,0,0,0,0,0,0,0,0
T0,2012,Mediterranean Maquis,Carmel,Ofer,Far,NA,34.992922,32.6151,15523,Ofer Far CA28,2,0,0,0,0,0,0,0,0,0,0,0,0,0,0,0
T0,2012,Mediterranean Maquis,Carmel,Ofer,Far,NA,34.992922,32.6151,15523,Ofer Far CA29,0,0,0,0,0,0,0,0,0,2,0,0,0,0,0,0
T0,2012,Mediterranean Maquis,Carmel,Ofer,Far,NA,34.992922,32.6151,15523,Ofer Far CA30,4,0,0,0,0,0,0,0,0,1,0,0,0,0,4,0
T0,2012,Mediterranean Maquis,Carmel,Ofer,Far,NA,34.992922,32.6151,15523,Ofer Far CA31,25,0,0,0,0,0,0,0,6,0,0,0,0,0,1,0
T0,2012,Mediterranean Maquis,Carmel,Ofer,Far,NA,34.992922,32.6151,15523,Ofer Far CA32,24,0,0,0,0,0,0,0,3,1,0,0,0,0,7,5
T0,2012,Mediterranean Maquis,Carmel,Ofer,Far,NA,34.992922,32.6151,15523,Ofer Far CA33,0,0,0,0,0,0,0,0,0,1,0,0,0,0,0,0
T0,2012,Mediterranean Maquis,Carmel,Ofer,Far,NA,34.992922,32.6151,15523,Ofer Far CA34,9,0,0,0,0,0,0,0,6,11,0,0,0,0,7,2
T0,2012,Mediterranean Maquis,Carmel,Ofer,Far,NA,34.992922,32.6151,15523,Ofer Far CA35,12,0,0,0,0,0,0,0,0,0,0,0,0,0,1,0
T0,2012,Mediterranean Maquis,Carmel,Ofer,Far,NA,34.992922,32.6151,15523,Ofer Far CA36,13,0,0,0,0,0,0,0,1,5,0,0,0,0,2,0
T0,2012,Mediterranean Maquis,Carmel,Ofer,Near,NA,34.984608,32.617701,15523,Ofer Near CA10,154,0,0,0,0,0,0,0,0,0,0,0,0,0,4,0
T0,2012,Mediterranean Maquis,Carmel,Ofer,Near,NA,34.984608,32.617701,15523,Ofer Near CA11,47,0,0,0,0,0,0,0,0,0,0,0,0,0,7,0
T0,2012,Mediterranean Maquis,Carmel,Ofer,Near,NA,34.984608,32.617701,15523,Ofer Near CA12,138,0,0,0,0,0,0,0,1,2,0,0,0,0,43,0
T0,2012,Mediterranean Maquis,Carmel,Ofer,Near,NA,34.984608,32.617701,15523,Ofer Near CA13,62,0,0,0,0,0,0,0,2,1,0,0,0,0,19,0
T0,2012,Mediterranean Maquis,Carmel,Ofer,Near,NA,34.984608,32.617701,15523,Ofer Near CA14,58,0,0,0,0,0,0,0,0,1,0,0,0,0,3,6
T0,2012,Mediterranean Maquis,Carmel,Ofer,Near,NA,34.984608,32.617701,15523,Ofer Near CA15,24,0,0,0,0,0,0,0,0,1,0,0,0,0,11,0
T0,2012,Mediterranean Maquis,Carmel,Ofer,Near,NA,34.984608,32.617701,15523,Ofer Near CA16,46,0,0,0,0,0,0,0,1,3,0,0,0,0,10,0
T0,2012,Mediterranean Maquis,Carmel,Ofer,Near,NA,34.984608,32.617701,15523,Ofer Near CA17,27,0,0,0,0,0,0,0,0,3,0,0,0,0,9,0
T0,2012,Mediterranean Maquis,Carmel,Ofer,Near,NA,34.984608,32.617701,15523,Ofer Near CA18,92,0,0,0,0,0,0,0,0,0,0,0,0,0,3,0
T0,2012,Mediterranean Maquis,Carmel,Yagur,Far,NA,35.054124,32.754811,15495,Yagur Far CA28,1,0,0,0,0,0,0,0,0,0,0,0,0,0,0,2
T0,2012,Mediterranean Maquis,Carmel,Yagur,Far,NA,35.054124,32.754811,15495,Yagur Far CA29,0,0,0,0,0,0,0,0,0,0,0,1,0,0,0,2
T0,2012,Mediterranean Maquis,Carmel,Yagur,Far,NA,35.054124,32.754811,15495,Yagur Far CA30,0,0,0,0,0,0,0,0,0,0,0,2,0,0,6,0
T0,2012,Mediterranean Maquis,Carmel,Yagur,Far,NA,35.054124,32.754811,15495,Yagur Far CA31,10,0,0,0,0,0,0,0,0,0,0,0,0,0,4,0
T0,2012,Mediterranean Maquis,Carmel,Yagur,Far,NA,35.054124,32.754811,15495,Yagur Far CA32,8,0,0,0,0,0,0,0,0,8,0,1,1,0,13,0
T0,2012,Mediterranean Maquis,Carmel,Yagur,Far,NA,35.054124,32.754811,15495,Yagur Far CA33,4,0,0,0,0,0,0,0,0,0,0,0,0,0,5,1
T0,2012,Mediterranean Maquis,Carmel,Yagur,Far,NA,35.054124,32.754811,15495,Yagur Far CA35,1,0,0,0,0,0,0,0,0,0,0,0,0,0,2,0
T0,2012,Mediterranean Maquis,Carmel,Yagur,Far,NA,35.054124,32.754811,15495,Yagur Far CA36,0,0,0,0,0,0,0,0,0,0,0,0,0,0,0,1
T0,2012,Mediterranean Maquis,Carmel,Yagur,Near,NA,35.077215,32.738092,15495,Yagur Near CA1,0,0,0,0,0,0,0,0,1,0,0,0,0,0,12,8
T0,2012,Mediterranean Maquis,Carmel,Yagur,Near,NA,35.077215,32.738092,15495,Yagur Near CA2,0,0,0,0,0,0,0,0,0,0,0,3,2,0,3,4
T0,2012,Mediterranean Maquis,Carmel,Yagur,Near,NA,35.077215,32.738092,15495,Yagur Near CA3,0,0,0,0,0,0,0,0,1,0,0,0,4,0,23,4
T0,2012,Mediterranean Maquis,Carmel,Yagur,Near,NA,35.077215,32.738092,15495,Yagur Near CA4,0,0,0,0,0,0,0,0,0,0,0,0,0,0,12,1
T0,2012,Mediterranean Maquis,Carmel,Yagur,Near,NA,35.077215,32.738092,15495,Yagur Near CA6,0,0,0,0,0,0,0,0,0,0,0,0,0,0,29,3
T0,2012,Mediterranean Maquis,Carmel,Yagur,Near,NA,35.077215,32.738092,15495,Yagur Near CA7,0,0,0,0,0,0,0,0,0,0,0,0,0,0,5,0
T0,2012,Mediterranean Maquis,Carmel,Yagur,Near,NA,35.077215,32.738092,15495,Yagur Near CA8,0,0,0,0,0,0,0,0,0,0,0,0,0,0,43,2
T0,2012,Mediterranean Maquis,Carmel,Yagur,Near,NA,35.077215,32.738092,15495,Yagur Near CA9,0,0,0,0,0,0,0,0,0,0,0,0,17,0,3,4
T0,2012,Mediterranean Maquis,Galilee,Ein Yaakov,Far,NA,35.229275,33.003018,15494,Ein Yaakov Far CA20,0,0,0,0,0,0,0,0,0,1,0,0,0,0,18,0
T0,2012,Mediterranean Maquis,Galilee,Ein Yaakov,Far,NA,35.229275,33.003018,15494,Ein Yaakov Far CA21,2,0,0,0,0,0,0,0,0,2,0,0,0,0,3,0
T0,2012,Mediterranean Maquis,Galilee,Ein Yaakov,Far,NA,35.229275,33.003018,15494,Ein Yaakov Far CA22,4,0,0,0,0,0,0,0,0,2,0,0,0,0,8,1
T0,2012,Mediterranean Maquis,Galilee,Ein Yaakov,Far,NA,35.229275,33.003018,15494,Ein Yaakov Far CA23,3,0,0,0,0,0,0,0,0,0,0,0,0,0,5,0
T0,2012,Mediterranean Maquis,Galilee,Ein Yaakov,Far,NA,35.229275,33.003018,15494,Ein Yaakov Far CA24,1,1,0,0,0,0,0,0,0,1,0,0,0,0,15,1
T0,2012,Mediterranean Maquis,Galilee,Ein Yaakov,Far,NA,35.229275,33.003018,15494,Ein Yaakov Far CA25,0,1,0,0,0,0,0,0,0,0,0,0,1,0,2,0
T0,2012,Mediterranean Maquis,Galilee,Ein Yaakov,Far,NA,35.229275,33.003018,15494,Ein Yaakov Far CA26,10,0,0,0,0,0,0,0,0,3,0,0,0,0,5,0
T0,2012,Mediterranean Maquis,Galilee,Ein Yaakov,Near,NA,35.228332,33.006337,15494,Ein Yaakov Near CA10,9,0,0,0,0,0,0,0,0,3,0,0,0,0,17,1
T0,2012,Mediterranean Maquis,Galilee,Ein Yaakov,Near,NA,35.228332,33.006337,15494,Ein Yaakov Near CA11,7,0,0,0,0,0,0,0,0,2,0,0,0,0,5,0
T0,2012,Mediterranean Maquis,Galilee,Ein Yaakov,Near,NA,35.228332,33.006337,15494,Ein Yaakov Near CA12,11,0,0,0,0,0,0,0,0,1,0,0,0,0,37,0
T0,2012,Mediterranean Maquis,Galilee,Ein Yaakov,Near,NA,35.228332,33.006337,15494,Ein Yaakov Near CA13,0,0,0,0,0,0,0,0,0,0,0,0,0,0,11,0
T0,2012,Mediterranean Maquis,Galilee,Ein Yaakov,Near,NA,35.228332,33.006337,15494,Ein Yaakov Near CA14,16,0,0,0,0,0,0,0,0,5,0,0,1,0,58,1
T0,2012,Mediterranean Maquis,Galilee,Ein Yaakov,Near,NA,35.228332,33.006337,15494,Ein Yaakov Near CA15,13,0,0,0,0,0,0,0,0,2,0,0,0,0,16,0
T0,2012,Mediterranean Maquis,Galilee,Ein Yaakov,Near,NA,35.228332,33.006337,15494,Ein Yaakov Near CA16,21,0,0,0,0,0,0,0,0,0,0,0,0,0,12,1
T0,2012,Mediterranean Maquis,Galilee,Ein Yaakov,Near,NA,35.228332,33.006337,15494,Ein Yaakov Near CA17,0,0,0,0,0,0,0,0,0,1,0,0,0,0,23,2
T0,2012,Mediterranean Maquis,Galilee,Ein Yaakov,Near,NA,35.228332,33.006337,15494,Ein Yaakov Near CA18,3,0,0,0,0,0,0,0,0,0,0,0,0,0,1,0
T0,2012,Mediterranean Maquis,Galilee,Goren,Far,NA,35.256043,33.048903,15482,Goren Far CA28,0,0,0,4,0,0,0,0,0,2,0,2,0,0,21,0
T0,2012,Mediterranean Maquis,Galilee,Goren,Far,NA,35.256043,33.048903,15482,Goren Far CA29,0,0,0,8,0,0,0,0,0,0,0,0,0,0,12,0
T0,2012,Mediterranean Maquis,Galilee,Goren,Far,NA,35.256043,33.048903,15482,Goren Far CA30,15,0,0,48,0,0,0,0,1,29,0,0,1,0,200,0
T0,2012,Mediterranean Maquis,Galilee,Goren,Far,NA,35.256043,33.048903,15482,Goren Far CA31,0,0,0,12,0,0,0,0,0,0,0,0,0,0,28,0
T0,2012,Mediterranean Maquis,Galilee,Goren,Far,NA,35.256043,33.048903,15482,Goren Far CA32,1,0,0,2,0,0,0,0,0,0,0,1,1,0,5,2
T0,2012,Mediterranean Maquis,Galilee,Goren,Far,NA,35.256043,33.048903,15482,Goren Far CA33,3,0,0,5,0,0,0,0,0,0,0,0,2,0,1,0
T0,2012,Mediterranean Maquis,Galilee,Goren,Far,NA,35.256043,33.048903,15482,Goren Far CA35,0,0,0,1,0,0,0,0,0,0,0,0,2,0,10,0
T0,2012,Mediterranean Maquis,Galilee,Goren,Far,NA,35.256043,33.048903,15482,Goren Far CA36,3,0,0,1,0,0,0,0,0,1,0,0,1,0,10,0
T0,2012,Mediterranean Maquis,Galilee,Goren,Near,NA,35.231046,33.054492,15482,Goren Near CA19,0,0,0,6,0,0,0,0,0,0,0,0,1,0,1,0
T0,2012,Mediterranean Maquis,Galilee,Goren,Near,NA,35.231046,33.054492,15482,Goren Near CA20,0,0,0,7,0,0,0,0,0,0,0,0,0,0,36,0
T0,2012,Mediterranean Maquis,Galilee,Goren,Near,NA,35.231046,33.054492,15482,Goren Near CA21,0,0,0,6,0,0,0,0,0,1,0,0,0,0,37,0
T0,2012,Mediterranean Maquis,Galilee,Goren,Near,NA,35.231046,33.054492,15482,Goren Near CA22,13,0,0,2,0,0,0,0,0,6,0,0,0,0,42,0
T0,2012,Mediterranean Maquis,Galilee,Goren,Near,NA,35.231046,33.054492,15482,Goren Near CA23,0,0,0,0,0,0,0,0,0,0,0,0,1,0,0,0
T0,2012,Mediterranean Maquis,Galilee,Goren,Near,NA,35.231046,33.054492,15482,Goren Near CA24,10,0,0,2,0,0,0,0,0,0,0,0,0,0,97,0
T0,2012,Mediterranean Maquis,Galilee,Goren,Near,NA,35.231046,33.054492,15482,Goren Near CA25,31,0,0,10,0,0,0,0,0,4,0,0,1,0,211,0
T0,2012,Mediterranean Maquis,Galilee,Goren,Near,NA,35.231046,33.054492,15482,Goren Near CA26,1,0,0,1,0,0,0,0,0,0,0,0,0,0,0,0
T0,2012,Mediterranean Maquis,Galilee,Goren,Near,NA,35.231046,33.054492,15482,Goren Near CA27,0,0,0,1,0,0,0,0,0,0,0,0,0,0,2,0
T0,2012,Mediterranean Maquis,Galilee,Iftach,Far,NA,35.557543,33.122668,15481,Yiftah Far CA01,0,0,0,0,0,0,0,0,0,1,0,0,2,0,8,0
T0,2012,Mediterranean Maquis,Galilee,Iftach,Far,NA,35.557543,33.122668,15481,Yiftah Far CA02,0,0,0,0,0,0,0,0,0,0,0,0,0,0,43,0
T0,2012,Mediterranean Maquis,Galilee,Iftach,Far,NA,35.557543,33.122668,15481,Yiftah Far CA03,0,1,0,0,0,0,0,0,0,4,0,1,0,0,4,0
T0,2012,Mediterranean Maquis,Galilee,Iftach,Far,NA,35.557543,33.122668,15481,Yiftah Far CA04,1,0,0,0,0,0,0,2,0,1,0,0,0,0,6,0
T0,2012,Mediterranean Maquis,Galilee,Iftach,Far,NA,35.557543,33.122668,15481,Yiftah Far CA05,0,0,0,0,0,0,0,1,0,2,0,0,1,0,5,0
T0,2012,Mediterranean Maquis,Galilee,Iftach,Far,NA,35.557543,33.122668,15481,Yiftah Far CA06,0,0,0,0,0,0,0,3,0,1,0,0,1,0,5,0
T0,2012,Mediterranean Maquis,Galilee,Iftach,Far,NA,35.557543,33.122668,15481,Yiftah Far CA07,0,0,0,0,0,0,0,0,0,4,0,0,0,0,16,0
T0,2012,Mediterranean Maquis,Galilee,Iftach,Far,NA,35.557543,33.122668,15481,Yiftah Far CA08,0,0,0,0,0,0,0,1,0,1,0,2,0,0,19,0
T0,2012,Mediterranean Maquis,Galilee,Iftach,Far,NA,35.557543,33.122668,15481,Yiftah Far CA09,0,0,0,0,0,0,0,0,0,3,0,0,0,0,8,0
T0,2012,Mediterranean Maquis,Galilee,Iftach,Near,NA,35.555958,33.127622,15481,Yiftah Near CA10,1,0,0,0,0,0,0,1,0,7,0,1,0,0,20,0
T0,2012,Mediterranean Maquis,Galilee,Iftach,Near,NA,35.555958,33.127622,15481,Yiftah Near CA11,1,0,0,0,0,0,0,0,2,1,0,0,0,0,7,0
T0,2012,Mediterranean Maquis,Galilee,Iftach,Near,NA,35.555958,33.127622,15481,Yiftah Near CA12,0,4,0,0,0,0,0,0,0,1,0,0,0,0,12,0
T0,2012,Mediterranean Maquis,Galilee,Iftach,Near,NA,35.555958,33.127622,15481,Yiftah Near CA13,0,0,0,0,0,0,0,0,0,0,0,0,0,0,2,0
T0,2012,Mediterranean Maquis,Galilee,Iftach,Near,NA,35.555958,33.127622,15481,Yiftah Near CA14,1,0,0,0,0,0,0,1,0,2,0,0,0,0,20,0
T0,2012,Mediterranean Maquis,Galilee,Iftach,Near,NA,35.555958,33.127622,15481,Yiftah Near CA15,2,1,0,0,0,0,0,0,0,2,0,0,1,0,27,0
T0,2012,Mediterranean Maquis,Galilee,Iftach,Near,NA,35.555958,33.127622,15481,Yiftah Near CA16,1,0,0,0,0,0,0,0,0,0,0,0,0,0,8,0
T0,2012,Mediterranean Maquis,Galilee,Iftach,Near,NA,35.555958,33.127622,15481,Yiftah Near CA17,0,0,0,0,0,0,0,0,0,0,0,0,0,0,17,0
T0,2012,Mediterranean Maquis,Galilee,Iftach,Near,NA,35.555958,33.127622,15481,Yiftah Near CA18,0,0,0,0,0,0,0,0,0,0,0,0,0,0,8,0
T0,2012,Mediterranean Maquis,Galilee,Kfar Shamai,Far,NA,35.469839,32.967418,15459,Kfar Shamai Far CA01,0,0,0,0,0,0,0,0,0,0,0,0,0,0,2,0
T0,2012,Mediterranean Maquis,Galilee,Kfar Shamai,Far,NA,35.469839,32.967418,15459,Kfar Shamai Far CA02,10,0,0,0,0,0,0,0,0,2,0,1,0,0,9,21
T0,2012,Mediterranean Maquis,Galilee,Kfar Shamai,Far,NA,35.469839,32.967418,15459,Kfar Shamai Far CA03,0,0,0,0,0,0,0,0,0,1,0,1,0,0,1,0
T0,2012,Mediterranean Maquis,Galilee,Kfar Shamai,Far,NA,35.469839,32.967418,15459,Kfar Shamai Far CA04,0,0,0,0,0,0,0,1,0,0,0,1,0,0,0,1
T0,2012,Mediterranean Maquis,Galilee,Kfar Shamai,Far,NA,35.469839,32.967418,15459,Kfar Shamai Far CA05,0,0,0,0,0,0,0,0,0,0,0,0,0,0,3,1
T0,2012,Mediterranean Maquis,Galilee,Kfar Shamai,Far,NA,35.469839,32.967418,15459,Kfar Shamai Far CA06,2,0,0,0,0,0,0,0,0,0,0,0,0,0,19,0
T0,2012,Mediterranean Maquis,Galilee,Kfar Shamai,Far,NA,35.469839,32.967418,15459,Kfar Shamai Far CA07,0,0,0,0,0,0,0,0,0,0,0,0,2,0,1,0
T0,2012,Mediterranean Maquis,Galilee,Kfar Shamai,Far,NA,35.469839,32.967418,15459,Kfar Shamai Far CA08,0,0,0,0,0,0,0,5,0,0,0,0,0,0,10,0
T0,2012,Mediterranean Maquis,Galilee,Kfar Shamai,Far,NA,35.469839,32.967418,15459,Kfar Shamai Far CA09,12,0,0,0,0,0,0,0,0,4,0,3,1,0,31,2
T0,2012,Mediterranean Maquis,Galilee,Kfar Shamai,Near,NA,35.458873,32.964077,15459,Kfar Shamai Near CA10,8,0,0,0,0,0,0,0,0,3,0,0,0,0,8,3
T0,2012,Mediterranean Maquis,Galilee,Kfar Shamai,Near,NA,35.458873,32.964077,15459,Kfar Shamai Near CA11,51,0,0,0,0,0,0,0,0,2,0,0,0,0,16,9
T0,2012,Mediterranean Maquis,Galilee,Kfar Shamai,Near,NA,35.458873,32.964077,15459,Kfar Shamai Near CA12,25,0,0,0,0,0,0,0,0,0,0,0,0,0,26,10
T0,2012,Mediterranean Maquis,Galilee,Kfar Shamai,Near,NA,35.458873,32.964077,15459,Kfar Shamai Near CA13,48,0,0,0,0,0,0,0,0,2,0,0,1,0,5,20
T0,2012,Mediterranean Maquis,Galilee,Kfar Shamai,Near,NA,35.458873,32.964077,15459,Kfar Shamai Near CA14,4,0,0,0,0,0,0,0,0,1,0,0,0,0,9,4
T0,2012,Mediterranean Maquis,Galilee,Kfar Shamai,Near,NA,35.458873,32.964077,15459,Kfar Shamai Near CA15,12,0,0,0,0,0,0,0,0,2,0,0,0,0,13,11
T0,2012,Mediterranean Maquis,Galilee,Kfar Shamai,Near,NA,35.458873,32.964077,15459,Kfar Shamai Near CA16,12,0,0,0,0,0,0,0,0,0,0,0,0,0,10,0
T0,2012,Mediterranean Maquis,Galilee,Kfar Shamai,Near,NA,35.458873,32.964077,15459,Kfar Shamai Near CA17,24,0,0,0,0,0,0,0,0,2,0,0,0,0,4,15
T0,2012,Mediterranean Maquis,Galilee,Kfar Shamai,Near,NA,35.458873,32.964077,15459,Kfar Shamai Near CA18,8,0,0,0,0,0,0,0,0,2,0,0,0,0,2,13
T0,2012,Mediterranean Maquis,Galilee,Margaliot,Far,NA,35.544029,33.205306,15460,Margaliot Far CA28,2,0,0,0,0,0,0,0,0,0,0,0,0,0,0,0
T0,2012,Mediterranean Maquis,Galilee,Margaliot,Far,NA,35.544029,33.205306,15460,Margaliot Far CA29,1,0,0,0,0,0,0,0,0,3,0,0,0,0,1,0
T0,2012,Mediterranean Maquis,Galilee,Margaliot,Far,NA,35.544029,33.205306,15460,Margaliot Far CA30,0,0,0,0,0,0,0,0,0,0,0,0,0,0,3,0
T0,2012,Mediterranean Maquis,Galilee,Margaliot,Far,NA,35.544029,33.205306,15460,Margaliot Far CA31,0,0,0,0,0,0,0,0,0,1,0,0,0,0,12,0
T0,2012,Mediterranean Maquis,Galilee,Margaliot,Far,NA,35.544029,33.205306,15460,Margaliot Far CA32,2,0,0,0,0,0,0,0,0,1,0,1,0,0,0,1
T0,2012,Mediterranean Maquis,Galilee,Margaliot,Far,NA,35.544029,33.205306,15460,Margaliot Far CA33,0,0,0,0,0,0,0,0,0,0,0,0,0,0,3,0
T0,2012,Mediterranean Maquis,Galilee,Margaliot,Far,NA,35.544029,33.205306,15460,Margaliot Far CA35,0,0,0,0,0,0,0,0,0,1,0,0,0,0,4,0
T0,2012,Mediterranean Maquis,Galilee,Margaliot,Far,NA,35.544029,33.205306,15460,Margaliot Far CA36,0,0,0,0,0,0,0,0,0,4,0,0,0,0,0,0
T0,2012,Mediterranean Maquis,Galilee,Margaliot,Near,NA,35.541613,33.213763,15460,Margaliot Near CA19,0,0,0,0,0,0,0,0,0,0,0,0,0,0,2,0
T0,2012,Mediterranean Maquis,Galilee,Margaliot,Near,NA,35.541613,33.213763,15460,Margaliot Near CA20,10,0,0,0,0,0,0,0,0,3,0,0,0,0,82,1
T0,2012,Mediterranean Maquis,Galilee,Margaliot,Near,NA,35.541613,33.213763,15460,Margaliot Near CA21,1,0,0,0,0,0,0,0,0,5,0,1,0,0,26,0
T0,2012,Mediterranean Maquis,Galilee,Margaliot,Near,NA,35.541613,33.213763,15460,Margaliot Near CA23,2,0,0,0,0,0,0,0,0,1,0,0,0,0,9,0
T0,2012,Mediterranean Maquis,Galilee,Margaliot,Near,NA,35.541613,33.213763,15460,Margaliot Near CA24,1,0,0,0,0,0,0,0,0,2,0,0,0,0,6,0
T0,2012,Mediterranean Maquis,Galilee,Margaliot,Near,NA,35.541613,33.213763,15460,Margaliot Near CA25,14,0,0,0,0,0,0,0,0,5,0,1,2,0,184,1
T0,2012,Mediterranean Maquis,Galilee,Margaliot,Near,NA,35.541613,33.213763,15460,Margaliot Near CA26,11,0,0,0,0,0,0,0,0,9,0,0,1,0,52,0
T0,2012,Mediterranean Maquis,Galilee,Margaliot,Near,NA,35.541613,33.213763,15460,Margaliot Near CA27,0,0,0,0,0,0,0,0,0,1,0,0,0,0,20,0
T0,2012,Mediterranean Maquis,Judea,Aderet,Far,NA,34.98161,31.665262,15538,Aderet Far CA28,0,0,0,0,0,0,0,0,1,0,0,0,0,0,0,0
T0,2012,Mediterranean Maquis,Judea,Aderet,Far,NA,34.98161,31.665262,15538,Aderet Far CA30,0,0,0,0,0,0,0,0,0,3,0,0,0,0,0,0
T0,2012,Mediterranean Maquis,Judea,Aderet,Far,NA,34.98161,31.665262,15538,Aderet Far CA31,0,0,0,0,0,0,0,3,0,1,0,0,0,0,0,0
T0,2012,Mediterranean Maquis,Judea,Aderet,Far,NA,34.98161,31.665262,15538,Aderet Far CA33,0,0,0,0,0,0,0,1,0,3,0,0,0,0,0,0
T0,2012,Mediterranean Maquis,Judea,Aderet,Far,NA,34.98161,31.665262,15538,Aderet Far CA34,0,0,0,0,0,0,0,0,0,0,0,0,0,0,0,1
T0,2012,Mediterranean Maquis,Judea,Aderet,Far,NA,34.98161,31.665262,15538,Aderet Far CA36,0,0,0,0,0,0,0,0,0,2,0,0,1,0,0,0
T0,2012,Mediterranean Maquis,Judea,Aderet,Near,NA,34.988968,31.661694,15538,Aderet Near CA2,0,0,0,0,0,0,0,0,0,0,0,0,0,0,0,1
T0,2012,Mediterranean Maquis,Judea,Aderet,Near,NA,34.988968,31.661694,15538,Aderet Near CA3,0,0,0,0,0,0,0,4,1,0,0,0,0,0,0,7
T0,2012,Mediterranean Maquis,Judea,Aderet,Near,NA,34.988968,31.661694,15538,Aderet Near CA4,2,0,0,0,0,0,0,0,0,0,0,0,0,0,0,9
T0,2012,Mediterranean Maquis,Judea,Aderet,Near,NA,34.988968,31.661694,15538,Aderet Near CA5,0,0,0,0,0,0,0,5,0,0,0,0,0,0,0,0
T0,2012,Mediterranean Maquis,Judea,Aderet,Near,NA,34.988968,31.661694,15538,Aderet Near CA6,3,0,0,0,0,0,0,0,0,1,0,0,0,0,0,13
T0,2012,Mediterranean Maquis,Judea,Aderet,Near,NA,34.988968,31.661694,15538,Aderet Near CA7,4,0,0,0,0,0,0,0,1,2,0,0,0,0,0,11
T0,2012,Mediterranean Maquis,Judea,Aderet,Near,NA,34.988968,31.661694,15538,Aderet Near CA8,0,0,0,0,0,0,0,0,0,1,0,0,0,0,0,0
T0,2012,Mediterranean Maquis,Judea,Aderet,Near,NA,34.988968,31.661694,15538,Aderet Near CA9,1,0,0,0,0,0,0,0,0,1,0,0,0,0,0,0
T0,2012,Mediterranean Maquis,Judea,Givat Yearim,Far,NA,35.092326,31.775273,15552,Givat Yearim Far CA20,2,0,0,0,0,0,0,0,0,0,0,0,0,0,0,0
T0,2012,Mediterranean Maquis,Judea,Givat Yearim,Far,NA,35.092326,31.775273,15552,Givat Yearim Far CA21,6,0,0,0,0,0,0,0,0,1,0,0,0,0,0,0
T0,2012,Mediterranean Maquis,Judea,Givat Yearim,Far,NA,35.092326,31.775273,15552,Givat Yearim Far CA23,1,0,0,0,0,0,0,0,0,0,0,0,0,0,0,0
T0,2012,Mediterranean Maquis,Judea,Givat Yearim,Far,NA,35.092326,31.775273,15552,Givat Yearim Far CA24,6,0,0,0,0,0,0,0,0,0,0,0,0,0,0,0
T0,2012,Mediterranean Maquis,Judea,Givat Yearim,Far,NA,35.092326,31.775273,15552,Givat Yearim Far CA25,3,0,0,0,0,0,0,0,0,0,0,0,0,0,0,0
T0,2012,Mediterranean Maquis,Judea,Givat Yearim,Far,NA,35.092326,31.775273,15552,Givat Yearim Far CA27,0,0,0,0,0,0,0,1,0,0,0,0,0,0,0,0
T0,2012,Mediterranean Maquis,Judea,Givat Yearim,Near,NA,35.094864,31.786766,15552,Givat Yearim Near CA11,0,0,0,0,0,0,0,0,0,3,0,0,0,0,0,0
T0,2012,Mediterranean Maquis,Judea,Givat Yearim,Near,NA,35.094864,31.786766,15552,Givat Yearim Near CA12,0,0,0,0,0,0,0,0,0,1,0,0,1,0,0,0
T0,2012,Mediterranean Maquis,Judea,Givat Yearim,Near,NA,35.094864,31.786766,15552,Givat Yearim Near CA13,1,0,0,0,0,0,0,0,0,2,0,0,1,0,0,1
T0,2012,Mediterranean Maquis,Judea,Givat Yearim,Near,NA,35.094864,31.786766,15552,Givat Yearim Near CA14,0,0,0,0,0,0,0,2,0,3,0,0,1,0,0,0
T0,2012,Mediterranean Maquis,Judea,Givat Yearim,Near,NA,35.094864,31.786766,15552,Givat Yearim Near CA16,1,0,0,0,0,0,0,0,0,6,0,0,1,0,0,0
T0,2012,Mediterranean Maquis,Judea,Givat Yearim,Near,NA,35.094864,31.786766,15552,Givat Yearim Near CA17,6,0,0,0,0,0,0,0,0,0,0,0,1,0,0,4
T0,2012,Mediterranean Maquis,Judea,Givat Yearim,Near,NA,35.094864,31.786766,15552,Givat Yearim Near CA18,6,0,0,0,0,0,0,0,0,0,0,0,0,0,0,0
T0,2012,Mediterranean Maquis,Judea,Givat Yeshayahu,Far,NA,34.955749,31.661871,15537,Givat Yeshayahu Far CA10,1,0,0,0,0,0,0,3,0,1,0,0,0,0,0,0
T0,2012,Mediterranean Maquis,Judea,Givat Yeshayahu,Far,NA,34.955749,31.661871,15537,Givat Yeshayahu Far CA11,0,0,0,0,0,0,0,0,0,2,0,0,0,0,0,7
T0,2012,Mediterranean Maquis,Judea,Givat Yeshayahu,Far,NA,34.955749,31.661871,15537,Givat Yeshayahu Far CA12,0,0,0,0,0,0,0,6,0,1,0,0,0,0,0,2
T0,2012,Mediterranean Maquis,Judea,Givat Yeshayahu,Far,NA,34.955749,31.661871,15537,Givat Yeshayahu Far CA13,0,0,0,0,0,0,0,4,0,0,0,0,0,0,0,1
T0,2012,Mediterranean Maquis,Judea,Givat Yeshayahu,Far,NA,34.955749,31.661871,15537,Givat Yeshayahu Far CA14,0,0,0,0,0,0,0,2,3,0,0,0,0,0,0,8
T0,2012,Mediterranean Maquis,Judea,Givat Yeshayahu,Far,NA,34.955749,31.661871,15537,Givat Yeshayahu Far CA16,0,0,0,0,0,0,0,0,0,6,0,0,0,0,0,0
T0,2012,Mediterranean Maquis,Judea,Givat Yeshayahu,Far,NA,34.955749,31.661871,15537,Givat Yeshayahu Far CA17,3,0,0,0,0,0,0,8,0,8,0,0,0,0,0,4
T0,2012,Mediterranean Maquis,Judea,Givat Yeshayahu,Far,NA,34.955749,31.661871,15537,Givat Yeshayahu Far CA18,0,0,0,0,0,0,0,0,1,0,0,0,0,0,0,2
T0,2012,Mediterranean Maquis,Judea,Givat Yeshayahu,Near,NA,34.951925,31.671793,15537,Givat Yeshayahu Near CA20,1,0,0,0,0,0,0,0,0,2,0,0,2,0,0,2
T0,2012,Mediterranean Maquis,Judea,Givat Yeshayahu,Near,NA,34.951925,31.671793,15537,Givat Yeshayahu Near CA21,0,0,0,0,0,0,0,0,0,4,0,0,0,0,0,0
T0,2012,Mediterranean Maquis,Judea,Givat Yeshayahu,Near,NA,34.951925,31.671793,15537,Givat Yeshayahu Near CA22,1,0,0,0,0,0,0,0,0,2,0,0,0,0,0,1
T0,2012,Mediterranean Maquis,Judea,Givat Yeshayahu,Near,NA,34.951925,31.671793,15537,Givat Yeshayahu Near CA23,0,0,0,0,0,0,0,0,0,3,0,0,0,0,0,1
T0,2012,Mediterranean Maquis,Judea,Givat Yeshayahu,Near,NA,34.951925,31.671793,15537,Givat Yeshayahu Near CA24,0,0,0,0,0,0,0,0,0,0,0,0,1,0,0,1
T0,2012,Mediterranean Maquis,Judea,Givat Yeshayahu,Near,NA,34.951925,31.671793,15537,Givat Yeshayahu Near CA25,1,0,0,0,0,0,0,0,0,0,0,0,0,0,0,5
T0,2012,Mediterranean Maquis,Judea,Givat Yeshayahu,Near,NA,34.951925,31.671793,15537,Givat Yeshayahu Near CA26,0,0,0,0,0,0,0,0,0,3,0,0,0,0,0,1
T0,2012,Mediterranean Maquis,Judea,Kisalon,Far,NA,35.040128,31.76836,15551,Kisalon Far CA28,0,0,0,0,0,0,0,2,0,0,0,0,0,0,0,0
T0,2012,Mediterranean Maquis,Judea,Kisalon,Far,NA,35.040128,31.76836,15551,Kisalon Far CA32,0,0,0,0,0,0,0,1,0,0,0,0,0,0,0,5
T0,2012,Mediterranean Maquis,Judea,Kisalon,Far,NA,35.040128,31.76836,15551,Kisalon Far CA33,0,0,0,0,0,0,0,0,0,0,0,0,0,0,0,1
T0,2012,Mediterranean Maquis,Judea,Kisalon,Far,NA,35.040128,31.76836,15551,Kisalon Far CA34,1,0,0,0,0,0,0,0,0,0,0,0,0,0,0,0
T0,2012,Mediterranean Maquis,Judea,Kisalon,Far,NA,35.040128,31.76836,15551,Kisalon Far CA36,3,0,0,0,0,0,0,9,0,0,0,0,0,0,0,0
T0,2012,Mediterranean Maquis,Judea,Kisalon,Near,NA,35.052094,31.774771,15551,Kisalon Near CA1,5,0,0,0,0,0,0,0,2,11,0,0,1,0,0,0
T0,2012,Mediterranean Maquis,Judea,Kisalon,Near,NA,35.052094,31.774771,15551,Kisalon Near CA4,26,0,0,0,0,0,0,0,1,7,0,0,0,0,0,0
T0,2012,Mediterranean Maquis,Judea,Kisalon,Near,NA,35.052094,31.774771,15551,Kisalon Near CA5,6,0,0,0,0,0,0,0,0,0,0,0,0,0,0,0
T0,2012,Mediterranean Maquis,Judea,Kisalon,Near,NA,35.052094,31.774771,15551,Kisalon Near CA6,6,0,0,0,0,0,0,0,0,6,0,0,0,0,0,0
T0,2012,Mediterranean Maquis,Judea,Kisalon,Near,NA,35.052094,31.774771,15551,Kisalon Near CA7,57,0,0,0,0,0,0,0,7,0,0,0,0,0,0,0
T0,2012,Mediterranean Maquis,Judea,Kisalon,Near,NA,35.052094,31.774771,15551,Kisalon Near CA8,2,0,0,0,0,0,0,0,0,6,0,0,0,0,0,0
T0,2012,Mediterranean Maquis,Judea,Kisalon,Near,NA,35.052094,31.774771,15551,Kisalon Near CA9,43,0,0,0,0,0,0,0,2,15,0,0,1,0,0,0
T0,2012,Mediterranean Maquis,Judea,Nehusha,Far,NA,34.946181,31.637569,15565,Nehusha Far CA19,0,0,0,0,0,0,0,0,0,9,0,0,0,0,0,2
T0,2012,Mediterranean Maquis,Judea,Nehusha,Far,NA,34.946181,31.637569,15565,Nehusha Far CA21,2,0,0,0,0,0,0,0,0,0,0,0,0,0,0,1
T0,2012,Mediterranean Maquis,Judea,Nehusha,Far,NA,34.946181,31.637569,15565,Nehusha Far CA22,0,0,0,0,0,0,0,0,0,0,0,0,0,0,0,1
T0,2012,Mediterranean Maquis,Judea,Nehusha,Far,NA,34.946181,31.637569,15565,Nehusha Far CA23,0,0,0,0,0,0,0,0,2,0,0,0,0,0,0,2
T0,2012,Mediterranean Maquis,Judea,Nehusha,Far,NA,34.946181,31.637569,15565,Nehusha Far CA24,1,0,0,0,0,0,0,0,0,3,0,0,0,0,0,3
T0,2012,Mediterranean Maquis,Judea,Nehusha,Far,NA,34.946181,31.637569,15565,Nehusha Far CA25,1,0,0,0,0,0,0,0,0,0,0,0,0,0,0,0
T0,2012,Mediterranean Maquis,Judea,Nehusha,Far,NA,34.946181,31.637569,15565,Nehusha Far CA26,0,0,0,0,0,0,0,0,0,3,0,0,0,0,0,0
T0,2012,Mediterranean Maquis,Judea,Nehusha,Far,NA,34.946181,31.637569,15565,Nehusha Far CA27,0,0,0,0,0,0,0,0,0,2,0,0,0,0,0,0
T0,2012,Mediterranean Maquis,Judea,Nehusha,Near,NA,34.953158,31.635401,15565,Nehusha Near CA28,50,0,0,0,0,0,0,0,0,8,0,0,0,0,0,0
T0,2012,Mediterranean Maquis,Judea,Nehusha,Near,NA,34.953158,31.635401,15565,Nehusha Near CA29,11,0,0,0,0,0,0,0,0,7,0,0,0,0,0,0
T0,2012,Mediterranean Maquis,Judea,Nehusha,Near,NA,34.953158,31.635401,15565,Nehusha Near CA30,15,0,0,0,0,0,0,0,0,2,0,0,0,0,0,1
T0,2012,Mediterranean Maquis,Judea,Nehusha,Near,NA,34.953158,31.635401,15565,Nehusha Near CA31,15,0,0,0,0,0,0,0,0,5,0,0,0,0,0,0
T0,2012,Mediterranean Maquis,Judea,Nehusha,Near,NA,34.953158,31.635401,15565,Nehusha Near CA32,46,0,0,0,0,0,0,0,0,16,0,0,0,0,0,2
T0,2012,Mediterranean Maquis,Judea,Nehusha,Near,NA,34.953158,31.635401,15565,Nehusha Near CA33,23,0,0,0,0,0,0,0,1,6,0,0,1,0,0,0
T0,2012,Mediterranean Maquis,Judea,Nehusha,Near,NA,34.953158,31.635401,15565,Nehusha Near CA34,41,0,0,0,0,0,0,0,0,4,0,0,0,0,0,0
T0,2012,Mediterranean Maquis,Judea,Nehusha,Near,NA,34.953158,31.635401,15565,Nehusha Near CA35,10,0,0,0,0,0,0,0,0,6,0,0,0,0,0,0
T0,2012,Mediterranean Maquis,Judea,Nehusha,Near,NA,34.953158,31.635401,15565,Nehusha Near CA36,4,0,0,0,0,0,0,0,0,0,0,0,1,0,0,0
T0,2013,Planted Conifer Forests,Carmel,Bat Shlomo,Far,NA,35.009191,32.588277,15886,Bat Shlomo Far 100RECNX,0,0,0,0,0,0,0,1,0,0,0,0,0,0,7,2
T0,2013,Planted Conifer Forests,Carmel,Bat Shlomo,Far,NA,35.009191,32.588277,15886,Bat Shlomo Far 101RECNX,1,0,0,0,0,0,0,0,0,0,0,0,0,0,5,2
T0,2013,Planted Conifer Forests,Carmel,Bat Shlomo,Far,NA,35.009191,32.588277,15886,Bat Shlomo Far CA19,1,0,0,0,0,0,0,0,0,0,0,0,0,0,3,1
T0,2013,Planted Conifer Forests,Carmel,Bat Shlomo,Far,NA,35.009191,32.588277,15886,Bat Shlomo Far CA20,0,0,0,0,0,0,0,1,0,0,0,0,0,0,0,1
T0,2013,Planted Conifer Forests,Carmel,Bat Shlomo,Far,NA,35.009191,32.588277,15886,Bat Shlomo Far CA21,1,0,0,0,0,0,0,3,0,5,0,0,0,0,0,8
T0,2013,Planted Conifer Forests,Carmel,Bat Shlomo,Far,NA,35.009191,32.588277,15886,Bat Shlomo Far CA22,1,0,0,0,0,0,0,0,0,9,0,0,0,0,5,3
T0,2013,Planted Conifer Forests,Carmel,Bat Shlomo,Far,NA,35.009191,32.588277,15886,Bat Shlomo Far CA23,0,0,0,0,0,0,0,0,0,0,0,0,0,0,0,4
T0,2013,Planted Conifer Forests,Carmel,Bat Shlomo,Far,NA,35.009191,32.588277,15886,Bat Shlomo Far CA24,1,0,0,0,0,0,0,2,0,35,0,0,0,0,7,6
T0,2013,Planted Conifer Forests,Carmel,Bat Shlomo,Far,NA,35.009191,32.588277,15886,Bat Shlomo Far CA25,0,0,0,0,0,0,0,0,0,3,0,0,0,0,1,8
T0,2013,Planted Conifer Forests,Carmel,Bat Shlomo,Far,NA,35.009191,32.588277,15886,Bat Shlomo Far CA27,0,0,0,0,0,0,0,2,0,0,0,0,0,0,0,1
T0,2013,Planted Conifer Forests,Carmel,Elyakim,Far,NA,35.057859,32.665356,15886,Elyakim Far 100RECNX,0,0,0,0,0,0,0,0,0,0,0,0,0,0,1,0
T0,2013,Planted Conifer Forests,Carmel,Elyakim,Far,NA,35.057859,32.665356,15886,Elyakim Far 101RECNX,1,0,0,0,0,0,0,0,0,0,0,0,0,0,4,3
T0,2013,Planted Conifer Forests,Carmel,Elyakim,Far,NA,35.057859,32.665356,15886,Elyakim Far CA30,33,0,0,0,0,0,0,0,0,2,0,0,0,0,2,2
T0,2013,Planted Conifer Forests,Carmel,Elyakim,Far,NA,35.057859,32.665356,15886,Elyakim Far CA32,6,0,0,0,0,0,0,0,0,0,0,0,0,0,4,3
T0,2013,Planted Conifer Forests,Carmel,Elyakim,Far,NA,35.057859,32.665356,15886,Elyakim Far CA33,1,0,0,0,0,0,0,0,0,0,0,0,0,0,1,0
T0,2013,Planted Conifer Forests,Carmel,Elyakim,Far,NA,35.057859,32.665356,15886,Elyakim Far CA34,0,0,0,0,0,0,0,0,0,0,0,0,0,0,2,0
T0,2013,Planted Conifer Forests,Carmel,Elyakim,Far,NA,35.057859,32.665356,15886,Elyakim Far CA35,1,0,0,0,0,0,0,0,0,0,0,0,0,0,0,0
T0,2013,Planted Conifer Forests,Carmel,Elyakim,Far,NA,35.057859,32.665356,15886,Elyakim Far CA36,1,0,0,0,0,0,0,0,0,0,0,0,0,0,15,0
T0,2013,Planted Conifer Forests,Carmel,Kerem Maharal,Far,NA,34.980499,32.658498,15872,Kerem Maharal Far 100RECNX,13,0,0,0,0,0,0,0,1,0,0,0,0,0,3,2
T0,2013,Planted Conifer Forests,Carmel,Kerem Maharal,Far,NA,34.980499,32.658498,15872,Kerem Maharal Far CA19,1,0,0,0,0,0,0,0,0,0,0,0,0,0,9,0
T0,2013,Planted Conifer Forests,Carmel,Kerem Maharal,Far,NA,34.980499,32.658498,15872,Kerem Maharal Far CA21,0,0,0,0,0,0,0,0,0,0,0,0,0,0,0,2
T0,2013,Planted Conifer Forests,Carmel,Kerem Maharal,Far,NA,34.980499,32.658498,15872,Kerem Maharal Far CA22,0,0,0,0,0,0,0,0,0,0,0,0,0,0,1,0
T0,2013,Planted Conifer Forests,Carmel,Kerem Maharal,Far,NA,34.980499,32.658498,15872,Kerem Maharal Far CA23,1,0,0,0,0,0,0,0,0,0,0,0,0,0,15,0
T0,2013,Planted Conifer Forests,Carmel,Kerem Maharal,Far,NA,34.980499,32.658498,15872,Kerem Maharal Far CA27,5,0,0,0,0,0,0,0,0,0,0,0,1,0,0,0
T0,2013,Planted Conifer Forests,Carmel,Ofer,Far,NA,34.968312,32.611684,15872,Ofer Far 100RECNX,5,0,0,0,0,0,0,0,0,0,1,0,0,0,0,0
T0,2013,Planted Conifer Forests,Carmel,Ofer,Far,NA,34.968312,32.611684,15872,Ofer Far 101RECNX,0,0,0,0,0,0,0,0,0,0,0,0,0,0,4,0
T0,2013,Planted Conifer Forests,Carmel,Ofer,Far,NA,34.968312,32.611684,15872,Ofer Far CA28,5,0,0,0,0,0,0,0,0,0,2,0,0,0,1,1
T0,2013,Planted Conifer Forests,Carmel,Ofer,Far,NA,34.968312,32.611684,15872,Ofer Far CA29,29,0,0,0,0,0,0,0,1,0,0,0,0,0,5,2
T0,2013,Planted Conifer Forests,Carmel,Ofer,Far,NA,34.968312,32.611684,15872,Ofer Far CA30,11,0,0,0,0,0,0,0,0,0,3,0,0,0,21,0
T0,2013,Planted Conifer Forests,Carmel,Ofer,Far,NA,34.968312,32.611684,15872,Ofer Far CA31,12,0,0,0,0,0,0,0,0,0,0,0,0,0,19,1
T0,2013,Planted Conifer Forests,Carmel,Ofer,Far,NA,34.968312,32.611684,15872,Ofer Far CA32,17,0,0,0,0,0,0,0,0,0,0,0,0,0,3,0
T0,2013,Planted Conifer Forests,Carmel,Ofer,Far,NA,34.968312,32.611684,15872,Ofer Far CA33,4,0,0,0,0,0,0,0,0,0,0,0,0,0,3,0
T0,2013,Planted Conifer Forests,Carmel,Ofer,Far,NA,34.968312,32.611684,15872,Ofer Far CA34,24,0,0,0,0,0,0,0,0,0,0,0,0,0,9,3
T0,2013,Planted Conifer Forests,Carmel,Ofer,Far,NA,34.968312,32.611684,15872,Ofer Far CA36,2,0,0,0,0,0,0,0,2,0,0,0,0,0,6,6
T0,2013,Planted Conifer Forests,Carmel,Ramat Hashofet,Far,NA,35.113118,32.616692,15887,Ramat Hashofet Far 100RECNX,15,0,0,0,0,0,0,0,0,0,0,0,1,0,15,1
T0,2013,Planted Conifer Forests,Carmel,Ramat Hashofet,Far,NA,35.113118,32.616692,15887,Ramat Hashofet Far 101RECNX,2,0,0,0,0,0,0,0,0,0,0,0,0,0,0,0
T0,2013,Planted Conifer Forests,Carmel,Ramat Hashofet,Far,NA,35.113118,32.616692,15887,Ramat Hashofet Far CA1,0,0,0,0,0,0,0,0,0,0,0,0,0,0,7,0
T0,2013,Planted Conifer Forests,Carmel,Ramat Hashofet,Far,NA,35.113118,32.616692,15887,Ramat Hashofet Far CA2,9,0,0,0,0,0,0,0,0,0,0,0,3,0,0,0
T0,2013,Planted Conifer Forests,Carmel,Ramat Hashofet,Far,NA,35.113118,32.616692,15887,Ramat Hashofet Far CA3,1,0,0,0,0,0,0,0,0,0,0,0,1,0,0,0
T0,2013,Planted Conifer Forests,Carmel,Ramat Hashofet,Far,NA,35.113118,32.616692,15887,Ramat Hashofet Far CA4,1,0,0,0,0,0,0,0,0,0,0,0,0,0,1,0
T0,2013,Planted Conifer Forests,Carmel,Ramat Hashofet,Far,NA,35.113118,32.616692,15887,Ramat Hashofet Far CA5,10,0,0,0,0,0,0,0,0,0,0,0,2,0,4,2
T0,2013,Planted Conifer Forests,Carmel,Ramat Hashofet,Far,NA,35.113118,32.616692,15887,Ramat Hashofet Far CA7,23,0,0,0,0,0,0,0,0,0,0,0,1,0,4,0
T0,2013,Planted Conifer Forests,Carmel,Ramat Hashofet,Far,NA,35.113118,32.616692,15887,Ramat Hashofet Far CA8,3,0,0,0,0,0,0,0,0,0,0,0,0,0,0,0
T0,2013,Planted Conifer Forests,Carmel,Ramat Hashofet,Far,NA,35.113118,32.616692,15887,Ramat Hashofet Far CA9,4,0,0,0,0,0,0,0,0,1,0,0,0,0,27,0
T0,2013,Planted Conifer Forests,Galilee,Kabri,Far,NA,35.164639,33.020316,15914,Kabri Far 100RECNX,1,0,0,6,0,0,0,0,0,0,0,0,1,0,6,1
T0,2013,Planted Conifer Forests,Galilee,Kabri,Far,NA,35.164639,33.020316,15914,Kabri Far 101RECNX,15,0,0,8,0,0,0,0,0,1,0,0,1,0,186,4
T0,2013,Planted Conifer Forests,Galilee,Kabri,Far,NA,35.164639,33.020316,15914,Kabri Far 102RECNX,1,0,0,4,0,0,0,0,0,1,0,0,0,0,6,1
T0,2013,Planted Conifer Forests,Galilee,Kabri,Far,NA,35.164639,33.020316,15914,Kabri Far CA1,17,0,0,7,0,0,0,0,0,0,0,0,0,0,5,1
T0,2013,Planted Conifer Forests,Galilee,Kabri,Far,NA,35.164639,33.020316,15914,Kabri Far CA4,0,0,0,2,0,0,0,0,0,0,0,0,0,0,16,2
T0,2013,Planted Conifer Forests,Galilee,Kabri,Far,NA,35.164639,33.020316,15914,Kabri Far CA5,18,0,0,0,0,0,0,0,0,0,0,0,0,0,4,2
T0,2013,Planted Conifer Forests,Galilee,Kabri,Far,NA,35.164639,33.020316,15914,Kabri Far CA6,4,0,0,0,0,0,0,0,0,3,0,0,0,0,1,0
T0,2013,Planted Conifer Forests,Galilee,Kabri,Far,NA,35.164639,33.020316,15914,Kabri Far CA8,1,0,0,0,0,0,0,0,0,0,0,0,0,0,13,1
T0,2013,Planted Conifer Forests,Galilee,Kabri,Far,NA,35.164639,33.020316,15914,Kabri Far CA9,27,0,0,2,0,0,0,0,0,0,0,0,0,0,7,0
T0,2013,Planted Conifer Forests,Galilee,Manara,Far,NA,35.55092,33.172925,15901,Manara Far 100RECNX,0,0,0,0,0,0,0,0,0,0,0,2,0,0,10,0
T0,2013,Planted Conifer Forests,Galilee,Manara,Far,NA,35.55092,33.172925,15901,Manara Far 101RECNX,0,0,0,0,0,0,0,2,0,2,0,3,0,0,0,0
T0,2013,Planted Conifer Forests,Galilee,Manara,Far,NA,35.55092,33.172925,15901,Manara Far CA13,0,0,0,0,0,0,0,0,1,0,0,0,0,0,10,2
T0,2013,Planted Conifer Forests,Galilee,Manara,Far,NA,35.55092,33.172925,15901,Manara Far CA14,0,0,0,0,0,0,0,0,0,0,0,0,1,0,2,0
T0,2013,Planted Conifer Forests,Galilee,Meron,Far,NA,35.461972,32.985463,15901,Meron Far CA19,0,0,0,0,0,0,0,0,0,0,0,0,0,0,0,2
T0,2013,Planted Conifer Forests,Galilee,Meron,Far,NA,35.461972,32.985463,15901,Meron Far CA20,0,0,0,0,0,0,0,1,0,0,0,0,0,0,0,0
T0,2013,Planted Conifer Forests,Galilee,Meron,Far,NA,35.461972,32.985463,15901,Meron Far CA21,0,3,0,0,0,0,0,4,0,1,0,0,0,0,3,2
T0,2013,Planted Conifer Forests,Galilee,Meron,Far,NA,35.461972,32.985463,15901,Meron Far CA22,0,12,0,0,0,0,0,0,0,0,0,0,0,0,12,3
T0,2013,Planted Conifer Forests,Galilee,Meron,Far,NA,35.461972,32.985463,15901,Meron Far CA23,0,0,0,0,0,0,0,4,0,0,0,0,0,0,0,1
T0,2013,Planted Conifer Forests,Galilee,Meron,Far,NA,35.461972,32.985463,15901,Meron Far CA24,0,3,0,0,0,0,0,2,0,0,0,0,0,0,0,13
T0,2013,Planted Conifer Forests,Galilee,Meron,Far,NA,35.461972,32.985463,15901,Meron Far CA25,0,1,0,0,0,0,0,0,0,1,0,0,0,0,1,2
T0,2013,Planted Conifer Forests,Galilee,Meron,Far,NA,35.461972,32.985463,15901,Meron Far CA26,0,0,0,0,0,0,0,0,0,0,0,0,0,0,5,2
T0,2013,Planted Conifer Forests,Galilee,Meron,Far,NA,35.461972,32.985463,15901,Meron Far CA27,0,44,0,0,0,0,0,0,0,0,0,0,0,0,0,4
T0,2013,Planted Conifer Forests,Galilee,Ramot Naftali,Far,NA,35.56218,33.096667,15900,Ramot Naftali Far CA1,0,0,0,0,0,0,0,8,0,0,0,0,0,0,6,0
T0,2013,Planted Conifer Forests,Galilee,Ramot Naftali,Far,NA,35.56218,33.096667,15900,Ramot Naftali Far CA2,0,0,0,0,0,0,0,0,0,0,0,0,0,0,6,0
T0,2013,Planted Conifer Forests,Galilee,Ramot Naftali,Far,NA,35.56218,33.096667,15900,Ramot Naftali Far CA3,0,0,0,0,0,0,0,1,0,0,0,0,0,0,2,0
T0,2013,Planted Conifer Forests,Galilee,Ramot Naftali,Far,NA,35.56218,33.096667,15900,Ramot Naftali Far CA4,0,0,0,0,0,0,0,13,0,0,0,0,0,0,11,0
T0,2013,Planted Conifer Forests,Galilee,Ramot Naftali,Far,NA,35.56218,33.096667,15900,Ramot Naftali Far CA5,0,0,0,0,0,0,0,5,0,0,0,0,1,0,7,0
T0,2013,Planted Conifer Forests,Galilee,Ramot Naftali,Far,NA,35.56218,33.096667,15900,Ramot Naftali Far CA6,1,0,0,0,0,0,0,7,0,0,0,0,1,0,5,1
T0,2013,Planted Conifer Forests,Galilee,Ramot Naftali,Far,NA,35.56218,33.096667,15900,Ramot Naftali Far CA7,0,0,0,0,0,0,0,2,0,0,0,0,0,0,6,0
T0,2013,Planted Conifer Forests,Galilee,Ramot Naftali,Far,NA,35.56218,33.096667,15900,Ramot Naftali Far CA9,0,0,0,0,0,0,0,8,0,0,0,0,0,0,15,0
T0,2013,Planted Conifer Forests,Galilee,Zuriel,Far,NA,35.313848,33.011115,15914,Zuriel Far 100RECNX,2,0,0,0,0,0,0,0,0,0,0,0,0,0,0,2
T0,2013,Planted Conifer Forests,Galilee,Zuriel,Far,NA,35.313848,33.011115,15914,Zuriel Far 101RECNX,9,0,0,0,0,0,0,0,0,2,0,0,0,0,18,0
T0,2013,Planted Conifer Forests,Galilee,Zuriel,Far,NA,35.313848,33.011115,15914,Zuriel Far CA21,14,0,0,0,0,0,0,0,0,2,0,0,0,0,1,2
T0,2013,Planted Conifer Forests,Galilee,Zuriel,Far,NA,35.313848,33.011115,15914,Zuriel Far CA24,0,0,0,0,0,0,0,0,0,1,0,0,0,0,8,3
T0,2013,Planted Conifer Forests,Galilee,Zuriel,Far,NA,35.313848,33.011115,15914,Zuriel Far CA26,0,0,0,0,0,0,0,0,0,0,0,0,0,0,3,0
T0,2013,Planted Conifer Forests,Galilee,Zuriel,Far,NA,35.313848,33.011115,15914,Zuriel Far CA27,2,0,0,0,0,0,0,0,0,0,0,1,0,0,1,1
T0,2013,Planted Conifer Forests,Judea,Aderet,Far,NA,34.984699,31.676089,15858,Aderet Far 100RECNX,1,0,0,0,0,0,0,0,0,0,0,0,0,0,0,0
T0,2013,Planted Conifer Forests,Judea,Aderet,Far,NA,34.984699,31.676089,15858,Aderet Far 101RECNX,0,0,0,0,0,0,0,0,0,1,0,0,0,0,0,0
T0,2013,Planted Conifer Forests,Judea,Aderet,Far,NA,34.984699,31.676089,15858,Aderet Far CA19,0,0,0,0,0,0,0,0,0,4,0,0,0,0,0,1
T0,2013,Planted Conifer Forests,Judea,Aderet,Far,NA,34.984699,31.676089,15858,Aderet Far CA20,6,0,0,0,0,0,0,0,0,14,0,0,0,0,0,27
T0,2013,Planted Conifer Forests,Judea,Aderet,Far,NA,34.984699,31.676089,15858,Aderet Far CA21,0,0,0,0,0,0,0,0,0,1,0,0,0,0,0,7
T0,2013,Planted Conifer Forests,Judea,Aderet,Far,NA,34.984699,31.676089,15858,Aderet Far CA25,2,0,0,0,0,0,0,0,0,10,0,0,0,0,0,10
T0,2013,Planted Conifer Forests,Judea,Aderet,Far,NA,34.984699,31.676089,15858,Aderet Far CA26,0,0,0,0,0,0,0,1,0,3,0,0,0,0,0,0
T0,2013,Planted Conifer Forests,Judea,Amatzia,Far,NA,34.892385,31.511564,15858,Amatzia Far 100RECNX,1,0,0,0,0,0,0,0,0,2,0,0,0,0,0,0
T0,2013,Planted Conifer Forests,Judea,Amatzia,Far,NA,34.892385,31.511564,15858,Amatzia Far 101RECNX,4,0,0,0,0,0,0,4,0,1,0,0,0,0,0,0
T0,2013,Planted Conifer Forests,Judea,Amatzia,Far,NA,34.892385,31.511564,15858,Amatzia Far 102RECNX,5,2,0,0,0,0,0,8,0,6,0,0,0,0,0,14
T0,2013,Planted Conifer Forests,Judea,Amatzia,Far,NA,34.892385,31.511564,15858,Amatzia Far 103RECNX,0,0,0,0,0,0,0,1,0,0,0,0,0,0,0,0
T0,2013,Planted Conifer Forests,Judea,Amatzia,Far,NA,34.892385,31.511564,15858,Amatzia Far CA36,0,0,0,0,0,0,0,0,0,3,0,0,1,0,0,0
T0,2013,Planted Conifer Forests,Judea,Eitanim,Far,NA,35.10469,31.778063,15873,Eitanim Far 100RECNX,0,0,0,0,0,0,0,0,0,4,0,0,0,0,0,0
T0,2013,Planted Conifer Forests,Judea,Eitanim,Far,NA,35.10469,31.778063,15873,Eitanim Far 101RECNX,14,0,0,0,0,0,0,0,0,12,0,0,0,0,0,0
T0,2013,Planted Conifer Forests,Judea,Eitanim,Far,NA,35.10469,31.778063,15873,Eitanim Far CA11,0,0,0,0,0,0,0,0,0,13,0,0,0,0,0,0
T0,2013,Planted Conifer Forests,Judea,Eitanim,Far,NA,35.10469,31.778063,15873,Eitanim Far CA12,6,0,0,0,0,0,0,0,0,5,0,0,0,0,0,1
T0,2013,Planted Conifer Forests,Judea,Eitanim,Far,NA,35.10469,31.778063,15873,Eitanim Far CA13,1,0,0,0,0,0,0,0,0,0,0,0,0,0,0,0
T0,2013,Planted Conifer Forests,Judea,Eitanim,Far,NA,35.10469,31.778063,15873,Eitanim Far CA16,4,0,0,0,0,0,0,0,0,15,0,0,0,0,0,0
T0,2013,Planted Conifer Forests,Judea,Eitanim,Far,NA,35.10469,31.778063,15873,Eitanim Far CA17,1,0,0,0,0,0,0,0,0,0,0,0,0,0,0,0
T0,2013,Planted Conifer Forests,Judea,Eshtaol,Far,NA,35.021809,31.788577,15873,Eshtaol Far 100RECNX,3,0,0,0,0,0,0,3,0,0,0,0,0,0,0,3
T0,2013,Planted Conifer Forests,Judea,Eshtaol,Far,NA,35.021809,31.788577,15873,Eshtaol Far 101RECNX,4,0,0,0,0,0,0,22,0,0,0,0,0,0,0,6
T0,2013,Planted Conifer Forests,Judea,Eshtaol,Far,NA,35.021809,31.788577,15873,Eshtaol Far 41445,3,0,0,0,0,0,0,0,0,0,0,0,0,0,0,0
T0,2013,Planted Conifer Forests,Judea,Eshtaol,Far,NA,35.021809,31.788577,15873,Eshtaol Far CA1,0,0,0,0,0,0,0,5,0,0,0,0,0,0,0,4
T0,2013,Planted Conifer Forests,Judea,Eshtaol,Far,NA,35.021809,31.788577,15873,Eshtaol Far CA2,3,0,0,0,0,0,0,14,0,0,0,0,0,0,0,1
T0,2013,Planted Conifer Forests,Judea,Eshtaol,Far,NA,35.021809,31.788577,15873,Eshtaol Far CA5,0,0,0,0,0,0,0,7,0,0,0,0,0,0,0,2
T0,2013,Planted Conifer Forests,Judea,Eshtaol,Far,NA,35.021809,31.788577,15873,Eshtaol Far CA7,0,0,0,0,0,0,0,12,1,0,0,0,0,0,0,0
T0,2013,Planted Conifer Forests,Judea,Eshtaol,Far,NA,35.021809,31.788577,15873,Eshtaol Far CA8,0,0,0,0,0,0,0,4,0,0,0,0,0,0,0,2
T0,2013,Planted Conifer Forests,Judea,Givat Yeshayahu,Far,NA,34.920693,31.668232,15859,Givat Yeshayahu Far 101RECNX,0,0,0,0,0,0,0,0,0,0,0,0,0,0,0,1
T0,2013,Planted Conifer Forests,Judea,Givat Yeshayahu,Far,NA,34.920693,31.668232,15859,Givat Yeshayahu Far 102RECNX,2,0,0,0,0,0,0,0,0,0,0,0,0,0,0,1
T0,2013,Planted Conifer Forests,Judea,Givat Yeshayahu,Far,NA,34.920693,31.668232,15859,Givat Yeshayahu Far CA1,0,0,0,0,0,0,0,0,0,3,0,0,0,0,0,0
T0,2013,Planted Conifer Forests,Judea,Givat Yeshayahu,Far,NA,34.920693,31.668232,15859,Givat Yeshayahu Far CA2,1,0,0,0,0,0,0,0,0,0,2,0,0,0,0,4
T0,2013,Planted Conifer Forests,Judea,Givat Yeshayahu,Far,NA,34.920693,31.668232,15859,Givat Yeshayahu Far CA4,1,0,0,0,0,0,0,0,0,1,0,0,0,0,0,0
T0,2013,Planted Conifer Forests,Judea,Givat Yeshayahu,Far,NA,34.920693,31.668232,15859,Givat Yeshayahu Far CA5,2,0,0,0,0,0,0,0,0,0,0,0,0,0,0,2
T0,2013,Planted Conifer Forests,Judea,Givat Yeshayahu,Far,NA,34.920693,31.668232,15859,Givat Yeshayahu Far CA6,2,0,0,0,0,0,0,2,0,0,0,0,0,0,0,1
T0,2013,Planted Conifer Forests,Judea,Givat Yeshayahu,Far,NA,34.920693,31.668232,15859,Givat Yeshayahu Far CA8,1,0,0,0,0,0,0,3,0,0,0,0,0,0,0,0
T0,2014,Arid Desert,NA,Ein Yahav,Far,NA,35.199492,30.646855,16233,Ein Yahav Far 46,0,0,0,0,0,0,0,0,0,0,1,0,0,0,0,0
T0,2014,Arid Desert,NA,Ein Yahav,Far,NA,35.199492,30.646855,16233,Ein Yahav Far 47,0,0,0,0,0,0,1,0,0,0,2,0,0,0,0,0
T0,2014,Arid Desert,NA,Ein Yahav,Far,NA,35.199492,30.646855,16233,Ein Yahav Far 48,0,0,0,0,0,0,4,0,0,0,0,0,0,0,0,0
T0,2014,Arid Desert,NA,Ein Yahav,Far,NA,35.199492,30.646855,16233,Ein Yahav Far 50,0,0,0,0,0,0,2,0,0,0,0,0,0,0,0,0
T0,2014,Arid Desert,NA,Ein Yahav,Far,NA,35.199492,30.646855,16233,Ein Yahav Far 53,0,0,0,0,0,0,0,0,0,0,1,0,0,0,0,0
T0,2014,Arid Desert,NA,Ein Yahav,Near,NA,35.244327,30.671342,16233,Ein Yahav Near 20,0,0,0,0,0,0,0,0,0,0,1,0,0,0,0,0
T0,2014,Arid Desert,NA,Ein Yahav,Near,NA,35.244327,30.671342,16233,Ein Yahav Near 23,0,0,0,0,0,0,0,0,1,0,0,0,0,0,0,0
T0,2014,Arid Desert,NA,Ein Yahav,Near,NA,35.244327,30.671342,16233,Ein Yahav Near 24,0,0,0,0,0,0,0,0,0,0,1,0,0,0,0,0
T0,2014,Arid Desert,NA,Lotan,Far,NA,35.068248,29.992544,16212,Lotan Far 28,0,0,17,0,0,0,0,0,1,0,0,0,0,0,0,0
T0,2014,Arid Desert,NA,Lotan,Far,NA,35.068248,29.992544,16212,Lotan Far 29,1,0,13,0,0,0,0,0,1,0,0,0,0,0,0,0
T0,2014,Arid Desert,NA,Lotan,Far,NA,35.068248,29.992544,16212,Lotan Far 30,1,0,1,0,0,0,0,0,0,0,0,0,0,0,0,0
T0,2014,Arid Desert,NA,Lotan,Far,NA,35.068248,29.992544,16212,Lotan Far 31,0,0,55,0,0,0,0,0,2,0,0,0,0,0,0,0
T0,2014,Arid Desert,NA,Lotan,Far,NA,35.068248,29.992544,16212,Lotan Far 32,0,0,32,0,0,0,0,0,0,0,0,0,0,0,0,0
T0,2014,Arid Desert,NA,Lotan,Far,NA,35.068248,29.992544,16212,Lotan Far 34,0,0,17,0,0,0,0,0,1,0,0,0,0,0,0,0
T0,2014,Arid Desert,NA,Lotan,Far,NA,35.068248,29.992544,16212,Lotan Far 35,0,0,20,0,0,0,0,0,0,0,0,0,0,0,0,0
T0,2014,Arid Desert,NA,Lotan,Far,NA,35.068248,29.992544,16212,Lotan Far 36,0,0,9,0,0,0,0,0,0,0,0,0,0,0,0,0
T0,2014,Arid Desert,NA,Lotan,Near,NA,35.078905,29.974382,16212,Lotan Near 24,0,0,0,0,0,0,0,0,1,0,0,0,0,0,0,0
T0,2014,Arid Desert,NA,Paran,Far,NA,35.131286,30.344311,16216,Paran Far 50,0,0,0,0,0,0,0,0,0,0,1,0,0,0,0,0
T0,2014,Arid Desert,NA,Paran,Far,NA,35.131286,30.344311,16216,Paran Far 53,1,0,0,0,0,0,0,0,0,0,0,0,0,0,0,0
T0,2014,Arid Desert,NA,Yotvata,Far,NA,35.046068,29.884492,16212,Yotvata Far 11,0,0,4,0,0,0,0,0,0,0,0,0,0,0,0,0
T0,2014,Arid Desert,NA,Yotvata,Far,NA,35.046068,29.884492,16212,Yotvata Far 12,0,0,3,0,0,0,0,0,0,0,0,0,0,0,0,0
T0,2014,Arid Desert,NA,Yotvata,Far,NA,35.046068,29.884492,16212,Yotvata Far 13,0,0,7,0,0,0,0,0,0,0,0,0,0,0,0,0
T0,2014,Arid Desert,NA,Yotvata,Far,NA,35.046068,29.884492,16212,Yotvata Far 15,0,0,3,0,0,0,0,0,0,0,0,0,0,0,0,0
T0,2014,Arid Desert,NA,Yotvata,Far,NA,35.046068,29.884492,16212,Yotvata Far 16,0,0,6,0,0,0,1,0,0,0,0,0,0,0,0,0
T0,2014,Arid Desert,NA,Yotvata,Far,NA,35.046068,29.884492,16212,Yotvata Far 18,0,0,3,0,0,0,0,0,0,0,0,0,0,0,0,0
T0,2014,Arid Desert,NA,Yotvata,Near,NA,35.067509,29.889448,16206,Yotvata Near 3,3,0,0,0,0,0,0,0,2,0,1,0,0,0,0,1
T0,2014,Arid Desert,NA,Yotvata,Near,NA,35.067509,29.889448,16206,Yotvata Near 7,1,0,0,0,0,0,0,0,0,0,0,0,0,0,0,0
T0,2014,Arid Desert,NA,Zofar,Far,NA,35.17713,30.547329,16233,Zofar Far 37,0,0,0,0,0,0,0,0,0,1,0,0,0,0,0,0
T0,2014,Arid Desert,NA,Zofar,Far,NA,35.17713,30.547329,16233,Zofar Far 39,0,0,0,0,0,0,0,0,0,3,0,0,0,0,0,0
T0,2014,Arid Desert,NA,Zofar,Far,NA,35.17713,30.547329,16233,Zofar Far 40,0,0,0,0,0,0,0,0,0,2,1,0,0,0,0,0
T0,2014,Arid Desert,NA,Zofar,Far,NA,35.17713,30.547329,16233,Zofar Far 41,1,0,0,0,0,0,0,0,0,0,1,0,0,0,0,0
T0,2014,Arid Desert,NA,Zofar,Far,NA,35.17713,30.547329,16233,Zofar Far 42,1,0,0,0,0,0,0,0,0,0,0,0,0,0,0,0
T0,2014,Arid Desert,NA,Zofar,Near,NA,35.192205,30.568179,16233,Zofar Near 11,0,0,0,0,0,0,0,0,0,0,5,0,0,0,0,0
T0,2014,Arid Desert,NA,Zofar,Near,NA,35.192205,30.568179,16233,Zofar Near 13,0,0,0,0,0,0,0,0,1,0,0,0,0,0,0,0
T0,2014,Arid Desert,NA,Zofar,Near,NA,35.192205,30.568179,16233,Zofar Near 15,0,0,0,0,0,0,0,0,1,0,0,0,0,0,0,0
T0,2014,Arid Desert,NA,Zofar,Near,NA,35.192205,30.568179,16233,Zofar Near 17,1,0,0,0,0,0,0,0,0,0,0,0,0,0,0,0
T0,2014,Herbaceous and Dwarf Shrub Vegetation,NA,Gamla,Far,NA,35.74769,32.917469,16246,Gamla Far CA11,0,4,0,0,0,0,0,2,0,0,0,0,0,0,7,0
T0,2014,Herbaceous and Dwarf Shrub Vegetation,NA,Gamla,Far,NA,35.74769,32.917469,16246,Gamla Far CA21,0,0,0,0,0,0,0,6,0,0,0,0,0,0,6,0
T0,2014,Herbaceous and Dwarf Shrub Vegetation,NA,Gamla,Far,NA,35.74769,32.917469,16246,Gamla Far CA22,0,0,0,0,0,0,0,1,0,0,0,0,0,0,0,0
T0,2014,Herbaceous and Dwarf Shrub Vegetation,NA,Gamla,Far,NA,35.74769,32.917469,16246,Gamla Far CA23,1,0,0,0,0,0,0,0,0,0,0,0,0,0,0,0
T0,2014,Herbaceous and Dwarf Shrub Vegetation,NA,Gamla,Far,NA,35.74769,32.917469,16246,Gamla Far CA25,2,0,0,0,0,0,0,0,0,3,0,0,0,0,0,0
T0,2014,Herbaceous and Dwarf Shrub Vegetation,NA,Gamla,Far,NA,35.74769,32.917469,16246,Gamla Far CA30,0,0,0,0,0,0,0,0,0,0,0,0,0,0,0,1
T0,2014,Herbaceous and Dwarf Shrub Vegetation,NA,Gamla,Far,NA,35.74769,32.917469,16246,Gamla Far CA31,0,0,0,0,0,0,0,44,0,0,0,0,0,0,7,0
T0,2014,Herbaceous and Dwarf Shrub Vegetation,NA,Gamla,Far,NA,35.74769,32.917469,16246,Gamla Far CA34,3,0,0,0,0,0,0,1,0,0,0,0,0,0,12,0
T0,2014,Herbaceous and Dwarf Shrub Vegetation,NA,Gamla,Far,NA,35.74769,32.917469,16246,Gamla Far CA7,0,0,0,0,0,0,0,7,2,0,0,0,2,0,17,1
T0,2014,Herbaceous and Dwarf Shrub Vegetation,NA,Karei Deshe,Far,NA,35.58239,32.92394,16257,Karei Deshe Far CA10,1,0,0,0,0,0,0,9,0,0,0,0,0,0,0,1
T0,2014,Herbaceous and Dwarf Shrub Vegetation,NA,Karei Deshe,Far,NA,35.58239,32.92394,16257,Karei Deshe Far CA12,0,0,0,0,0,0,0,2,0,1,0,0,0,0,0,0
T0,2014,Herbaceous and Dwarf Shrub Vegetation,NA,Karei Deshe,Far,NA,35.58239,32.92394,16257,Karei Deshe Far CA26,7,0,0,0,0,0,0,1,0,3,0,0,0,0,2,0
T0,2014,Herbaceous and Dwarf Shrub Vegetation,NA,Karei Deshe,Far,NA,35.58239,32.92394,16257,Karei Deshe Far CA29,2,0,0,0,0,0,0,2,0,0,0,0,0,0,0,1
T0,2014,Herbaceous and Dwarf Shrub Vegetation,NA,Karei Deshe,Far,NA,35.58239,32.92394,16257,Karei Deshe Far CA3,0,0,0,0,0,0,0,1,0,0,0,0,0,0,0,0
T0,2014,Herbaceous and Dwarf Shrub Vegetation,NA,Karei Deshe,Far,NA,35.58239,32.92394,16257,Karei Deshe Far CA35,3,0,0,0,0,0,0,4,0,0,0,0,0,0,0,0
T0,2014,Herbaceous and Dwarf Shrub Vegetation,NA,Karei Deshe,Far,NA,35.58239,32.92394,16257,Karei Deshe Far CA36,0,0,0,0,0,0,0,1,0,0,0,0,0,0,0,0
T0,2014,Herbaceous and Dwarf Shrub Vegetation,NA,Karei Deshe,Far,NA,35.58239,32.92394,16257,Karei Deshe Far CA4,2,0,0,0,0,0,0,1,0,0,0,0,0,0,0,1
T0,2014,Herbaceous and Dwarf Shrub Vegetation,NA,Natur,Far,NA,35.737387,32.844674,16246,Natur Far CA13,2,0,0,0,0,0,0,1,0,0,0,0,0,0,6,0
T0,2014,Herbaceous and Dwarf Shrub Vegetation,NA,Natur,Far,NA,35.737387,32.844674,16246,Natur Far CA14,0,0,0,0,0,0,0,3,0,0,0,0,0,0,2,0
T0,2014,Herbaceous and Dwarf Shrub Vegetation,NA,Natur,Far,NA,35.737387,32.844674,16246,Natur Far CA16,1,0,0,0,0,0,0,1,0,0,0,0,0,0,1,1
T0,2014,Herbaceous and Dwarf Shrub Vegetation,NA,Natur,Far,NA,35.737387,32.844674,16246,Natur Far CA28,6,0,0,0,0,0,0,4,0,0,0,0,0,0,0,0
T0,2014,Herbaceous and Dwarf Shrub Vegetation,NA,Natur,Far,NA,35.737387,32.844674,16246,Natur Far CA33,1,0,0,0,0,0,0,2,0,0,0,0,0,0,6,0
T0,2014,Herbaceous and Dwarf Shrub Vegetation,NA,Natur,Far,NA,35.737387,32.844674,16246,Natur Far CA6,11,0,0,0,0,0,0,1,0,0,0,0,1,0,0,7
T0,2014,Herbaceous and Dwarf Shrub Vegetation,NA,Natur,Far,NA,35.737387,32.844674,16246,Natur Far CA9,2,0,0,0,0,0,0,4,0,0,0,0,0,0,0,1
T0,2014,Herbaceous and Dwarf Shrub Vegetation,NA,Shaal,Far,NA,35.750144,33.087734,16245,Shaal Far CA1,1,0,0,0,0,0,0,1,0,0,0,0,0,0,0,1
T0,2014,Herbaceous and Dwarf Shrub Vegetation,NA,Shaal,Far,NA,35.750144,33.087734,16245,Shaal Far CA17,0,0,0,0,0,0,0,2,0,0,0,0,0,0,1,0
T0,2014,Herbaceous and Dwarf Shrub Vegetation,NA,Shaal,Far,NA,35.750144,33.087734,16245,Shaal Far CA18,0,0,0,0,0,0,0,1,0,0,0,0,0,0,0,0
T0,2014,Herbaceous and Dwarf Shrub Vegetation,NA,Shaal,Far,NA,35.750144,33.087734,16245,Shaal Far CA20,1,1,0,0,0,0,0,10,0,0,0,0,0,0,1,3
T0,2014,Herbaceous and Dwarf Shrub Vegetation,NA,Shaal,Far,NA,35.750144,33.087734,16245,Shaal Far CA5,2,0,0,0,0,0,0,4,0,2,0,1,0,0,0,0
T0,2014,Herbaceous and Dwarf Shrub Vegetation,NA,Shaal,Far,NA,35.750144,33.087734,16245,Shaal Far CA8,1,0,0,0,0,0,0,35,0,0,0,2,0,0,1,2
T0,2014,Herbaceous and Dwarf Shrub Vegetation,NA,Yavneel,Far,NA,35.512391,32.678852,16267,Yavneel Far CA13,10,0,0,0,0,0,0,3,0,0,0,0,0,0,14,2
T0,2014,Herbaceous and Dwarf Shrub Vegetation,NA,Yavneel,Far,NA,35.512391,32.678852,16267,Yavneel Far CA14,0,0,0,0,0,0,0,3,0,0,0,0,0,0,0,0
T0,2014,Herbaceous and Dwarf Shrub Vegetation,NA,Yavneel,Far,NA,35.512391,32.678852,16267,Yavneel Far CA16,6,0,0,0,0,0,0,4,0,1,0,0,2,0,3,1
T0,2014,Herbaceous and Dwarf Shrub Vegetation,NA,Yavneel,Far,NA,35.512391,32.678852,16267,Yavneel Far CA19,1,0,0,0,0,0,0,9,0,0,0,0,0,0,6,1
T0,2014,Herbaceous and Dwarf Shrub Vegetation,NA,Yavneel,Far,NA,35.512391,32.678852,16267,Yavneel Far CA28,5,1,0,0,0,0,0,10,0,3,0,0,0,0,0,0
T0,2014,Herbaceous and Dwarf Shrub Vegetation,NA,Yavneel,Far,NA,35.512391,32.678852,16267,Yavneel Far CA33,2,0,0,0,0,0,0,3,0,0,0,0,0,0,2,1
T0,2014,Herbaceous and Dwarf Shrub Vegetation,NA,Yavneel,Far,NA,35.512391,32.678852,16267,Yavneel Far CA6,2,0,0,0,0,0,0,1,0,1,0,0,0,0,3,0
T0,2014,Herbaceous and Dwarf Shrub Vegetation,NA,Yavneel,Far,NA,35.512391,32.678852,16267,Yavneel Far CA9,1,0,0,0,0,0,0,1,0,0,0,0,0,0,0,1
T0,2014,Mediterranean Desert Transition Zone,NA,Beit Yatir,Far,NA,35.124834,31.369949,16264,Beit Yatir Far 19,31,0,0,0,0,0,0,0,0,0,0,0,0,0,0,0
T0,2014,Mediterranean Desert Transition Zone,NA,Beit Yatir,Far,NA,35.124834,31.369949,16264,Beit Yatir Far 20,0,0,0,0,0,0,0,1,0,0,0,0,0,0,0,0
T0,2014,Mediterranean Desert Transition Zone,NA,Beit Yatir,Far,NA,35.124834,31.369949,16264,Beit Yatir Far 23,0,0,0,0,0,0,0,1,0,0,0,0,0,0,0,0
T0,2014,Mediterranean Desert Transition Zone,NA,Beit Yatir,Far,NA,35.124834,31.369949,16264,Beit Yatir Far 24,2,0,0,0,0,0,0,6,0,0,0,0,0,0,0,0
T0,2014,Mediterranean Desert Transition Zone,NA,Beit Yatir,Far,NA,35.124834,31.369949,16264,Beit Yatir Far 26,1,0,0,0,0,0,0,5,0,0,0,0,0,0,0,0
T0,2014,Mediterranean Desert Transition Zone,NA,Beit Yatir,Far,NA,35.124834,31.369949,16264,Beit Yatir Far 27,0,0,0,0,0,0,0,2,0,0,0,0,0,0,0,0
T0,2014,Mediterranean Desert Transition Zone,NA,Beit Yatir,Near,NA,35.109329,31.358183,16264,Beit Yatir Near 11,6,0,0,0,0,0,0,0,0,0,1,0,0,0,0,0
T0,2014,Mediterranean Desert Transition Zone,NA,Beit Yatir,Near,NA,35.109329,31.358183,16264,Beit Yatir Near 16,1,0,0,0,0,0,0,0,0,0,0,0,0,0,0,0
T0,2014,Mediterranean Desert Transition Zone,NA,Beit Yatir,Near,NA,35.109329,31.358183,16264,Beit Yatir Near 17,1,0,0,0,0,0,0,0,0,0,0,0,0,0,0,0
T0,2014,Mediterranean Desert Transition Zone,NA,Har Amasa,Far,NA,35.093329,31.330906,16268,Har Amasa Far 3,0,0,0,0,0,0,0,2,0,0,0,0,0,0,0,0
T0,2014,Mediterranean Desert Transition Zone,NA,Har Amasa,Far,NA,35.093329,31.330906,16268,Har Amasa Far 5,0,0,0,0,0,0,0,0,1,0,0,0,0,0,0,0
T0,2014,Mediterranean Desert Transition Zone,NA,Har Amasa,Far,NA,35.093329,31.330906,16268,Har Amasa Far 9,0,0,0,0,0,0,0,0,0,1,0,0,0,0,0,0
T0,2014,Mediterranean Desert Transition Zone,NA,Har Amasa,Near,NA,35.100175,31.3435,16268,Har Amasa Near 29,0,0,0,0,0,0,0,0,1,0,0,0,0,0,0,0
T0,2014,Mediterranean Desert Transition Zone,NA,Har Amasa,Near,NA,35.100175,31.3435,16268,Har Amasa Near 33,0,0,0,0,0,0,0,0,0,1,0,0,0,0,0,0
T0,2014,Mediterranean Desert Transition Zone,NA,Har Amasa,Near,NA,35.100175,31.3435,16268,Har Amasa Near 34,0,0,0,0,0,0,0,0,1,0,0,0,0,0,0,0
T0,2014,Mediterranean Desert Transition Zone,NA,Lahav,Far,NA,34.857092,31.374745,16281,Lahav Far 27,3,0,0,0,0,0,0,0,1,0,1,0,0,0,0,0
T0,2014,Mediterranean Desert Transition Zone,NA,Lahav,Near,NA,34.86739,31.381659,16281,Lahav Near 11,1,0,0,0,0,0,0,0,0,0,0,0,0,0,0,0
T0,2014,Mediterranean Desert Transition Zone,NA,Lahav,Near,NA,34.86739,31.381659,16281,Lahav Near 12,3,0,0,0,0,0,0,0,0,10,0,0,0,0,0,0
T0,2014,Mediterranean Desert Transition Zone,NA,Lahav,Near,NA,34.86739,31.381659,16281,Lahav Near 14,1,0,0,0,0,0,0,0,0,2,0,0,0,0,0,0
T0,2014,Mediterranean Desert Transition Zone,NA,Lahav,Near,NA,34.86739,31.381659,16281,Lahav Near 18,1,0,0,0,0,0,0,0,0,0,0,0,0,0,0,0
T0,2014,Mediterranean Desert Transition Zone,NA,Lehavim,Far,NA,34.835428,31.368971,16282,Lehavim Far 2,0,0,0,0,0,0,0,0,0,0,3,0,0,0,0,0
T0,2014,Mediterranean Desert Transition Zone,NA,Lehavim,Far,NA,34.835428,31.368971,16282,Lehavim Far 3,2,0,0,0,0,0,0,0,0,0,0,0,0,0,0,0
T0,2014,Mediterranean Desert Transition Zone,NA,Lehavim,Far,NA,34.835428,31.368971,16282,Lehavim Far 4,0,0,0,0,0,0,0,0,0,0,1,0,0,0,0,0
T0,2014,Mediterranean Desert Transition Zone,NA,Lehavim,Far,NA,34.835428,31.368971,16282,Lehavim Far 7,4,0,0,0,0,0,0,0,0,0,0,0,0,0,0,0
T0,2014,Mediterranean Desert Transition Zone,NA,Lehavim,Near,NA,34.806506,31.370853,16282,Lehavim Near 29,1,1,0,0,0,0,0,0,0,0,2,0,0,0,0,0
T0,2014,Mediterranean Desert Transition Zone,NA,Lehavim,Near,NA,34.806506,31.370853,16282,Lehavim Near 31,1,0,0,0,0,0,0,0,0,0,0,0,0,0,0,0
T0,2014,Mediterranean Desert Transition Zone,NA,Mirsham,Far,NA,34.904341,31.46315,16286,Mirsham Far 47,0,0,0,0,0,0,0,0,1,0,0,0,0,0,0,0
T0,2014,Mediterranean Desert Transition Zone,NA,Mirsham,Far,NA,34.904341,31.46315,16286,Mirsham Far 49,1,0,0,0,0,0,0,0,0,0,0,0,0,0,0,0
T0,2014,Mediterranean Desert Transition Zone,NA,Mirsham,Far,NA,34.904341,31.46315,16286,Mirsham Far 53,0,0,0,0,0,0,0,2,0,0,0,0,0,0,0,0
T0,2014,Negev Highlands,NA,Bislach,Far,NA,34.874379,31.007009,16253,Bislach Far 1,1,0,0,0,0,0,0,0,0,0,0,0,0,0,0,0
T0,2014,Negev Highlands,NA,Bislach,Far,NA,34.874379,31.007009,16253,Bislach Far 5,0,0,5,0,0,0,0,0,0,0,0,0,0,0,0,0
T0,2014,Negev Highlands,NA,Bislach,Far,NA,34.874379,31.007009,16253,Bislach Far 6,0,0,0,0,0,0,0,0,1,0,0,0,0,0,0,0
T0,2014,Negev Highlands,NA,Bislach,Far,NA,34.874379,31.007009,16253,Bislach Far 7,0,0,4,0,0,0,0,0,0,0,0,0,0,0,0,0
T0,2014,Negev Highlands,NA,Bislach,Far,NA,34.874379,31.007009,16253,Bislach Far 8,1,0,0,0,0,0,0,0,0,0,0,0,0,0,0,0
T0,2014,Negev Highlands,NA,Bislach,Far,NA,34.874379,31.007009,16253,Bislach Far 9,0,0,1,0,0,0,0,0,0,0,0,0,0,0,0,0
T0,2014,Negev Highlands,NA,Bislach,Near,NA,34.863438,31.014485,16253,Bislach Near 28,1,0,0,0,0,0,0,0,0,0,0,0,0,0,0,0
T0,2014,Negev Highlands,NA,Bislach,Near,NA,34.863438,31.014485,16253,Bislach Near 34,1,0,0,0,0,0,0,0,0,0,0,0,0,0,0,0
T0,2014,Negev Highlands,NA,Ezuz,Far,NA,34.467438,30.77978,16247,Ezuz Far 10,2,0,0,0,0,0,0,0,0,1,0,0,0,0,0,0
T0,2014,Negev Highlands,NA,Ezuz,Far,NA,34.467438,30.77978,16247,Ezuz Far 13,33,0,0,0,0,0,0,0,0,0,0,0,0,0,0,0
T0,2014,Negev Highlands,NA,Ezuz,Far,NA,34.467438,30.77978,16247,Ezuz Far 14,2,0,0,0,0,0,0,0,0,0,0,0,0,0,0,0
T0,2014,Negev Highlands,NA,Ezuz,Far,NA,34.467438,30.77978,16247,Ezuz Far 18,1,0,0,0,0,0,0,0,0,0,5,0,0,0,0,0
T0,2014,Negev Highlands,NA,Ezuz,Near,NA,34.46694,30.792497,16247,Ezuz Near 26,0,0,0,0,0,0,0,0,0,0,1,0,0,0,0,0
T0,2014,Negev Highlands,NA,Merhav Am,Far,NA,34.836483,30.898962,16240,Merhav Am Far 1,0,0,0,0,0,0,0,0,0,1,0,0,0,0,0,0
T0,2014,Negev Highlands,NA,Merhav Am,Near,NA,34.82665,30.888359,16240,Merhav Am Near 28,0,0,0,0,0,0,0,0,0,0,2,0,0,0,0,0
T0,2014,Negev Highlands,NA,Sde Boker,Far,NA,34.776035,30.886517,16250,Sde Boker Far 43,0,0,0,0,0,0,0,0,0,1,0,0,0,0,0,0
T0,2014,Negev Highlands,NA,Sde Boker,Far,NA,34.776035,30.886517,16250,Sde Boker Far 44,0,0,0,0,0,0,6,0,0,1,0,0,0,0,0,0
T0,2014,Negev Highlands,NA,Yeruham,Far,NA,34.926633,30.974158,16265,Yeruham Far 45,0,0,0,0,0,0,0,0,0,1,0,0,0,0,0,0
T0,2014,Negev Highlands,NA,Yeruham,Near,NA,34.92299,30.98412,16265,Yeruham Near 39,0,0,0,0,0,0,0,0,0,11,2,0,0,0,0,0
T0,2014,Negev Highlands,NA,Yeruham,Near,NA,34.92299,30.98412,16265,Yeruham Near 40,0,0,0,0,0,0,0,0,0,14,0,0,0,0,0,0
T0,2014,Negev Highlands,NA,Yeruham,Near,NA,34.92299,30.98412,16265,Yeruham Near 41,0,0,0,0,0,0,0,0,0,1,0,0,0,0,0,0
T0,2014,Negev Highlands,NA,Yeruham,Near,NA,34.92299,30.98412,16265,Yeruham Near 43,0,1,0,0,0,0,0,0,2,15,0,0,0,0,0,0
T0,2014,Negev Highlands,NA,Yeruham,Near,NA,34.92299,30.98412,16265,Yeruham Near 44,0,0,0,0,0,0,0,0,0,4,0,0,0,0,0,0
T1,2015,Mediterranean Maquis,Carmel,Beit Oren,Far,NA,35.00253123,32.72538777,16589,Beit Oren Far 17,4,0,0,0,0,0,0,0,1,4,0,0,0,0,1,0
T1,2015,Mediterranean Maquis,Carmel,Beit Oren,Far,NA,35.00351199,32.72525111,16589,Beit Oren Far 21,9,0,0,0,0,0,0,0,3,14,0,0,0,0,4,0
T1,2015,Mediterranean Maquis,Carmel,Beit Oren,Far,NA,35.00424441,32.72565787,16589,Beit Oren Far 10,1,0,0,0,0,0,0,0,0,1,0,0,0,0,0,0
T1,2015,Mediterranean Maquis,Carmel,Beit Oren,Far,NA,35.00525107,32.72563599,16589,Beit Oren Far 16,0,0,0,0,0,0,0,0,0,0,0,0,0,0,2,0
T1,2015,Mediterranean Maquis,Carmel,Beit Oren,Far,NA,35.00584067,32.72519493,16589,Beit Oren Far 12,4,0,0,0,0,0,0,0,1,3,0,0,0,0,2,0
T1,2015,Mediterranean Maquis,Carmel,Beit Oren,Far,NA,35.00665596,32.72560289,16589,Beit Oren Far 13,13,0,0,0,0,0,0,0,2,0,0,0,0,0,2,0
T1,2015,Mediterranean Maquis,Carmel,Beit Oren,Far,NA,35.00672833,32.72604215,16589,Beit Oren Far 18,3,0,0,0,0,0,0,0,0,4,0,0,0,0,1,0
T1,2015,Mediterranean Maquis,Carmel,Beit Oren,Far,NA,35.00768704,32.72613828,16589,Beit Oren Far 14,8,0,0,0,0,0,0,0,2,9,0,0,0,0,6,0
T1,2015,Mediterranean Maquis,Carmel,Beit Oren,Near,NA,35.00171649,32.73386347,16611,Beit Oren Near 27,18,0,0,0,0,0,0,0,3,1,0,0,0,0,16,4
T1,2015,Mediterranean Maquis,Carmel,Beit Oren,Near,NA,35.00194179,32.73410714,16611,Beit Oren Near 23,0,0,0,0,0,0,0,0,0,0,0,0,0,0,1,0
T1,2015,Mediterranean Maquis,Carmel,Beit Oren,Near,NA,35.00254261,32.73372809,16611,Beit Oren Near 26,1,0,0,0,0,0,0,0,0,0,0,0,0,0,2,0
T1,2015,Mediterranean Maquis,Carmel,Beit Oren,Near,NA,35.00271963,32.73325879,16611,Beit Oren Near 19,0,0,0,0,0,0,0,0,0,1,0,0,0,0,8,0
T1,2015,Mediterranean Maquis,Carmel,Beit Oren,Near,NA,35.0031166,32.73296547,16611,Beit Oren Near 24,3,0,0,0,0,0,0,0,0,1,0,0,1,0,3,3
T1,2015,Mediterranean Maquis,Carmel,Beit Oren,Near,NA,35.00356185,32.73303767,16611,Beit Oren Near 22,3,0,0,0,0,0,0,0,0,0,0,0,0,0,4,0
T1,2015,Mediterranean Maquis,Carmel,Beit Oren,Near,NA,35.00402855,32.73324525,16611,Beit Oren Near 25,0,0,0,0,0,0,0,0,0,0,0,0,0,0,1,0
T1,2015,Mediterranean Maquis,Carmel,Beit Oren,Near,NA,35.00435578,32.73274887,16611,Beit Oren Near 20,0,0,0,0,0,0,0,0,0,0,0,0,0,0,3,0
T1,2015,Mediterranean Maquis,Carmel,Kerem Maharal,Far,NA,35.01498446,32.66119169,16574,Kerem Maharal Far CA16,4,0,0,0,0,0,0,0,0,1,0,0,0,0,14,2
T1,2015,Mediterranean Maquis,Carmel,Kerem Maharal,Far,NA,35.01498446,32.66119169,16574,Kerem Maharal Far CA17,1,0,0,0,0,0,0,0,2,8,0,1,0,0,3,7
T1,2015,Mediterranean Maquis,Carmel,Kerem Maharal,Far,NA,35.01517452,32.6615915,16574,Kerem Maharal Far CA10,0,0,0,0,0,0,0,2,1,9,0,0,0,0,7,1
T1,2015,Mediterranean Maquis,Carmel,Kerem Maharal,Far,NA,35.01606202,32.66172159,16574,Kerem Maharal Far CA14,5,0,0,0,0,0,0,1,2,7,0,0,1,0,3,1
T1,2015,Mediterranean Maquis,Carmel,Kerem Maharal,Far,NA,35.01685674,32.66181211,16574,Kerem Maharal Far CA13,0,0,0,0,0,0,0,3,1,2,0,0,0,0,4,1
T1,2015,Mediterranean Maquis,Carmel,Kerem Maharal,Far,NA,35.01754722,32.6622551,16574,Kerem Maharal Far CA18,1,0,0,0,0,0,0,0,2,5,0,0,0,0,4,4
T1,2015,Mediterranean Maquis,Carmel,Kerem Maharal,Far,NA,35.01798091,32.66268556,16574,Kerem Maharal Far CA17,1,0,0,0,0,0,0,0,2,8,0,1,0,0,3,7
T1,2015,Mediterranean Maquis,Carmel,Kerem Maharal,Far,NA,35.01798091,32.66268556,16574,Kerem Maharal Far CA18,1,0,0,0,0,0,0,0,2,5,0,0,0,0,4,4
T1,2015,Mediterranean Maquis,Carmel,Kerem Maharal,Far,NA,35.01852979,32.66287854,16574,Kerem Maharal Far CA12,0,0,0,0,0,0,0,0,0,1,0,1,0,0,0,0
T1,2015,Mediterranean Maquis,Carmel,Kerem Maharal,Far,NA,35.01994352,32.66338161,16574,Kerem Maharal Far CA6,1,0,0,0,0,0,0,0,2,27,0,0,0,0,6,0
T1,2015,Mediterranean Maquis,Carmel,Kerem Maharal,Near,NA,34.99465491,32.64208485,16574,Kerem Maharal Near CA22,2,0,0,0,0,0,0,0,0,1,0,0,0,0,10,0
T1,2015,Mediterranean Maquis,Carmel,Kerem Maharal,Near,NA,34.99466062,32.64581817,16574,Kerem Maharal Near CA25,1,0,0,0,0,0,0,0,0,5,0,0,0,0,3,0
T1,2015,Mediterranean Maquis,Carmel,Kerem Maharal,Near,NA,34.99497366,32.64521318,16574,Kerem Maharal Near CA21,1,0,0,0,0,0,0,0,0,0,0,0,0,0,0,0
T1,2015,Mediterranean Maquis,Carmel,Kerem Maharal,Near,NA,34.99517403,32.64566756,16574,Kerem Maharal Near CA23,2,0,0,0,0,0,0,0,0,4,0,0,0,0,8,0
T1,2015,Mediterranean Maquis,Carmel,Kerem Maharal,Near,NA,34.99538737,32.64326839,16574,Kerem Maharal Near CA27,3,0,0,0,0,0,0,0,0,2,0,0,1,0,0,0
T1,2015,Mediterranean Maquis,Carmel,Kerem Maharal,Near,NA,34.99570895,32.6426459,16574,Kerem Maharal Near CA20,1,0,0,0,0,0,0,0,0,3,0,0,1,0,0,0
T1,2015,Mediterranean Maquis,Carmel,Kerem Maharal,Near,NA,34.99593311,32.64491716,16574,Kerem Maharal Near CA24,0,0,0,0,0,0,0,0,0,1,0,0,0,0,0,0
T1,2015,Mediterranean Maquis,Carmel,Kerem Maharal,Near,NA,34.99658305,32.64588425,16574,Kerem Maharal Near CA26,0,0,0,0,0,0,0,0,0,0,0,0,1,0,0,0
T1,2015,Mediterranean Maquis,Carmel,Nir Etzion,Far,NA,35.00632468,32.69832898,16588,Nir Etzion Far CA20,0,0,0,0,0,0,0,0,0,0,0,0,0,0,2,0
T1,2015,Mediterranean Maquis,Carmel,Nir Etzion,Far,NA,35.00658005,32.69797592,16588,Nir Etzion Far CA26,0,0,0,0,0,0,0,0,0,0,0,0,0,0,1,0
T1,2015,Mediterranean Maquis,Carmel,Nir Etzion,Far,NA,35.00716602,32.69801021,16588,Nir Etzion Far CA27,0,0,0,0,0,0,0,0,0,0,0,0,0,0,5,0
T1,2015,Mediterranean Maquis,Carmel,Nir Etzion,Far,NA,35.00781478,32.69741843,16588,Nir Etzion Far CA25,1,0,0,0,0,0,0,0,0,0,0,0,0,0,5,0
T1,2015,Mediterranean Maquis,Carmel,Nir Etzion,Far,NA,35.00909667,32.69671848,16588,Nir Etzion Far CA22,1,0,0,0,0,0,0,0,1,0,0,0,0,0,2,0
T1,2015,Mediterranean Maquis,Carmel,Nir Etzion,Far,NA,35.00909667,32.69671848,16588,Nir Etzion Far CA23,6,0,0,0,0,0,0,0,1,0,0,0,0,0,2,1
T1,2015,Mediterranean Maquis,Carmel,Nir Etzion,Far,NA,35.00909667,32.69671848,16588,Nir Etzion Far CA24,0,0,0,0,0,0,0,0,1,0,0,0,0,0,3,0
T1,2015,Mediterranean Maquis,Carmel,Nir Etzion,Far,NA,35.01042733,32.6966915,16588,Nir Etzion Far CA19,3,0,0,0,0,0,0,0,1,0,0,0,0,0,3,0
T1,2015,Mediterranean Maquis,Carmel,Nir Etzion,Near,NA,34.99259319,32.70131503,16588,Nir Etzion Near CA4,18,0,0,0,0,0,0,0,0,1,0,0,0,0,2,0
T1,2015,Mediterranean Maquis,Carmel,Nir Etzion,Near,NA,34.99376582,32.70115116,16588,Nir Etzion Near CA7,5,0,0,0,0,0,0,0,0,1,0,0,0,0,1,0
T1,2015,Mediterranean Maquis,Carmel,Nir Etzion,Near,NA,34.9944741,32.70081251,16588,Nir Etzion Near CA1,0,0,0,0,0,0,0,0,0,13,0,0,0,0,1,0
T1,2015,Mediterranean Maquis,Carmel,Nir Etzion,Near,NA,34.9949786,32.70040324,16588,Nir Etzion Near CA2,4,0,0,0,0,0,0,0,0,1,0,0,0,0,1,0
T1,2015,Mediterranean Maquis,Carmel,Nir Etzion,Near,NA,34.99546513,32.70027373,16588,Nir Etzion Near CA8,4,0,0,0,0,0,0,0,1,1,0,0,0,0,2,0
T1,2015,Mediterranean Maquis,Carmel,Nir Etzion,Near,NA,34.99625762,32.70015982,16588,Nir Etzion Near CA6,35,0,0,0,0,0,0,0,0,0,0,0,0,0,3,0
T1,2015,Mediterranean Maquis,Carmel,Nir Etzion,Near,NA,34.99687386,32.69999856,16588,Nir Etzion Near CA3,37,0,0,0,0,0,0,0,2,4,0,0,0,0,2,0
T1,2015,Mediterranean Maquis,Carmel,Nir Etzion,Near,NA,34.99729763,32.699768,16588,Nir Etzion Near CA9,11,0,0,0,0,0,0,0,0,0,0,0,0,0,10,0
T1,2015,Mediterranean Maquis,Carmel,Nir Etzion,Near,NA,34.99807964,32.69960292,16588,Nir Etzion Near CA5,11,0,0,0,0,0,0,0,2,3,0,0,1,0,3,0
T1,2015,Mediterranean Maquis,Carmel,Ofer,Far,NA,34.99095279,32.61516257,16573,Ofer Far CA35,0,0,0,0,0,0,0,0,0,1,0,0,0,0,1,0
T1,2015,Mediterranean Maquis,Carmel,Ofer,Far,NA,34.99153256,32.61549298,16573,Ofer Far CA33,5,0,0,0,0,0,0,0,2,16,0,0,5,0,7,6
T1,2015,Mediterranean Maquis,Carmel,Ofer,Far,NA,34.99239819,32.61565017,16573,Ofer Far CA30,0,0,0,0,0,0,0,0,0,1,0,0,0,0,0,1
T1,2015,Mediterranean Maquis,Carmel,Ofer,Far,NA,34.99349852,32.61580744,16573,Ofer Far CA34,7,0,0,0,0,0,0,0,3,1,0,0,0,0,3,1
T1,2015,Mediterranean Maquis,Carmel,Ofer,Far,NA,34.99393732,32.61547824,16573,Ofer Far CA31,1,0,0,0,0,0,0,0,6,6,0,0,0,0,2,0
T1,2015,Mediterranean Maquis,Carmel,Ofer,Far,NA,34.99473901,32.61512449,16573,Ofer Far CA32_100,10,0,0,0,0,0,0,1,2,4,0,0,3,0,1,4
T1,2015,Mediterranean Maquis,Carmel,Ofer,Far,NA,34.99489724,32.61470864,16573,Ofer Far CA36,2,0,0,0,0,0,0,0,0,0,0,0,0,0,2,1
T1,2015,Mediterranean Maquis,Carmel,Ofer,Near,NA,34.98260877,32.61697241,16573,Ofer Near CA2,20,0,0,0,0,0,0,0,0,0,0,0,0,0,7,0
T1,2015,Mediterranean Maquis,Carmel,Ofer,Near,NA,34.98264104,32.61673473,16573,Ofer Near CA1,24,0,0,0,0,0,0,0,0,0,0,0,0,0,5,0
T1,2015,Mediterranean Maquis,Carmel,Ofer,Near,NA,34.98334644,32.61736483,16573,Ofer Near CA3,21,0,0,0,0,0,0,0,0,0,0,0,0,0,3,0
T1,2015,Mediterranean Maquis,Carmel,Ofer,Near,NA,34.98409875,32.61760447,16573,Ofer Near CA8,0,0,0,0,0,0,0,0,0,0,0,0,0,0,1,0
T1,2015,Mediterranean Maquis,Carmel,Ofer,Near,NA,34.98530357,32.61809398,16573,Ofer Near CA4,59,0,0,0,0,0,0,0,0,0,0,0,0,0,35,0
T1,2015,Mediterranean Maquis,Carmel,Ofer,Near,NA,34.98673248,32.61836475,16573,Ofer Near CA5,18,0,0,0,0,0,0,0,0,0,0,0,0,0,7,0
T1,2015,Mediterranean Maquis,Carmel,Yagur,Far,NA,35.05327198,32.75542125,16614,Yagur Far 3,5,0,0,0,0,0,0,0,0,0,0,1,0,0,0,3
T1,2015,Mediterranean Maquis,Carmel,Yagur,Far,NA,35.05331661,32.75469011,16614,Yagur Far 8,0,0,0,0,0,0,0,0,0,0,0,0,0,0,0,2
T1,2015,Mediterranean Maquis,Carmel,Yagur,Far,NA,35.05366101,32.75553026,16614,Yagur Far 6,9,0,0,0,0,0,0,0,2,0,0,0,0,0,3,0
T1,2015,Mediterranean Maquis,Carmel,Yagur,Far,NA,35.05414152,32.75441262,16614,Yagur Far 5,0,0,0,0,0,0,0,0,0,4,0,0,0,0,1,0
T1,2015,Mediterranean Maquis,Carmel,Yagur,Far,NA,35.05594347,32.75354849,16614,Yagur Far 2,0,0,0,0,0,0,0,0,0,0,0,1,0,0,0,1
T1,2015,Mediterranean Maquis,Carmel,Yagur,Far,NA,35.05639606,32.7532141,16614,Yagur Far 1,0,0,0,0,0,0,0,0,1,0,0,1,0,0,1,3
T1,2015,Mediterranean Maquis,Carmel,Yagur,Far,NA,35.05665043,32.75255345,16614,Yagur Far 7,0,0,0,0,0,0,0,0,0,1,0,0,0,0,2,0
T1,2015,Mediterranean Maquis,Carmel,Yagur,Near,NA,35.07504567,32.73905963,16737,Yagur Near 19,8,0,0,0,0,0,0,0,0,0,0,0,3,0,3,6
T1,2015,Mediterranean Maquis,Carmel,Yagur,Near,NA,35.07574862,32.73903762,16737,Yagur Near 21,1,0,0,0,0,0,0,0,0,0,0,0,0,0,0,1
T1,2015,Mediterranean Maquis,Carmel,Yagur,Near,NA,35.07702439,32.73857675,16737,Yagur Near 24,1,0,0,0,0,0,0,0,0,0,0,0,2,0,0,0
T1,2015,Mediterranean Maquis,Carmel,Yagur,Near,NA,35.07740009,32.73840007,16737,Yagur Near 20,1,0,0,0,0,0,0,0,1,1,0,1,3,0,1,2
T1,2015,Mediterranean Maquis,Carmel,Yagur,Near,NA,35.07768327,32.73860207,16737,Yagur Near 26,2,0,0,0,0,0,0,0,0,1,0,0,3,0,0,0
T1,2015,Mediterranean Maquis,Carmel,Yagur,Near,NA,35.07834232,32.73807264,16737,Yagur Near 27,12,0,0,0,0,0,0,0,0,1,0,0,33,0,3,3
T1,2015,Mediterranean Maquis,Carmel,Yagur,Near,NA,35.07857588,32.73729296,16737,Yagur Near 23,0,0,0,0,0,0,0,0,0,0,0,0,2,0,0,1
T1,2015,Mediterranean Maquis,Carmel,Yagur,Near,NA,35.07863093,32.73765512,16737,Yagur Near 25,1,0,0,0,0,0,0,0,0,0,0,0,3,0,0,4
T1,2015,Mediterranean Maquis,Galilee,Ein Yaakov,Far,NA,35.22742932,33.00345145,16750,Ein Yaakov Far CA1,28,0,0,0,0,1,0,0,0,0,0,0,0,0,62,0
T1,2015,Mediterranean Maquis,Galilee,Ein Yaakov,Far,NA,35.22791333,33.00308667,16750,Ein Yaakov Far CA2,32,0,0,0,0,0,0,0,0,0,0,0,0,0,19,0
T1,2015,Mediterranean Maquis,Galilee,Ein Yaakov,Far,NA,35.22864005,33.00300398,16750,Ein Yaakov Far CA8,14,0,0,0,0,0,0,0,0,0,0,0,0,0,28,0
T1,2015,Mediterranean Maquis,Galilee,Ein Yaakov,Far,NA,35.229415,33.00323333,16750,Ein Yaakov Far CA7,1,0,0,0,0,0,0,0,0,0,0,0,0,0,1,0
T1,2015,Mediterranean Maquis,Galilee,Ein Yaakov,Far,NA,35.23002759,33.00317498,16750,Ein Yaakov Far CA6,4,0,0,0,0,0,0,0,0,0,0,0,0,0,17,0
T1,2015,Mediterranean Maquis,Galilee,Ein Yaakov,Far,NA,35.23002759,33.00317498,16750,Ein Yaakov Far CA9,9,0,0,0,0,0,0,0,0,0,0,0,0,0,21,0
T1,2015,Mediterranean Maquis,Galilee,Ein Yaakov,Far,NA,35.23108696,33.0031869,16750,Ein Yaakov Far CA5,3,0,0,0,0,0,0,0,0,0,0,0,0,0,1,0
T1,2015,Mediterranean Maquis,Galilee,Ein Yaakov,Far,NA,35.23172167,33.00303833,16750,Ein Yaakov Far CA3,4,0,0,0,0,0,0,0,0,0,0,0,0,0,35,1
T1,2015,Mediterranean Maquis,Galilee,Ein Yaakov,Far,NA,35.23197525,33.00317383,16750,Ein Yaakov Far CA4,3,0,0,0,0,0,0,0,0,0,0,0,0,0,22,0
T1,2015,Mediterranean Maquis,Galilee,Ein Yaakov,Near,NA,35.22539907,33.005768,16749,Ein Yaakov Near CA27,115,0,0,0,0,0,0,0,0,0,0,0,0,0,221,5
T1,2015,Mediterranean Maquis,Galilee,Ein Yaakov,Near,NA,35.22629432,33.00585103,16749,Ein Yaakov Near CA25,37,0,0,0,0,0,0,0,0,2,0,0,0,0,22,0
T1,2015,Mediterranean Maquis,Galilee,Ein Yaakov,Near,NA,35.22708451,33.005913,16749,Ein Yaakov Near CA23,35,0,0,0,0,0,0,0,0,0,0,0,0,0,6,0
T1,2015,Mediterranean Maquis,Galilee,Ein Yaakov,Near,NA,35.22796476,33.00598859,16749,Ein Yaakov Near CA20,27,0,0,0,0,0,0,0,0,0,0,0,0,0,5,1
T1,2015,Mediterranean Maquis,Galilee,Ein Yaakov,Near,NA,35.22860653,33.00625772,16749,Ein Yaakov Near CA24,17,0,0,0,0,0,0,0,0,2,0,0,0,0,10,0
T1,2015,Mediterranean Maquis,Galilee,Ein Yaakov,Near,NA,35.2293468,33.00642282,16749,Ein Yaakov Near CA19,15,0,0,0,0,0,0,0,0,0,0,0,0,0,1,0
T1,2015,Mediterranean Maquis,Galilee,Ein Yaakov,Near,NA,35.22989048,33.00667226,16749,Ein Yaakov Near CA22,0,0,0,0,0,0,0,0,0,0,0,0,0,0,1,0
T1,2015,Mediterranean Maquis,Galilee,Ein Yaakov,Near,NA,35.23048123,33.0066047,16749,Ein Yaakov Near CA21,2,0,0,0,0,0,0,0,0,0,0,0,0,0,7,1
T1,2015,Mediterranean Maquis,Galilee,Ein Yaakov,Near,NA,35.23100042,33.00693308,16749,Ein Yaakov Near CA26,14,0,0,0,0,0,0,0,0,8,0,0,0,0,1,0
T1,2015,Mediterranean Maquis,Galilee,Goren,Far,NA,35.25466077,33.05259016,16681,Goren Far 2,0,0,0,2,0,0,0,0,0,0,0,0,0,0,2,0
T1,2015,Mediterranean Maquis,Galilee,Goren,Far,NA,35.25502723,33.05178889,16681,Goren Far 6,0,0,0,0,0,0,0,0,0,1,0,0,0,0,0,0
T1,2015,Mediterranean Maquis,Galilee,Goren,Far,NA,35.25523515,33.05102757,16681,Goren Far 5,0,0,0,1,0,0,0,0,0,1,0,0,0,0,1,0
T1,2015,Mediterranean Maquis,Galilee,Goren,Far,NA,35.25560698,33.04856483,16681,Goren Far 3,3,0,0,1,0,0,0,0,0,0,0,1,0,0,15,0
T1,2015,Mediterranean Maquis,Galilee,Goren,Far,NA,35.25564334,33.05426239,16681,Goren Far 1,0,0,0,0,0,0,0,0,0,1,0,0,0,0,0,1
T1,2015,Mediterranean Maquis,Galilee,Goren,Far,NA,35.25575433,33.05027759,16681,Goren Far 9,1,0,0,2,0,0,0,0,0,2,0,0,0,0,8,0
T1,2015,Mediterranean Maquis,Galilee,Goren,Far,NA,35.25590632,33.05519918,16681,Goren Far 7,0,0,0,1,0,0,0,0,0,0,0,0,0,0,0,0
T1,2015,Mediterranean Maquis,Galilee,Goren,Far,NA,35.25657392,33.04746259,16681,Goren Far 4,0,0,0,0,0,0,0,0,0,0,0,0,1,0,8,0
T1,2015,Mediterranean Maquis,Galilee,Goren,Near,NA,35.2294873,33.05560371,16681,Goren Near 22,3,0,0,0,0,0,0,0,0,0,0,0,0,0,5,0
T1,2015,Mediterranean Maquis,Galilee,Goren,Near,NA,35.23069336,33.05569531,16681,Goren Near 19,9,0,0,2,0,0,0,0,0,2,0,0,0,0,20,0
T1,2015,Mediterranean Maquis,Galilee,Goren,Near,NA,35.23099538,33.05355777,16681,Goren Near 24,7,0,0,0,0,0,0,0,0,2,0,0,1,0,18,0
T1,2015,Mediterranean Maquis,Galilee,Goren,Near,NA,35.23102342,33.05485835,16681,Goren Near 26,2,0,0,0,0,0,0,0,0,1,0,0,0,0,19,0
T1,2015,Mediterranean Maquis,Galilee,Goren,Near,NA,35.23107088,33.05613013,16681,Goren Near 25,21,0,0,1,0,0,0,0,0,11,0,0,0,0,24,0
T1,2015,Mediterranean Maquis,Galilee,Goren,Near,NA,35.23109083,33.05290565,16681,Goren Near 23,0,0,0,0,0,0,0,0,0,0,0,0,0,0,1,0
T1,2015,Mediterranean Maquis,Galilee,Goren,Near,NA,35.23119391,33.05223938,16681,Goren Near 21,0,0,0,1,0,0,0,0,0,0,0,0,0,0,4,0
T1,2015,Mediterranean Maquis,Galilee,Goren,Near,NA,35.23122169,33.05528078,16681,Goren Near 27,6,0,0,0,0,0,0,0,0,2,0,0,0,0,22,0
T1,2015,Mediterranean Maquis,Galilee,Goren,Near,NA,35.23124873,33.05420141,16681,Goren Near 20,15,0,0,1,0,0,0,0,0,3,0,1,0,0,15,1
T1,2015,Mediterranean Maquis,Galilee,Iftach,Far,NA,35.55590911,33.12116217,16652,Yiftach Far CA6,0,0,0,0,0,0,0,2,0,0,0,0,0,0,8,0
T1,2015,Mediterranean Maquis,Galilee,Iftach,Far,NA,35.55741136,33.12117456,16652,Yiftach Far CA9,0,0,0,0,0,0,0,1,0,0,0,0,0,0,1,2
T1,2015,Mediterranean Maquis,Galilee,Iftach,Far,NA,35.55741463,33.12236399,16652,Yiftach Far CA2,1,0,0,0,0,0,0,3,0,0,0,0,0,0,1,2
T1,2015,Mediterranean Maquis,Galilee,Iftach,Far,NA,35.5576367,33.12412528,16652,Yiftach Far CA7,0,0,0,0,0,0,0,1,0,6,0,0,0,0,4,4
T1,2015,Mediterranean Maquis,Galilee,Iftach,Far,NA,35.55763796,33.12370967,16652,Yiftach Far CA3,0,0,0,0,0,0,0,0,0,1,0,0,0,0,0,1
T1,2015,Mediterranean Maquis,Galilee,Iftach,Far,NA,35.55785093,33.12309269,16652,Yiftach Far CA5,2,0,0,0,0,0,0,0,0,0,0,0,0,0,0,1
T1,2015,Mediterranean Maquis,Galilee,Iftach,Far,NA,35.55824232,33.12207109,16652,Yiftach Far CA8,0,0,0,0,0,0,0,0,0,2,0,0,0,0,0,0
T1,2015,Mediterranean Maquis,Galilee,Iftach,Near,NA,35.55476435,33.13167061,16652,Yiftach Near CA26,4,0,0,0,0,0,0,0,0,3,0,0,2,0,32,1
T1,2015,Mediterranean Maquis,Galilee,Iftach,Near,NA,35.55478652,33.13105155,16652,Yiftach Near CA19,6,0,0,0,0,0,0,0,0,11,0,0,0,0,15,0
T1,2015,Mediterranean Maquis,Galilee,Iftach,Near,NA,35.55536991,33.12592988,16652,Yiftach Near CA23,2,0,0,0,0,0,0,0,0,0,0,0,0,0,2,3
T1,2015,Mediterranean Maquis,Galilee,Iftach,Near,NA,35.55566681,33.12916941,16652,Yiftach Near CA27,2,0,0,0,0,0,0,0,0,2,0,0,0,0,14,12
T1,2015,Mediterranean Maquis,Galilee,Iftach,Near,NA,35.55569579,33.12680988,16652,Yiftach Near CA21,0,0,0,0,0,0,0,0,0,1,0,0,0,0,9,4
T1,2015,Mediterranean Maquis,Galilee,Iftach,Near,NA,35.55572972,33.12736236,16652,Yiftach Near CA20,1,0,0,0,0,0,0,0,0,0,0,0,0,0,0,1
T1,2015,Mediterranean Maquis,Galilee,Iftach,Near,NA,35.55578227,33.12803782,16652,Yiftach Near CA25,0,0,0,0,0,0,0,0,0,5,0,0,1,0,0,2
T1,2015,Mediterranean Maquis,Galilee,Kfar Shamai,Far,NA,35.46838405,32.96951867,16629,Kfar Shamay Far CA8,0,0,0,0,0,0,0,1,0,2,0,1,0,0,6,0
T1,2015,Mediterranean Maquis,Galilee,Kfar Shamai,Far,NA,35.46851773,32.96913215,16629,Kfar Shamay Far CA2,0,0,0,0,0,0,0,0,0,0,0,0,0,0,1,0
T1,2015,Mediterranean Maquis,Galilee,Kfar Shamai,Far,NA,35.46941475,32.96887734,16629,Kfar Shamay Far CA3,0,0,0,0,0,0,0,0,0,0,0,0,0,0,2,0
T1,2015,Mediterranean Maquis,Galilee,Kfar Shamai,Far,NA,35.46960451,32.96723779,16629,Kfar Shamay Far CA6,1,0,0,0,0,0,0,0,0,4,0,0,0,0,17,0
T1,2015,Mediterranean Maquis,Galilee,Kfar Shamai,Far,NA,35.46966981,32.96781861,16629,Kfar Shamay Far CA7,1,1,0,0,0,0,0,0,0,0,0,0,0,0,5,0
T1,2015,Mediterranean Maquis,Galilee,Kfar Shamai,Far,NA,35.47046806,32.96610759,16629,Kfar Shamay Far CA4,0,0,0,0,0,0,0,0,0,0,0,0,0,0,1,2
T1,2015,Mediterranean Maquis,Galilee,Kfar Shamai,Near,NA,35.45862816,32.96352785,16629,Kfar Shamay Near CA19,0,0,0,0,0,0,0,0,0,5,0,1,0,0,7,0
T1,2015,Mediterranean Maquis,Galilee,Kfar Shamai,Near,NA,35.45864882,32.96522554,16629,Kfar Shamay Near CA26,1,0,0,0,0,0,0,0,0,3,0,0,0,0,6,2
T1,2015,Mediterranean Maquis,Galilee,Kfar Shamai,Near,NA,35.45891091,32.96447189,16629,Kfar Shamay Near CA24,1,0,0,0,0,0,0,0,0,1,0,0,0,0,8,1
T1,2015,Mediterranean Maquis,Galilee,Kfar Shamai,Near,NA,35.45896327,32.96303111,16629,Kfar Shamay Near CA23,1,0,0,0,0,0,0,0,0,30,0,0,6,0,23,62
T1,2015,Mediterranean Maquis,Galilee,Kfar Shamai,Near,NA,35.45915211,32.96578148,16629,Kfar Shamay Near CA22,0,0,0,0,0,0,0,0,0,0,0,0,0,0,3,0
T1,2015,Mediterranean Maquis,Galilee,Kfar Shamai,Near,NA,35.45917285,32.96230333,16629,Kfar Shamay Near CA20,1,0,0,0,0,0,0,0,0,9,0,0,1,0,7,7
T1,2015,Mediterranean Maquis,Galilee,Kfar Shamai,Near,NA,35.45940127,32.96633742,16629,Kfar Shamay Near CA25,1,0,0,0,0,0,0,0,0,3,0,0,0,0,3,0
T1,2015,Mediterranean Maquis,Galilee,Kfar Shamai,Near,NA,35.45958805,32.96199559,16629,Kfar Shamay Near CA27,0,0,0,0,0,0,0,0,0,3,0,0,0,0,0,0
T1,2015,Mediterranean Maquis,Galilee,Kfar Shamai,Near,NA,35.46044751,32.96229954,16629,Kfar Shamay Near CA21,25,0,0,0,0,0,0,0,0,17,0,0,3,0,14,5
T1,2015,Mediterranean Maquis,Galilee,Margaliot,Far,NA,35.54184125,33.20645619,16698,Margaliot Far CA19,0,0,0,0,0,0,0,0,0,6,0,0,0,0,3,0
T1,2015,Mediterranean Maquis,Galilee,Margaliot,Far,NA,35.54298375,33.20620445,16698,Margaliot Far CA27,14,0,0,0,0,0,0,0,0,3,0,1,0,0,1,2
T1,2015,Mediterranean Maquis,Galilee,Margaliot,Far,NA,35.5433718,33.20568966,16698,Margaliot Far CA23,1,0,0,0,0,0,0,0,0,2,0,0,0,0,3,0
T1,2015,Mediterranean Maquis,Galilee,Margaliot,Far,NA,35.54418594,33.20502207,16698,Margaliot Far CA20,2,0,0,0,0,0,0,0,0,2,0,2,0,0,0,0
T1,2015,Mediterranean Maquis,Galilee,Margaliot,Far,NA,35.54449324,33.20464788,16698,Margaliot Far CA21,1,0,0,0,0,0,0,0,0,0,0,0,0,0,1,0
T1,2015,Mediterranean Maquis,Galilee,Margaliot,Far,NA,35.5450644,33.2045172,16698,Margaliot Far CA22,59,0,0,0,0,0,0,0,0,12,0,0,2,0,5,1
T1,2015,Mediterranean Maquis,Galilee,Margaliot,Far,NA,35.54549414,33.20450644,16698,Margaliot Far CA25,13,0,0,0,0,0,0,0,0,4,0,0,2,0,0,0
T1,2015,Mediterranean Maquis,Galilee,Margaliot,Near,NA,35.5402863,33.21552264,16736,Margaliot Near CA2,9,0,0,0,0,0,0,0,0,0,0,0,0,0,36,3
T1,2015,Mediterranean Maquis,Galilee,Margaliot,Near,NA,35.54081506,33.21524065,16736,Margaliot Near CA5,22,0,0,0,0,0,0,0,0,1,0,0,0,0,9,0
T1,2015,Mediterranean Maquis,Galilee,Margaliot,Near,NA,35.54088965,33.21248886,16736,Margaliot Near CA9,7,0,0,0,0,0,0,0,0,2,0,0,0,0,77,0
T1,2015,Mediterranean Maquis,Galilee,Margaliot,Near,NA,35.54094993,33.21216371,16736,Margaliot Near CA7,2,0,0,0,0,0,0,0,0,1,0,0,0,0,20,0
T1,2015,Mediterranean Maquis,Galilee,Margaliot,Near,NA,35.54132743,33.21515575,16736,Margaliot Near CA6,4,0,0,0,0,0,0,0,0,1,0,1,1,0,7,0
T1,2015,Mediterranean Maquis,Galilee,Margaliot,Near,NA,35.54135065,33.21277391,16736,Margaliot Near CA1,1,0,0,0,0,0,0,0,0,0,0,0,0,0,10,0
T1,2015,Mediterranean Maquis,Galilee,Margaliot,Near,NA,35.54190517,33.21316519,16736,Margaliot Near CA3,3,0,0,0,0,0,0,0,0,1,0,0,0,0,31,0
T1,2015,Mediterranean Maquis,Galilee,Margaliot,Near,NA,35.54192709,33.21379044,16736,Margaliot Near CA4,11,0,0,0,0,0,0,0,0,2,0,2,1,0,42,0
T1,2015,Mediterranean Maquis,Galilee,Margaliot,Near,NA,35.54195026,33.21457551,16736,Margaliot Near CA8,1,0,0,0,0,0,0,0,0,0,0,0,0,0,0,0
T1,2015,Mediterranean Maquis,Judea,Aderet,Far,NA,34.98039,31.664636,16718,Aderet Far ca18,0,0,0,0,0,0,0,1,0,2,0,0,0,0,0,1
T1,2015,Mediterranean Maquis,Judea,Aderet,Far,NA,34.980481,31.665203,16718,Aderet Far ca33,1,0,0,0,0,0,0,0,0,2,0,0,0,0,0,1
T1,2015,Mediterranean Maquis,Judea,Aderet,Far,NA,34.980726,31.664188,16718,Aderet Far ca28,0,0,0,0,0,0,0,3,0,1,0,0,0,0,0,0
T1,2015,Mediterranean Maquis,Judea,Aderet,Far,NA,34.981143,31.665793,16718,Aderet Far ca34,1,0,0,0,0,0,0,0,0,0,0,0,0,0,0,1
T1,2015,Mediterranean Maquis,Judea,Aderet,Far,NA,34.98137,31.663581,16718,Aderet Far ca35,0,0,0,0,0,0,0,0,0,1,0,0,0,0,0,1
T1,2015,Mediterranean Maquis,Judea,Aderet,Far,NA,34.981688,31.666001,16718,Aderet Far ca32,0,0,0,0,0,0,0,0,0,1,0,0,0,0,0,0
T1,2015,Mediterranean Maquis,Judea,Aderet,Far,NA,34.98222,31.666213,16718,Aderet Far ca12,0,0,0,0,0,0,0,0,0,7,0,0,0,0,0,0
T1,2015,Mediterranean Maquis,Judea,Aderet,Far,NA,34.983171,31.666451,16718,Aderet Far ca31,0,0,0,0,0,0,0,0,0,2,0,0,0,0,0,0
T1,2015,Mediterranean Maquis,Judea,Aderet,Near,NA,34.987683,31.662422,16730,Aderet Near ca28,5,0,0,0,0,0,0,2,2,4,0,0,0,0,0,10
T1,2015,Mediterranean Maquis,Judea,Aderet,Near,NA,34.988205,31.663641,16730,Aderet Near ca31,0,0,0,0,0,0,0,0,0,0,0,0,1,0,0,0
T1,2015,Mediterranean Maquis,Judea,Aderet,Near,NA,34.988402,31.661958,16730,Aderet Near ca33,2,0,0,0,0,0,0,0,1,0,0,0,0,0,0,0
T1,2015,Mediterranean Maquis,Judea,Aderet,Near,NA,34.988471,31.663285,16730,Aderet Near ca35,0,0,0,0,0,0,0,0,0,0,0,0,0,0,0,1
T1,2015,Mediterranean Maquis,Judea,Aderet,Near,NA,34.988498,31.662554,16730,Aderet Near ca32,3,0,0,0,0,0,0,0,0,1,0,0,0,0,0,7
T1,2015,Mediterranean Maquis,Judea,Aderet,Near,NA,34.988674,31.662903,16730,Aderet Near ca18a,2,0,0,0,0,0,0,0,0,7,0,0,0,0,0,0
T1,2015,Mediterranean Maquis,Judea,Aderet,Near,NA,34.9888812,31.66108,16730,Aderet Near ca34,1,0,0,0,0,0,0,0,0,1,0,0,0,0,0,0
T1,2015,Mediterranean Maquis,Judea,Aderet,Near,NA,34.989168,31.660738,16730,Aderet Near ca12,1,0,0,0,0,0,0,0,0,2,0,0,0,0,0,1
T1,2015,Mediterranean Maquis,Judea,Givat Yearim,Far,NA,35.089944,31.775619,16619,Givat Yearim Far ca13,2,0,0,0,0,0,0,0,0,0,0,0,0,0,0,0
T1,2015,Mediterranean Maquis,Judea,Givat Yearim,Far,NA,35.09095943,31.7751665,16619,Givat Yearim Far ca21,1,0,0,0,0,0,0,0,0,0,0,0,0,0,0,0
T1,2015,Mediterranean Maquis,Judea,Givat Yearim,Near,NA,35.093616,31.786686,16637,Givat Yearim Near ca21,0,0,0,0,0,0,0,0,2,0,0,0,0,0,0,0
T1,2015,Mediterranean Maquis,Judea,Givat Yearim,Near,NA,35.094212,31.7868,16637,Givat Yearim Near ca18,0,0,0,0,0,0,0,0,0,1,0,0,0,0,0,0
T1,2015,Mediterranean Maquis,Judea,Givat Yearim,Near,NA,35.096762,31.785828,16637,Givat Yearim Near ca14,12,0,0,0,0,0,0,0,1,14,0,0,6,0,0,1
T1,2015,Mediterranean Maquis,Judea,Givat Yeshayahu,Far,NA,34.954057,31.662692,16678,Givat Yeshayahu Far ca28,0,0,0,0,0,0,0,2,0,0,0,0,0,0,0,1
T1,2015,Mediterranean Maquis,Judea,Givat Yeshayahu,Far,NA,34.955005,31.662467,16678,Givat Yeshayahu Far ca32,0,0,0,0,0,0,0,1,0,0,0,0,0,0,0,0
T1,2015,Mediterranean Maquis,Judea,Givat Yeshayahu,Far,NA,34.955645,31.662205,16678,Givat Yeshayahu Far ca36,0,0,0,0,0,0,0,0,0,0,0,0,0,0,0,1
T1,2015,Mediterranean Maquis,Judea,Givat Yeshayahu,Far,NA,34.956952,31.660732,16678,Givat Yeshayahu Far ca30,2,0,0,0,0,0,0,3,0,4,6,0,0,0,0,1
T1,2015,Mediterranean Maquis,Judea,Givat Yeshayahu,Far,NA,34.957652,31.660883,16678,Givat Yeshayahu Far ca33,0,0,0,0,0,0,0,1,0,0,0,0,0,0,0,2
T1,2015,Mediterranean Maquis,Judea,Givat Yeshayahu,Far,NA,34.95835,31.660825,16678,Givat Yeshayahu Far ca35,2,0,0,0,0,0,0,1,0,1,1,0,0,0,0,1
T1,2015,Mediterranean Maquis,Judea,Givat Yeshayahu,Far,NA,34.958925,31.66033,16678,Givat Yeshayahu Far ca34,1,0,0,0,0,0,0,2,0,0,0,0,1,0,0,0
T1,2015,Mediterranean Maquis,Judea,Givat Yeshayahu,Near,NA,34.949362,31.672812,16676,Givat Yeshayahu Near ca16,0,0,0,0,0,0,0,0,0,5,0,0,0,0,0,2
T1,2015,Mediterranean Maquis,Judea,Givat Yeshayahu,Near,NA,34.949675,31.672797,16676,Givat Yeshayahu Near ca13,2,0,0,0,0,0,0,0,0,11,0,0,10,0,0,10
T1,2015,Mediterranean Maquis,Judea,Givat Yeshayahu,Near,NA,34.951102,31.672425,16676,Givat Yeshayahu Near ca10,0,0,0,0,0,0,0,0,0,18,0,0,4,0,0,15
T1,2015,Mediterranean Maquis,Judea,Givat Yeshayahu,Near,NA,34.951395,31.672168,16676,Givat Yeshayahu Near ca21,0,0,0,0,0,0,0,0,0,7,0,0,0,0,0,2
T1,2015,Mediterranean Maquis,Judea,Givat Yeshayahu,Near,NA,34.95222,31.671088,16676,Givat Yeshayahu Near ca18,0,0,0,0,0,0,0,0,0,1,0,0,0,0,0,2
T1,2015,Mediterranean Maquis,Judea,Givat Yeshayahu,Near,NA,34.953482,31.671135,16676,Givat Yeshayahu Near ca17,0,0,0,0,0,0,0,0,0,0,0,0,2,0,0,0
T1,2015,Mediterranean Maquis,Judea,Givat Yeshayahu,Near,NA,34.953685,31.670907,16676,Givat Yeshayahu Near ca12,4,0,0,0,0,0,0,0,0,0,0,0,0,0,0,4
T1,2015,Mediterranean Maquis,Judea,Givat Yeshayahu,Near,NA,34.954266,31.670808,16676,Givat Yeshayahu Near ca14,0,0,0,0,0,0,0,0,0,3,0,0,0,0,0,2
T1,2015,Mediterranean Maquis,Judea,Kisalon,Far,NA,35.038243,31.76842,16635,Kisalon Far ca30,0,0,0,0,0,0,0,0,0,2,0,0,0,0,0,0
T1,2015,Mediterranean Maquis,Judea,Kisalon,Far,NA,35.038793,31.768203,16635,Kisalon Far ca29,1,0,0,0,0,0,0,0,0,0,0,0,0,0,0,0
T1,2015,Mediterranean Maquis,Judea,Kisalon,Far,NA,35.039873,31.768217,16635,Kisalon Far ca33,5,0,0,0,0,0,0,0,0,0,0,0,0,0,0,0
T1,2015,Mediterranean Maquis,Judea,Kisalon,Near,NA,34.988797,31.661578,16617,Kisalon Near ca28,8,0,0,0,0,0,0,0,1,0,0,0,0,0,0,0
T1,2015,Mediterranean Maquis,Judea,Kisalon,Near,NA,35.051183,31.774873,16617,Kisalon Near ca31,1,0,0,0,0,0,0,0,0,0,0,0,0,0,0,0
T1,2015,Mediterranean Maquis,Judea,Kisalon,Near,NA,35.051883,31.774915,16617,Kisalon Near ca29,0,0,0,0,0,0,0,0,0,1,0,0,0,0,0,0
T1,2015,Mediterranean Maquis,Judea,Kisalon,Near,NA,35.0523,31.774341,16617,Kisalon Near ca36,19,0,0,0,0,0,0,0,0,0,0,0,0,0,0,0
T1,2015,Mediterranean Maquis,Judea,Kisalon,Near,NA,35.052551,31.774668,16617,Kisalon Near ca32,3,0,0,0,0,0,0,0,0,0,0,0,0,0,0,0
T1,2015,Mediterranean Maquis,Judea,Kisalon,Near,NA,35.052935,31.774968,16617,Kisalon Near ca35,0,0,0,0,0,0,0,0,0,2,0,0,0,0,0,0
T1,2015,Mediterranean Maquis,Judea,Nehusha,Far,NA,34.944978,31.638885,16691,Nehusha Far ca17,0,0,0,0,0,0,0,0,0,1,0,0,0,0,0,0
T1,2015,Mediterranean Maquis,Judea,Nehusha,Far,NA,34.945855,31.637132,16691,Nehusha Far ca13,0,0,0,0,0,0,0,0,0,0,0,0,1,0,0,1
T1,2015,Mediterranean Maquis,Judea,Nehusha,Far,NA,34.946187,31.637503,16691,Nehusha Far ca32,0,0,0,0,0,0,0,3,0,0,0,0,0,0,0,6
T1,2015,Mediterranean Maquis,Judea,Nehusha,Far,NA,34.94685,31.637652,16691,Nehusha Far ca16,0,0,0,0,0,0,0,0,0,4,0,0,0,0,0,2
T1,2015,Mediterranean Maquis,Judea,Nehusha,Far,NA,34.948062,31.637562,16691,Nehusha Far ca18,0,0,0,0,0,0,0,1,0,3,0,0,0,0,0,2
T1,2015,Mediterranean Maquis,Judea,Nehusha,Near,NA,34.951037,31.635583,16704,Nehusha Near ca31,1,0,0,0,0,0,0,0,0,1,0,0,0,0,0,0
T1,2015,Mediterranean Maquis,Judea,Nehusha,Near,NA,34.951522,31.635937,16704,Nehusha Near ca29,18,0,0,0,0,0,0,0,0,12,0,0,1,0,0,1
T1,2015,Mediterranean Maquis,Judea,Nehusha,Near,NA,34.95193,31.635872,16704,Nehusha Near ca33,3,0,0,0,0,0,0,0,0,0,0,0,0,0,0,0
T1,2015,Mediterranean Maquis,Judea,Nehusha,Near,NA,34.952505,31.636078,16704,Nehusha Near ca28,0,0,0,0,0,0,0,0,0,1,0,0,0,0,0,0
T1,2015,Mediterranean Maquis,Judea,Nehusha,Near,NA,34.953342,31.63592,16704,Nehusha Near ca35,0,0,0,0,0,0,0,0,0,8,0,0,2,0,0,1
T1,2015,Mediterranean Maquis,Judea,Nehusha,Near,NA,34.953415,31.635553,16704,Nehusha Near ca30,1,0,0,0,0,0,0,0,0,0,0,0,0,0,0,0
T1,2015,Mediterranean Maquis,Judea,Nehusha,Near,NA,34.953792,31.635158,16704,Nehusha Near ca36,1,0,0,0,0,0,0,0,0,0,0,0,0,0,0,0
T1,2015,Planted Conifer Forests,Carmel,Bat Shlomo,Far,NA,35.0076769,32.58826847,16614,Bat Shlomo Far 12,0,0,0,0,0,0,0,1,0,1,0,0,1,0,0,0
T1,2015,Planted Conifer Forests,Carmel,Bat Shlomo,Far,NA,35.00827951,32.58829397,16614,Bat Shlomo Far 15,1,0,0,0,0,0,0,0,0,3,0,0,0,0,5,2
T1,2015,Planted Conifer Forests,Carmel,Bat Shlomo,Far,NA,35.00895152,32.58849406,16614,Bat Shlomo Far 13,0,0,0,0,0,0,0,0,0,4,0,0,1,0,1,6
T1,2015,Planted Conifer Forests,Carmel,Bat Shlomo,Far,NA,35.00952239,32.58823467,16614,Bat Shlomo Far 10,0,0,0,0,0,0,0,1,0,0,0,0,0,0,0,0
T1,2015,Planted Conifer Forests,Carmel,Bat Shlomo,Far,NA,35.00952239,32.58823467,16614,Bat Shlomo Far 11,0,0,0,0,0,0,0,0,0,2,0,0,1,0,6,3
T1,2015,Planted Conifer Forests,Carmel,Bat Shlomo,Far,NA,35.01009206,32.58824126,16614,Bat Shlomo Far 16,0,0,0,0,0,0,0,0,0,0,0,0,0,0,1,0
T1,2015,Planted Conifer Forests,Carmel,Bat Shlomo,Far,NA,35.01063302,32.5883647,16614,Bat Shlomo Far 10,1,0,0,0,0,0,0,0,0,0,0,0,0,0,2,0
T1,2015,Planted Conifer Forests,Carmel,Bat Shlomo,Far,NA,35.01138383,32.58788535,16614,Bat Shlomo Far 18,1,0,0,0,0,0,0,5,0,3,0,0,0,0,1,1
T1,2015,Planted Conifer Forests,Carmel,Bat Shlomo,Far,NA,35.01228994,32.58784758,16614,Bat Shlomo Far 17,2,0,0,0,0,0,0,5,0,0,0,0,0,0,3,0
T1,2015,Planted Conifer Forests,Carmel,Bat Shlomo,Far,NA,35.01256908,32.58708175,16614,Bat Shlomo Far 14,3,0,0,0,0,0,0,3,0,0,0,0,0,0,0,1
T1,2015,Planted Conifer Forests,Carmel,Elyakim,Far,NA,35.05569699,32.66600787,16684,Elyakim Far 36,10,0,0,0,0,0,0,0,0,0,0,0,0,0,5,0
T1,2015,Planted Conifer Forests,Carmel,Elyakim,Far,NA,35.05618575,32.66557266,16684,Elyakim Far 8,1,0,0,0,0,0,0,0,0,0,0,0,0,0,2,1
T1,2015,Planted Conifer Forests,Carmel,Elyakim,Far,NA,35.0570325,32.66519643,16684,Elyakim Far 31,5,0,0,0,0,0,0,0,0,0,0,0,0,0,0,0
T1,2015,Planted Conifer Forests,Carmel,Elyakim,Far,NA,35.05816197,32.66505185,16684,Elyakim Far 32,6,0,0,0,0,0,0,0,1,0,0,0,0,0,1,1
T1,2015,Planted Conifer Forests,Carmel,Elyakim,Far,NA,35.05856925,32.66549874,16684,Elyakim Far 30,0,0,0,0,0,0,0,0,1,0,0,0,0,0,0,0
T1,2015,Planted Conifer Forests,Carmel,Elyakim,Far,NA,35.05880868,32.6665935,16684,Elyakim Far 35,0,0,0,0,0,0,0,0,0,1,0,0,0,0,0,0
T1,2015,Planted Conifer Forests,Carmel,Elyakim,Far,NA,35.05924203,32.66557385,16684,Elyakim Far 25,1,0,0,0,0,0,0,0,0,0,0,0,0,0,2,1
T1,2015,Planted Conifer Forests,Carmel,Elyakim,Far,NA,35.05934912,32.66590482,16684,Elyakim Far 34,2,0,0,0,0,0,0,0,0,1,0,0,0,0,1,2
T1,2015,Planted Conifer Forests,Carmel,Kerem Maharal,Far,NA,34.97860236,32.65715302,16684,Kerem Maharal Far 23,2,0,0,0,0,0,0,0,0,0,0,0,0,0,0,0
T1,2015,Planted Conifer Forests,Carmel,Kerem Maharal,Far,NA,34.9795795,32.6568456,16684,Kerem Maharal Far 15,1,0,0,0,0,0,0,0,0,0,0,0,2,0,1,0
T1,2015,Planted Conifer Forests,Carmel,Kerem Maharal,Far,NA,34.97963771,32.65752727,16684,Kerem Maharal Far 28,0,0,0,0,0,0,0,0,0,1,0,0,1,0,0,0
T1,2015,Planted Conifer Forests,Carmel,Kerem Maharal,Far,NA,34.97986324,32.65824129,16684,Kerem Maharal Far 9,1,0,0,0,0,0,0,0,0,0,0,0,0,0,0,1
T1,2015,Planted Conifer Forests,Carmel,Kerem Maharal,Far,NA,34.98133923,32.65954025,16684,Kerem Maharal Far 22,2,0,0,0,0,0,0,1,0,1,0,0,0,0,0,1
T1,2015,Planted Conifer Forests,Carmel,Ofer,Far,NA,34.96655296,32.61318182,16589,Ofer Far 36,19,0,0,0,0,0,0,0,1,0,1,0,0,0,4,5
T1,2015,Planted Conifer Forests,Carmel,Ofer,Far,NA,34.96657146,32.61234332,16589,Ofer Far 35,26,0,0,0,0,0,0,0,0,0,1,0,0,0,4,5
T1,2015,Planted Conifer Forests,Carmel,Ofer,Far,NA,34.96692169,32.61162607,16589,Ofer Far 28,10,0,0,0,0,0,0,0,0,0,0,0,0,0,1,0
T1,2015,Planted Conifer Forests,Carmel,Ofer,Far,NA,34.96756255,32.61115504,16589,Ofer Far 32,8,0,0,0,0,0,0,0,0,0,0,0,0,0,3,4
T1,2015,Planted Conifer Forests,Carmel,Ofer,Far,NA,34.96819453,32.61092704,16589,Ofer Far 31,1,0,0,0,0,0,0,0,0,0,0,0,0,0,0,1
T1,2015,Planted Conifer Forests,Carmel,Ofer,Far,NA,34.9691654,32.6108132,16589,Ofer Far 29,2,0,0,0,0,0,0,0,0,0,0,0,0,0,1,3
T1,2015,Planted Conifer Forests,Carmel,Ofer,Far,NA,34.96974256,32.61230595,16589,Ofer Far 30,5,0,0,0,0,0,0,0,0,0,0,0,0,0,6,7
T1,2015,Planted Conifer Forests,Carmel,Ofer,Far,NA,34.96976605,32.61148643,16589,Ofer Far 33,10,0,0,0,0,0,0,0,0,0,8,0,0,0,3,1
T1,2015,Planted Conifer Forests,Carmel,Ofer,Far,NA,34.97021513,32.61300497,16589,Ofer Far 34,7,0,0,0,0,0,0,0,0,0,0,0,0,0,1,5
T1,2015,Planted Conifer Forests,Carmel,Ramat Hashofet,Far,NA,35.11137809,32.61703534,16612,Ramat Hashofet Far 29,3,0,0,0,0,0,0,1,0,0,0,0,0,0,6,0
T1,2015,Planted Conifer Forests,Carmel,Ramat Hashofet,Far,NA,35.11223238,32.61742819,16612,Ramat Hashofet Far 35,2,0,0,0,0,0,0,0,0,0,0,0,0,0,1,0
T1,2015,Planted Conifer Forests,Carmel,Ramat Hashofet,Far,NA,35.11290356,32.61745781,16612,Ramat Hashofet Far 28,11,0,0,0,0,0,0,0,0,0,0,0,1,0,3,1
T1,2015,Planted Conifer Forests,Carmel,Ramat Hashofet,Far,NA,35.1134572,32.61697379,16612,Ramat Hashofet Far 31,1,0,0,0,0,0,0,0,0,0,0,0,0,0,2,0
T1,2015,Planted Conifer Forests,Carmel,Ramat Hashofet,Far,NA,35.11398233,32.61663802,16612,Ramat Hashofet Far 32,0,0,0,0,0,0,0,0,0,4,0,0,0,0,2,0
T1,2015,Planted Conifer Forests,Carmel,Ramat Hashofet,Far,NA,35.11438052,32.61594922,16612,Ramat Hashofet Far 34,4,0,0,0,0,0,0,2,0,1,0,0,0,0,12,3
T1,2015,Planted Conifer Forests,Carmel,Ramat Hashofet,Far,NA,35.11475844,32.61552348,16612,Ramat Hashofet Far 30,0,0,0,0,0,0,0,0,0,0,0,0,0,0,0,1
T1,2015,Planted Conifer Forests,Carmel,Ramat Hashofet,Far,NA,35.11533156,32.61591685,16612,Ramat Hashofet Far 33,0,0,0,0,0,0,0,0,0,0,0,0,0,0,6,0
T1,2015,Planted Conifer Forests,Carmel,Ramat Hashofet,Far,NA,35.1159254,32.61635822,16612,Ramat Hashofet Far 36,0,0,0,0,0,0,0,0,0,0,0,0,0,0,1,1
T1,2015,Planted Conifer Forests,Galilee,Kabri,Far,NA,35.16208523,33.01919028,16656,Kabri Far sg28,1,0,0,2,0,0,0,0,0,0,0,0,0,0,3,2
T1,2015,Planted Conifer Forests,Galilee,Kabri,Far,NA,35.16226153,33.01966596,16656,Kabri Far sg26,0,0,0,4,0,0,0,0,0,0,0,0,0,0,1,0
T1,2015,Planted Conifer Forests,Galilee,Kabri,Far,NA,35.16278343,33.01998639,16656,Kabri Far sg6,0,0,0,4,0,0,0,0,0,0,0,0,0,0,0,0
T1,2015,Planted Conifer Forests,Galilee,Kabri,Far,NA,35.16368837,33.02011313,16656,Kabri Far sg9,2,0,0,3,0,0,0,0,0,0,0,0,0,0,10,0
T1,2015,Planted Conifer Forests,Galilee,Kabri,Far,NA,35.16421244,33.02036086,16656,Kabri Far sg21,0,0,0,0,0,0,0,0,0,0,0,0,0,0,4,0
T1,2015,Planted Conifer Forests,Galilee,Kabri,Far,NA,35.16498389,33.02037275,16656,Kabri Far sg7,0,0,0,13,0,0,0,0,0,0,0,0,0,0,6,0
T1,2015,Planted Conifer Forests,Galilee,Kabri,Far,NA,35.16575321,33.02081049,16656,Kabri Far sg15,4,0,0,9,0,0,0,0,0,0,0,0,0,0,1,3
T1,2015,Planted Conifer Forests,Galilee,Kabri,Far,NA,35.16657037,33.02103584,16656,Kabri Far sg5,3,0,0,5,0,0,0,0,0,0,0,0,0,0,6,0
T1,2015,Planted Conifer Forests,Galilee,Kabri,Far,NA,35.16657037,33.02103584,16656,Kabri Far sg6,0,0,0,4,0,0,0,0,0,0,0,0,0,0,0,0
T1,2015,Planted Conifer Forests,Galilee,Kabri,Far,NA,35.16739076,33.02099692,16656,Kabri Far sg22,1,0,0,0,0,0,0,0,0,0,0,0,0,0,0,1
T1,2015,Planted Conifer Forests,Galilee,Manara,Far,NA,35.55036311,33.1740369,16653,Manara Far 23,2,0,0,0,0,0,0,0,0,0,0,0,0,0,6,0
T1,2015,Planted Conifer Forests,Galilee,Manara,Far,NA,35.55040652,33.1754833,16653,Manara Far 3,1,0,0,0,0,0,0,0,0,1,0,0,0,0,2,0
T1,2015,Planted Conifer Forests,Galilee,Manara,Far,NA,35.55048,33.17597331,16653,Manara Far 25,1,0,0,0,0,0,0,0,0,0,0,0,0,0,3,1
T1,2015,Planted Conifer Forests,Galilee,Manara,Far,NA,35.55091705,33.17124932,16653,Manara Far 35,0,0,0,0,0,0,0,0,0,3,0,0,0,0,0,0
T1,2015,Planted Conifer Forests,Galilee,Manara,Far,NA,35.55105249,33.17254833,16653,Manara Far 32,2,0,0,0,0,0,0,0,0,5,0,0,3,0,3,0
T1,2015,Planted Conifer Forests,Galilee,Manara,Far,NA,35.55122714,33.17210742,16653,Manara Far 31,0,0,0,0,0,0,0,0,0,0,0,0,0,0,1,0
T1,2015,Planted Conifer Forests,Galilee,Meron,Far,NA,35.46154026,32.98867562,16631,Meron Far 1,0,0,0,0,0,0,0,0,0,0,0,0,0,0,1,2
T1,2015,Planted Conifer Forests,Galilee,Meron,Far,NA,35.46180778,32.98791702,16631,Meron Far 19,0,0,0,0,0,0,0,5,0,0,0,0,0,0,3,12
T1,2015,Planted Conifer Forests,Galilee,Meron,Far,NA,35.46200447,32.9842037,16631,Meron Far 2,4,0,0,0,0,0,0,0,0,0,0,0,0,0,0,6
T1,2015,Planted Conifer Forests,Galilee,Meron,Far,NA,35.46202791,32.98730234,16631,Meron Far 22,0,2,0,0,0,0,0,0,0,0,0,0,0,0,2,2
T1,2015,Planted Conifer Forests,Galilee,Meron,Far,NA,35.46217677,32.98660348,16631,Meron Far 23,6,0,0,0,0,0,0,0,0,0,0,0,0,0,3,2
T1,2015,Planted Conifer Forests,Galilee,Meron,Far,NA,35.46218092,32.98602408,16631,Meron Far 27,0,0,0,0,0,0,0,0,0,0,0,0,0,0,2,0
T1,2015,Planted Conifer Forests,Galilee,Meron,Far,NA,35.46222698,32.98472415,16631,Meron Far 3,0,0,0,0,0,0,0,0,0,0,0,0,0,0,5,17
T1,2015,Planted Conifer Forests,Galilee,Meron,Far,NA,35.46234801,32.98528093,16631,Meron Far 26,0,1,0,0,0,0,0,0,0,0,0,0,0,0,0,0
T1,2015,Planted Conifer Forests,Galilee,Ramot Naftali,Far,NA,35.56,33.09495377,16630,Ramot Naftali Far SG32,0,0,0,0,0,0,0,3,0,0,0,0,1,0,0,0
T1,2015,Planted Conifer Forests,Galilee,Ramot Naftali,Far,NA,35.56133535,33.09666171,16630,Ramot Naftali Far SG31,2,0,0,0,0,0,0,2,0,0,0,0,0,0,0,3
T1,2015,Planted Conifer Forests,Galilee,Ramot Naftali,Far,NA,35.56163057,33.09769777,16630,Ramot Naftali Far SG36,0,0,0,0,0,0,0,1,0,0,0,0,0,0,0,2
T1,2015,Planted Conifer Forests,Galilee,Ramot Naftali,Far,NA,35.56234559,33.09797441,16630,Ramot Naftali Far SG28,0,0,0,0,0,0,0,0,0,0,0,0,0,0,3,1
T1,2015,Planted Conifer Forests,Galilee,Ramot Naftali,Far,NA,35.56274868,33.09602766,16630,Ramot Naftali Far SG33,0,0,0,0,0,0,0,3,0,0,0,0,0,0,0,0
T1,2015,Planted Conifer Forests,Galilee,Ramot Naftali,Far,NA,35.56328199,33.09657913,16630,Ramot Naftali Far SG30,0,0,0,0,0,0,0,4,0,0,0,0,0,0,0,0
T1,2015,Planted Conifer Forests,Galilee,Ramot Naftali,Far,NA,35.56350803,33.09784563,16630,Ramot Naftali Far SG29,0,0,0,0,0,0,0,5,0,0,0,0,0,0,0,1
T1,2015,Planted Conifer Forests,Galilee,Ramot Naftali,Far,NA,35.56411154,33.09736058,16630,Ramot Naftali Far SG35,0,0,0,0,0,0,0,2,0,0,0,0,0,0,0,0
T1,2015,Planted Conifer Forests,Galilee,Zuriel,Far,NA,35.31309467,33.01016329,16653,Zuriel Far 11,3,0,0,0,0,0,0,0,0,0,0,0,0,0,8,0
T1,2015,Planted Conifer Forests,Galilee,Zuriel,Far,NA,35.31321749,33.01137443,16653,Zuriel Far 17,13,1,0,0,0,0,0,0,0,1,0,0,0,0,7,0
T1,2015,Planted Conifer Forests,Galilee,Zuriel,Far,NA,35.31343783,33.0107002,16653,Zuriel Far 18,2,0,0,0,0,0,0,0,0,2,0,0,0,0,3,0
T1,2015,Planted Conifer Forests,Galilee,Zuriel,Far,NA,35.31344072,33.00953574,16653,Zuriel Far 12,1,0,0,0,0,0,0,0,0,0,0,0,0,0,1,0
T1,2015,Planted Conifer Forests,Galilee,Zuriel,Far,NA,35.31359098,33.01166392,16653,Zuriel Far 16,0,0,0,0,0,0,0,0,0,0,0,0,0,0,1,1
T1,2015,Planted Conifer Forests,Galilee,Zuriel,Far,NA,35.31394695,33.00917163,16653,Zuriel Far 19,5,0,0,0,0,0,0,0,0,4,0,0,0,0,7,0
T1,2015,Planted Conifer Forests,Galilee,Zuriel,Far,NA,35.31442558,33.01255767,16653,Zuriel Far 13,17,1,0,0,0,0,0,0,0,0,0,0,0,0,13,0
T1,2015,Planted Conifer Forests,Galilee,Zuriel,Far,NA,35.31543591,33.0130896,16653,Zuriel Far 10,2,0,0,0,0,0,0,0,0,0,0,0,0,0,1,0
T1,2015,Planted Conifer Forests,Galilee,Zuriel,Far,NA,35.31620899,33.01341361,16653,Zuriel Far 29,0,0,0,0,0,0,0,0,0,0,0,0,0,0,1,0
T1,2015,Planted Conifer Forests,Judea,Aderet,Far,NA,34.981582,31.678816,16579,Aderet Far ca19,1,0,0,0,0,0,0,0,0,1,0,0,0,0,0,0
T1,2015,Planted Conifer Forests,Judea,Aderet,Far,NA,34.981866,31.678407,16579,Aderet Far ca20,1,0,0,0,0,0,0,2,0,2,0,0,0,0,0,0
T1,2015,Planted Conifer Forests,Judea,Aderet,Far,NA,34.982235,31.678098,16579,Aderet Far ca21,0,0,0,0,0,0,0,1,0,1,0,0,1,0,0,0
T1,2015,Planted Conifer Forests,Judea,Aderet,Far,NA,34.982746,31.677523,16579,Aderet Far ca22,0,0,0,0,0,0,0,0,0,1,0,0,0,0,0,0
T1,2015,Planted Conifer Forests,Judea,Aderet,Far,NA,34.983522,31.677136,16579,Aderet Far ca23,0,0,0,0,0,0,0,1,0,1,0,0,0,0,0,1
T1,2015,Planted Conifer Forests,Judea,Aderet,Far,NA,34.983715,31.676913,16579,Aderet Far ca24,0,0,0,0,0,0,0,1,0,0,0,0,0,0,0,0
T1,2015,Planted Conifer Forests,Judea,Aderet,Far,NA,34.983952,31.676632,16579,Aderet Far ca25,0,0,0,0,0,0,0,0,0,3,0,0,0,0,0,0
T1,2015,Planted Conifer Forests,Judea,Aderet,Far,NA,34.984524,31.67698,16579,Aderet Far ca26,2,0,0,0,0,0,0,7,0,7,0,0,0,0,0,3
T1,2015,Planted Conifer Forests,Judea,Aderet,Far,NA,34.985202,31.676342,16579,Aderet Far ca27,0,0,0,0,0,0,0,7,0,7,0,0,0,0,0,0
T1,2015,Planted Conifer Forests,Judea,Amatzia,Far,NA,34.891933,31.511263,16579,Amatzia Far ca18,0,0,0,0,0,0,0,1,0,0,0,0,0,0,0,0
T1,2015,Planted Conifer Forests,Judea,Amatzia,Far,NA,34.892115,31.511758,16579,Amatzia Far ca17,0,0,0,0,0,0,0,0,0,1,0,0,0,0,0,0
T1,2015,Planted Conifer Forests,Judea,Amatzia,Far,NA,34.894017,31.511123,16579,Amatzia Far ca14,0,0,0,0,0,0,0,0,0,0,0,0,0,0,0,6
T1,2015,Planted Conifer Forests,Judea,Amatzia,Far,NA,34.894225,31.510549,16579,Amatzia Far ca13,0,0,0,0,0,0,0,0,0,1,0,0,0,0,0,1
T1,2015,Planted Conifer Forests,Judea,Eitanim,Far,NA,35.102347,31.777923,16595,Eitanim Far ca27,0,0,0,0,0,0,0,0,0,0,0,0,0,0,0,1
T1,2015,Planted Conifer Forests,Judea,Eitanim,Far,NA,35.102679,31.777913,16595,Eitanim Far ca26,0,0,0,0,0,0,0,0,1,1,0,0,0,0,0,0
T1,2015,Planted Conifer Forests,Judea,Eitanim,Far,NA,35.103454,31.778117,16595,Eitanim Far ca25,0,0,0,0,0,0,0,0,0,0,0,0,0,0,0,1
T1,2015,Planted Conifer Forests,Judea,Eitanim,Far,NA,35.10373,31.778274,16595,Eitanim Far ca24,0,0,0,0,0,0,0,0,0,1,0,0,0,0,0,0
T1,2015,Planted Conifer Forests,Judea,Eitanim,Far,NA,35.104457,31.77842,16595,Eitanim Far ca23,0,0,0,0,0,0,0,0,1,0,0,0,0,0,0,0
T1,2015,Planted Conifer Forests,Judea,Eitanim,Far,NA,35.105582,31.778075,16595,Eitanim Far ca21,1,0,0,0,0,0,0,0,0,0,0,0,0,0,0,1
T1,2015,Planted Conifer Forests,Judea,Eitanim,Far,NA,35.106358,31.778588,16595,Eitanim Far ca20,1,0,0,0,0,0,0,0,0,0,0,0,0,0,0,3
T1,2015,Planted Conifer Forests,Judea,Eshtaol,Far,NA,35.020447,31.79,16593,Eshtaol Far ca2,0,0,0,0,0,0,0,4,0,0,0,0,0,0,0,1
T1,2015,Planted Conifer Forests,Judea,Eshtaol,Far,NA,35.020452,31.789147,16593,Eshtaol Far ca3,0,0,0,0,0,0,0,2,0,0,0,0,0,0,0,0
T1,2015,Planted Conifer Forests,Judea,Eshtaol,Far,NA,35.021732,31.78816,16593,Eshtaol Far ca5,0,0,0,0,0,0,0,0,0,0,0,0,0,0,0,1
T1,2015,Planted Conifer Forests,Judea,Eshtaol,Far,NA,35.02188,31.786984,16593,Eshtaol Far ca6,0,0,0,0,0,0,0,7,0,0,0,0,0,0,0,1
T1,2015,Planted Conifer Forests,Judea,Eshtaol,Far,NA,35.022138,31.786568,16593,Eshtaol Far ca7,1,0,0,0,0,0,0,4,0,0,0,0,0,0,0,1
T1,2015,Planted Conifer Forests,Judea,Givat Yeshayahu,Far,NA,34.920064,31.669982,16578,Givat Yeshayahu Far ca6,2,0,0,0,0,0,0,1,0,0,0,0,0,0,0,0
T1,2015,Planted Conifer Forests,Judea,Givat Yeshayahu,Far,NA,34.920107,31.669178,16578,Givat Yeshayahu Far ca8,5,0,0,0,0,0,0,0,0,0,0,0,0,0,0,0
T1,2015,Planted Conifer Forests,Judea,Givat Yeshayahu,Far,NA,34.920586,31.66991,16578,Givat Yeshayahu Far ca5,1,0,0,0,0,0,0,0,0,1,0,0,0,0,0,0
T1,2015,Planted Conifer Forests,Judea,Givat Yeshayahu,Far,NA,34.920715,31.668703,16578,Givat Yeshayahu Far ca9,3,0,0,0,0,0,0,0,0,4,0,0,0,0,0,0
T1,2015,Planted Conifer Forests,Judea,Givat Yeshayahu,Far,NA,34.921192,31.669774,16578,Givat Yeshayahu Far ca4,2,0,0,0,0,0,0,0,0,1,0,0,0,0,0,1
T1,2015,Planted Conifer Forests,Judea,Givat Yeshayahu,Far,NA,34.921703,31.669458,16578,Givat Yeshayahu Far ca3,1,0,0,0,0,0,0,0,0,0,0,0,0,0,0,0
T1,2015,Planted Conifer Forests,Judea,Givat Yeshayahu,Far,NA,34.923015,31.668845,16578,Givat Yeshayahu Far ca1,5,0,0,0,0,0,0,0,0,3,0,0,1,0,0,3
T1,2016,Arid Desert,NA,Ein Yahav,Far,NA,35.198451,30.649139,17080,Ein Yahav Far 17,0,0,0,0,0,0,1,0,0,0,3,0,0,0,0,0
T1,2016,Arid Desert,NA,Ein Yahav,Far,NA,35.198816,30.647764,17080,Ein Yahav Far 23,0,0,0,0,0,0,1,0,0,0,0,0,0,0,0,0
T1,2016,Arid Desert,NA,Ein Yahav,Far,NA,35.198859,30.648835,17080,Ein Yahav Far 9,0,0,0,0,0,0,5,0,0,0,3,0,0,0,0,0
T1,2016,Arid Desert,NA,Ein Yahav,Far,NA,35.200092,30.648872,17080,Ein Yahav Far 34,0,0,0,0,0,0,6,0,0,0,2,0,0,0,0,1
T1,2016,Arid Desert,NA,Ein Yahav,Far,NA,35.200951,30.648272,17080,Ein Yahav Far 18,0,0,0,0,0,0,0,0,1,0,0,0,0,0,0,0
T1,2016,Arid Desert,NA,Ein Yahav,Far,NA,35.20124,30.647376,17080,Ein Yahav Far 16,0,0,0,0,0,0,1,0,0,0,0,0,0,0,0,0
T1,2016,Arid Desert,NA,Ein Yahav,Far,NA,35.201895,30.648364,17080,Ein Yahav Far 10,0,0,0,0,0,0,3,0,0,0,2,0,0,0,0,3
T1,2016,Arid Desert,NA,Ein Yahav,Far,NA,35.202453,30.647986,17080,Ein Yahav Far 30,0,0,0,0,0,0,19,0,0,0,74,0,0,0,0,1
T1,2016,Arid Desert,NA,Ein Yahav,Near,NA,35.241012,30.670791,17080,Ein Yahav Near 24,0,0,0,0,0,0,0,0,0,0,18,0,0,0,0,0
T1,2016,Arid Desert,NA,Ein Yahav,Near,NA,35.241752,30.671889,17080,Ein Yahav Near 36,0,0,0,0,0,0,0,0,1,0,0,0,0,0,0,0
T1,2016,Arid Desert,NA,Ein Yahav,Near,NA,35.243094,30.670929,17080,Ein Yahav Near 4,0,0,0,0,0,0,0,0,1,0,0,0,0,0,0,0
T1,2016,Arid Desert,NA,Ein Yahav,Near,NA,35.243233,30.671713,17080,Ein Yahav Near 1,0,0,0,0,0,0,0,0,0,0,1,0,0,0,0,0
T1,2016,Arid Desert,NA,Ein Yahav,Near,NA,35.243394,30.671114,17080,Ein Yahav Near 6,0,0,0,0,0,0,0,0,0,0,7,0,0,0,0,0
T1,2016,Arid Desert,NA,Ein Yahav,Near,NA,35.243619,30.67068,17080,Ein Yahav Near 19,0,0,0,0,0,0,0,0,0,0,17,0,0,0,0,0
T1,2016,Arid Desert,NA,Lotan,Far,NA,35.068978,29.992092,17056,Lotan Far 1,0,0,37,0,0,0,0,0,0,0,0,0,0,0,0,1
T1,2016,Arid Desert,NA,Lotan,Far,NA,35.069665,29.991655,17056,Lotan Far 33,0,0,40,0,0,0,0,0,0,0,0,0,0,0,0,1
T1,2016,Arid Desert,NA,Lotan,Far,NA,35.070555,29.991442,17056,Lotan Far 24,0,0,14,0,0,0,0,0,0,0,0,0,0,0,0,1
T1,2016,Arid Desert,NA,Lotan,Far,NA,35.070867,29.992222,17056,Lotan Far 23,0,0,0,0,0,0,0,0,1,0,0,0,0,0,0,0
T1,2016,Arid Desert,NA,Lotan,Far,NA,35.070942,29.991042,17056,Lotan Far 25,0,0,11,0,0,0,0,0,0,0,0,0,0,0,0,2
T1,2016,Arid Desert,NA,Lotan,Far,NA,35.071757,29.992074,17056,Lotan Far 4,0,0,2,0,0,0,0,0,1,0,0,0,0,0,0,1
T1,2016,Arid Desert,NA,Lotan,Far,NA,35.072154,29.990801,17056,Lotan Far 6,0,0,7,0,0,0,0,0,0,0,0,0,0,0,0,0
T1,2016,Arid Desert,NA,Lotan,Far,NA,35.073581,29.991637,17056,Lotan Far 16,0,0,0,0,0,0,0,0,1,0,0,0,0,0,0,1
T1,2016,Arid Desert,NA,Lotan,Near,NA,35.083991,29.979814,17056,Lotan Near 35,0,0,0,0,0,0,0,0,0,0,1,0,0,0,0,0
T1,2016,Arid Desert,NA,Lotan,Near,NA,35.084013,29.981812,17056,Lotan Near 26,0,0,0,0,0,0,0,0,0,0,0,0,0,0,0,1
T1,2016,Arid Desert,NA,Lotan,Near,NA,35.084245,29.980987,17056,Lotan Near 19,0,0,0,0,0,0,0,0,0,0,0,0,0,0,0,4
T1,2016,Arid Desert,NA,Lotan,Near,NA,35.084914,29.979094,17056,Lotan Near 30,0,0,0,0,0,0,0,0,0,0,0,0,0,0,0,16
T1,2016,Arid Desert,NA,Paran,Far,NA,35.13837908,30.35346272,17121,Paran Far 36,0,0,0,0,0,0,1,0,0,0,0,0,0,0,0,5
T1,2016,Arid Desert,NA,Paran,Far,NA,35.13934107,30.35203808,17121,Paran Far 30,0,0,0,0,0,0,14,0,1,0,0,0,0,0,0,4
T1,2016,Arid Desert,NA,Paran,Far,NA,35.13963088,30.35146512,17121,Paran Far 35,0,0,0,0,0,0,7,0,0,0,0,0,0,0,0,2
T1,2016,Arid Desert,NA,Paran,Far,NA,35.13980118,30.34911365,17121,Paran Far 19,0,0,0,0,0,0,0,0,0,0,0,0,0,0,0,3
T1,2016,Arid Desert,NA,Paran,Far,NA,35.13986508,30.3508362,17121,Paran Far 10,0,2,0,0,0,0,3,0,1,0,1,0,0,0,0,2
T1,2016,Arid Desert,NA,Paran,Far,NA,35.14043771,30.34881486,17121,Paran Far A,0,0,0,0,0,0,1,0,0,0,4,0,0,0,0,7
T1,2016,Arid Desert,NA,Paran,Far,NA,35.14103117,30.34829507,17121,Paran Far B,0,0,0,0,0,0,0,0,0,0,5,0,0,0,0,0
T1,2016,Arid Desert,NA,Paran,Far,NA,35.14145536,30.34967507,17121,Paran Far 26,0,0,0,0,0,0,0,0,0,0,1,0,0,0,0,1
T1,2016,Arid Desert,NA,Paran,Near,NA,35.15888609,30.38770711,17121,Paran Near 6,0,0,0,0,0,0,0,0,0,0,0,0,0,0,0,3
T1,2016,Arid Desert,NA,Paran,Near,NA,35.15939056,30.3885363,17121,Paran Near 1,0,0,0,0,0,0,0,0,1,0,0,0,0,0,0,1
T1,2016,Arid Desert,NA,Paran,Near,NA,35.15946487,30.38790917,17121,Paran Near 16,0,0,0,0,0,0,0,0,0,0,0,0,0,0,0,3
T1,2016,Arid Desert,NA,Paran,Near,NA,35.15990933,30.38947608,17121,Paran Near 25,0,0,0,0,0,0,0,0,2,0,0,0,0,0,0,1
T1,2016,Arid Desert,NA,Paran,Near,NA,35.1599698,30.38818656,17121,Paran Near 24,0,0,0,0,0,0,0,0,0,0,0,0,0,0,0,3
T1,2016,Arid Desert,NA,Paran,Near,NA,35.1603752,30.388927,17121,Paran Near 18,0,0,0,0,0,0,0,0,1,0,1,0,0,0,0,1
T1,2016,Arid Desert,NA,Paran,Near,NA,35.16090112,30.38853679,17121,Paran Near 17,0,1,0,0,0,0,0,0,0,0,0,0,0,0,0,0
T1,2016,Arid Desert,NA,Paran,Near,NA,35.16138358,30.38895221,17121,Paran Near 34,0,0,0,0,0,0,0,0,1,0,0,0,0,0,0,1
T1,2016,Arid Desert,NA,Paran,Near,NA,35.16248013,30.3895002,17121,Paran Near 23,0,1,0,0,0,0,0,0,0,0,2,0,0,0,0,0
T1,2016,Arid Desert,NA,Yotvata,Far,NA,35.03,29.88497727,17146,Yotvata Far 1,0,0,1,0,0,0,0,0,0,0,0,0,0,0,0,2
T1,2016,Arid Desert,NA,Yotvata,Far,NA,35.03537825,29.88290225,17146,Yotvata Far 34,0,0,0,0,0,0,1,0,1,0,0,0,0,0,0,1
T1,2016,Arid Desert,NA,Yotvata,Far,NA,35.036422,29.88381367,17146,Yotvata Far 18,0,0,1,0,0,0,0,0,0,0,0,0,0,0,0,2
T1,2016,Arid Desert,NA,Yotvata,Far,NA,35.03890591,29.88450857,17146,Yotvata Far 25,0,0,0,0,0,0,0,0,0,0,0,0,0,0,0,1
T1,2016,Arid Desert,NA,Yotvata,Far,NA,35.03946287,29.88407736,17146,Yotvata Far 17,0,0,0,0,0,0,1,0,0,0,0,0,0,0,0,0
T1,2016,Arid Desert,NA,Yotvata,Near,NA,35.06079221,29.88622485,17146,Yotvata Near A,0,0,0,0,0,0,0,0,0,0,0,0,0,0,0,2
T1,2016,Arid Desert,NA,Yotvata,Near,NA,35.0616064,29.88658597,17146,Yotvata Near 36,0,0,0,0,0,0,0,0,0,0,0,0,0,0,0,5
T1,2016,Arid Desert,NA,Yotvata,Near,NA,35.06179007,29.88777389,17146,Yotvata Near 19,0,0,0,0,0,0,0,0,0,0,0,0,0,0,0,18
T1,2016,Arid Desert,NA,Yotvata,Near,NA,35.06278626,29.88762676,17146,Yotvata Near 30,0,0,0,0,0,0,0,0,0,0,0,0,0,0,0,3
T1,2016,Arid Desert,NA,Yotvata,Near,NA,35.06285167,29.8883324,17146,Yotvata Near 9,1,0,0,0,0,0,0,0,0,0,0,0,0,0,0,11
T1,2016,Arid Desert,NA,Yotvata,Near,NA,35.06335416,29.8871299,17146,Yotvata Near B,0,0,0,0,0,0,0,0,0,0,1,0,0,0,0,35
T1,2016,Arid Desert,NA,Yotvata,Near,NA,35.06393988,29.88674293,17146,Yotvata Near 35,1,0,0,0,0,0,0,0,0,0,0,0,0,0,0,26
T1,2016,Arid Desert,NA,Yotvata,Near,NA,35.0643,29.88707838,17146,Yotvata Near 10,0,0,0,0,0,0,0,0,0,0,0,0,0,0,0,8
T1,2016,Arid Desert,NA,Zofar,Far,NA,35.193143,30.568128,17029,Tzofar Far 26,0,0,0,0,0,0,0,0,2,0,0,0,0,0,0,0
T1,2016,Arid Desert,NA,Zofar,Far,NA,35.193969,30.568109,17029,Tzofar Far 1,0,0,0,0,0,0,0,0,0,0,1,0,0,0,0,0
T1,2016,Arid Desert,NA,Zofar,Far,NA,35.194194,30.568386,17029,Tzofar Far 33,0,0,0,0,0,0,0,0,1,0,2,0,0,0,0,0
T1,2016,Arid Desert,NA,Zofar,Far,NA,35.194538,30.569098,17029,Tzofar Far 34,0,0,0,0,0,0,0,0,1,0,6,0,0,0,0,0
T1,2016,Arid Desert,NA,Zofar,Far,NA,35.195375,30.569806,17029,Tzofar Far 25,0,0,0,0,0,0,0,0,0,0,1,0,0,0,0,1
T1,2016,Arid Desert,NA,Zofar,Far,NA,35.195707,30.570123,17029,Tzofar Far 10,0,0,0,0,0,0,0,0,0,0,0,0,0,0,0,1
T1,2016,Arid Desert,NA,Zofar,Far,NA,35.197199,30.570095,17029,Tzofar Far 30,0,0,0,0,0,0,0,0,0,0,5,0,0,0,0,0
T1,2016,Arid Desert,NA,Zofar,Near,NA,35.177887,30.552561,17029,Tzofar Near 6,0,0,0,0,0,0,3,0,0,0,3,0,0,0,0,0
T1,2016,Arid Desert,NA,Zofar,Near,NA,35.178423,30.552302,17029,Tzofar Near 19,0,0,0,0,0,0,0,0,0,0,1,0,0,0,0,0
T1,2016,Arid Desert,NA,Zofar,Near,NA,35.179517,30.552006,17029,Tzofar Near 4,0,0,0,0,0,0,0,0,2,0,0,0,0,0,0,0
T1,2016,Arid Desert,NA,Zofar,Near,NA,35.180183,30.552542,17029,Tzofar Near 16,0,0,0,0,0,0,0,0,0,0,1,0,0,0,0,0
T1,2016,Arid Desert,NA,Zofar,Near,NA,35.180419,30.553263,17029,Tzofar Near 9,0,0,0,0,0,0,0,0,1,0,0,0,0,0,0,0
T1,2016,Herbaceous and Dwarf Shrub Vegetation,NA,Gamla,Far,NA,35.74591727,32.91973894,16987,Gamla Far 18,0,1,0,0,0,0,0,1,0,1,0,0,0,0,0,0
T1,2016,Herbaceous and Dwarf Shrub Vegetation,NA,Gamla,Far,NA,35.74598792,32.91877165,16987,Gamla Far 4,0,1,0,0,0,0,0,4,0,0,0,0,0,0,2,0
T1,2016,Herbaceous and Dwarf Shrub Vegetation,NA,Gamla,Far,NA,35.74649534,32.91654651,16987,Gamla Far 33,0,1,0,0,0,0,0,3,1,0,0,0,0,0,0,0
T1,2016,Herbaceous and Dwarf Shrub Vegetation,NA,Gamla,Far,NA,35.74764878,32.91622524,16987,Gamla Far 26,1,0,0,0,0,0,0,0,0,0,0,0,0,0,6,0
T1,2016,Herbaceous and Dwarf Shrub Vegetation,NA,Gamla,Far,NA,35.7478688,32.91777454,16987,Gamla Far 24,0,0,0,0,0,0,0,1,0,1,0,0,0,0,0,0
T1,2016,Herbaceous and Dwarf Shrub Vegetation,NA,Gamla,Far,NA,35.7483584,32.91727712,16987,Gamla Far 5,4,0,0,0,0,0,0,2,0,0,0,0,1,0,1,0
T1,2016,Herbaceous and Dwarf Shrub Vegetation,NA,Karei Deshe,Far,NA,35.58025333,32.92388333,16975,Karei Deshe Far 21,0,0,0,0,0,0,0,8,0,0,0,0,0,0,0,2
T1,2016,Herbaceous and Dwarf Shrub Vegetation,NA,Karei Deshe,Far,NA,35.58048512,32.92449345,16975,Karei Deshe Far 4,0,0,0,0,0,0,0,1,0,0,0,0,0,0,0,0
T1,2016,Herbaceous and Dwarf Shrub Vegetation,NA,Karei Deshe,Far,NA,35.58100167,32.92512833,16975,Karei Deshe Far 17,0,0,0,0,0,0,0,0,0,1,0,0,0,0,0,1
T1,2016,Herbaceous and Dwarf Shrub Vegetation,NA,Karei Deshe,Far,NA,35.58326667,32.922645,16975,Karei Deshe Far 16,0,0,0,0,0,0,0,4,0,0,0,0,0,0,0,0
T1,2016,Herbaceous and Dwarf Shrub Vegetation,NA,Karei Deshe,Far,NA,35.58348333,32.92333167,16975,Karei Deshe Far 8,1,0,0,0,0,0,0,0,0,0,0,0,0,0,0,0
T1,2016,Herbaceous and Dwarf Shrub Vegetation,NA,Natur,Far,NA,35.73715629,32.84348816,16987,Natur Far 17,0,0,0,0,0,0,0,2,0,0,0,0,0,0,14,0
T1,2016,Herbaceous and Dwarf Shrub Vegetation,NA,Natur,Far,NA,35.73716136,32.84537253,16987,Natur Far 6,2,0,0,0,0,0,0,6,0,0,0,0,0,0,10,0
T1,2016,Herbaceous and Dwarf Shrub Vegetation,NA,Natur,Far,NA,35.73725317,32.84611892,16987,Natur Far 7,0,0,0,0,0,0,0,2,0,0,0,0,0,0,4,1
T1,2016,Herbaceous and Dwarf Shrub Vegetation,NA,Natur,Far,NA,35.73735855,32.84282899,16987,Natur Far 21,0,0,0,0,0,0,0,2,0,0,0,0,0,0,1,0
T1,2016,Herbaceous and Dwarf Shrub Vegetation,NA,Natur,Far,NA,35.73779834,32.8418756,16987,Natur Far 30,0,0,0,0,0,0,0,1,0,0,0,0,0,0,5,0
T1,2016,Herbaceous and Dwarf Shrub Vegetation,NA,Natur,Far,NA,35.73780016,32.84436409,16987,Natur Far 16,3,0,0,0,0,0,0,1,0,0,0,0,0,0,1,1
T1,2016,Herbaceous and Dwarf Shrub Vegetation,NA,Shaal,Far,NA,35.74828824,33.08441662,16986,Shaal Far 7,0,0,0,0,0,0,0,8,0,0,0,0,0,0,2,1
T1,2016,Herbaceous and Dwarf Shrub Vegetation,NA,Shaal,Far,NA,35.74918451,33.08605522,16986,Shaal Far 32,0,0,0,0,0,0,0,0,0,0,0,0,0,0,1,0
T1,2016,Herbaceous and Dwarf Shrub Vegetation,NA,Shaal,Far,NA,35.74936578,33.08451559,16986,Shaal Far 12,0,0,0,0,0,0,0,0,0,0,0,0,0,0,0,1
T1,2016,Herbaceous and Dwarf Shrub Vegetation,NA,Shaal,Far,NA,35.74943201,33.0881524,16986,Shaal Far 28,0,0,0,0,0,0,0,0,0,0,0,0,0,0,3,1
T1,2016,Herbaceous and Dwarf Shrub Vegetation,NA,Shaal,Far,NA,35.74980887,33.08540664,16986,Shaal Far 35,3,0,0,0,0,0,0,0,0,0,0,0,0,0,2,0
T1,2016,Herbaceous and Dwarf Shrub Vegetation,NA,Shaal,Far,NA,35.75005699,33.08475303,16986,Shaal Far 34,1,0,0,0,0,0,0,3,0,0,0,0,0,0,1,5
T1,2016,Herbaceous and Dwarf Shrub Vegetation,NA,Shaal,Far,NA,35.75069163,33.08839125,16986,Shaal Far 13,0,0,0,0,0,0,0,5,0,0,0,0,0,0,0,2
T1,2016,Herbaceous and Dwarf Shrub Vegetation,NA,Shaal,Far,NA,35.75191177,33.08813539,16986,Shaal Far 27,0,0,0,0,0,0,0,0,0,0,0,0,0,0,0,2
T1,2016,Herbaceous and Dwarf Shrub Vegetation,NA,Yavneel,Far,NA,35.50893667,32.68131,16975,Yavniel Far 36,0,0,0,0,0,0,0,6,0,0,0,0,0,0,0,0
T1,2016,Herbaceous and Dwarf Shrub Vegetation,NA,Yavneel,Far,NA,35.51057333,32.67911667,16975,Yavniel Far 23,0,0,0,0,0,0,0,5,2,0,0,0,0,0,0,0
T1,2016,Herbaceous and Dwarf Shrub Vegetation,NA,Yavneel,Far,NA,35.51435743,32.67709899,16975,Yavniel Far 5,1,0,0,0,0,0,0,8,0,0,0,0,0,0,0,0
T1,2016,Mediterranean Desert Transition Zone,NA,Har Amasa,Far,NA,35.090805,31.33159167,17157,Har Amasa Far 4,0,0,0,0,0,0,0,0,0,0,0,0,0,0,0,1
T1,2016,Mediterranean Desert Transition Zone,NA,Har Amasa,Far,NA,35.09116167,31.33217333,17157,Har Amasa Far 32,0,0,0,0,0,0,0,0,0,0,0,0,0,0,0,2
T1,2016,Mediterranean Desert Transition Zone,NA,Har Amasa,Far,NA,35.09238,31.33252833,17157,Har Amasa Far 29,0,0,0,0,0,0,0,0,0,0,0,0,0,0,0,2
T1,2016,Mediterranean Desert Transition Zone,NA,Har Amasa,Far,NA,35.09290167,31.33323167,17157,Har Amasa Far 6,0,0,0,0,0,0,0,0,0,0,1,0,0,0,0,1
T1,2016,Mediterranean Desert Transition Zone,NA,Har Amasa,Far,NA,35.09341833,31.33299667,17157,Har Amasa Far 25,2,0,0,0,0,0,0,0,0,0,0,0,0,0,0,4
T1,2016,Mediterranean Desert Transition Zone,NA,Har Amasa,Near,NA,35.09798148,31.34496113,17157,Har Amasa Near 31,0,0,0,0,0,0,0,0,0,0,0,0,0,0,0,1
T1,2016,Mediterranean Desert Transition Zone,NA,Har Amasa,Near,NA,35.09904045,31.3453678,17157,Har Amasa Near 26,0,0,0,0,0,0,0,3,0,0,0,0,2,0,0,5
T1,2016,Mediterranean Desert Transition Zone,NA,Har Amasa,Near,NA,35.099485,31.34426,17157,Har Amasa Near 13,0,0,0,0,0,0,0,0,0,0,0,0,0,0,0,2
T1,2016,Mediterranean Desert Transition Zone,NA,Har Amasa,Near,NA,35.09994667,31.34099833,17157,Har Amasa Near 34,1,0,0,0,0,0,0,0,0,0,0,0,0,0,0,3
T1,2016,Mediterranean Desert Transition Zone,NA,Har Amasa,Near,NA,35.10005833,31.343195,17157,Har Amasa Near 22,3,0,0,0,0,0,0,0,0,0,0,1,0,0,0,1
T1,2016,Mediterranean Desert Transition Zone,NA,Lahav,Far,NA,34.856545,31.37536,17125,Lahav Far 44,0,0,0,0,0,0,0,0,0,0,0,0,0,0,0,2
T1,2016,Mediterranean Desert Transition Zone,NA,Lahav,Far,NA,34.85821,31.376612,17125,Lahav Far 27,1,0,0,0,0,0,0,0,0,0,0,0,0,0,0,3
T1,2016,Mediterranean Desert Transition Zone,NA,Lahav,Far,NA,34.85894,31.376562,17125,Lahav Far 22,1,0,0,0,0,0,0,0,0,0,0,0,0,0,0,2
T1,2016,Mediterranean Desert Transition Zone,NA,Lahav,Far,NA,34.859833,31.376088,17125,Lahav Far 26,1,0,0,0,0,0,0,0,1,1,0,0,0,0,0,4
T1,2016,Mediterranean Desert Transition Zone,NA,Lahav,Far,NA,34.859833,31.376088,17125,Lahav Far 31,0,0,0,0,0,0,0,0,0,0,0,0,0,0,0,1
T1,2016,Mediterranean Desert Transition Zone,NA,Lahav,Far,NA,34.860872,31.376445,17125,Lahav Far 32,0,0,0,0,0,0,0,0,0,1,0,0,0,0,0,1
T1,2016,Mediterranean Desert Transition Zone,NA,Lahav,Near,NA,34.863857,31.383998,17125,Lahav Near 23,0,0,0,0,0,0,0,0,0,0,0,0,0,0,0,1
T1,2016,Mediterranean Desert Transition Zone,NA,Lahav,Near,NA,34.864305,31.383437,17125,Lahav Near 11,7,0,0,0,0,0,0,0,0,0,0,0,0,0,0,8
T1,2016,Mediterranean Desert Transition Zone,NA,Lahav,Near,NA,34.864598,31.384017,17125,Lahav Near 34,3,0,0,0,0,0,0,0,0,0,0,0,0,0,0,1
T1,2016,Mediterranean Desert Transition Zone,NA,Lahav,Near,NA,34.865225,31.383152,17125,Lahav Near 25,5,0,0,0,0,0,0,0,0,0,0,0,0,0,0,1
T1,2016,Mediterranean Desert Transition Zone,NA,Lahav,Near,NA,34.865302,31.38264,17125,Lahav Near 30,1,0,0,0,0,0,0,0,0,0,0,0,0,0,0,0
T1,2016,Mediterranean Desert Transition Zone,NA,Lahav,Near,NA,34.865683,31.382028,17125,Lahav Near 20,1,0,0,0,0,0,0,0,0,0,0,0,0,0,0,0
T1,2016,Mediterranean Desert Transition Zone,NA,Lahav,Near,NA,34.86676,31.383597,17125,Lahav Near 4,4,0,0,0,0,0,0,0,0,0,0,0,0,0,0,1
T1,2016,Mediterranean Desert Transition Zone,NA,Lehavim,Far,NA,34.83,31.370815,17110,Lehavim Far 31,0,0,0,0,0,0,0,1,0,0,1,0,0,0,0,1
T1,2016,Mediterranean Desert Transition Zone,NA,Lehavim,Far,NA,34.83219667,31.37016333,17110,Lehavim Far 32,0,0,0,0,0,0,0,0,0,0,0,0,0,0,0,4
T1,2016,Mediterranean Desert Transition Zone,NA,Lehavim,Far,NA,34.83336,31.37048167,17110,Lehavim Far 35,1,0,0,0,0,0,0,0,0,0,0,0,0,0,0,0
T1,2016,Mediterranean Desert Transition Zone,NA,Lehavim,Far,NA,34.83530833,31.37007,17110,Lehavim Far 27,0,0,0,0,0,0,0,0,0,0,2,0,0,0,0,0
T1,2016,Mediterranean Desert Transition Zone,NA,Lehavim,Far,NA,34.83568333,31.36977167,17110,Lehavim Far 23,0,0,0,0,0,0,0,0,0,0,1,0,0,0,0,0
T1,2016,Mediterranean Desert Transition Zone,NA,Lehavim,Far,NA,34.83665833,31.36956333,17110,Lehavim Far 13,0,0,0,0,0,0,0,0,0,0,0,0,0,0,0,1
T1,2016,Mediterranean Desert Transition Zone,NA,Lehavim,Near,NA,34.82260667,31.3644,17110,Lehavim Near 11,0,0,0,0,0,0,0,0,0,0,0,0,0,0,0,2
T1,2016,Mediterranean Desert Transition Zone,NA,Lehavim,Near,NA,34.822855,31.36368333,17110,Lehavim Near 20,0,0,0,0,0,0,0,0,0,0,0,0,0,0,0,1
T1,2016,Mediterranean Desert Transition Zone,NA,Lehavim,Near,NA,34.82300333,31.36518,17110,Lehavim Near 25,0,0,0,0,0,0,0,0,0,0,0,0,0,0,0,2
T1,2016,Mediterranean Desert Transition Zone,NA,Lehavim,Near,NA,34.82361667,31.3636667,17110,Lehavim Near 29,0,0,0,0,0,0,0,0,0,0,0,0,0,0,0,1
T1,2016,Mediterranean Desert Transition Zone,NA,Mirsham,Far,NA,34.901275,31.463075,17138,Mirsham Far 26,0,0,0,0,0,0,0,1,0,0,0,0,0,0,0,1
T1,2016,Mediterranean Desert Transition Zone,NA,Mirsham,Far,NA,34.902345,31.46181167,17138,Mirsham Far 19,6,0,0,0,0,0,0,1,0,0,0,0,0,0,0,6
T1,2016,Mediterranean Desert Transition Zone,NA,Mirsham,Far,NA,34.902835,31.46252667,17138,Mirsham Far 22,4,0,0,0,0,0,0,1,0,0,1,0,0,0,0,1
T1,2016,Mediterranean Desert Transition Zone,NA,Mirsham,Far,NA,34.903275,31.46340833,17138,Mirsham Far 34,2,0,0,0,0,0,0,0,0,0,0,0,0,0,0,0
T1,2016,Mediterranean Desert Transition Zone,NA,Mirsham,Far,NA,34.90429,31.46299333,17138,Mirsham Far 20,3,0,0,0,0,0,0,3,0,5,0,0,0,0,0,7
T1,2016,Mediterranean Desert Transition Zone,NA,Mirsham,Far,NA,34.904915,31.46281833,17138,Mirsham Far 23,0,0,0,0,0,0,0,0,0,1,0,0,0,0,0,1
T1,2016,Mediterranean Desert Transition Zone,NA,Mirsham,Far,NA,34.905425,31.46294333,17138,Mirsham Far 13,0,0,0,0,0,0,0,0,0,5,0,0,1,0,0,5
T1,2016,Mediterranean Desert Transition Zone,NA,Mirsham,Far,NA,34.906175,31.46308333,17138,Mirsham Far 31,2,0,0,0,0,0,0,0,0,1,0,0,0,0,0,1
T1,2016,Mediterranean Desert Transition Zone,NA,Mirsham,Near,NA,34.92828833,31.48202333,17138,Mirsham Near 11,0,0,0,0,0,0,0,5,0,1,0,0,0,0,0,2
T1,2016,Mediterranean Desert Transition Zone,NA,Mirsham,Near,NA,34.92881667,31.48188,17138,Mirsham Near 35,1,0,0,0,0,0,0,3,0,0,0,0,0,0,0,3
T1,2016,Mediterranean Desert Transition Zone,NA,Mirsham,Near,NA,34.92984,31.482385,17138,Mirsham Near 44,0,0,0,0,0,0,0,0,1,1,0,0,0,0,0,0
T1,2016,Mediterranean Desert Transition Zone,NA,Mirsham,Near,NA,34.93011667,31.479155,17138,Mirsham Near 30,0,0,0,0,0,0,0,1,0,0,0,0,0,0,0,0
T1,2016,Mediterranean Desert Transition Zone,NA,Mirsham,Near,NA,34.93061,31.47996333,17138,Mirsham Near 29,0,0,0,0,0,0,0,2,0,1,0,0,0,0,0,1
T1,2016,Mediterranean Desert Transition Zone,NA,Mirsham,Near,NA,34.93070939,31.47842452,17138,Mirsham Near 32,0,0,0,0,0,0,0,0,0,1,0,0,0,0,0,0
T1,2016,Mediterranean Desert Transition Zone,NA,Mirsham,Near,NA,34.93118333,31.48192333,17138,Mirsham Near 6,1,0,0,0,0,0,0,2,0,1,0,0,0,0,0,0
T1,2016,Mediterranean Desert Transition Zone,NA,Mirsham,Near,NA,34.93129333,31.48081833,17138,Mirsham Near 4,1,0,0,0,0,0,0,4,0,1,0,0,0,0,0,1
T1,2016,Mediterranean Desert Transition Zone,NA,Mirsham,Near,NA,34.931455,31.48164833,17138,Mirsham Near 11,0,0,0,0,0,0,0,5,0,1,0,0,0,0,0,2
T1,2016,Mediterranean Desert Transition Zone,NA,Mirsham,Near,NA,34.931455,31.48164833,17138,Mirsham Near 25,0,0,0,0,0,0,0,3,0,1,0,0,0,0,0,2
T1,2016,Negev Highlands,NA,Bislach,Far,NA,34.85808167,31.01981167,17093,Bislach Far 27,4,0,0,0,0,0,0,0,1,0,0,0,0,0,0,0
T1,2016,Negev Highlands,NA,Bislach,Far,NA,34.85860667,31.01913167,17093,Bislach Far 20,6,0,0,0,0,0,0,0,0,0,0,0,0,0,0,0
T1,2016,Negev Highlands,NA,Bislach,Far,NA,34.85986833,31.0191,17093,Bislach Far 19,1,0,0,0,0,0,0,0,0,0,0,0,0,0,0,0
T1,2016,Negev Highlands,NA,Bislach,Far,NA,34.86011667,31.02104833,17093,Bislach Far 31,0,0,0,0,0,0,0,0,0,0,1,0,0,0,0,0
T1,2016,Negev Highlands,NA,Bislach,Far,NA,34.86270667,31.02079333,17093,Bislach Far 29,1,0,0,0,0,0,0,0,4,0,1,0,0,0,0,2
T1,2016,Negev Highlands,NA,Bislach,Far,NA,34.863535,31.02114,17093,Bislach Far 13,0,0,0,0,0,0,0,0,1,0,0,0,0,0,0,0
T1,2016,Negev Highlands,NA,Bislach,Far,NA,34.86454,31.02196,17093,Bislach Far 35,2,0,0,0,0,0,0,0,1,0,0,0,0,0,0,0
T1,2016,Negev Highlands,NA,Bislach,Near,NA,34.870392,31.009702,17093,Bislach Near 30,0,0,0,0,0,0,0,0,1,0,0,0,0,0,0,1
T1,2016,Negev Highlands,NA,Bislach,Near,NA,34.871088,31.01039,17093,Bislach Near 33,0,0,0,0,0,0,1,0,1,0,0,0,0,0,0,0
T1,2016,Negev Highlands,NA,Ezuz,Far,NA,34.4608,30.77915,17064,Ezuz Far 3,0,0,0,0,0,0,0,0,0,2,0,0,0,0,0,0
T1,2016,Negev Highlands,NA,Ezuz,Far,NA,34.46147,30.778695,17064,Ezuz Far 22,0,0,0,0,0,0,1,0,0,0,0,0,0,0,0,0
T1,2016,Negev Highlands,NA,Ezuz,Far,NA,34.46194333,30.77885,17064,Ezuz Far 23,0,0,0,0,0,0,0,0,0,0,1,0,0,0,0,0
T1,2016,Negev Highlands,NA,Ezuz,Far,NA,34.46195,30.77894667,17064,Ezuz Far 26,0,0,0,0,0,0,1,0,0,0,0,0,0,0,0,0
T1,2016,Negev Highlands,NA,Ezuz,Far,NA,34.46628,30.78124333,17064,Ezuz Far 33,1,0,0,0,0,0,2,0,0,0,0,0,0,0,0,0
T1,2016,Negev Highlands,NA,Ezuz,Near,NA,34.46461,30.797965,17064,Ezuz Near 35,1,0,0,0,0,0,0,0,0,0,1,0,0,0,0,0
T1,2016,Negev Highlands,NA,Ezuz,Near,NA,34.46556833,30.79734,17064,Ezuz Near 4,0,0,0,0,0,0,2,0,0,1,0,0,0,0,0,0
T1,2016,Negev Highlands,NA,Ezuz,Near,NA,34.467005,30.79575667,17064,Ezuz Near 19,3,0,0,0,0,0,8,0,0,3,2,0,0,0,0,4
T1,2016,Negev Highlands,NA,Ezuz,Near,NA,34.46701863,30.79248264,17064,Ezuz Near 31,0,0,0,0,0,0,0,0,3,1,0,0,0,0,0,0
T1,2016,Negev Highlands,NA,Ezuz,Near,NA,34.46726333,30.79575667,17064,Ezuz Near 34,1,0,0,0,0,0,0,0,0,2,0,0,0,0,0,0
T1,2016,Negev Highlands,NA,Merhav Am,Far,NA,34.83339511,30.89888087,16975,Merhav Am Far 13,0,0,0,0,0,0,0,0,2,2,0,0,0,0,0,2
T1,2016,Negev Highlands,NA,Merhav Am,Far,NA,34.83535167,30.89731,16975,Merhav Am Far 16,0,0,0,0,0,0,0,0,0,0,1,0,0,0,0,0
T1,2016,Negev Highlands,NA,Merhav Am,Far,NA,34.83622333,30.89828667,16975,Merhav Am Far 20,0,0,0,0,0,0,0,0,0,2,0,0,0,0,0,1
T1,2016,Negev Highlands,NA,Merhav Am,Far,NA,34.83645167,30.897225,16975,Merhav Am Far 1,0,0,0,0,0,0,0,0,1,0,0,0,0,0,0,0
T1,2016,Negev Highlands,NA,Merhav Am,Far,NA,34.83711,30.897415,16975,Merhav Am Far 29,0,0,0,0,0,0,0,0,0,1,0,0,0,0,0,1
T1,2016,Negev Highlands,NA,Merhav Am,Far,NA,34.83767667,30.897085,16975,Merhav Am Far 18,0,0,0,0,0,0,0,0,0,0,1,0,0,0,0,1
T1,2016,Negev Highlands,NA,Merhav Am,Far,NA,34.83857,30.89606,16975,Merhav Am Far 17,0,0,0,0,0,0,0,0,0,0,0,0,0,0,0,1
T1,2016,Negev Highlands,NA,Merhav Am,Near,NA,34.82552,30.88814833,16975,Merhav Am Near 2,0,0,0,0,0,0,0,0,0,0,0,0,0,0,0,2
T1,2016,Negev Highlands,NA,Merhav Am,Near,NA,34.82635833,30.88452167,16975,Merhav Am Near 7,0,0,0,0,0,0,0,0,0,0,0,0,0,0,0,3
T1,2016,Negev Highlands,NA,Merhav Am,Near,NA,34.82662333,30.88389667,16975,Merhav Am Near 22,0,0,0,0,0,0,0,0,0,0,1,0,0,0,0,0
T1,2016,Negev Highlands,NA,Merhav Am,Near,NA,34.8269,30.885555,16975,Merhav Am Near 10,0,0,0,0,0,0,0,0,0,0,0,0,0,0,0,1
T1,2016,Negev Highlands,NA,Merhav Am,Near,NA,34.82958667,30.88471,16975,Merhav Am Near 21,0,0,0,0,0,0,0,0,0,0,0,0,0,0,0,15
T1,2016,Negev Highlands,NA,Merhav Am,Near,NA,34.83022267,30.88441425,16975,Merhav Am Near 5,0,0,0,0,0,0,0,0,0,0,0,0,0,0,0,2
T1,2016,Negev Highlands,NA,Sde Boker,Far,NA,34.776062,30.885925,17024,Sde Boker Far 16,0,0,0,0,0,0,1,0,0,0,0,0,0,0,0,5
T1,2016,Negev Highlands,NA,Sde Boker,Far,NA,34.776844,30.887636,17024,Sde Boker Far 12,0,0,0,0,0,0,0,0,0,0,0,0,0,0,0,2
T1,2016,Negev Highlands,NA,Sde Boker,Far,NA,34.777178,30.888393,17024,Sde Boker Far 22,0,0,0,0,0,0,0,0,0,0,0,0,0,0,0,1
T1,2016,Negev Highlands,NA,Sde Boker,Far,NA,34.77822,30.88544,17024,Sde Boker Far 18,0,0,0,0,0,0,0,0,0,0,0,0,0,0,0,1
T1,2016,Negev Highlands,NA,Sde Boker,Far,NA,34.778924,30.886516,17024,Sde Boker Far 2,1,0,0,0,0,0,5,0,0,0,0,0,0,0,0,1
T1,2016,Negev Highlands,NA,Sde Boker,Far,NA,34.780089,30.887889,17024,Sde Boker Far 7,1,0,0,0,0,0,3,0,0,4,0,0,0,0,0,23
T1,2016,Negev Highlands,NA,Sde Boker,Near,NA,34.79126542,30.87761434,17024,Sde Boker Near 11,0,0,0,0,0,0,0,0,0,0,0,0,0,0,0,3
T1,2016,Negev Highlands,NA,Sde Boker,Near,NA,34.79210479,30.87818443,17024,Sde Boker Near 15,0,0,0,0,0,0,0,0,0,1,0,0,0,0,0,0
T1,2016,Negev Highlands,NA,Sde Boker,Near,NA,34.79292278,30.87880033,17024,Sde Boker Near 21,1,0,0,0,0,0,0,0,0,0,0,0,0,0,0,4
T1,2016,Negev Highlands,NA,Sde Boker,Near,NA,34.79399895,30.87964627,17024,Sde Boker Near 5,1,0,0,0,0,0,0,0,0,0,0,0,0,0,0,0
T1,2016,Negev Highlands,NA,Sde Boker,Near,NA,34.79468507,30.87918014,17024,Sde Boker Near 19,4,0,0,0,0,0,0,0,0,2,0,0,0,0,0,0
T1,2016,Negev Highlands,NA,Sde Boker,Near,NA,34.7952401,30.88078946,17024,Sde Boker Near 29,0,0,0,0,0,0,0,0,0,0,0,0,0,0,0,2
T1,2016,Negev Highlands,NA,Sde Boker,Near,NA,34.79564116,30.8815382,17024,Sde Boker Near 3,1,0,0,0,0,0,0,0,0,1,0,0,0,0,0,1
T1,2016,Negev Highlands,NA,Yeruham,Far,NA,34.89206601,30.97663853,17037,Yeruham Far 10,0,0,0,0,0,0,0,0,0,0,1,0,0,0,0,1
T1,2016,Negev Highlands,NA,Yeruham,Far,NA,34.89342892,30.9787791,17037,Yeruham Far 20,0,0,0,0,0,0,0,0,1,0,0,0,0,0,0,0
T1,2016,Negev Highlands,NA,Yeruham,Far,NA,34.89494749,30.97847797,17037,Yeruham Far 7,0,0,0,0,0,0,0,0,1,4,0,0,0,0,0,0
T1,2016,Negev Highlands,NA,Yeruham,Far,NA,34.89577488,30.97589084,17037,Yeruham Far 2,0,0,0,0,0,0,0,0,0,0,0,0,0,0,0,1
T1,2016,Negev Highlands,NA,Yeruham,Far,NA,34.89578219,30.97493337,17037,Yeruham Far 16,0,0,0,0,0,0,0,0,0,0,0,0,0,0,0,1
T1,2016,Negev Highlands,NA,Yeruham,Far,NA,34.8958256,30.97773169,17037,Yeruham Far 18,1,0,0,0,0,0,0,0,1,0,7,0,0,0,0,1
T1,2016,Negev Highlands,NA,Yeruham,Far,NA,34.89593998,30.97692714,17037,Yeruham Far 22,0,0,0,0,0,0,0,0,0,0,1,0,0,0,0,2
T1,2016,Negev Highlands,NA,Yeruham,Near,NA,34.9107702,30.98618613,17037,Yeruham Near 11,9,0,0,0,0,0,0,0,2,0,0,0,0,0,0,3
T1,2016,Negev Highlands,NA,Yeruham,Near,NA,34.9107706,30.98535842,17037,Yeruham Near 1,0,0,0,0,0,0,0,0,0,2,0,0,0,0,0,2
T1,2016,Negev Highlands,NA,Yeruham,Near,NA,34.91180363,30.98587288,17037,Yeruham Near 29,0,0,0,0,0,0,0,0,0,0,0,0,0,0,0,2
T1,2016,Negev Highlands,NA,Yeruham,Near,NA,34.91236159,30.98567181,17037,Yeruham Near 21,0,0,0,0,0,0,0,0,1,4,0,0,0,0,0,3
T1,2016,Negev Highlands,NA,Yeruham,Near,NA,34.91406599,30.98480158,17037,Yeruham Near 3,0,0,0,0,0,0,0,0,0,5,0,0,0,0,0,1
T1,2016,Negev Highlands,NA,Yeruham,Near,NA,34.91513323,30.98446958,17037,Yeruham Near 15,0,0,0,0,0,0,0,0,0,5,0,0,0,0,0,5
T1,2017,Mediterranean Desert Transition Zone,NA,Beit Yatir,Far,NA,35.12458167,31.37162333,17169,Beit Yatir Far 35,1,0,0,0,0,0,0,6,0,0,0,0,0,0,0,5
T1,2017,Mediterranean Desert Transition Zone,NA,Beit Yatir,Far,NA,35.12488667,31.37102833,17169,Beit Yatir Far 11,0,0,0,0,0,0,0,1,0,0,0,0,0,0,0,2
T1,2017,Mediterranean Desert Transition Zone,NA,Beit Yatir,Far,NA,35.12530833,31.37184167,17169,Beit Yatir Far 22,0,0,0,0,0,0,0,0,0,0,0,0,0,0,0,7
T1,2017,Mediterranean Desert Transition Zone,NA,Beit Yatir,Far,NA,35.125555,31.372535,17169,Beit Yatir Far 29,0,0,0,0,0,0,0,0,0,0,0,0,0,0,0,3
T1,2017,Mediterranean Desert Transition Zone,NA,Beit Yatir,Far,NA,35.125855,31.37146167,17169,Beit Yatir Far 31,0,0,0,0,0,0,0,0,0,0,0,0,0,0,0,3
T1,2017,Mediterranean Desert Transition Zone,NA,Beit Yatir,Far,NA,35.12643833,31.37087667,17169,Beit Yatir Far 30,3,0,0,0,0,0,0,0,0,0,0,0,0,0,0,0
T1,2017,Mediterranean Desert Transition Zone,NA,Beit Yatir,Far,NA,35.12711333,31.37040167,17169,Beit Yatir Far 25,1,0,0,0,0,0,0,0,0,0,0,0,0,0,0,1
T1,2017,Mediterranean Desert Transition Zone,NA,Beit Yatir,Far,NA,35.12767,31.36994833,17169,Beit Yatir Far 26,1,0,0,0,0,0,0,2,0,0,0,0,0,0,0,0
T1,2017,Mediterranean Desert Transition Zone,NA,Beit Yatir,Near,NA,35.10781833,31.359205,17169,Beit Yatir Near 19,2,0,0,0,0,0,0,0,0,1,1,0,1,0,0,2
T1,2017,Mediterranean Desert Transition Zone,NA,Beit Yatir,Near,NA,35.108805,31.35901667,17169,Beit Yatir Near 13,0,0,0,0,0,0,0,0,0,0,0,0,0,0,0,3
T1,2017,Mediterranean Desert Transition Zone,NA,Beit Yatir,Near,NA,35.10980333,31.35743,17169,Beit Yatir Near 6,2,0,0,0,0,0,0,0,0,0,0,0,0,0,0,0
T1,2017,Mediterranean Desert Transition Zone,NA,Beit Yatir,Near,NA,35.109915,31.357945,17169,Beit Yatir Near 16,2,0,0,0,0,0,0,0,0,0,0,0,1,0,0,0
T1,2017,Mediterranean Desert Transition Zone,NA,Beit Yatir,Near,NA,35.11000167,31.35935167,17169,Beit Yatir Near 20,2,0,0,0,0,0,0,0,0,0,1,0,0,0,0,4
T1,2017,Mediterranean Desert Transition Zone,NA,Beit Yatir,Near,NA,35.11015333,31.358365,17169,Beit Yatir Near 4,2,0,0,0,0,0,0,0,0,0,0,0,0,0,0,2
T1,2017,Mediterranean Desert Transition Zone,NA,Beit Yatir,Near,NA,35.11060333,31.358945,17169,Beit Yatir Near 34,3,0,0,0,0,0,0,0,0,0,1,0,0,0,0,2
T1,2017,Mediterranean Desert Transition Zone,NA,Beit Yatir,Near,NA,35.11087333,31.35851833,17169,Beit Yatir Near 23,11,0,0,0,0,0,0,0,0,0,2,0,1,0,0,2
T2,2017,Inland Sands,NA,Beer Milka,Far,Shifting,34.41712,30.94667,17427,Beer Milka Far Shifting 1_9,0,0,0,0,0,0,2,0,0,0,0,0,0,0,0,0
T2,2017,Inland Sands,NA,Beer Milka,Far,Shifting,34.41789,30.94665,17427,Beer Milka Far Shifting 1_1,0,0,0,0,0,0,0,0,0,0,1,0,0,0,0,0
T2,2017,Inland Sands,NA,Beer Milka,Far,Shifting,34.41855,30.94702,17427,Beer Milka Far Shifting 1_2,0,0,0,0,0,0,0,0,0,0,0,0,0,0,0,2
T2,2017,Inland Sands,NA,Beer Milka,Far,Shifting,34.41956,30.9469,17427,Beer Milka Far Shifting 1_4,0,0,0,0,0,0,2,0,0,0,0,0,0,0,0,2
T2,2017,Inland Sands,NA,Beer Milka,Near,Shifting,34.41954,30.92883,17426,Beer Milka Near Shifting 1_2,0,0,0,0,0,0,0,0,0,0,2,0,0,0,0,2
T2,2017,Inland Sands,NA,Beer Milka,Near,Shifting,34.42005,30.92907,17426,Beer Milka Near Shifting 1_3,0,0,0,0,0,0,0,0,0,0,1,0,0,0,0,0
T2,2017,Inland Sands,NA,Beer Milka,Near,Shifting,34.42205,30.92874,17426,Beer Milka Near Shifting 1_6,0,0,0,0,0,0,0,0,0,0,0,0,0,0,0,1
T2,2017,Inland Sands,NA,Beer Milka,Near,Shifting,34.42254,30.92948,17426,Beer Milka Near Shifting 1_7,0,0,0,0,0,0,0,0,0,0,0,0,0,0,0,3
T2,2017,Inland Sands,NA,Beer Milka,Near,Shifting,34.42313,30.92935,17426,Beer Milka Near Shifting 1_8,0,0,0,0,0,0,1,0,0,0,0,0,0,0,0,1
T2,2017,Inland Sands,NA,Beer Milka,Near,Shifting,34.42351,30.92895,17426,Beer Milka Near Shifting 1_9,0,0,0,0,0,0,0,0,0,0,3,0,0,0,0,0
T2,2017,Inland Sands,NA,Beer Milka,Near,Shifting,34.42499,30.92995,17426,Beer Milka Near Shifting 1_1,0,0,0,0,0,0,2,0,0,0,0,0,0,0,0,1
T2,2017,Inland Sands,NA,Secher,Far,Semi-Shifting,34.7622,31.08419,17441,Secher Far 1_7,0,0,0,0,0,0,0,0,0,0,0,0,0,0,0,2
T2,2017,Inland Sands,NA,Secher,Far,Semi-Shifting,34.76276,31.08469,17441,Secher Far 1_8,0,0,0,0,0,0,0,0,0,0,0,0,0,0,0,3
T2,2017,Inland Sands,NA,Secher,Far,Semi-Shifting,34.76347,31.08474,17441,Secher Far 1_9,0,0,0,0,0,0,0,0,0,0,0,0,0,0,0,1
T2,2017,Inland Sands,NA,Secher,Far,Semi-Shifting,34.76557,31.08331,17441,Secher Far 1_2,0,0,0,0,0,0,0,0,0,0,0,0,0,0,0,2
T2,2017,Inland Sands,NA,Secher,Far,Shifting,34.7762,31.09987,17441,Secher Far 1_4,0,0,0,0,0,0,0,0,0,0,0,0,0,0,0,3
T2,2017,Inland Sands,NA,Secher,Far,Shifting,34.7793,31.10212,17441,Secher Far 1_7,0,0,0,0,0,0,0,0,0,0,0,0,0,0,0,6
T2,2017,Inland Sands,NA,Shunra,Far,Semi-Shifting,34.60658,30.95667,17441,Shunra Far 1,0,0,0,0,0,0,1,0,0,0,0,0,0,0,0,0
T2,2017,Inland Sands,NA,Shunra,Far,Semi-Shifting,34.60671,30.9572,17441,Shunra Far 2,0,0,0,0,0,0,0,0,0,0,0,0,0,0,0,1
T2,2017,Inland Sands,NA,Shunra,Far,Semi-Shifting,34.60684,30.95854,17441,Shunra Far 4,0,0,0,0,0,0,2,0,0,0,1,0,0,0,0,1
T2,2017,Inland Sands,NA,Shunra,Far,Semi-Shifting,34.60737,30.95916,17441,Shunra Far 8,0,0,0,0,0,0,0,0,0,0,1,0,0,0,0,0
T2,2017,Inland Sands,NA,Shunra,Far,Semi-Shifting,34.60886,30.9582,17441,Shunra Far 9,0,0,0,0,0,0,0,0,0,0,1,0,0,0,0,0
T2,2017,Mediterranean Maquis,Carmel,Beit Oren,Far,NA,35.00172,32.72553,17354,Beit Oren Far 9,8,0,0,0,0,0,0,0,0,0,0,0,0,0,0,0
T2,2017,Mediterranean Maquis,Carmel,Beit Oren,Far,NA,35.0027,32.72518,17354,Beit Oren Far 8,25,0,0,0,0,0,0,0,0,0,0,0,0,0,0,0
T2,2017,Mediterranean Maquis,Carmel,Beit Oren,Far,NA,35.00376,32.72523,17354,Beit Oren Far 7,4,0,0,0,0,0,0,0,0,9,0,0,0,0,3,0
T2,2017,Mediterranean Maquis,Carmel,Beit Oren,Far,NA,35.0044,32.72569,17354,Beit Oren Far 6,1,0,0,0,0,0,0,0,0,0,0,0,0,0,0,0
T2,2017,Mediterranean Maquis,Carmel,Beit Oren,Far,NA,35.00524,32.72533,17354,Beit Oren Far 5,0,0,0,0,0,0,0,0,0,5,0,0,0,0,0,0
T2,2017,Mediterranean Maquis,Carmel,Beit Oren,Far,NA,35.00599,32.72516,17354,Beit Oren Far 4,9,0,0,0,0,0,0,0,0,0,0,0,0,0,1,0
T2,2017,Mediterranean Maquis,Carmel,Beit Oren,Far,NA,35.0066,32.72551,17354,Beit Oren Far 3,3,0,0,0,0,0,0,0,0,0,0,0,0,0,2,0
T2,2017,Mediterranean Maquis,Carmel,Beit Oren,Far,NA,35.00716,32.72617,17354,Beit Oren Far 2,3,0,0,0,0,0,0,0,0,0,0,0,0,0,1,0
T2,2017,Mediterranean Maquis,Carmel,Beit Oren,Far,NA,35.00815,32.72598,17354,Beit Oren Far 1,0,0,0,0,0,0,0,0,0,0,0,0,0,0,1,0
T2,2017,Mediterranean Maquis,Carmel,Beit Oren,Near,NA,35.00155,32.73383,17354,Beit Oren Near 1,3,0,0,0,0,0,0,0,1,6,0,0,0,0,7,7
T2,2017,Mediterranean Maquis,Carmel,Beit Oren,Near,NA,35.00198,32.73476,17354,Beit Oren Near 3,0,0,0,0,0,0,0,0,0,1,0,0,0,0,2,0
T2,2017,Mediterranean Maquis,Carmel,Beit Oren,Near,NA,35.00307,32.73327,17354,Beit Oren Near 6,0,0,0,0,0,0,0,0,0,0,0,0,1,0,0,0
T2,2017,Mediterranean Maquis,Carmel,Beit Oren,Near,NA,35.00403,32.73322,17354,Beit Oren Near 8,0,0,0,0,0,0,0,0,0,3,0,0,0,0,9,0
T2,2017,Mediterranean Maquis,Carmel,Beit Oren,Near,NA,35.00435,32.73286,17354,Beit Oren Near 9,0,0,0,0,0,0,0,0,0,2,0,0,0,0,9,0
T2,2017,Mediterranean Maquis,Carmel,Kerem Maharal,Far,NA,35.0033,32.66974,17389,Kerem Maharal Far 8,0,0,0,0,0,0,0,0,0,0,0,0,0,0,3,0
T2,2017,Mediterranean Maquis,Carmel,Kerem Maharal,Far,NA,35.0039,32.6714,17389,Kerem Maharal Far 1,1,0,0,0,0,0,0,0,0,4,0,0,1,0,0,2
T2,2017,Mediterranean Maquis,Carmel,Kerem Maharal,Far,NA,35.005,32.6716,17389,Kerem Maharal Far 2,0,0,0,0,0,0,0,1,0,0,0,0,1,0,0,0
T2,2017,Mediterranean Maquis,Carmel,Kerem Maharal,Far,NA,35.00561,32.67185,17389,Kerem Maharal Far 3,0,0,0,0,0,0,0,3,5,0,0,0,0,0,0,6
T2,2017,Mediterranean Maquis,Carmel,Kerem Maharal,Far,NA,35.00778,32.67194,17389,Kerem Maharal Far 9,0,0,0,0,0,0,0,2,1,0,0,0,2,0,0,0
T2,2017,Mediterranean Maquis,Carmel,Kerem Maharal,Near,NA,34.9949,32.6438,17389,Kerem Maharal Near 3,0,0,0,0,0,0,0,0,0,0,0,0,0,0,4,0
T2,2017,Mediterranean Maquis,Carmel,Kerem Maharal,Near,NA,34.9952,32.6446,17389,Kerem Maharal Near 5,2,0,0,0,0,0,0,0,0,0,0,0,0,0,2,0
T2,2017,Mediterranean Maquis,Carmel,Kerem Maharal,Near,NA,34.99528,32.64498,17389,Kerem Maharal Near 7,3,0,0,0,0,0,0,0,0,0,0,0,0,0,0,0
T2,2017,Mediterranean Maquis,Carmel,Kerem Maharal,Near,NA,34.9954,32.6432,17389,Kerem Maharal Near 1,1,0,0,0,0,0,0,0,1,4,0,0,0,0,7,0
T2,2017,Mediterranean Maquis,Carmel,Kerem Maharal,Near,NA,34.99583,32.64488,17389,Kerem Maharal Near 6,11,0,0,0,0,0,0,0,2,2,0,0,0,0,27,0
T2,2017,Mediterranean Maquis,Carmel,Nir Etzion,Far,NA,35.00672,32.69824,17333,Nir Etzion Far 3,0,0,0,0,0,0,0,0,0,1,0,0,0,0,0,0
T2,2017,Mediterranean Maquis,Carmel,Nir Etzion,Far,NA,35.00771,32.6981,17333,Nir Etzion Far 6,3,0,0,0,0,0,0,0,1,0,0,0,0,0,5,0
T2,2017,Mediterranean Maquis,Carmel,Nir Etzion,Far,NA,35.00852,32.69747,17333,Nir Etzion Far 5,0,0,0,0,0,0,0,0,4,0,0,0,0,0,0,0
T2,2017,Mediterranean Maquis,Carmel,Nir Etzion,Far,NA,35.00921,32.69676,17333,Nir Etzion Far 7,2,0,0,0,0,0,0,0,1,0,0,0,0,0,9,2
T2,2017,Mediterranean Maquis,Carmel,Nir Etzion,Far,NA,35.00986,32.6968,17333,Nir Etzion Far 8,4,0,0,0,0,0,0,0,0,0,0,0,0,0,2,2
T2,2017,Mediterranean Maquis,Carmel,Nir Etzion,Far,NA,35.01053,32.69668,17333,Nir Etzion Far 9,0,0,0,0,0,0,0,0,0,0,0,0,0,0,2,1
T2,2017,Mediterranean Maquis,Carmel,Nir Etzion,Near,NA,34.99299,32.70119,17333,Nir Etzion Near 1,0,0,0,0,0,0,0,0,0,0,0,0,0,0,1,0
T2,2017,Mediterranean Maquis,Carmel,Nir Etzion,Near,NA,34.99424,32.7008,17333,Nir Etzion Near 3,3,0,0,0,0,0,0,0,1,3,0,0,1,0,0,0
T2,2017,Mediterranean Maquis,Carmel,Nir Etzion,Near,NA,34.99519,32.70024,17333,Nir Etzion Near 5,1,0,0,0,0,0,0,0,1,0,0,0,1,0,3,0
T2,2017,Mediterranean Maquis,Carmel,Nir Etzion,Near,NA,34.99636,32.69998,17333,Nir Etzion Near 6,0,0,0,0,0,0,0,0,0,0,0,0,0,0,5,0
T2,2017,Mediterranean Maquis,Carmel,Nir Etzion,Near,NA,34.9972,32.69961,17333,Nir Etzion Near 8,9,0,0,0,0,0,0,0,1,0,0,0,0,0,8,0
T2,2017,Mediterranean Maquis,Carmel,Nir Etzion,Near,NA,34.9976,32.69948,17333,Nir Etzion Near 9,0,0,0,0,0,0,0,0,2,0,0,0,0,0,0,0
T2,2017,Mediterranean Maquis,Carmel,Ofer,Far,NA,34.9904,32.61497,17299,Ofer Far 1,0,0,0,0,0,0,0,0,0,3,0,0,0,0,3,4
T2,2017,Mediterranean Maquis,Carmel,Ofer,Far,NA,34.99153,32.61539,17299,Ofer Far 3,0,0,0,0,0,0,0,0,0,1,0,0,0,0,1,0
T2,2017,Mediterranean Maquis,Carmel,Ofer,Far,NA,34.9925,32.61554,17299,Ofer Far 4,0,0,0,0,0,0,0,0,0,1,0,0,0,0,1,1
T2,2017,Mediterranean Maquis,Carmel,Ofer,Far,NA,34.99287,32.61567,17299,Ofer Far 5,0,0,0,0,0,0,0,0,0,2,0,0,0,0,1,0
T2,2017,Mediterranean Maquis,Carmel,Ofer,Far,NA,34.99385,32.61548,17299,Ofer Far 7,0,0,0,0,0,0,0,1,0,14,0,0,0,0,0,1
T2,2017,Mediterranean Maquis,Carmel,Ofer,Near,NA,34.9825,32.61693,17299,Ofer Near 1,1,0,0,0,0,0,0,0,0,0,0,0,0,0,9,0
T2,2017,Mediterranean Maquis,Carmel,Ofer,Near,NA,34.98277,32.61699,17299,Ofer Near 2,5,0,0,0,0,0,0,0,0,0,0,0,0,0,18,0
T2,2017,Mediterranean Maquis,Carmel,Ofer,Near,NA,34.98334,32.61713,17299,Ofer Near 3,0,0,0,0,0,0,0,0,0,0,0,0,0,0,5,0
T2,2017,Mediterranean Maquis,Carmel,Ofer,Near,NA,34.9853,32.61723,17299,Ofer Near 5,3,0,0,0,0,0,0,0,0,1,0,0,0,0,1,1
T2,2017,Mediterranean Maquis,Carmel,Ofer,Near,NA,34.98543,32.6177,17299,Ofer Near 6,0,0,0,0,0,0,0,0,0,0,0,0,0,0,29,0
T2,2017,Mediterranean Maquis,Carmel,Ofer,Near,NA,34.98595,32.61812,17299,Ofer Near 7,18,0,0,0,0,0,0,0,0,1,0,0,0,0,80,1
T2,2017,Mediterranean Maquis,Carmel,Ofer,Near,NA,34.98629,32.61793,17299,Ofer Near 8,8,0,0,0,0,0,0,0,0,4,0,0,0,0,5,1
T2,2017,Mediterranean Maquis,Carmel,Ofer,Near,NA,34.98662,32.61819,17299,Ofer Near 9,2,0,0,0,0,0,0,0,0,4,0,0,0,0,21,0
T2,2017,Mediterranean Maquis,Carmel,Yagur,Far,NA,35.05341,32.75482,17406,Yagur Far 5,2,0,0,0,0,0,0,0,0,0,0,0,0,0,1,2
T2,2017,Mediterranean Maquis,Carmel,Yagur,Far,NA,35.05366,32.75572,17406,Yagur Far 2,0,0,0,0,0,0,0,0,0,0,0,0,0,0,1,1
T2,2017,Mediterranean Maquis,Carmel,Yagur,Far,NA,35.05408,32.75573,17406,Yagur Far 1,1,0,0,0,0,0,0,0,0,0,0,0,0,0,1,1
T2,2017,Mediterranean Maquis,Carmel,Yagur,Far,NA,35.05454,32.75452,17406,Yagur Far 7,0,0,0,0,0,0,0,0,0,0,0,1,0,0,1,0
T2,2017,Mediterranean Maquis,Carmel,Yagur,Far,NA,35.05488,32.7542,17406,Yagur Far 8,0,0,0,0,0,0,0,0,0,0,0,0,0,0,1,0
T2,2017,Mediterranean Maquis,Carmel,Yagur,Far,NA,35.05563,32.75388,17406,Yagur Far 9,6,0,0,0,0,0,0,0,0,2,0,0,0,0,0,9
T2,2017,Mediterranean Maquis,Carmel,Yagur,Near,NA,35.07451,32.7387,17406,Yagur Near 7,0,0,0,0,0,0,0,0,0,0,0,0,0,0,5,0
T2,2017,Mediterranean Maquis,Carmel,Yagur,Near,NA,35.07487,32.73893,17406,Yagur Near 1,0,0,0,0,0,0,0,0,0,0,0,0,0,0,5,8
T2,2017,Mediterranean Maquis,Carmel,Yagur,Near,NA,35.07557,32.73882,17406,Yagur Near 2,0,0,0,0,0,0,0,0,0,0,0,0,0,0,0,2
T2,2017,Mediterranean Maquis,Carmel,Yagur,Near,NA,35.07627,32.7389,17406,Yagur Near 3,0,0,0,0,0,0,0,0,4,0,0,0,0,0,10,0
T2,2017,Mediterranean Maquis,Carmel,Yagur,Near,NA,35.0769,32.73831,17406,Yagur Near 4,1,0,0,0,0,0,0,0,2,0,0,0,0,0,0,1
T2,2017,Mediterranean Maquis,Carmel,Yagur,Near,NA,35.07715,32.73736,17406,Yagur Near 6,0,0,0,0,0,0,0,0,0,0,0,0,0,0,1,0
T2,2017,Mediterranean Maquis,Carmel,Yagur,Near,NA,35.0789,32.73779,17406,Yagur Near 8,0,0,0,0,0,0,0,0,0,0,0,0,15,0,3,0
T2,2017,Mediterranean Maquis,Galilee,Ein Yaakov,Far,NA,35.22711,33.00361,17459,Ein Yaakov Far 1,41,0,0,0,0,0,0,0,0,0,0,0,0,0,40,0
T2,2017,Mediterranean Maquis,Galilee,Ein Yaakov,Far,NA,35.22754,33.00326,17459,Ein Yaakov Far 2,15,0,0,0,0,0,0,0,0,0,0,0,0,0,20,0
T2,2017,Mediterranean Maquis,Galilee,Ein Yaakov,Far,NA,35.2279,33.00306,17459,Ein Yaakov Far 3,21,0,0,0,0,0,0,0,0,0,0,0,0,0,15,0
T2,2017,Mediterranean Maquis,Galilee,Ein Yaakov,Far,NA,35.2283,33.00272,17459,Ein Yaakov Far 4,23,0,0,0,0,0,0,0,0,0,0,0,0,0,13,1
T2,2017,Mediterranean Maquis,Galilee,Ein Yaakov,Far,NA,35.22908,33.00268,17459,Ein Yaakov Far 5,0,0,0,0,0,0,0,0,0,0,0,0,0,0,1,0
T2,2017,Mediterranean Maquis,Galilee,Ein Yaakov,Far,NA,35.2302,33.00263,17459,Ein Yaakov Far 7,1,0,0,0,0,0,0,0,0,1,0,0,0,0,2,0
T2,2017,Mediterranean Maquis,Galilee,Ein Yaakov,Far,NA,35.23071,33.00275,17459,Ein Yaakov Far 8,0,0,0,0,0,0,0,0,0,0,0,0,0,0,25,1
T2,2017,Mediterranean Maquis,Galilee,Ein Yaakov,Far,NA,35.2313,33.00284,17459,Ein Yaakov Far 9,0,0,0,0,0,0,0,0,0,0,0,0,0,0,7,0
T2,2017,Mediterranean Maquis,Galilee,Ein Yaakov,Near,NA,35.226,33.00551,17459,Ein Yaakov Near 2,29,0,0,0,0,0,0,0,0,0,0,0,0,0,14,0
T2,2017,Mediterranean Maquis,Galilee,Ein Yaakov,Near,NA,35.22615,33.00562,17459,Ein Yaakov Near 3,14,0,0,0,0,0,0,0,0,0,0,0,0,0,13,0
T2,2017,Mediterranean Maquis,Galilee,Ein Yaakov,Near,NA,35.22655,33.00564,17459,Ein Yaakov Near 4,0,0,0,0,0,0,0,0,0,0,0,0,0,0,4,0
T2,2017,Mediterranean Maquis,Galilee,Ein Yaakov,Near,NA,35.22716,33.00568,17459,Ein Yaakov Near 5,9,0,0,0,0,0,0,0,0,0,0,0,0,0,5,0
T2,2017,Mediterranean Maquis,Galilee,Ein Yaakov,Near,NA,35.22754,33.00326,17459,Ein Yaakov Near 1,27,0,0,0,0,0,0,0,0,0,0,0,0,0,33,0
T2,2017,Mediterranean Maquis,Galilee,Ein Yaakov,Near,NA,35.22792,33.0058,17459,Ein Yaakov Near 7,3,0,0,0,0,0,0,0,0,0,0,0,0,0,2,1
T2,2017,Mediterranean Maquis,Galilee,Ein Yaakov,Near,NA,35.22834,33.00571,17459,Ein Yaakov Near 8,2,0,0,0,0,0,0,0,0,2,0,0,0,0,12,0
T2,2017,Mediterranean Maquis,Galilee,Ein Yaakov,Near,NA,35.22903,33.0058,17459,Ein Yaakov Near 9,1,0,0,0,0,0,0,0,0,7,0,0,0,0,15,0
T2,2017,Mediterranean Maquis,Galilee,Goren,Far,NA,35.23134,33.05531,17459,Goren Far 4,2,0,0,0,0,0,0,0,0,5,0,0,0,0,2,1
T2,2017,Mediterranean Maquis,Galilee,Goren,Far,NA,35.23149,33.05409,17459,Goren Far 1,15,0,0,6,0,0,0,0,0,0,0,0,0,0,4,0
T2,2017,Mediterranean Maquis,Galilee,Goren,Far,NA,35.25433,33.04794,17459,Goren Far 2,0,0,0,0,0,0,0,0,0,3,0,0,0,0,4,0
T2,2017,Mediterranean Maquis,Galilee,Goren,Far,NA,35.2546,33.05289,17459,Goren Far 8,0,0,0,0,0,0,0,0,0,0,0,0,0,0,5,0
T2,2017,Mediterranean Maquis,Galilee,Goren,Far,NA,35.25492,33.05185,17459,Goren Far 7,0,0,0,0,0,0,0,0,0,2,0,0,0,0,1,0
T2,2017,Mediterranean Maquis,Galilee,Goren,Far,NA,35.25518,33.04858,17459,Goren Far 3,0,0,0,0,0,0,0,0,0,7,0,0,0,0,15,0
T2,2017,Mediterranean Maquis,Galilee,Goren,Far,NA,35.25536,33.05049,17459,Goren Far 6,1,0,0,0,0,0,0,0,0,0,0,0,0,0,3,0
T2,2017,Mediterranean Maquis,Galilee,Goren,Far,NA,35.25561,33.05451,17459,Goren Far 9,0,0,0,2,0,0,0,0,0,0,0,0,0,0,12,0
T2,2017,Mediterranean Maquis,Galilee,Goren,Near,NA,35.22944,33.05612,17459,Goren Near 1,1,0,0,0,0,0,0,0,0,0,0,0,0,0,0,0
T2,2017,Mediterranean Maquis,Galilee,Goren,Near,NA,35.23105,33.05449,17459,Goren Near 2,47,1,0,3,0,0,0,0,0,1,0,0,0,0,21,0
T2,2017,Mediterranean Maquis,Galilee,Goren,Near,NA,35.23105,33.05449,17459,Goren Near 4,0,1,0,0,0,0,0,0,0,0,0,0,0,0,0,0
T2,2017,Mediterranean Maquis,Galilee,Goren,Near,NA,35.23105,33.05449,17459,Goren Near 5,14,0,0,3,0,0,0,0,0,0,0,0,0,0,12,0
T2,2017,Mediterranean Maquis,Galilee,Goren,Near,NA,35.23105,33.05449,17459,Goren Near 6,5,0,0,0,0,0,0,0,0,0,0,0,0,0,4,0
T2,2017,Mediterranean Maquis,Galilee,Goren,Near,NA,35.23114,33.05593,17459,Goren Near 3,59,0,0,11,0,0,0,0,0,15,0,0,1,0,9,0
T2,2017,Mediterranean Maquis,Galilee,Goren,Near,NA,35.23153,33.05264,17459,Goren Near 9,17,0,0,0,0,0,0,0,0,1,0,0,0,0,8,0
T2,2017,Mediterranean Maquis,Galilee,Goren,Near,NA,35.23157,33.05364,17459,Goren Near 7,46,0,0,3,0,0,0,0,0,1,0,0,0,0,26,1
T2,2017,Mediterranean Maquis,Galilee,Goren,Near,NA,35.23207,33.05306,17459,Goren Near 8,5,0,0,0,0,0,0,0,0,0,0,0,0,0,3,0
T2,2017,Mediterranean Maquis,Galilee,Iftach,Far,NA,35.55666,33.1243,17474,Iftach Far 2,0,0,0,0,0,0,0,0,0,3,0,0,0,0,0,1
T2,2017,Mediterranean Maquis,Galilee,Iftach,Far,NA,35.55673,33.12481,17474,Iftach Far 1,14,5,0,0,0,0,0,1,1,8,0,0,0,0,106,6
T2,2017,Mediterranean Maquis,Galilee,Iftach,Far,NA,35.55754,33.12418,17474,Iftach Far 4,0,0,0,0,0,0,0,1,0,1,0,0,1,0,4,1
T2,2017,Mediterranean Maquis,Galilee,Iftach,Far,NA,35.55769,33.12443,17474,Iftach Far 3,2,0,0,0,0,0,0,0,2,0,0,0,0,0,2,0
T2,2017,Mediterranean Maquis,Galilee,Iftach,Far,NA,35.5579,33.12307,17474,Iftach Far 9,0,1,0,0,0,0,0,1,1,0,0,0,0,0,6,0
T2,2017,Mediterranean Maquis,Galilee,Iftach,Far,NA,35.55812,33.12432,17474,Iftach Far 6,1,0,0,0,0,0,0,0,1,0,0,0,1,0,43,1
T2,2017,Mediterranean Maquis,Galilee,Iftach,Far,NA,35.55813,33.12336,17474,Iftach Far 8,3,2,0,0,0,0,0,1,0,3,0,0,0,0,5,0
T2,2017,Mediterranean Maquis,Galilee,Iftach,Far,NA,35.55814,33.12472,17474,Iftach Far 5,0,0,0,0,0,0,0,7,1,2,0,0,0,0,48,0
T2,2017,Mediterranean Maquis,Galilee,Iftach,Far,NA,35.55818,33.1239,17474,Iftach Far 7,0,0,0,0,0,0,0,1,0,4,0,0,0,0,15,0
T2,2017,Mediterranean Maquis,Galilee,Iftach,Near,NA,35.5544,33.13142,17474,Iftach Near 1,17,0,0,0,0,0,0,0,0,0,0,0,0,0,4,2
T2,2017,Mediterranean Maquis,Galilee,Iftach,Near,NA,35.55502,33.1309,17474,Iftach Near 3,5,0,0,0,0,0,0,0,0,1,0,0,0,0,0,0
T2,2017,Mediterranean Maquis,Galilee,Iftach,Near,NA,35.55523,33.13017,17474,Iftach Near 4,6,0,0,0,0,0,0,0,0,0,0,0,0,0,0,0
T2,2017,Mediterranean Maquis,Galilee,Iftach,Near,NA,35.55553,33.12958,17474,Iftach Near 5,1,0,0,0,0,0,0,0,0,1,0,0,0,0,11,1
T2,2017,Mediterranean Maquis,Galilee,Iftach,Near,NA,35.5556,33.12901,17474,Iftach Near 6,0,0,0,0,0,0,0,0,0,2,0,0,0,0,2,0
T2,2017,Mediterranean Maquis,Galilee,Iftach,Near,NA,35.55566,33.12833,17474,Iftach Near 7,2,0,0,0,0,0,0,0,0,0,0,0,0,0,2,1
T2,2017,Mediterranean Maquis,Galilee,Kfar Shamai,Far,NA,35.45853,32.96382,17437,Kfar Shamai Far 6,0,0,0,0,0,0,0,0,0,1,0,0,0,0,0,0
T2,2017,Mediterranean Maquis,Galilee,Kfar Shamai,Far,NA,35.4586,32.96372,17437,Kfar Shamai Far 8,1,0,0,0,0,0,0,0,0,1,0,0,0,0,0,0
T2,2017,Mediterranean Maquis,Galilee,Kfar Shamai,Far,NA,35.45882,32.96422,17437,Kfar Shamai Far 5,0,0,0,0,0,0,0,0,0,1,0,0,0,0,6,0
T2,2017,Mediterranean Maquis,Galilee,Kfar Shamai,Far,NA,35.45891,32.96518,17437,Kfar Shamai Far 4,1,0,0,0,0,0,0,0,0,2,0,0,0,0,2,0
T2,2017,Mediterranean Maquis,Galilee,Kfar Shamai,Far,NA,35.45915,32.96587,17437,Kfar Shamai Far 3,7,0,0,0,0,0,0,0,0,0,0,0,0,0,4,0
T2,2017,Mediterranean Maquis,Galilee,Kfar Shamai,Far,NA,35.45975,32.96627,17437,Kfar Shamai Far 2,0,0,0,0,0,0,0,0,0,2,0,0,0,0,9,0
T2,2017,Mediterranean Maquis,Galilee,Kfar Shamai,Far,NA,35.45995,32.96618,17437,Kfar Shamai Far 1,0,0,0,0,0,0,0,0,0,2,0,0,0,0,3,0
T2,2017,Mediterranean Maquis,Galilee,Kfar Shamai,Far,NA,35.46807,32.9669,17437,Kfar Shamai Far 9,9,0,0,0,0,0,0,0,0,0,0,0,0,0,0,0
T2,2017,Mediterranean Maquis,Galilee,Kfar Shamai,Far,NA,35.46921,32.96712,17437,Kfar Shamai Far 7,28,0,0,0,0,0,0,0,0,6,0,0,0,0,16,0
T2,2017,Mediterranean Maquis,Galilee,Kfar Shamai,Near,NA,35.45853,32.96382,17437,Kfar Shamai Near 6,3,0,0,0,0,0,0,0,0,7,0,0,0,0,4,0
T2,2017,Mediterranean Maquis,Galilee,Kfar Shamai,Near,NA,35.4586,32.96372,17437,Kfar Shamai Near 7,1,0,0,0,0,0,0,0,0,6,0,0,0,0,14,1
T2,2017,Mediterranean Maquis,Galilee,Kfar Shamai,Near,NA,35.45882,32.96422,17437,Kfar Shamai Near 5,9,0,0,0,0,0,0,0,0,4,0,1,0,0,5,1
T2,2017,Mediterranean Maquis,Galilee,Kfar Shamai,Near,NA,35.45905,32.96201,17437,Kfar Shamai Near 9,41,0,0,0,0,0,0,0,0,22,0,0,0,0,60,1
T2,2017,Mediterranean Maquis,Galilee,Kfar Shamai,Near,NA,35.45915,32.96587,17437,Kfar Shamai Near 3,1,0,0,0,0,0,0,0,0,2,0,0,0,0,11,1
T2,2017,Mediterranean Maquis,Galilee,Kfar Shamai,Near,NA,35.45975,32.96627,17437,Kfar Shamai Near 2,0,0,0,0,0,0,0,0,0,1,0,0,0,0,4,0
T2,2017,Mediterranean Maquis,Galilee,Kfar Shamai,Near,NA,35.45995,32.96618,17437,Kfar Shamai Near 1,9,0,0,0,0,0,0,0,0,8,0,0,0,0,10,4
T2,2017,Mediterranean Maquis,Galilee,Margaliot,Far,NA,35.54328,33.20583,17474,Margaliot Far 9,0,0,0,0,0,0,0,0,0,0,0,0,0,0,2,0
T2,2017,Mediterranean Maquis,Galilee,Margaliot,Far,NA,35.5434,33.20515,17474,Margaliot Far 8,5,0,0,0,0,0,0,0,0,0,0,0,1,0,5,0
T2,2017,Mediterranean Maquis,Galilee,Margaliot,Far,NA,35.54393,33.20407,17474,Margaliot Far 3,1,0,0,0,0,0,0,0,0,4,0,0,1,0,1,0
T2,2017,Mediterranean Maquis,Galilee,Margaliot,Far,NA,35.54395,33.20402,17474,Margaliot Far 2,2,0,0,0,0,0,0,0,0,13,0,0,1,0,1,0
T2,2017,Mediterranean Maquis,Galilee,Margaliot,Far,NA,35.54407,33.20493,17474,Margaliot Far 7,0,0,0,0,0,0,0,0,0,0,0,1,0,0,2,0
T2,2017,Mediterranean Maquis,Galilee,Margaliot,Far,NA,35.5442,33.20427,17474,Margaliot Far 5,6,0,0,0,0,0,0,0,0,17,0,0,0,0,36,0
T2,2017,Mediterranean Maquis,Galilee,Margaliot,Far,NA,35.54428,33.20454,17474,Margaliot Far 6,5,0,0,0,0,0,0,0,0,9,0,3,0,0,20,0
T2,2017,Mediterranean Maquis,Galilee,Margaliot,Far,NA,35.54441,33.20412,17474,Margaliot Far 4,2,0,0,0,0,0,0,0,0,5,0,0,0,0,13,0
T2,2017,Mediterranean Maquis,Galilee,Margaliot,Far,NA,35.5445,33.20345,17474,Margaliot Far 1,7,0,0,0,0,0,0,0,0,14,0,0,0,0,3,0
T2,2017,Mediterranean Maquis,Galilee,Margaliot,Near,NA,35.54079,33.21268,17474,Margaliot Near 8,2,0,0,0,0,0,0,0,0,8,0,0,0,0,2,0
T2,2017,Mediterranean Maquis,Galilee,Margaliot,Near,NA,35.54083,33.21522,17474,Margaliot Near 2,2,0,0,0,0,0,0,0,0,0,0,0,0,0,38,0
T2,2017,Mediterranean Maquis,Galilee,Margaliot,Near,NA,35.54105,33.21188,17474,Margaliot Near 9,3,0,0,0,0,0,0,0,0,1,0,0,0,0,1,0
T2,2017,Mediterranean Maquis,Galilee,Margaliot,Near,NA,35.54123,33.21294,17474,Margaliot Near 6,17,0,0,0,0,0,0,0,0,17,0,0,1,0,41,0
T2,2017,Mediterranean Maquis,Galilee,Margaliot,Near,NA,35.54124,33.21266,17474,Margaliot Near 7,2,0,0,0,0,0,0,0,0,0,0,0,0,0,1,0
T2,2017,Mediterranean Maquis,Galilee,Margaliot,Near,NA,35.54133,33.21505,17474,Margaliot Near 3,12,0,0,0,0,0,0,0,0,0,0,0,0,0,1,0
T2,2017,Mediterranean Maquis,Galilee,Margaliot,Near,NA,35.54188,33.21406,17474,Margaliot Near 5,0,0,0,0,0,0,0,0,0,0,0,0,0,0,3,0
T2,2017,Mediterranean Maquis,Judea,Aderet,Far,NA,34.98054,31.66522,17442,Aderet Far 5,0,0,0,0,0,0,0,9,1,5,0,0,0,0,0,0
T2,2017,Mediterranean Maquis,Judea,Aderet,Far,NA,34.98057,31.66456,17442,Aderet Far 6,1,0,0,0,0,0,0,0,0,4,0,0,0,0,0,2
T2,2017,Mediterranean Maquis,Judea,Aderet,Far,NA,34.98074,31.66564,17442,Aderet Far 2,0,0,0,0,0,0,0,3,2,0,0,0,0,0,0,0
T2,2017,Mediterranean Maquis,Judea,Aderet,Far,NA,34.9808,31.66417,17442,Aderet Far 7,0,0,0,0,0,0,0,3,0,0,0,0,0,0,0,2
T2,2017,Mediterranean Maquis,Judea,Aderet,Far,NA,34.98114,31.66365,17442,Aderet Far 8,0,0,0,0,0,0,0,0,0,0,0,0,0,0,0,4
T2,2017,Mediterranean Maquis,Judea,Aderet,Far,NA,34.98132,31.66616,17442,Aderet Far 3,0,0,0,0,0,0,0,0,0,8,0,0,0,0,0,4
T2,2017,Mediterranean Maquis,Judea,Aderet,Far,NA,34.9819,31.66299,17442,Aderet Far 9,0,0,0,0,0,0,0,0,0,2,0,0,0,0,0,0
T2,2017,Mediterranean Maquis,Judea,Aderet,Far,NA,34.98303,31.66637,17442,Aderet Far 1,0,0,0,0,0,0,0,0,0,1,0,0,0,0,0,0
T2,2017,Mediterranean Maquis,Judea,Aderet,Near,NA,34.9883,31.66151,17442,Aderet Near 1,3,0,0,0,0,0,0,6,0,16,0,0,0,0,0,2
T2,2017,Mediterranean Maquis,Judea,Aderet,Near,NA,34.98879,31.66192,17442,Aderet Near 9,1,0,0,0,0,0,0,2,4,0,0,0,0,0,0,1
T2,2017,Mediterranean Maquis,Judea,Aderet,Near,NA,34.98945,31.6627,17442,Aderet Near 8,1,0,0,0,0,0,0,3,3,1,0,0,0,0,0,0
T2,2017,Mediterranean Maquis,Judea,Aderet,Near,NA,34.98969,31.66321,17442,Aderet Near 7,2,0,0,0,0,0,0,0,0,9,0,0,1,0,0,4
T2,2017,Mediterranean Maquis,Judea,Givat Yearim,Far,NA,35.0898,31.7755,17376,Givat Yearim Far 1,3,0,0,0,0,0,0,0,0,0,0,0,0,0,0,0
T2,2017,Mediterranean Maquis,Judea,Givat Yearim,Far,NA,35.09097,31.77499,17376,Givat Yearim Far 9,3,0,0,0,0,0,0,0,0,0,0,0,0,0,0,0
T2,2017,Mediterranean Maquis,Judea,Givat Yearim,Far,NA,35.09296,31.77377,17376,Givat Yearim Far 7,0,0,0,0,0,0,0,1,0,0,0,0,0,0,0,0
T2,2017,Mediterranean Maquis,Judea,Givat Yearim,Far,NA,35.0932,31.7749,17376,Givat Yearim Far 3,13,0,0,0,0,0,0,0,0,0,0,0,0,0,0,0
T2,2017,Mediterranean Maquis,Judea,Givat Yearim,Near,NA,35.0931,31.7868,17376,Givat Yearim Near 2,2,0,0,0,0,0,0,0,0,0,0,0,0,0,0,0
T2,2017,Mediterranean Maquis,Judea,Givat Yearim,Near,NA,35.09384,31.78672,17376,Givat Yearim Near 1,1,0,0,0,0,0,0,0,0,0,0,0,0,0,0,0
T2,2017,Mediterranean Maquis,Judea,Givat Yearim,Near,NA,35.094,31.7867,17376,Givat Yearim Near 9,77,0,0,0,0,0,0,0,1,1,0,0,0,0,0,0
T2,2017,Mediterranean Maquis,Judea,Givat Yearim,Near,NA,35.0945,31.7866,17376,Givat Yearim Near 5,26,0,0,0,0,0,0,0,1,7,0,0,2,0,0,0
T2,2017,Mediterranean Maquis,Judea,Givat Yearim,Near,NA,35.0952,31.7864,17376,Givat Yearim Near 3,15,0,0,0,0,0,0,0,0,1,0,0,0,0,0,0
T2,2017,Mediterranean Maquis,Judea,Givat Yearim,Near,NA,35.09587,31.78624,17376,Givat Yearim Near 6,13,0,0,0,0,0,0,0,0,0,0,0,1,0,0,0
T2,2017,Mediterranean Maquis,Judea,Givat Yearim,Near,NA,35.0965,31.786,17376,Givat Yearim Near 7,12,0,0,0,0,0,0,0,2,3,0,0,0,0,1,0
T2,2017,Mediterranean Maquis,Judea,Givat Yeshayahu,Far,NA,34.955,31.66229,17402,Givat Yeshayahu Far 7,0,0,0,0,0,0,0,0,0,1,0,0,0,0,0,0
T2,2017,Mediterranean Maquis,Judea,Givat Yeshayahu,Far,NA,34.95616,31.66175,17402,Givat Yeshayahu Far 5,0,0,0,0,0,0,0,1,0,3,0,0,0,0,0,0
T2,2017,Mediterranean Maquis,Judea,Givat Yeshayahu,Far,NA,34.95651,31.6613,17402,Givat Yeshayahu Far 4,2,0,0,0,0,0,0,12,0,3,0,0,0,0,0,5
T2,2017,Mediterranean Maquis,Judea,Givat Yeshayahu,Far,NA,34.95694,31.66066,17402,Givat Yeshayahu Far 3,1,0,0,0,0,0,0,0,1,2,0,0,0,0,0,1
T2,2017,Mediterranean Maquis,Judea,Givat Yeshayahu,Far,NA,34.95758,31.66083,17402,Givat Yeshayahu Far 2,0,0,0,0,0,0,0,1,0,3,0,0,0,0,0,4
T2,2017,Mediterranean Maquis,Judea,Givat Yeshayahu,Far,NA,34.9583,31.66059,17402,Givat Yeshayahu Far 1,0,0,0,0,0,0,0,0,0,1,0,0,0,0,0,1
T2,2017,Mediterranean Maquis,Judea,Givat Yeshayahu,Far,NA,34.95896,31.66029,17402,Givat Yeshayahu Far 9,2,0,0,0,0,0,0,0,0,0,0,0,0,0,0,7
T2,2017,Mediterranean Maquis,Judea,Givat Yeshayahu,Near,NA,34.951,31.67254,17402,Givat Yeshayahu Near 1,3,0,0,0,0,0,0,0,0,15,0,0,0,0,0,1
T2,2017,Mediterranean Maquis,Judea,Givat Yeshayahu,Near,NA,34.95222,31.67171,17402,Givat Yeshayahu Near 5,1,0,0,0,0,0,0,0,0,13,0,0,0,0,0,4
T2,2017,Mediterranean Maquis,Judea,Givat Yeshayahu,Near,NA,34.95361,31.67098,17402,Givat Yeshayahu Near 7,0,0,0,0,0,0,0,0,0,30,0,0,0,0,0,16
T2,2017,Mediterranean Maquis,Judea,Kisalon,Far,NA,35.03883,31.76825,17338,Kisalon Far 4,0,0,0,0,0,0,0,1,0,0,0,0,0,0,0,0
T2,2017,Mediterranean Maquis,Judea,Kisalon,Far,NA,35.03913,31.76824,17338,Kisalon Far 3,0,0,0,0,0,0,0,0,0,2,0,0,0,0,0,0
T2,2017,Mediterranean Maquis,Judea,Kisalon,Near,NA,35.05093,31.77494,17338,Kisalon Near 1,8,0,0,0,0,0,0,0,0,3,0,0,0,0,0,0
T2,2017,Mediterranean Maquis,Judea,Kisalon,Near,NA,35.05238,31.77443,17338,Kisalon Near 9,356,0,0,0,0,0,0,0,5,11,0,0,0,0,0,1
T2,2017,Mediterranean Maquis,Judea,Kisalon,Near,NA,35.05252,31.77468,17338,Kisalon Near 4,29,0,0,0,0,0,0,0,5,1,0,0,0,0,0,0
T2,2017,Mediterranean Maquis,Judea,Kisalon,Near,NA,35.05268,31.7744,17338,Kisalon Near 5,37,0,0,0,0,0,0,0,2,15,0,0,0,0,0,0
T2,2017,Mediterranean Maquis,Judea,Kisalon,Near,NA,35.05447,31.77464,17338,Kisalon Near 8,17,0,0,0,0,0,0,0,2,0,0,0,0,0,0,5
T2,2017,Mediterranean Maquis,Judea,Nehusha,Far,NA,34.9449,31.6388,17414,Nehusha Far 1,7,0,0,0,0,0,0,3,0,5,0,0,0,0,0,4
T2,2017,Mediterranean Maquis,Judea,Nehusha,Far,NA,34.9452,31.6382,17414,Nehusha Far 2,0,0,0,0,0,0,0,0,0,0,0,0,0,0,0,2
T2,2017,Mediterranean Maquis,Judea,Nehusha,Far,NA,34.9461,31.6369,17414,Nehusha Far 5,1,0,0,0,0,0,0,0,0,0,0,0,0,0,0,0
T2,2017,Mediterranean Maquis,Judea,Nehusha,Far,NA,34.9462,31.6375,17414,Nehusha Far 6,1,0,0,0,0,0,0,0,0,1,0,0,0,0,0,0
T2,2017,Mediterranean Maquis,Judea,Nehusha,Far,NA,34.94687,31.63762,17414,Nehusha Far 7,0,0,0,0,0,0,0,1,0,6,0,0,0,0,0,1
T2,2017,Mediterranean Maquis,Judea,Nehusha,Far,NA,34.9479,31.6375,17414,Nehusha Far 8,0,0,0,0,0,0,0,0,0,0,0,0,0,0,0,2
T2,2017,Mediterranean Maquis,Judea,Nehusha,Near,NA,34.95151,31.63589,17414,Nehusha Near 1,0,0,0,0,0,0,0,0,0,6,0,0,1,0,0,1
T2,2017,Mediterranean Maquis,Judea,Nehusha,Near,NA,34.95236,31.63576,17414,Nehusha Near 4,5,0,0,0,0,0,0,0,0,11,0,0,2,0,0,4
T2,2017,Mediterranean Maquis,Judea,Nehusha,Near,NA,34.95385,31.63519,17414,Nehusha Near 7,17,0,0,0,0,0,0,1,0,6,0,0,0,0,1,1
T2,2017,Mediterranean Maquis,Judea,Nehusha,Near,NA,34.95403,31.63488,17414,Nehusha Near 8,1,0,0,0,0,0,0,0,0,7,0,0,1,0,0,1
T2,2017,Mediterranean Maquis,Judea,Nehusha,Near,NA,34.95439,31.63453,17414,Nehusha Near 9,8,0,0,0,0,0,0,2,0,12,0,0,6,0,2,0
T2,2017,Planted Conifer Forests,Carmel,Bat Shlomo,Far,NA,35.00779,32.58815,17488,Bat Shlomo Far 1,0,0,0,0,0,0,0,0,0,2,0,0,0,0,0,2
T2,2017,Planted Conifer Forests,Carmel,Bat Shlomo,Far,NA,35.0081,32.58819,17488,Bat Shlomo Far 2,1,0,0,0,0,0,0,0,0,7,0,0,0,0,3,1
T2,2017,Planted Conifer Forests,Carmel,Bat Shlomo,Far,NA,35.00889,32.58876,17488,Bat Shlomo Far 3,0,0,0,0,0,0,0,0,0,1,0,0,0,0,0,0
T2,2017,Planted Conifer Forests,Carmel,Bat Shlomo,Far,NA,35.00919,32.58886,17488,Bat Shlomo Far 4,0,0,0,0,0,0,0,0,0,3,0,0,1,0,0,2
T2,2017,Planted Conifer Forests,Carmel,Bat Shlomo,Far,NA,35.01002,32.58891,17488,Bat Shlomo Far 5,0,0,0,0,0,0,0,5,0,9,0,0,0,0,4,0
T2,2017,Planted Conifer Forests,Carmel,Bat Shlomo,Far,NA,35.01007,32.58869,17488,Bat Shlomo Far 6,0,0,0,0,0,0,0,0,0,0,0,0,0,0,3,1
T2,2017,Planted Conifer Forests,Carmel,Bat Shlomo,Far,NA,35.01053,32.58872,17488,Bat Shlomo Far 7,0,0,0,0,0,0,0,3,0,0,0,0,4,0,1,0
T2,2017,Planted Conifer Forests,Carmel,Bat Shlomo,Far,NA,35.01101,32.58844,17488,Bat Shlomo Far 8,0,0,0,0,0,0,0,0,0,3,0,0,0,0,7,2
T2,2017,Planted Conifer Forests,Carmel,Bat Shlomo,Far,NA,35.01123,32.58833,17488,Bat Shlomo Far 9,1,0,0,0,0,0,0,0,0,5,0,0,1,0,0,1
T2,2017,Planted Conifer Forests,Carmel,Elyakim,Far,NA,35.05695,32.66609,17477,Elyakim Far 9,0,0,0,0,0,0,0,0,0,0,0,0,0,0,2,0
T2,2017,Planted Conifer Forests,Carmel,Elyakim,Far,NA,35.05704,32.66585,17477,Elyakim Far 8,0,0,0,0,0,0,0,0,0,2,0,0,0,0,0,11
T2,2017,Planted Conifer Forests,Carmel,Elyakim,Far,NA,35.05747,32.66593,17477,Elyakim Far 7,0,0,0,0,0,0,0,0,0,1,0,0,0,0,3,1
T2,2017,Planted Conifer Forests,Carmel,Elyakim,Far,NA,35.05927,32.66595,17477,Elyakim Far 3,0,0,0,0,0,0,0,0,0,1,0,0,0,0,11,3
T2,2017,Planted Conifer Forests,Carmel,Elyakim,Far,NA,35.05944,32.66623,17477,Elyakim Far 2,0,0,0,0,0,0,0,0,0,4,0,0,0,0,3,2
T2,2017,Planted Conifer Forests,Carmel,Kerem Maharal,Far,NA,34.97813,32.6569,17477,Kerem Maharal Far 9,0,0,0,0,0,0,0,0,0,0,0,0,0,0,1,0
T2,2017,Planted Conifer Forests,Carmel,Kerem Maharal,Far,NA,34.9793,32.65635,17477,Kerem Maharal Far 8,0,0,0,0,0,0,0,0,0,0,0,0,0,0,1,0
T2,2017,Planted Conifer Forests,Carmel,Kerem Maharal,Far,NA,34.97974,32.65682,17477,Kerem Maharal Far 7,0,0,0,0,0,0,0,0,0,0,0,0,0,0,4,1
T2,2017,Planted Conifer Forests,Carmel,Kerem Maharal,Far,NA,34.9798,32.65743,17477,Kerem Maharal Far 6,0,0,0,0,0,0,0,0,0,0,0,0,0,0,1,0
T2,2017,Planted Conifer Forests,Carmel,Kerem Maharal,Far,NA,34.98008,32.65807,17477,Kerem Maharal Far 5,0,0,0,0,0,0,0,0,0,2,0,0,0,0,13,0
T2,2017,Planted Conifer Forests,Carmel,Kerem Maharal,Far,NA,34.98117,32.6589,17477,Kerem Maharal Far 3,0,0,0,0,0,0,0,0,0,0,0,0,0,0,6,0
T2,2017,Planted Conifer Forests,Carmel,Kerem Maharal,Far,NA,34.98162,32.6595,17477,Kerem Maharal Far 2,0,0,0,0,0,0,0,2,0,0,0,0,0,0,5,0
T2,2017,Planted Conifer Forests,Carmel,Kerem Maharal,Far,NA,34.98194,32.65957,17477,Kerem Maharal Far 1,0,0,0,0,0,0,0,1,0,1,0,0,0,0,2,0
T2,2017,Planted Conifer Forests,Carmel,Ofer,Far,NA,34.96657,32.61319,17477,Ofer Far 9,0,0,0,0,0,0,0,0,0,0,0,0,0,0,11,0
T2,2017,Planted Conifer Forests,Carmel,Ofer,Far,NA,34.96693,32.61105,17477,Ofer Far 8,18,0,0,0,0,0,0,0,1,2,0,0,0,0,11,2
T2,2017,Planted Conifer Forests,Carmel,Ofer,Far,NA,34.96976,32.61109,17477,Ofer Far 6,0,0,0,0,0,0,0,0,0,0,0,0,0,0,2,0
T2,2017,Planted Conifer Forests,Carmel,Ofer,Far,NA,34.9703,32.61285,17477,Ofer Far 2,5,0,0,0,0,0,0,3,0,2,3,0,0,0,11,4
T2,2017,Planted Conifer Forests,Carmel,Ofer,Far,NA,34.9705,32.61117,17477,Ofer Far 5,2,0,0,0,0,0,0,1,0,0,0,0,0,0,0,2
T2,2017,Planted Conifer Forests,Carmel,Ofer,Far,NA,34.97079,32.61218,17477,Ofer Far 3,0,0,0,0,0,0,0,0,0,0,0,0,0,0,9,1
T2,2017,Planted Conifer Forests,Carmel,Ofer,Far,NA,34.97133,32.61177,17477,Ofer Far 4,0,0,0,0,0,0,0,0,0,0,0,0,0,0,14,0
T2,2017,Planted Conifer Forests,Carmel,Ramat Hashofet,Far,NA,35.11165,32.61705,17488,Ramat Hashofet Far 1,1,0,0,0,0,0,0,0,0,2,0,0,0,0,0,0
T2,2017,Planted Conifer Forests,Carmel,Ramat Hashofet,Far,NA,35.11201,32.61729,17488,Ramat Hashofet Far 2,3,0,0,0,0,0,0,0,0,1,0,0,0,0,1,0
T2,2017,Planted Conifer Forests,Carmel,Ramat Hashofet,Far,NA,35.11271,32.6174,17488,Ramat Hashofet Far 3,5,0,0,0,0,0,0,0,0,1,0,0,0,0,9,0
T2,2017,Planted Conifer Forests,Carmel,Ramat Hashofet,Far,NA,35.11402,32.61511,17488,Ramat Hashofet Far 7,9,0,0,0,0,0,0,0,0,1,0,0,0,0,4,0
T2,2017,Planted Conifer Forests,Carmel,Ramat Hashofet,Far,NA,35.11412,32.61583,17488,Ramat Hashofet Far 6,3,0,0,0,0,0,0,0,0,0,0,0,0,0,1,0
T2,2017,Planted Conifer Forests,Carmel,Ramat Hashofet,Far,NA,35.11441,32.61484,17488,Ramat Hashofet Far 8,16,0,0,0,0,0,0,0,0,0,0,0,0,0,2,0
T2,2017,Planted Conifer Forests,Carmel,Ramat Hashofet,Far,NA,35.11505,32.61525,17488,Ramat Hashofet Far 9,13,0,0,0,0,0,0,0,0,0,0,0,0,0,2,0
T2,2017,Planted Conifer Forests,Galilee,Kabri,Far,NA,35.1637,33.0198,17522,Kabri Far 9,0,0,0,2,0,0,0,0,0,0,0,0,0,0,1,0
T2,2017,Planted Conifer Forests,Galilee,Kabri,Far,NA,35.16589,33.02096,17522,Kabri Far 4,0,0,0,1,0,0,0,1,0,0,0,0,0,0,0,0
T2,2017,Planted Conifer Forests,Galilee,Kabri,Far,NA,35.1669,33.021,17522,Kabri Far 2,1,0,0,3,0,0,0,0,0,0,0,0,0,0,2,0
T2,2017,Planted Conifer Forests,Galilee,Kabri,Far,NA,35.16758,33.02073,17522,Kabri Far 1,1,0,0,0,0,0,0,0,0,4,0,0,0,0,2,0
T2,2017,Planted Conifer Forests,Galilee,Manara,Far,NA,35.54966,33.17486,17508,Manara Far 8,1,0,0,0,0,0,0,0,0,1,0,0,0,0,15,3
T2,2017,Planted Conifer Forests,Galilee,Manara,Far,NA,35.55028,33.17384,17508,Manara Far 7,7,0,0,0,0,0,0,0,0,5,0,0,0,0,5,4
T2,2017,Planted Conifer Forests,Galilee,Manara,Far,NA,35.55035,33.17345,17508,Manara Far 6,4,0,0,0,0,0,0,0,0,2,0,0,0,0,20,8
T2,2017,Planted Conifer Forests,Galilee,Manara,Far,NA,35.55054,33.17133,17508,Manara Far 2,2,0,0,0,0,0,0,0,0,5,0,0,0,0,9,0
T2,2017,Planted Conifer Forests,Galilee,Manara,Far,NA,35.55073,33.17169,17508,Manara Far 3,0,4,0,0,0,0,0,0,0,0,0,0,0,0,7,2
T2,2017,Planted Conifer Forests,Galilee,Manara,Far,NA,35.55074,33.17169,17508,Manara Far 3,0,0,0,0,0,0,0,0,0,0,0,0,0,0,8,2
T2,2017,Planted Conifer Forests,Galilee,Manara,Far,NA,35.55154,33.17095,17508,Manara Far 1,2,0,0,0,0,0,0,0,0,0,0,0,0,0,0,0
T2,2017,Planted Conifer Forests,Galilee,Meron,Far,NA,35.46115,32.98682,17508,Meron Far 6,4,0,0,0,0,0,0,0,0,0,0,0,0,0,11,0
T2,2017,Planted Conifer Forests,Galilee,Meron,Far,NA,35.462,32.9858,17508,Meron Far 8,0,0,0,0,0,0,0,0,0,0,0,0,0,0,8,1
T2,2017,Planted Conifer Forests,Galilee,Meron,Far,NA,35.46216,32.98874,17508,Meron Far 3,0,0,0,0,0,0,0,1,0,0,0,0,0,0,4,1
T2,2017,Planted Conifer Forests,Galilee,Meron,Far,NA,35.46234,32.98974,17508,Meron Far 1,12,0,0,0,0,0,0,2,0,0,0,0,0,0,27,4
T2,2017,Planted Conifer Forests,Galilee,Ramot Naftali,Far,NA,35.11201,32.61729,17508,Ramot Naftali Far 2,4,0,0,0,0,0,0,0,0,0,0,0,0,0,0,0
T2,2017,Planted Conifer Forests,Galilee,Ramot Naftali,Far,NA,35.56086,33.09423,17508,Ramot Naftali Far 1,1,0,0,0,0,0,0,2,0,0,0,0,0,0,0,0
T2,2017,Planted Conifer Forests,Galilee,Ramot Naftali,Far,NA,35.56125,33.0967,17508,Ramot Naftali Far 9,1,0,0,0,0,0,0,2,0,0,0,0,0,0,1,0
T2,2017,Planted Conifer Forests,Galilee,Ramot Naftali,Far,NA,35.56132,33.09525,17508,Ramot Naftali Far 3,5,0,0,0,0,0,0,1,0,0,0,0,0,0,1,1
T2,2017,Planted Conifer Forests,Galilee,Ramot Naftali,Far,NA,35.56212,33.09756,17508,Ramot Naftali Far 8,2,0,0,0,0,0,0,0,0,0,0,0,0,0,7,0
T2,2017,Planted Conifer Forests,Galilee,Ramot Naftali,Far,NA,35.56221,33.09631,17508,Ramot Naftali Far 5,4,0,0,0,0,0,0,8,0,0,0,0,0,0,0,0
T2,2017,Planted Conifer Forests,Galilee,Ramot Naftali,Far,NA,35.5627,33.09683,17508,Ramot Naftali Far 6,2,0,0,0,0,0,0,6,0,0,0,0,0,0,0,0
T2,2017,Planted Conifer Forests,Galilee,Ramot Naftali,Far,NA,35.56279,33.09758,17508,Ramot Naftali Far 7,1,0,0,0,0,0,0,0,0,0,0,0,0,0,3,0
T2,2017,Planted Conifer Forests,Galilee,Zuriel,Far,NA,35.31302,33.01078,17522,Zuriel Far 4,20,0,0,0,0,0,0,0,0,1,0,0,0,0,7,1
T2,2017,Planted Conifer Forests,Galilee,Zuriel,Far,NA,35.31302,33.01129,17522,Zuriel Far 5,7,0,0,0,0,0,0,0,0,0,0,0,0,0,0,0
T2,2017,Planted Conifer Forests,Galilee,Zuriel,Far,NA,35.31313,33.01017,17522,Zuriel Far 3,3,0,0,0,0,0,0,0,0,1,0,0,0,0,8,1
T2,2017,Planted Conifer Forests,Galilee,Zuriel,Far,NA,35.31351,33.01164,17522,Zuriel Far 6,0,0,0,0,0,0,0,0,0,1,0,0,0,0,13,0
T2,2017,Planted Conifer Forests,Galilee,Zuriel,Far,NA,35.31366,33.00954,17522,Zuriel Far 2,0,0,0,0,0,0,0,0,0,0,0,0,0,0,10,0
T2,2017,Planted Conifer Forests,Galilee,Zuriel,Far,NA,35.31376,33.01208,17522,Zuriel Far 7,2,0,0,0,0,0,0,0,0,0,0,0,0,0,3,0
T2,2017,Planted Conifer Forests,Galilee,Zuriel,Far,NA,35.31378,33.00929,17522,Zuriel Far 1,4,0,0,0,0,0,0,0,0,1,0,0,1,0,4,0
T2,2017,Planted Conifer Forests,Galilee,Zuriel,Far,NA,35.31435,33.01233,17522,Zuriel Far 8,0,0,0,0,0,0,0,0,0,0,0,0,0,0,1,0
T2,2017,Planted Conifer Forests,Galilee,Zuriel,Far,NA,35.31506,33.01298,17522,Zuriel Far 9,0,0,0,0,0,0,0,0,0,0,0,0,1,0,1,0
T2,2017,Planted Conifer Forests,Judea,Aderet,Far,NA,34.98149,31.67884,17399,Aderet Far 1,1,0,0,0,0,0,0,3,1,0,0,0,0,0,0,2
T2,2017,Planted Conifer Forests,Judea,Aderet,Far,NA,34.98176,31.67851,17399,Aderet Far 4,0,0,0,0,0,0,0,0,0,2,0,0,0,0,0,1
T2,2017,Planted Conifer Forests,Judea,Aderet,Far,NA,34.9825,31.67802,17399,Aderet Far 3,0,0,0,0,0,0,0,0,0,1,0,0,0,0,0,0
T2,2017,Planted Conifer Forests,Judea,Aderet,Far,NA,34.98361,31.67725,17399,Aderet Far 5,1,0,0,0,0,0,0,0,0,0,0,0,0,0,0,0
T2,2017,Planted Conifer Forests,Judea,Aderet,Far,NA,34.98423,31.67654,17399,Aderet Far 7,3,0,0,0,0,0,0,0,0,2,0,0,0,0,0,2
T2,2017,Planted Conifer Forests,Judea,Aderet,Far,NA,34.9848,31.67663,17399,Aderet Far 8,0,0,0,0,0,0,0,0,0,1,0,0,0,0,0,0
T2,2017,Planted Conifer Forests,Judea,Aderet,Far,NA,34.98515,31.6761,17399,Aderet Far 9,2,0,0,0,0,0,0,0,0,2,0,0,0,0,0,0
T2,2017,Planted Conifer Forests,Judea,Eitanim,Far,NA,35.10442,31.77827,17440,Eitanim Far 8,0,0,0,0,0,0,0,0,1,0,0,0,0,0,0,0
T2,2017,Planted Conifer Forests,Judea,Eitanim,Far,NA,35.10495,31.77807,17440,Eitanim Far 7,5,0,0,0,0,0,0,0,2,0,0,0,0,0,0,1
T2,2017,Planted Conifer Forests,Judea,Eitanim,Far,NA,35.10544,31.77795,17440,Eitanim Far 6,0,0,0,0,0,0,0,0,1,0,0,0,0,0,0,0
T2,2017,Planted Conifer Forests,Judea,Eitanim,Far,NA,35.10593,31.7779,17440,Eitanim Far 5,5,0,0,0,0,0,0,0,0,1,0,0,0,0,0,0
T2,2017,Planted Conifer Forests,Judea,Eitanim,Far,NA,35.10638,31.77866,17440,Eitanim Far 3,0,0,0,0,0,0,0,0,0,0,0,0,0,0,0,1
T2,2017,Planted Conifer Forests,Judea,Eitanim,Far,NA,35.10641,31.77893,17440,Eitanim Far 2,0,0,0,0,0,0,0,0,0,0,0,0,0,0,0,1
T2,2017,Planted Conifer Forests,Judea,Eitanim,Far,NA,35.10642,31.77823,17440,Eitanim Far 4,0,0,0,0,0,0,0,0,0,5,0,0,0,0,0,4
T2,2017,Planted Conifer Forests,Judea,Eitanim,Far,NA,35.10686,31.77865,17440,Eitanim Far 1,4,0,0,0,0,0,0,0,0,0,0,0,0,0,0,3
T2,2017,Planted Conifer Forests,Judea,Eshtaol,Far,NA,35.01984,31.79071,17461,Eshtaol Far 3,0,0,0,0,0,0,0,2,0,0,0,0,1,0,0,2
T2,2017,Planted Conifer Forests,Judea,Eshtaol,Far,NA,35.02036,31.78916,17461,Eshtaol Far 1,0,0,0,0,0,0,0,17,0,0,0,0,0,0,0,2
T2,2017,Planted Conifer Forests,Judea,Eshtaol,Far,NA,35.02041,31.79007,17461,Eshtaol Far 2,0,0,0,0,0,0,0,7,0,0,0,0,0,0,0,0
T2,2017,Planted Conifer Forests,Judea,Eshtaol,Far,NA,35.02111,31.78871,17461,Eshtaol Far 4,0,0,0,0,0,0,0,0,0,0,0,0,0,0,0,1
T2,2017,Planted Conifer Forests,Judea,Eshtaol,Far,NA,35.02158,31.78781,17461,Eshtaol Far 5,1,0,0,0,0,0,0,11,0,1,0,0,0,0,0,1
T2,2017,Planted Conifer Forests,Judea,Eshtaol,Far,NA,35.02186,31.78623,17461,Eshtaol Far 7,1,0,0,0,0,0,0,1,0,0,0,0,0,0,0,0
T2,2017,Planted Conifer Forests,Judea,Eshtaol,Far,NA,35.02289,31.7868,17461,Eshtaol Far 9,0,0,0,0,0,0,0,2,0,0,0,0,0,0,0,0
T2,2017,Planted Conifer Forests,Judea,Givat Yeshayahu,Far,NA,34.92005,31.66778,17401,Givat Yeshayahu Far 9,4,0,0,0,0,0,0,0,0,0,0,0,0,0,0,1
T2,2017,Planted Conifer Forests,Judea,Givat Yeshayahu,Far,NA,34.92021,31.66884,17401,Givat Yeshayahu Far 6,1,0,0,0,0,0,0,0,0,1,0,0,0,0,0,0
T2,2017,Planted Conifer Forests,Judea,Givat Yeshayahu,Far,NA,34.92136,31.66943,17401,Givat Yeshayahu Far 4,2,0,0,0,0,0,0,0,0,2,0,0,0,0,0,0
T2,2017,Planted Conifer Forests,Judea,Givat Yeshayahu,Far,NA,34.92228,31.66951,17401,Givat Yeshayahu Far 3,0,0,0,0,0,0,0,0,0,4,0,0,1,0,0,0
T2,2017,Planted Conifer Forests,Judea,Givat Yeshayahu,Far,NA,34.92355,31.6691,17401,Givat Yeshayahu Far 1,1,0,0,0,0,0,0,0,0,4,0,0,0,0,0,0
T2,2018,Arid Desert,NA,Ein Yahav,Far,NA,35.19848,30.64915,17811,Ein Yahav Far 9,0,1,0,0,0,0,29,0,0,0,12,0,0,0,0,0
T2,2018,Arid Desert,NA,Ein Yahav,Far,NA,35.19886,30.64777,17811,Ein Yahav Far 6,0,0,0,0,0,0,2,0,0,0,1,0,0,0,0,0
T2,2018,Arid Desert,NA,Ein Yahav,Far,NA,35.19889,30.64887,17811,Ein Yahav Far 8,0,0,0,0,0,0,8,0,0,0,1,0,0,0,0,0
T2,2018,Arid Desert,NA,Ein Yahav,Far,NA,35.20012,30.6489,17811,Ein Yahav Far 7,0,6,0,0,0,0,13,0,0,0,5,0,0,0,0,0
T2,2018,Arid Desert,NA,Ein Yahav,Far,NA,35.2002,30.64809,17811,Ein Yahav Far 5,0,0,0,0,0,0,11,0,0,0,1,0,0,0,0,0
T2,2018,Arid Desert,NA,Ein Yahav,Far,NA,35.20189,30.64837,17811,Ein Yahav Far 2,0,0,0,0,0,0,9,0,2,0,6,0,0,0,0,0
T2,2018,Arid Desert,NA,Ein Yahav,Far,NA,35.20246,30.648,17811,Ein Yahav Far 1,0,0,0,0,0,0,4,0,0,0,114,0,0,0,0,0
T2,2018,Arid Desert,NA,Ein Yahav,Near,NA,35.24072,30.67239,17811,Ein Yahav Near 9,0,0,0,0,0,0,0,0,0,0,6,0,0,0,0,4
T2,2018,Arid Desert,NA,Ein Yahav,Near,NA,35.24105,30.67081,17811,Ein Yahav Near 1,0,0,0,0,0,0,0,0,1,0,6,0,0,0,0,6
T2,2018,Arid Desert,NA,Ein Yahav,Near,NA,35.24178,30.67189,17811,Ein Yahav Near 8,0,0,0,0,0,0,0,0,0,0,0,0,0,0,0,1
T2,2018,Arid Desert,NA,Ein Yahav,Near,NA,35.24327,30.6717,17811,Ein Yahav Near 7,0,0,0,0,0,0,0,0,1,0,0,0,0,0,0,3
T2,2018,Arid Desert,NA,Ein Yahav,Near,NA,35.24363,30.67066,17811,Ein Yahav Near 4,0,3,0,0,0,0,0,0,0,0,3,0,0,0,0,4
T2,2018,Arid Desert,NA,Ein Yahav,Near,NA,35.2441,30.67135,17811,Ein Yahav Near 6,0,2,0,0,0,0,0,0,0,0,0,0,0,0,0,0
T2,2018,Arid Desert,NA,Paran,Far,NA,35.13837,30.35346,17785,Paran Far 1,0,0,0,0,0,0,5,0,0,0,3,0,0,0,0,0
T2,2018,Arid Desert,NA,Paran,Far,NA,35.13934,30.35203,17785,Paran Far 2,0,0,0,0,0,0,1,0,0,0,0,0,0,0,0,0
T2,2018,Arid Desert,NA,Paran,Far,NA,35.13963,30.35146,17785,Paran Far 3,0,0,0,0,0,0,43,0,1,0,0,0,0,0,0,0
T2,2018,Arid Desert,NA,Paran,Far,NA,35.13986,30.35083,17785,Paran Far 4,0,0,0,0,0,0,9,0,0,0,0,0,0,0,0,0
T2,2018,Arid Desert,NA,Paran,Far,NA,35.14043,30.34881,17785,Paran Far 7,0,0,0,0,0,0,0,0,0,0,0,0,0,0,0,2
T2,2018,Arid Desert,NA,Paran,Far,NA,35.14103,30.34829,17785,Paran Far 8,0,0,0,0,0,0,0,0,0,0,1,0,0,0,0,0
T2,2018,Arid Desert,NA,Paran,Near,NA,35.1599,30.38947,17785,Paran Near 5,0,0,0,0,0,0,0,0,1,0,0,0,0,0,0,2
T2,2018,Arid Desert,NA,Paran,Near,NA,35.15997,30.38819,17785,Paran Near 3,0,0,0,0,0,0,0,0,0,0,0,0,0,0,0,2
T2,2018,Arid Desert,NA,Paran,Near,NA,35.16037,30.38892,17785,Paran Near 7,0,0,0,0,0,0,0,0,0,0,0,0,0,0,0,2
T2,2018,Arid Desert,NA,Paran,Near,NA,35.16248,30.3895,17785,Paran Near 9,0,0,0,0,0,0,0,0,1,0,0,0,0,0,0,1
T2,2018,Arid Desert,NA,Yotvata,Far,NA,35.03537,29.8829,17810,Yotveta Far 9,0,1,0,0,0,0,3,0,2,0,0,0,0,0,0,1
T2,2018,Arid Desert,NA,Yotvata,Far,NA,35.03642,29.88381,17810,Yotveta Far 8,0,1,1,0,0,0,0,0,1,0,0,0,0,0,0,0
T2,2018,Arid Desert,NA,Yotvata,Far,NA,35.0371,29.88407,17810,Yotveta Far 7,0,43,0,0,0,0,44,0,6,2,0,0,0,0,0,3
T2,2018,Arid Desert,NA,Yotvata,Far,NA,35.03735,29.88462,17810,Yotveta Far 6,0,1,8,0,0,0,1,0,0,0,0,0,0,0,0,0
T2,2018,Arid Desert,NA,Yotvata,Far,NA,35.03777,29.88578,17810,Yotveta Far 5,0,0,10,0,0,0,0,0,0,0,0,0,0,0,0,0
T2,2018,Arid Desert,NA,Yotvata,Far,NA,35.0378,29.88528,17810,Yotveta Far 4,0,0,3,0,0,0,2,0,0,0,0,0,0,0,0,1
T2,2018,Arid Desert,NA,Yotvata,Far,NA,35.03846,29.88498,17810,Yotveta Far 3,0,0,15,0,0,0,0,0,0,0,0,0,0,0,0,0
T2,2018,Arid Desert,NA,Yotvata,Far,NA,35.03897,29.88426,17810,Yotveta Far 2,1,2,38,0,0,0,23,0,1,0,0,0,0,0,0,2
T2,2018,Arid Desert,NA,Yotvata,Far,NA,35.03946,29.88408,17810,Yotveta Far 1,0,0,0,0,0,0,6,0,2,0,0,0,0,0,0,5
T2,2018,Arid Desert,NA,Yotvata,Near,NA,35.06179,29.88773,17810,Yotveta Near 7,0,2,0,0,0,0,0,0,0,0,0,0,0,0,0,6
T2,2018,Arid Desert,NA,Yotvata,Near,NA,35.06183,29.88718,17810,Yotveta Near 8,0,2,0,0,0,0,0,0,0,0,1,0,0,0,0,11
T2,2018,Arid Desert,NA,Yotvata,Near,NA,35.06205,29.88809,17810,Yotveta Near 6,3,3,0,0,0,0,0,0,0,0,0,0,0,0,0,4
T2,2018,Arid Desert,NA,Yotvata,Near,NA,35.06231,29.88873,17810,Yotveta Near 5,1,2,0,0,0,0,0,0,1,0,0,0,0,0,0,5
T2,2018,Arid Desert,NA,Yotvata,Near,NA,35.06266,29.88694,17810,Yotveta Near 3,0,0,0,0,0,0,0,0,0,0,2,0,0,0,0,4
T2,2018,Arid Desert,NA,Yotvata,Near,NA,35.06266,29.88823,17810,Yotveta Near 1,1,1,0,0,0,0,0,0,0,0,1,0,0,0,0,10
T2,2018,Arid Desert,NA,Yotvata,Near,NA,35.06278,29.88762,17810,Yotveta Near 4,0,0,0,0,0,0,0,0,0,0,0,0,0,0,0,1
T2,2018,Arid Desert,NA,Zofar,Far,NA,35.1782,30.5537,17785,Zofar Far 3,0,0,0,0,0,0,0,0,0,1,0,0,0,0,0,0
T2,2018,Arid Desert,NA,Zofar,Far,NA,35.1782,30.5537,17785,Zofar Far 4,0,0,0,0,0,0,0,0,0,2,0,0,0,0,0,0
T2,2018,Arid Desert,NA,Zofar,Far,NA,35.1784,30.5523,17785,Zofar Far 5,0,0,0,0,3,0,1,0,0,1,0,0,0,0,0,0
T2,2018,Arid Desert,NA,Zofar,Far,NA,35.1802,30.5525,17785,Zofar Far 8,0,1,0,0,0,0,4,0,0,0,0,0,0,0,0,0
T2,2018,Arid Desert,NA,Zofar,Far,NA,35.1803,30.5517,17785,Zofar Far 7,0,0,0,0,2,0,0,0,0,0,0,0,0,0,0,1
T2,2018,Arid Desert,NA,Zofar,Near,NA,35.19317,30.56816,17785,Zofar Near 9,0,0,0,0,0,0,0,0,0,0,1,0,0,0,0,0
T2,2018,Arid Desert,NA,Zofar,Near,NA,35.19422,30.56838,17785,Zofar Near 3,0,0,0,0,0,0,0,0,0,0,5,0,0,0,0,0
T2,2018,Arid Desert,NA,Zofar,Near,NA,35.19539,30.56981,17785,Zofar Near 5,0,1,0,0,0,0,0,0,2,0,0,0,0,0,0,1
T2,2018,Arid Desert,NA,Zofar,Near,NA,35.19697,30.56834,17785,Zofar Near 1,0,0,0,0,0,0,0,0,0,0,1,0,0,0,0,0
T2,2018,Herbaceous and Dwarf Shrub Vegetation,NA,Gamla,Far,NA,35.74253,32.91602,17814,Gamla Far 9,0,0,0,0,0,0,0,0,0,0,0,0,0,0,1,0
T2,2018,Herbaceous and Dwarf Shrub Vegetation,NA,Gamla,Far,NA,35.74302,32.91627,17814,Gamla Far 8,0,0,0,0,0,0,0,7,0,0,0,0,0,0,10,0
T2,2018,Herbaceous and Dwarf Shrub Vegetation,NA,Gamla,Far,NA,35.74448,32.91743,17814,Gamla Far 6,0,0,0,0,0,0,0,5,0,0,0,0,0,0,4,0
T2,2018,Herbaceous and Dwarf Shrub Vegetation,NA,Gamla,Far,NA,35.74494,32.92139,17814,Gamla Far 1,11,0,0,0,0,0,0,0,0,0,0,0,2,0,8,2
T2,2018,Herbaceous and Dwarf Shrub Vegetation,NA,Gamla,Far,NA,35.7454,32.91806,17814,Gamla Far 5,5,0,0,0,0,0,0,14,0,0,0,0,0,0,5,0
T2,2018,Herbaceous and Dwarf Shrub Vegetation,NA,Gamla,Far,NA,35.74547,32.92078,17814,Gamla Far 2,19,0,0,0,0,0,0,7,0,1,0,0,0,0,12,1
T2,2018,Herbaceous and Dwarf Shrub Vegetation,NA,Gamla,Far,NA,35.74599,32.91877,17814,Gamla Far 4,0,0,0,0,0,0,0,5,0,0,0,0,0,0,4,0
T2,2018,Herbaceous and Dwarf Shrub Vegetation,NA,Gamla,Far,NA,35.74611,32.91978,17814,Gamla Far 3,2,0,0,0,0,0,0,1,0,0,0,0,0,0,7,0
T2,2018,Herbaceous and Dwarf Shrub Vegetation,NA,Karei Deshe,Far,NA,35.58336,32.92194,17786,Karei Deshe Far 9,0,0,0,0,0,0,0,2,0,0,0,0,0,0,0,0
T2,2018,Herbaceous and Dwarf Shrub Vegetation,NA,Karei Deshe,Far,NA,35.58369,32.92457,17786,Karei Deshe Far 5,3,0,0,0,0,0,0,43,0,3,0,0,1,0,1,1
T2,2018,Herbaceous and Dwarf Shrub Vegetation,NA,Karei Deshe,Far,NA,35.58413,32.92413,17786,Karei Deshe Far 6,0,0,0,0,0,0,0,2,0,0,0,0,0,0,0,0
T2,2018,Herbaceous and Dwarf Shrub Vegetation,NA,Natur,Far,NA,35.73713,32.84449,17814,Natur Far 6,4,0,0,0,0,0,0,0,0,2,0,0,0,0,5,0
T2,2018,Herbaceous and Dwarf Shrub Vegetation,NA,Natur,Far,NA,35.73716,32.84537,17814,Natur Far 7,4,0,0,0,0,0,0,1,0,2,0,0,0,0,4,0
T2,2018,Herbaceous and Dwarf Shrub Vegetation,NA,Natur,Far,NA,35.73725,32.84612,17814,Natur Far 8,2,0,0,0,0,0,0,1,0,0,0,0,0,0,12,2
T2,2018,Herbaceous and Dwarf Shrub Vegetation,NA,Natur,Far,NA,35.73751,32.84275,17814,Natur Far 4,5,0,0,0,0,0,0,5,0,2,0,0,0,0,6,1
T2,2018,Herbaceous and Dwarf Shrub Vegetation,NA,Natur,Far,NA,35.73813,32.84048,17814,Natur Far 1,0,0,0,0,0,0,0,0,0,0,0,0,0,0,1,0
T2,2018,Herbaceous and Dwarf Shrub Vegetation,NA,Natur,Far,NA,35.73849,32.84152,17814,Natur Far 2,1,0,0,0,0,0,0,0,0,0,0,0,0,0,1,0
T2,2018,Herbaceous and Dwarf Shrub Vegetation,NA,Shaal,Far,NA,35.74829,33.08442,17814,Shaal Far 9,2,0,0,0,0,0,0,5,0,0,0,0,0,0,0,0
T2,2018,Herbaceous and Dwarf Shrub Vegetation,NA,Shaal,Far,NA,35.74976,33.08697,17814,Shaal Far 4,4,0,0,0,0,0,0,14,0,3,0,0,0,0,0,0
T2,2018,Herbaceous and Dwarf Shrub Vegetation,NA,Shaal,Far,NA,35.74976,33.08813,17814,Shaal Far 3,3,0,0,0,0,0,0,5,0,0,0,0,0,0,0,0
T2,2018,Herbaceous and Dwarf Shrub Vegetation,NA,Shaal,Far,NA,35.7498,33.0854,17814,Shaal Far 6,0,0,0,0,0,0,0,1,0,0,0,0,0,0,0,0
T2,2018,Herbaceous and Dwarf Shrub Vegetation,NA,Shaal,Far,NA,35.75016,33.08448,17814,Shaal Far 7,0,0,0,0,0,0,0,6,0,0,0,0,0,0,0,3
T2,2018,Herbaceous and Dwarf Shrub Vegetation,NA,Shaal,Far,NA,35.75046,33.08815,17814,Shaal Far 2,0,0,0,0,0,0,0,6,0,0,0,0,0,0,0,0
T2,2018,Herbaceous and Dwarf Shrub Vegetation,NA,Yavneel,Far,NA,35.50895,32.68134,17786,Yavneel Far 1,0,2,0,0,0,0,0,4,0,0,0,0,0,0,0,0
T2,2018,Herbaceous and Dwarf Shrub Vegetation,NA,Yavneel,Far,NA,35.50926,32.68037,17786,Yavneel Far 2,0,0,0,0,0,0,0,1,0,0,0,0,0,0,0,1
T2,2018,Herbaceous and Dwarf Shrub Vegetation,NA,Yavneel,Far,NA,35.51019,32.67906,17786,Yavneel Far 4,0,0,0,0,0,0,0,3,0,1,0,0,0,0,8,0
T2,2018,Herbaceous and Dwarf Shrub Vegetation,NA,Yavneel,Far,NA,35.51019,32.6796,17786,Yavneel Far 3,0,0,0,0,0,0,0,0,0,1,0,0,0,0,0,0
T2,2018,Herbaceous and Dwarf Shrub Vegetation,NA,Yavneel,Far,NA,35.51051,32.67867,17786,Yavneel Far 5,0,0,0,0,0,0,0,2,0,0,0,0,0,0,0,0
T2,2018,Herbaceous and Dwarf Shrub Vegetation,NA,Yavneel,Far,NA,35.51098,32.67715,17786,Yavneel Far 7,0,0,0,0,0,0,0,5,0,0,0,0,0,0,3,2
T2,2018,Herbaceous and Dwarf Shrub Vegetation,NA,Yavneel,Far,NA,35.51099,32.67802,17786,Yavneel Far 6,1,0,0,0,0,0,0,0,0,0,0,0,0,0,0,0
T2,2018,Herbaceous and Dwarf Shrub Vegetation,NA,Yavneel,Far,NA,35.51167,32.67616,17786,Yavneel Far 8,0,0,0,0,0,0,0,0,0,1,0,0,0,0,0,1
T2,2018,Herbaceous and Dwarf Shrub Vegetation,NA,Yavneel,Far,NA,35.51188,32.67767,17786,Yavneel Far 9,0,0,0,0,0,0,0,1,0,0,0,0,0,0,0,0
T2,2018,Inland Sands,NA,Beer Milka,Far,Shifting,34.37631,30.98175,17564,Beer Milka Far Shifting 2_8,0,0,0,0,0,0,0,0,0,0,0,0,0,0,0,1
T2,2018,Inland Sands,NA,Beer Milka,Far,Shifting,34.37704,30.98176,17564,Beer Milka Far Shifting 2_7,0,0,0,0,0,0,0,1,0,0,1,0,0,0,0,0
T2,2018,Inland Sands,NA,Beer Milka,Far,Shifting,34.37752,30.98171,17564,Beer Milka Far Shifting 2_6,0,0,0,0,0,0,0,1,0,0,0,0,0,0,0,1
T2,2018,Inland Sands,NA,Beer Milka,Far,Shifting,34.37976,30.9814,17564,Beer Milka Far Shifting 2_1,0,0,0,0,0,0,0,0,0,0,0,0,0,0,0,2
T2,2018,Inland Sands,NA,Beer Milka,Far,Shifting,34.44402,30.91603,17564,Beer Milka Far Shifting 3_4,0,0,0,0,0,0,0,0,0,0,0,0,0,0,0,3
T2,2018,Inland Sands,NA,Beer Milka,Far,Shifting,34.44444,30.91571,17564,Beer Milka Far Shifting 3_2,0,0,0,0,0,0,0,0,0,0,0,0,0,0,0,1
T2,2018,Inland Sands,NA,Beer Milka,Far,Shifting,34.44526,30.9162,17564,Beer Milka Far Shifting 3_5,0,0,0,0,0,0,1,0,0,0,0,0,0,0,0,0
T2,2018,Inland Sands,NA,Beer Milka,Far,Shifting,34.44537,30.91571,17564,Beer Milka Far Shifting 3_1,0,0,0,0,0,0,0,0,0,0,0,0,0,0,0,1
T2,2018,Inland Sands,NA,Beer Milka,Far,Shifting,34.44743,30.91611,17564,Beer Milka Far Shifting 3_6,2,0,0,0,0,0,0,0,0,0,1,0,0,0,0,1
T2,2018,Inland Sands,NA,Beer Milka,Far,Shifting,34.4476,30.91641,17564,Beer Milka Far Shifting 3_7,0,0,0,0,0,0,0,0,0,0,1,0,0,0,0,1
T2,2018,Inland Sands,NA,Beer Milka,Far,Shifting,34.44896,30.91648,17564,Beer Milka Far Shifting 3_8,0,0,0,0,0,0,0,0,0,0,0,0,0,0,0,1
T2,2018,Inland Sands,NA,Beer Milka,Near,Semi-Shifting,34.39366,30.96453,17574,Beer Milka Near Semi-Shifting 1_8,1,0,0,0,0,0,1,0,0,1,0,0,0,0,0,2
T2,2018,Inland Sands,NA,Beer Milka,Near,Semi-Shifting,34.39409,30.96412,17574,Beer Milka Near Semi-Shifting 1_7,0,0,0,0,0,0,0,0,0,0,0,0,0,0,0,3
T2,2018,Mediterranean Desert Transition Zone,NA,Beit Yatir,Far,NA,35.12437,31.37202,17855,Beit Yatir Far 2,1,0,0,0,0,0,0,3,0,0,8,0,0,0,0,1
T2,2018,Mediterranean Desert Transition Zone,NA,Beit Yatir,Far,NA,35.12525,31.372,17855,Beit Yatir Far 4,0,0,0,0,0,0,0,0,0,0,0,0,0,0,0,1
T2,2018,Mediterranean Desert Transition Zone,NA,Beit Yatir,Far,NA,35.12586,31.37165,17855,Beit Yatir Far 5,2,0,0,0,0,0,0,0,0,0,7,0,0,0,0,3
T2,2018,Mediterranean Desert Transition Zone,NA,Beit Yatir,Far,NA,35.12712,31.37072,17855,Beit Yatir Far 7,1,0,0,0,0,0,0,1,0,0,4,0,0,0,0,1
T2,2018,Mediterranean Desert Transition Zone,NA,Beit Yatir,Far,NA,35.12757,31.36979,17855,Beit Yatir Far 8,4,0,0,0,0,0,0,2,0,0,0,0,0,0,0,5
T2,2018,Mediterranean Desert Transition Zone,NA,Beit Yatir,Far,NA,35.12786,31.36937,17855,Beit Yatir Far 9,7,0,0,0,0,0,0,2,0,0,4,0,0,0,0,5
T2,2018,Mediterranean Desert Transition Zone,NA,Beit Yatir,Near,NA,35.10696,31.35603,17855,Beit Yatir Near 1,2,0,0,0,0,0,0,0,0,0,0,0,0,0,0,2
T2,2018,Mediterranean Desert Transition Zone,NA,Beit Yatir,Near,NA,35.1075,31.35726,17855,Beit Yatir Near 5,0,0,0,0,0,0,0,0,0,0,0,0,0,0,0,8
T2,2018,Mediterranean Desert Transition Zone,NA,Beit Yatir,Near,NA,35.10811,31.35731,17855,Beit Yatir Near 6,0,0,0,0,0,0,0,0,0,0,0,0,0,0,0,1
T2,2018,Mediterranean Desert Transition Zone,NA,Beit Yatir,Near,NA,35.10852,31.35692,17855,Beit Yatir Near 8,0,0,0,0,0,0,0,2,0,0,0,0,0,0,0,8
T2,2018,Mediterranean Desert Transition Zone,NA,Beit Yatir,Near,NA,35.10891,31.3573,17855,Beit Yatir Near 7,0,0,0,0,0,0,0,0,0,0,0,0,0,0,0,5
T2,2018,Mediterranean Desert Transition Zone,NA,Har Amasa,Far,NA,35.0906,31.33186,17859,Har Amasa Far 9,1,0,0,0,0,0,0,10,0,0,0,0,0,0,0,4
T2,2018,Mediterranean Desert Transition Zone,NA,Har Amasa,Far,NA,35.09156,31.33183,17859,Har Amasa Far 8,0,0,0,0,0,0,0,0,0,0,0,0,0,0,0,3
T2,2018,Mediterranean Desert Transition Zone,NA,Har Amasa,Far,NA,35.09208,31.33195,17859,Har Amasa Far 7,1,0,0,0,0,0,0,3,1,0,0,0,0,0,0,3
T2,2018,Mediterranean Desert Transition Zone,NA,Har Amasa,Far,NA,35.0924,31.33409,17859,Har Amasa Far 3,0,0,0,0,0,0,0,0,0,0,0,0,0,0,0,1
T2,2018,Mediterranean Desert Transition Zone,NA,Har Amasa,Far,NA,35.09274,31.33426,17859,Har Amasa Far 2,0,0,0,0,0,0,0,0,0,0,0,0,0,0,0,1
T2,2018,Mediterranean Desert Transition Zone,NA,Har Amasa,Far,NA,35.09324,31.33433,17859,Har Amasa Far 1,0,0,0,0,0,0,0,0,0,2,0,0,0,0,0,1
T2,2018,Mediterranean Desert Transition Zone,NA,Har Amasa,Near,NA,35.09644,31.34552,17859,Har Amasa Near 6,0,0,0,0,0,0,0,0,0,0,0,0,0,0,0,1
T2,2018,Mediterranean Desert Transition Zone,NA,Har Amasa,Near,NA,35.09646,31.34361,17859,Har Amasa Near 7,2,0,0,0,0,0,0,0,0,0,0,0,1,0,0,3
T2,2018,Mediterranean Desert Transition Zone,NA,Har Amasa,Near,NA,35.0972,31.34551,17859,Har Amasa Near 5,0,0,0,0,0,0,0,10,0,0,2,0,0,0,0,6
T2,2018,Mediterranean Desert Transition Zone,NA,Har Amasa,Near,NA,35.09758,31.34308,17859,Har Amasa Near 9,0,0,0,0,0,0,0,2,0,0,0,0,0,0,0,4
T2,2018,Mediterranean Desert Transition Zone,NA,Har Amasa,Near,NA,35.09835,31.34515,17859,Har Amasa Near 3,0,0,0,0,0,0,0,4,0,0,1,0,0,0,0,4
T2,2018,Mediterranean Desert Transition Zone,NA,Har Amasa,Near,NA,35.09874,31.34456,17859,Har Amasa Near 2,2,0,0,0,0,0,0,0,0,0,1,0,0,0,0,0
T2,2018,Mediterranean Desert Transition Zone,NA,Lahav,Far,NA,34.85773,31.37367,17834,Lahav Far 2,0,0,0,0,0,0,0,0,0,0,0,0,0,0,0,7
T2,2018,Mediterranean Desert Transition Zone,NA,Lahav,Far,NA,34.85916,31.37349,17834,Lahav Far 4,0,0,0,0,0,0,0,0,0,0,0,0,1,0,0,4
T2,2018,Mediterranean Desert Transition Zone,NA,Lahav,Far,NA,34.85967,31.37359,17834,Lahav Far 5,0,0,0,0,0,0,0,0,0,0,0,0,0,0,0,1
T2,2018,Mediterranean Desert Transition Zone,NA,Lahav,Far,NA,34.86006,31.37345,17834,Lahav Far 6,0,0,0,0,0,0,0,0,0,0,0,0,0,0,0,2
T2,2018,Mediterranean Desert Transition Zone,NA,Lahav,Far,NA,34.86086,31.37328,17834,Lahav Far 7,0,0,0,0,0,0,0,0,0,1,0,0,1,0,0,0
T2,2018,Mediterranean Desert Transition Zone,NA,Lahav,Far,NA,34.8613,31.37326,17834,Lahav Far 8,0,0,0,0,0,0,0,0,0,0,0,0,0,0,0,1
T2,2018,Mediterranean Desert Transition Zone,NA,Lahav,Far,NA,34.8618,31.37354,17834,Lahav Far 9,0,0,0,0,0,0,0,0,0,0,0,0,0,0,0,7
T2,2018,Mediterranean Desert Transition Zone,NA,Lahav,Near,NA,34.86286,31.38438,17834,Lahav Near 2,0,0,0,0,0,0,0,0,0,1,0,0,1,0,0,1
T2,2018,Mediterranean Desert Transition Zone,NA,Lahav,Near,NA,34.86345,31.38467,17834,Lahav Near 3,1,0,0,0,0,0,0,0,1,0,0,0,0,0,0,3
T2,2018,Mediterranean Desert Transition Zone,NA,Lahav,Near,NA,34.86398,31.38459,17834,Lahav Near 4,0,0,0,0,0,0,0,0,0,0,0,0,0,0,0,1
T2,2018,Mediterranean Desert Transition Zone,NA,Lahav,Near,NA,34.86448,31.38426,17834,Lahav Near 5,2,0,0,0,0,0,0,0,0,0,0,0,0,0,0,6
T2,2018,Mediterranean Desert Transition Zone,NA,Lahav,Near,NA,34.8651,31.38428,17834,Lahav Near 6,6,0,0,0,0,0,0,0,0,0,0,0,0,0,0,0
T2,2018,Mediterranean Desert Transition Zone,NA,Lahav,Near,NA,34.86625,31.38376,17834,Lahav Near 8,3,0,0,0,0,0,0,0,1,0,0,0,0,0,0,7
T2,2018,Mediterranean Desert Transition Zone,NA,Lahav,Near,NA,34.8669,31.38364,17834,Lahav Near 9,0,0,0,0,0,0,0,0,0,0,0,0,0,0,0,2
T2,2018,Mediterranean Desert Transition Zone,NA,Lehavim,Far,NA,34.82621,31.37899,17873,Lehavim Far 7,0,0,0,0,0,0,0,0,0,7,0,0,0,0,0,2
T2,2018,Mediterranean Desert Transition Zone,NA,Lehavim,Far,NA,34.82749,31.37775,17873,Lehavim Far 5,0,0,0,0,0,0,0,0,0,2,0,0,0,0,0,3
T2,2018,Mediterranean Desert Transition Zone,NA,Lehavim,Far,NA,34.82774,31.37982,17873,Lehavim Far 9,0,0,0,0,0,0,0,0,0,10,0,0,0,0,0,5
T2,2018,Mediterranean Desert Transition Zone,NA,Lehavim,Far,NA,34.82792,31.37651,17873,Lehavim Far 4,0,0,0,0,0,0,0,0,0,0,0,0,0,0,0,8
T2,2018,Mediterranean Desert Transition Zone,NA,Lehavim,Far,NA,34.82832,31.37516,17873,Lehavim Far 2,0,0,0,0,0,0,0,0,0,1,0,0,0,0,0,5
T2,2018,Mediterranean Desert Transition Zone,NA,Lehavim,Far,NA,34.82907,31.37475,17873,Lehavim Far 1,0,0,0,0,0,0,0,0,0,0,0,0,2,0,0,18
T2,2018,Mediterranean Desert Transition Zone,NA,Lehavim,Near,NA,34.8226,31.3644,17873,Lehavim Near 3,0,0,0,0,0,0,0,0,0,0,1,0,0,0,0,0
T2,2018,Mediterranean Desert Transition Zone,NA,Lehavim,Near,NA,34.823,31.36518,17873,Lehavim Near 1,0,0,0,0,0,0,0,0,0,0,33,0,0,0,0,7
T2,2018,Mediterranean Desert Transition Zone,NA,Lehavim,Near,NA,34.82309,31.36382,17873,Lehavim Near 4,0,0,0,0,0,0,0,0,0,0,2,0,0,0,0,1
T2,2018,Mediterranean Desert Transition Zone,NA,Lehavim,Near,NA,34.82366,31.3645,17873,Lehavim Near 2,0,0,0,0,0,0,0,0,0,0,0,0,1,0,0,1
T2,2018,Mediterranean Desert Transition Zone,NA,Lehavim,Near,NA,34.82568,31.36343,17873,Lehavim Near 7,1,0,0,0,0,0,0,0,0,0,0,0,0,0,0,1
T2,2018,Mediterranean Desert Transition Zone,NA,Mirsham,Far,NA,34.90098,31.46413,17833,Mirsham Far 9,1,0,0,0,0,0,0,3,0,0,0,0,1,0,0,8
T2,2018,Mediterranean Desert Transition Zone,NA,Mirsham,Far,NA,34.902,31.46393,17833,Mirsham Far 7,0,0,0,0,0,0,0,6,0,0,0,0,0,0,0,0
T2,2018,Mediterranean Desert Transition Zone,NA,Mirsham,Far,NA,34.90327,31.4634,17833,Mirsham Far 5,0,0,0,0,0,0,0,0,0,0,0,0,0,0,0,3
T2,2018,Mediterranean Desert Transition Zone,NA,Mirsham,Far,NA,34.90441,31.46346,17833,Mirsham Far 4,0,0,0,0,0,0,0,1,0,0,0,0,1,0,0,6
T2,2018,Mediterranean Desert Transition Zone,NA,Mirsham,Far,NA,34.90487,31.46338,17833,Mirsham Far 3,0,0,0,0,0,0,0,1,0,2,0,0,1,0,0,0
T2,2018,Mediterranean Desert Transition Zone,NA,Mirsham,Far,NA,34.90532,31.46319,17833,Mirsham Far 2,0,0,0,0,0,0,0,2,0,0,0,0,0,0,0,2
T2,2018,Mediterranean Desert Transition Zone,NA,Mirsham,Far,NA,34.90586,31.46342,17833,Mirsham Far 1,1,0,0,0,0,0,0,7,0,0,0,0,0,0,0,2
T2,2018,Mediterranean Desert Transition Zone,NA,Mirsham,Near,NA,34.92792,31.48194,17833,Mirsham Near 9,5,0,0,0,0,0,0,14,0,5,0,0,1,0,0,4
T2,2018,Mediterranean Desert Transition Zone,NA,Mirsham,Near,NA,34.92894,31.48218,17833,Mirsham Near 8,3,0,0,0,0,0,0,0,0,0,0,0,0,0,0,1
T2,2018,Mediterranean Desert Transition Zone,NA,Mirsham,Near,NA,34.92967,31.4792,17833,Mirsham Near 1,0,0,0,0,0,0,0,0,0,0,0,0,0,0,0,1
T2,2018,Mediterranean Desert Transition Zone,NA,Mirsham,Near,NA,34.92984,31.48242,17833,Mirsham Near 7,4,0,0,0,0,0,0,0,0,0,0,0,0,0,0,0
T2,2018,Mediterranean Desert Transition Zone,NA,Mirsham,Near,NA,34.93002,31.47932,17833,Mirsham Near 2,1,0,0,0,0,0,0,6,0,8,0,0,0,0,0,0
T2,2018,Mediterranean Desert Transition Zone,NA,Mirsham,Near,NA,34.93074,31.47997,17833,Mirsham Near 3,2,0,0,0,0,0,0,4,0,1,0,0,0,0,0,0
T2,2018,Mediterranean Desert Transition Zone,NA,Mirsham,Near,NA,34.93116,31.48196,17833,Mirsham Near 6,19,0,0,0,0,0,0,12,0,0,0,0,0,0,0,1
T2,2018,Mediterranean Desert Transition Zone,NA,Mirsham,Near,NA,34.93135,31.48078,17833,Mirsham Near 4,2,0,0,0,0,0,0,8,0,0,0,0,0,0,0,0
T2,2018,Mediterranean Desert Transition Zone,NA,Mirsham,Near,NA,34.93165,31.4817,17833,Mirsham Near 5,0,0,0,0,0,0,0,0,0,0,0,0,1,0,0,0
T2,2018,Negev Highlands,NA,Sde Boker,Far,NA,34.77424,30.88502,17895,Sde Boker Far 4,0,0,0,0,0,0,0,0,0,0,0,0,0,0,0,1
T2,2018,Negev Highlands,NA,Sde Boker,Far,NA,34.77451,30.88625,17895,Sde Boker Far 5,1,0,0,0,0,0,0,0,0,0,0,0,0,0,0,0
T2,2018,Negev Highlands,NA,Sde Boker,Far,NA,34.77465,30.88735,17895,Sde Boker Far 6,0,0,0,0,0,0,0,0,0,0,0,0,0,0,0,1
T2,2018,Negev Highlands,NA,Sde Boker,Far,NA,34.77622,30.88614,17895,Sde Boker Far 8,0,0,0,0,0,0,0,0,0,0,0,0,0,0,0,1
T2,2018,Negev Highlands,NA,Sde Boker,Far,NA,34.77624,30.88732,17895,Sde Boker Far 7,0,0,0,0,0,0,0,0,1,0,0,0,0,0,0,1
T2,2018,Negev Highlands,NA,Sde Boker,Far,NA,34.77718,30.88605,17895,Sde Boker Far 9,0,0,0,0,0,0,0,0,0,1,0,0,0,0,0,1
T2,2018,Negev Highlands,NA,Sde Boker,Near,NA,34.791,30.8776,17895,Sde Boker Near 7,3,0,0,0,0,0,0,0,0,0,0,0,0,0,0,0
T2,2018,Negev Highlands,NA,Sde Boker,Near,NA,34.794,30.87963,17895,Sde Boker Near 1,0,0,0,0,0,0,0,0,0,0,0,0,0,0,0,1
T2,2018,Negev Highlands,NA,Sde Boker,Near,NA,34.79467,30.88069,17895,Sde Boker Near 9,0,0,0,0,0,0,0,0,0,0,0,0,0,0,0,1
T2,2018,Negev Highlands,NA,Yeruham,Far,NA,34.89235,30.97854,17876,Yeruham Far 1,1,0,0,0,0,0,0,0,0,0,0,0,0,0,0,0
T2,2018,Negev Highlands,NA,Yeruham,Far,NA,34.89407,30.97834,17876,Yeruham Far 3,0,0,0,0,0,0,0,0,0,4,0,0,0,0,0,0
T2,2018,Negev Highlands,NA,Yeruham,Far,NA,34.89449,30.97799,17876,Yeruham Far 4,0,0,0,0,0,0,0,0,0,0,1,0,0,0,0,0
T2,2018,Negev Highlands,NA,Yeruham,Far,NA,34.89514,30.97759,17876,Yeruham Far 5,0,0,0,0,0,0,0,0,0,0,1,0,0,0,0,0
T2,2018,Negev Highlands,NA,Yeruham,Far,NA,34.89547,30.97694,17876,Yeruham Far 6,5,0,0,0,0,0,0,0,1,3,2,0,0,0,0,1
T2,2018,Negev Highlands,NA,Yeruham,Far,NA,34.8958,30.97627,17876,Yeruham Far 7,6,0,0,0,0,0,0,0,2,0,0,0,0,0,0,1
T2,2018,Negev Highlands,NA,Yeruham,Far,NA,34.89582,30.97576,17876,Yeruham Far 8,0,0,0,0,0,0,0,0,1,0,0,0,0,0,0,0
T2,2018,Negev Highlands,NA,Yeruham,Far,NA,34.89583,30.97493,17876,Yeruham Far 9,2,0,0,0,0,0,0,0,2,0,0,0,0,0,0,1
T2,2018,Negev Highlands,NA,Yeruham,Near,NA,34.90887,30.98574,17876,Yeruham Near 9,1,0,0,0,0,0,0,0,0,3,0,0,0,0,0,0
T2,2018,Negev Highlands,NA,Yeruham,Near,NA,34.90986,30.98614,17876,Yeruham Near 8,0,0,0,0,0,0,0,0,0,10,0,0,0,0,0,2
T2,2018,Negev Highlands,NA,Yeruham,Near,NA,34.91088,30.98625,17876,Yeruham Near 7,1,0,0,0,0,0,0,0,0,4,0,0,0,0,0,2
T2,2018,Negev Highlands,NA,Yeruham,Near,NA,34.91214,30.98582,17876,Yeruham Near 6,3,0,0,0,0,0,0,0,3,5,0,0,0,0,0,0
T2,2018,Negev Highlands,NA,Yeruham,Near,NA,34.91326,30.98524,17876,Yeruham Near 5,0,0,0,0,0,0,0,0,1,0,0,0,0,0,0,0
T2,2018,Negev Highlands,NA,Yeruham,Near,NA,34.91393,30.98488,17876,Yeruham Near 4,2,0,0,0,0,0,0,0,0,3,0,0,0,0,0,9
T2,2018,Negev Highlands,NA,Yeruham,Near,NA,34.91473,30.98359,17876,Yeruham Near 1,0,0,0,0,0,0,0,0,0,0,1,0,0,0,0,3
T2,2018,Negev Highlands,NA,Yeruham,Near,NA,34.91506,30.98448,17876,Yeruham Near 3,14,0,0,0,0,0,0,0,2,23,0,0,0,0,0,2
T2,2018,Negev Highlands,NA,Yeruham,Near,NA,34.9157,30.98446,17876,Yeruham Near 2,9,0,0,0,0,0,0,0,0,11,0,0,0,0,0,4
T2,2018,Planted Conifer Forests,Galilee,Zuriel,Far,NA,35.31302,33.01078,17522,Zuriel Far 4,0,0,0,0,0,0,0,0,0,0,0,0,0,0,2,0
T2,2018,Planted Conifer Forests,Galilee,Zuriel,Far,NA,35.31313,33.01017,17522,Zuriel Far 3,0,0,0,0,0,0,0,0,0,0,0,0,0,0,3,0
T2,2018,Planted Conifer Forests,Galilee,Zuriel,Far,NA,35.31351,33.01164,17522,Zuriel Far 6,0,0,0,0,0,0,0,0,0,0,0,0,0,0,2,0
T2,2018,Planted Conifer Forests,Galilee,Zuriel,Far,NA,35.31378,33.00929,17522,Zuriel Far 1,0,0,0,0,0,0,0,0,0,0,0,0,0,0,3,0
T2,2018,Planted Conifer Forests,Judea,Amatzia,Far,NA,34.8918,31.51173,17574,Amatzia Far 8,2,0,0,0,0,0,0,0,0,0,0,0,0,0,0,0
T2,2018,Planted Conifer Forests,Judea,Amatzia,Far,NA,34.89243,31.51093,17574,Amatzia Far 9,0,0,0,0,0,0,0,0,0,2,0,0,0,0,0,1
T2,2018,Planted Conifer Forests,Judea,Amatzia,Far,NA,34.89381,31.51147,17574,Amatzia Far 5,1,0,0,0,0,0,0,0,0,0,0,0,0,0,0,3
T2,2018,Planted Conifer Forests,Judea,Amatzia,Far,NA,34.89433,31.5118,17574,Amatzia Far 6,0,0,0,0,0,0,0,1,0,0,0,0,0,0,0,0
T2,2018,Planted Conifer Forests,Judea,Amatzia,Far,NA,34.89435,31.51105,17574,Amatzia Far 4,0,0,0,0,0,0,0,1,0,0,0,0,0,0,0,0
T2,2018,Planted Conifer Forests,Judea,Amatzia,Far,NA,34.89484,31.51019,17574,Amatzia Far 3,16,0,0,0,0,0,0,0,0,0,0,0,2,0,0,2
T2,2019,Arid Desert,NA,Lotan,Far,NA,35.08355,30.01749,17948,Lotan Far 9,0,0,0,0,0,0,5,0,1,0,0,0,0,0,0,0
T2,2019,Arid Desert,NA,Lotan,Far,NA,35.08358,30.01682,17948,Lotan Far 8,0,0,0,0,0,0,12,0,0,0,0,0,0,0,0,0
T2,2019,Arid Desert,NA,Lotan,Far,NA,35.08373,30.01595,17948,Lotan Far 7,0,0,0,0,0,0,17,0,0,0,0,0,0,0,0,0
T2,2019,Arid Desert,NA,Lotan,Far,NA,35.08382,30.01531,17948,Lotan Far 6,0,0,0,0,0,0,12,0,0,0,0,0,0,0,0,0
T2,2019,Arid Desert,NA,Lotan,Far,NA,35.08399,30.01462,17948,Lotan Far 5,0,0,0,0,0,0,9,0,0,0,0,0,0,0,0,0
T2,2019,Arid Desert,NA,Lotan,Far,NA,35.08405,30.01387,17948,Lotan Far 4,0,0,0,0,0,0,4,0,0,0,0,0,0,0,0,0
T2,2019,Arid Desert,NA,Lotan,Far,NA,35.08432,30.01328,17948,Lotan Far 3,0,0,0,0,0,0,4,0,0,0,0,0,0,0,0,0
T2,2019,Arid Desert,NA,Lotan,Near,NA,35.0833,29.98043,17948,Lotan Near 5,0,0,0,0,0,0,0,0,0,0,3,0,0,0,0,0
T2,2019,Arid Desert,NA,Lotan,Near,NA,35.084,29.9798,17948,Lotan Near 6,0,0,0,0,0,0,0,0,0,0,3,0,0,0,0,2
T2,2019,Arid Desert,NA,Lotan,Near,NA,35.08408,29.98188,17948,Lotan Near 1,0,0,0,0,1,0,0,0,0,0,1,0,0,0,0,1
T2,2019,Arid Desert,NA,Lotan,Near,NA,35.08414,29.98031,17948,Lotan Near 4,1,0,0,0,0,0,0,0,0,0,0,0,0,0,0,3
T2,2019,Arid Desert,NA,Lotan,Near,NA,35.08427,29.98098,17948,Lotan Near 2,0,0,0,0,0,0,0,0,0,0,0,0,0,0,0,1
T2,2019,Arid Desert,NA,Lotan,Near,NA,35.08464,29.98052,17948,Lotan Near 3,0,0,0,0,0,0,0,0,0,0,6,0,0,0,0,4
T2,2019,Arid Desert,NA,Lotan,Near,NA,35.08471,29.97955,17948,Lotan Near 7,0,0,0,0,0,0,0,0,0,0,1,0,0,0,0,1
T2,2019,Arid Desert,NA,Lotan,Near,NA,35.08486,29.979,17948,Lotan Near 9,1,0,0,0,0,0,0,0,0,0,0,0,0,0,0,0
T2,2019,Negev Highlands,NA,Bislach,Far,NA,34.89462,31.00335,17900,Bislach Far 1,0,0,0,0,0,0,1,0,0,2,2,0,0,0,0,0
T2,2019,Negev Highlands,NA,Bislach,Far,NA,34.89763,31.00435,17900,Bislach Far 4,1,0,0,0,0,0,0,0,0,0,3,0,0,0,0,0
T2,2019,Negev Highlands,NA,Bislach,Far,NA,34.89863,31.00534,17900,Bislach Far 6,11,0,0,0,0,0,0,0,0,2,0,0,0,0,0,1
T2,2019,Negev Highlands,NA,Bislach,Far,NA,34.89918,31.00555,17900,Bislach Far 7,0,0,0,0,0,0,0,0,1,0,0,0,0,0,0,0
T2,2019,Negev Highlands,NA,Bislach,Near,NA,34.87205,31.02165,17900,Bislach Near 1,1,0,0,0,0,0,0,0,1,2,2,0,0,0,0,0
T2,2019,Negev Highlands,NA,Bislach,Near,NA,34.87243,31.02111,17900,Bislach Near 2,2,0,0,0,0,0,0,0,0,0,3,0,0,0,0,1
T2,2019,Negev Highlands,NA,Bislach,Near,NA,34.87533,31.01972,17900,Bislach Near 9,3,0,0,0,0,0,0,0,0,2,0,0,0,0,0,1
T2,2019,Negev Highlands,NA,Bislach,Near,NA,34.87678,31.01902,17900,Bislach Near 6,2,0,0,0,0,0,0,0,0,0,0,0,0,0,0,0
T2,2019,Negev Highlands,NA,Ezuz,Far,NA,34.46547,30.78259,17928,Ezuz Far 9,4,0,0,0,0,0,0,0,0,0,3,0,0,0,0,0
T2,2019,Negev Highlands,NA,Ezuz,Far,NA,34.46579,30.7829,17928,Ezuz Far 8,4,0,0,0,0,0,1,0,0,3,1,0,0,0,0,0
T2,2019,Negev Highlands,NA,Ezuz,Far,NA,34.46585,30.78174,17928,Ezuz Far 1,0,0,0,0,0,0,3,0,0,0,2,0,0,0,0,0
T2,2019,Negev Highlands,NA,Ezuz,Far,NA,34.4672,30.78154,17928,Ezuz Far 6,0,0,0,0,0,0,0,0,0,1,3,0,0,0,0,0
T2,2019,Negev Highlands,NA,Ezuz,Far,NA,34.46781,30.7821,17928,Ezuz Far 4,0,0,0,0,0,0,0,0,0,1,1,0,0,0,0,0
T2,2019,Negev Highlands,NA,Ezuz,Far,NA,34.46786,30.78173,17928,Ezuz Far 3,1,0,0,0,0,0,0,0,0,3,0,0,0,0,0,0
T2,2019,Negev Highlands,NA,Ezuz,Far,NA,34.46845,30.78174,17928,Ezuz Far 5,3,0,0,0,0,0,0,0,0,3,5,0,0,0,0,0
T2,2019,Negev Highlands,NA,Ezuz,Near,NA,34.46508,30.79828,17928,Ezuz Near 2,0,0,0,0,0,0,0,0,0,0,2,0,0,0,0,0
T2,2019,Negev Highlands,NA,Ezuz,Near,NA,34.46581,30.79797,17928,Ezuz Near 3,0,0,0,0,0,0,0,0,0,0,3,0,0,0,0,0
T2,2019,Negev Highlands,NA,Ezuz,Near,NA,34.46771,30.79652,17928,Ezuz Near 7,3,0,0,0,0,0,0,0,0,0,3,0,0,0,0,0
T2,2019,Negev Highlands,NA,Ezuz,Near,NA,34.46797,30.79589,17928,Ezuz Near 8,0,0,0,0,0,0,0,0,0,0,2,0,0,0,0,0
T2,2019,Negev Highlands,NA,Ezuz,Near,NA,34.46806,30.79531,17928,Ezuz Near 9,1,0,0,0,0,0,0,0,0,3,0,0,0,0,0,0
T2,2019,Negev Highlands,NA,Merhav Am,Far,NA,34.83371,30.89812,17916,Merhav Am Far 8,20,0,0,0,0,0,0,0,3,0,0,0,0,0,0,1
T2,2019,Negev Highlands,NA,Merhav Am,Far,NA,34.83547,30.89761,17916,Merhav Am Far 6,3,0,0,0,0,0,0,0,1,1,0,0,0,0,0,1
T2,2019,Negev Highlands,NA,Merhav Am,Far,NA,34.83595,30.89733,17916,Merhav Am Far 5,0,0,0,0,0,0,0,0,0,1,0,0,0,0,0,0
T2,2019,Negev Highlands,NA,Merhav Am,Far,NA,34.83662,30.89745,17916,Merhav Am Far 4,0,0,0,0,0,0,0,0,1,0,0,0,0,0,0,0
T2,2019,Negev Highlands,NA,Merhav Am,Far,NA,34.83816,30.8967,17916,Merhav Am Far 2,0,0,0,0,0,0,0,0,0,0,0,0,0,0,0,2
T2,2019,Negev Highlands,NA,Merhav Am,Near,NA,34.82675,30.88546,17916,Merhav Am Near 9,4,0,0,0,0,0,0,0,0,0,0,0,0,0,0,0
T2,2019,Negev Highlands,NA,Merhav Am,Near,NA,34.82693,30.88487,17916,Merhav Am Near 8,2,0,0,0,0,0,0,0,0,0,0,0,0,0,0,6
T2,2019,Negev Highlands,NA,Merhav Am,Near,NA,34.82763,30.88438,17916,Merhav Am Near 7,1,0,0,0,0,0,0,0,0,0,0,0,0,0,0,5
T2,2019,Negev Highlands,NA,Merhav Am,Near,NA,34.82795,30.88404,17916,Merhav Am Near 6,6,0,0,0,0,0,2,0,0,1,1,0,0,0,0,13
T2,2019,Negev Highlands,NA,Merhav Am,Near,NA,34.82848,30.88366,17916,Merhav Am Near 5,0,0,0,0,0,0,0,0,0,0,0,0,0,0,0,2
T2,2019,Negev Highlands,NA,Merhav Am,Near,NA,34.83116,30.88251,17916,Merhav Am Near 2,0,0,0,0,0,0,0,0,0,1,0,0,0,0,0,3
T2,2019,Negev Highlands,NA,Merhav Am,Near,NA,34.83157,30.88233,17916,Merhav Am Near 3,0,0,0,0,0,0,0,0,0,1,0,0,0,0,0,0
T2,2019,Negev Highlands,NA,Merhav Am,Near,NA,34.83199,30.88178,17916,Merhav Am Near 1,1,0,0,0,0,0,0,0,0,0,0,0,0,0,0,1
T2,2019,Negev Highlands,NA,Sde Boker,Far,NA,34.77622,30.88614,17895,Sde Boker Far 8,1,0,0,0,0,0,1,0,2,0,4,0,0,0,0,3
T2,2019,Negev Highlands,NA,Sde Boker,Far,NA,34.77624,30.88732,17895,Sde Boker Far 7,0,0,0,0,0,0,0,0,0,0,5,0,0,0,0,1
T2,2019,Negev Highlands,NA,Sde Boker,Far,NA,34.77718,30.88605,17895,Sde Boker Far 9,0,0,0,0,0,0,11,0,0,0,0,0,0,0,0,2
T2,2019,Negev Highlands,NA,Sde Boker,Near,NA,34.791,30.8776,17895,Sde Boker Near 7,1,0,0,0,0,0,0,0,0,0,0,0,0,0,0,2
T2,2019,Negev Highlands,NA,Sde Boker,Near,NA,34.79147,30.87769,17895,Sde Boker Near 6,6,0,0,0,0,0,0,0,1,0,0,0,0,0,0,0
T2,2019,Negev Highlands,NA,Sde Boker,Near,NA,34.79218,30.87786,17895,Sde Boker Near 5,8,0,0,0,0,0,0,0,0,1,0,0,0,0,0,3
T2,2019,Negev Highlands,NA,Sde Boker,Near,NA,34.79232,30.87832,17895,Sde Boker Near 4,1,0,0,0,0,0,0,0,1,0,0,0,0,0,0,6
T2,2019,Negev Highlands,NA,Sde Boker,Near,NA,34.79297,30.87879,17895,Sde Boker Near 3,1,0,0,0,0,0,0,0,0,1,0,0,0,0,0,3
T2,2019,Negev Highlands,NA,Sde Boker,Near,NA,34.79331,30.87934,17895,Sde Boker Near 2,4,0,0,0,0,0,0,0,0,1,0,0,0,0,0,3
T2,2019,Negev Highlands,NA,Sde Boker,Near,NA,34.794,30.87963,17895,Sde Boker Near 1,0,0,0,0,0,0,0,0,0,4,0,0,0,0,0,4
T2,2019,Negev Highlands,NA,Sde Boker,Near,NA,34.79467,30.88069,17895,Sde Boker Near 9,0,0,0,0,0,0,0,0,0,1,0,0,0,0,0,5
T2,2019,Negev Highlands,NA,Sde Boker,Near,NA,34.79546,30.88094,17895,Sde Boker Near 8,4,0,0,0,0,0,0,0,0,4,0,0,0,0,0,7
T3,2019,Mediterranean Maquis,Carmel,Beit Oren,Far,NA,35.00203002,32.72541302,18205,Beit Oren Far 9,1,0,0,0,0,0,0,0,0,0,0,0,0,0,0,0
T3,2019,Mediterranean Maquis,Carmel,Beit Oren,Far,NA,35.00292923,32.7252232,18205,Beit Oren Far 8,0,0,0,0,0,0,0,0,0,0,0,0,0,0,1,0
T3,2019,Mediterranean Maquis,Carmel,Beit Oren,Far,NA,35.00456337,32.72562118,18205,Beit Oren Far 6,4,0,0,0,0,0,0,0,0,3,0,0,1,0,19,0
T3,2019,Mediterranean Maquis,Carmel,Beit Oren,Far,NA,35.00520844,32.72528892,18205,Beit Oren Far 5,3,0,0,0,0,0,0,0,0,0,0,0,0,0,9,0
T3,2019,Mediterranean Maquis,Carmel,Beit Oren,Far,NA,35.00615861,32.72528441,18205,Beit Oren Far 4,2,0,0,0,0,0,0,0,0,3,0,0,0,0,15,0
T3,2019,Mediterranean Maquis,Carmel,Beit Oren,Far,NA,35.00664108,32.72580649,18205,Beit Oren Far 3,0,0,0,0,0,0,0,0,0,1,0,0,0,0,34,0
T3,2019,Mediterranean Maquis,Carmel,Beit Oren,Far,NA,35.00716746,32.72617094,18205,Beit Oren Far 2,0,0,0,0,0,0,0,0,0,0,0,0,0,0,44,0
T3,2019,Mediterranean Maquis,Carmel,Beit Oren,Far,NA,35.0081577,32.72598763,18205,Beit Oren Far 1,8,0,0,0,0,0,0,0,0,4,0,0,0,0,25,0
T3,2019,Mediterranean Maquis,Carmel,Beit Oren,Near,NA,35.00183892,32.73441812,18205,Beit Oren Near 2,2,0,0,0,0,0,0,0,0,2,0,0,1,0,0,0
T3,2019,Mediterranean Maquis,Carmel,Beit Oren,Near,NA,35.0020498,32.73452839,18205,Beit Oren Near 4,0,0,0,0,0,0,0,0,0,2,0,0,0,0,15,0
T3,2019,Mediterranean Maquis,Carmel,Beit Oren,Near,NA,35.00228114,32.73337996,18205,Beit Oren Near 5,0,0,0,0,0,0,0,0,0,9,0,0,3,0,13,0
T3,2019,Mediterranean Maquis,Carmel,Beit Oren,Near,NA,35.00317365,32.73320708,18205,Beit Oren Near 6,1,0,0,0,0,0,0,0,0,0,0,0,0,0,0,0
T3,2019,Mediterranean Maquis,Carmel,Beit Oren,Near,NA,35.00413857,32.73308552,18205,Beit Oren Near 8,15,0,0,0,0,0,0,0,0,25,0,0,13,0,29,4
T3,2019,Mediterranean Maquis,Carmel,Beit Oren,Near,NA,35.00421602,32.73291038,18205,Beit Oren Near 9,5,0,0,0,0,0,0,0,0,0,0,0,0,0,0,0
T3,2019,Mediterranean Maquis,Carmel,Kerem Maharal,Far,NA,35.00440244,32.67151321,18237,Kerem Maharal Far 1,0,0,0,0,0,0,0,0,0,2,0,0,2,0,14,2
T3,2019,Mediterranean Maquis,Carmel,Kerem Maharal,Far,NA,35.00462808,32.67145197,18237,Kerem Maharal Far 2,0,0,0,0,0,0,0,0,0,0,0,0,2,0,12,0
T3,2019,Mediterranean Maquis,Carmel,Kerem Maharal,Far,NA,35.00508707,32.67168452,18237,Kerem Maharal Far 4,0,0,0,0,0,0,0,0,0,2,0,0,0,0,8,1
T3,2019,Mediterranean Maquis,Carmel,Kerem Maharal,Far,NA,35.00558663,32.67200429,18237,Kerem Maharal Far 5,0,0,0,0,0,0,0,0,0,0,0,0,0,0,8,0
T3,2019,Mediterranean Maquis,Carmel,Kerem Maharal,Far,NA,35.0058277,32.67179939,18237,Kerem Maharal Far 6,0,0,0,0,0,0,0,3,0,1,0,0,0,0,12,5
T3,2019,Mediterranean Maquis,Carmel,Kerem Maharal,Far,NA,35.00742126,32.67163118,18237,Kerem Maharal Far 9,0,0,0,0,0,0,0,0,0,2,0,0,1,0,2,5
T3,2019,Mediterranean Maquis,Carmel,Kerem Maharal,Near,NA,34.99047909,32.65701847,18237,Kerem Maharal Near 9,0,0,0,0,0,0,0,1,4,0,0,0,0,0,12,0
T3,2019,Mediterranean Maquis,Carmel,Kerem Maharal,Near,NA,34.99055788,32.65740999,18237,Kerem Maharal Near 8,0,0,0,0,0,0,0,1,0,1,0,0,1,0,8,3
T3,2019,Mediterranean Maquis,Carmel,Kerem Maharal,Near,NA,34.99072418,32.65749552,18237,Kerem Maharal Near 7,0,0,0,0,0,0,0,0,0,2,0,0,0,0,4,0
T3,2019,Mediterranean Maquis,Carmel,Kerem Maharal,Near,NA,34.9909468,32.65551083,18237,Kerem Maharal Near 1,0,0,0,0,0,0,0,0,0,0,0,0,0,0,1,0
T3,2019,Mediterranean Maquis,Carmel,Kerem Maharal,Near,NA,34.99100983,32.65714098,18237,Kerem Maharal Near 5,0,0,0,0,0,0,0,0,0,0,0,0,0,0,25,2
T3,2019,Mediterranean Maquis,Carmel,Kerem Maharal,Near,NA,34.99107387,32.6572505,18237,Kerem Maharal Near 6,0,0,0,0,0,0,0,3,0,1,0,0,0,0,17,0
T3,2019,Mediterranean Maquis,Carmel,Kerem Maharal,Near,NA,34.99131024,32.65504592,18237,Kerem Maharal Near 3,0,0,0,0,0,0,0,0,0,0,0,0,1,0,4,2
T3,2019,Mediterranean Maquis,Carmel,Kerem Maharal,Near,NA,34.99135114,32.6572776,18237,Kerem Maharal Near 4,0,0,0,0,0,0,0,0,0,0,0,0,0,0,9,0
T3,2019,Mediterranean Maquis,Carmel,Kerem Maharal,Near,NA,34.99140713,32.65530844,18237,Kerem Maharal Near 2,2,0,0,0,0,0,0,0,0,0,0,0,1,0,0,0
T3,2019,Mediterranean Maquis,Carmel,Nir Etzion,Far,NA,35.00607178,32.69857765,18225,Nir Etzion Far 1,0,0,0,0,0,0,0,0,0,1,0,0,0,0,5,1
T3,2019,Mediterranean Maquis,Carmel,Nir Etzion,Far,NA,35.00641543,32.6984157,18225,Nir Etzion Far 2,0,0,0,0,0,0,0,0,2,0,0,0,0,0,8,0
T3,2019,Mediterranean Maquis,Carmel,Nir Etzion,Far,NA,35.00676177,32.69830989,18225,Nir Etzion Far 3,0,0,0,0,0,0,0,0,1,3,0,0,0,0,9,1
T3,2019,Mediterranean Maquis,Carmel,Nir Etzion,Far,NA,35.00689052,32.69832964,18225,Nir Etzion Far 4,1,0,0,0,0,0,0,0,1,5,0,0,0,0,17,1
T3,2019,Mediterranean Maquis,Carmel,Nir Etzion,Far,NA,35.00760634,32.69807261,18225,Nir Etzion Far 5,0,0,0,0,0,0,0,0,0,0,0,0,0,0,6,0
T3,2019,Mediterranean Maquis,Carmel,Nir Etzion,Far,NA,35.00916872,32.69795665,18225,Nir Etzion Far 7,0,0,0,0,0,0,0,0,0,0,0,0,0,0,1,0
T3,2019,Mediterranean Maquis,Carmel,Nir Etzion,Far,NA,35.00957072,32.69824443,18225,Nir Etzion Far 8,0,0,0,0,0,0,0,0,2,0,0,0,0,0,3,0
T3,2019,Mediterranean Maquis,Carmel,Nir Etzion,Near,NA,34.99235932,32.70141963,18225,Nir Etzion Near 1,0,0,0,0,0,0,0,0,0,0,0,0,0,0,9,0
T3,2019,Mediterranean Maquis,Carmel,Nir Etzion,Near,NA,34.99289442,32.70111069,18225,Nir Etzion Near 2,0,0,0,0,0,0,0,0,0,0,0,0,0,0,4,0
T3,2019,Mediterranean Maquis,Carmel,Nir Etzion,Near,NA,34.99315526,32.70107768,18225,Nir Etzion Near 3,0,0,0,0,0,0,0,0,0,0,0,0,0,0,1,1
T3,2019,Mediterranean Maquis,Carmel,Nir Etzion,Near,NA,34.99350932,32.70083448,18225,Nir Etzion Near 4,1,0,0,0,0,0,0,0,0,0,0,0,0,0,19,0
T3,2019,Mediterranean Maquis,Carmel,Nir Etzion,Near,NA,34.99401122,32.70080824,18225,Nir Etzion Near 5,1,0,0,0,0,0,0,0,0,0,0,0,0,0,17,0
T3,2019,Mediterranean Maquis,Carmel,Nir Etzion,Near,NA,34.99427542,32.70058648,18225,Nir Etzion Near 6,0,0,0,0,0,0,0,0,0,0,0,0,0,0,1,0
T3,2019,Mediterranean Maquis,Carmel,Nir Etzion,Near,NA,34.99510221,32.70036105,18225,Nir Etzion Near 8,4,0,0,0,0,0,0,0,6,10,0,0,8,0,74,9
T3,2019,Mediterranean Maquis,Carmel,Nir Etzion,Near,NA,34.99540564,32.70026823,18225,Nir Etzion Near 9,0,0,0,0,0,0,0,0,2,14,1,0,9,0,52,8
T3,2019,Mediterranean Maquis,Carmel,Ofer,Far,NA,34.99040512,32.61497436,18246,Ofer Far 1,3,0,0,0,0,0,0,0,0,3,0,0,0,0,1,1
T3,2019,Mediterranean Maquis,Carmel,Ofer,Far,NA,34.99097712,32.61516607,18246,Ofer Far 2,0,0,0,0,0,0,0,0,0,2,0,0,0,0,3,0
T3,2019,Mediterranean Maquis,Carmel,Ofer,Far,NA,34.99159288,32.61530131,18246,Ofer Far 3,2,0,0,0,0,0,0,0,0,10,0,0,5,0,2,17
T3,2019,Mediterranean Maquis,Carmel,Ofer,Far,NA,34.99212664,32.61556593,18246,Ofer Far 4,0,0,0,0,0,0,0,0,0,7,0,0,2,0,2,1
T3,2019,Mediterranean Maquis,Carmel,Ofer,Far,NA,34.99268655,32.6155038,18246,Ofer Far 5,0,0,0,0,0,0,0,0,1,8,0,0,2,0,3,6
T3,2019,Mediterranean Maquis,Carmel,Ofer,Far,NA,34.99320354,32.61539479,18246,Ofer Far 6,0,0,0,0,0,0,0,0,0,0,0,0,0,0,1,0
T3,2019,Mediterranean Maquis,Carmel,Ofer,Far,NA,34.99395087,32.61518891,18246,Ofer Far 7,7,0,0,0,0,0,0,0,1,8,0,0,1,0,5,14
T3,2019,Mediterranean Maquis,Carmel,Ofer,Far,NA,34.99487188,32.61496355,18246,Ofer Far 9,0,0,0,0,0,0,0,0,0,2,0,0,1,0,0,0
T3,2019,Mediterranean Maquis,Carmel,Ofer,Near,NA,34.98248912,32.61688334,18246,Ofer Near 1,0,0,0,0,0,0,0,0,0,1,0,0,0,0,1,0
T3,2019,Mediterranean Maquis,Carmel,Ofer,Near,NA,34.98271745,32.61712112,18246,Ofer Near 2,2,0,0,0,0,0,0,0,0,2,0,0,0,0,12,0
T3,2019,Mediterranean Maquis,Carmel,Ofer,Near,NA,34.98333,32.61725723,18246,Ofer Near 4,6,0,0,0,0,0,0,0,0,0,0,0,0,0,7,1
T3,2019,Mediterranean Maquis,Carmel,Ofer,Near,NA,34.98378932,32.61717844,18246,Ofer Near 5,1,0,0,0,0,0,0,0,0,3,0,0,0,0,0,0
T3,2019,Mediterranean Maquis,Carmel,Ofer,Near,NA,34.98443406,32.61716545,18246,Ofer Near 6,1,0,0,0,0,0,0,0,0,0,0,0,1,0,7,0
T3,2019,Mediterranean Maquis,Carmel,Ofer,Near,NA,34.98521559,32.61750687,18246,Ofer Near 7,33,0,0,0,0,0,0,0,0,7,0,0,0,0,54,2
T3,2019,Mediterranean Maquis,Carmel,Ofer,Near,NA,34.98600919,32.61821259,18246,Ofer Near 8,25,0,0,0,0,0,0,0,0,11,0,0,1,0,33,1
T3,2019,Mediterranean Maquis,Carmel,Ofer,Near,NA,34.98645376,32.61839897,18246,Ofer Near 9,1,0,0,0,0,0,0,0,0,12,0,0,1,0,19,2
T3,2019,Mediterranean Maquis,Carmel,Yagur,Far,NA,35.05353481,32.75482176,18253,Yagur Far 8,10,0,0,0,0,0,0,0,0,15,0,0,0,0,4,0
T3,2019,Mediterranean Maquis,Carmel,Yagur,Far,NA,35.05358979,32.7546069,18253,Yagur Far 9,0,0,0,0,0,0,0,0,0,0,0,0,0,0,2,0
T3,2019,Mediterranean Maquis,Carmel,Yagur,Far,NA,35.05372055,32.7558794,18253,Yagur Far 4,1,0,0,0,0,0,0,0,0,0,0,0,0,0,11,0
T3,2019,Mediterranean Maquis,Carmel,Yagur,Far,NA,35.05387478,32.75608833,18253,Yagur Far 2,3,0,0,0,0,0,0,0,0,6,0,0,2,0,13,1
T3,2019,Mediterranean Maquis,Carmel,Yagur,Far,NA,35.05393412,32.75575506,18253,Yagur Far 1,7,0,0,0,0,0,0,0,0,2,0,0,1,0,3,3
T3,2019,Mediterranean Maquis,Carmel,Yagur,Near,NA,35.07388439,32.73901565,18253,Yagur Near 3,0,0,0,0,0,0,0,0,0,1,0,0,0,0,1,2
T3,2019,Mediterranean Maquis,Carmel,Yagur,Near,NA,35.07399403,32.73879765,18253,Yagur Near 4,0,0,0,0,0,0,0,0,0,0,0,0,0,0,1,0
T3,2019,Mediterranean Maquis,Carmel,Yagur,Near,NA,35.07479399,32.73942372,18253,Yagur Near 1,2,0,0,0,0,0,0,0,0,0,0,0,1,0,0,3
T3,2019,Mediterranean Maquis,Carmel,Yagur,Near,NA,35.07486206,32.73897588,18253,Yagur Near 6,0,0,0,0,0,0,0,0,0,0,0,0,0,0,0,1
T3,2019,Mediterranean Maquis,Carmel,Yagur,Near,NA,35.07534184,32.73901452,18253,Yagur Near 7,0,0,0,0,0,0,0,0,0,4,0,0,14,0,5,4
T3,2019,Mediterranean Maquis,Carmel,Yagur,Near,NA,35.07598389,32.73899788,18253,Yagur Near 8,3,0,0,0,0,0,0,0,0,10,0,0,0,0,5,0
T3,2019,Mediterranean Maquis,Carmel,Yagur,Near,NA,35.07678319,32.73871051,18253,Yagur Near 9,0,0,0,0,0,0,0,0,0,0,0,0,0,0,3,0
T3,2019,Mediterranean Maquis,Judea,Aderet,Far,NA,34.98054419,31.6652236,18168,Aderet Far 5,0,0,0,0,0,0,0,5,2,0,0,0,0,0,0,0
T3,2019,Mediterranean Maquis,Judea,Aderet,Far,NA,34.98073328,31.66452417,18168,Aderet Far 6,0,0,0,0,0,0,0,0,0,1,0,0,0,0,0,0
T3,2019,Mediterranean Maquis,Judea,Aderet,Far,NA,34.98074703,31.66564194,18168,Aderet Far 2,0,0,0,0,0,0,0,0,0,0,0,0,0,0,0,2
T3,2019,Mediterranean Maquis,Judea,Aderet,Far,NA,34.98098943,31.66428161,18168,Aderet Far 7,2,0,0,0,0,0,0,4,0,2,0,0,0,0,0,1
T3,2019,Mediterranean Maquis,Judea,Aderet,Far,NA,34.98128649,31.66379991,18168,Aderet Far 8,0,0,0,0,0,0,0,0,1,3,0,0,0,0,0,1
T3,2019,Mediterranean Maquis,Judea,Aderet,Far,NA,34.98142865,31.6661165,18168,Aderet Far 4,0,0,0,0,0,0,0,3,0,0,0,0,0,0,0,0
T3,2019,Mediterranean Maquis,Judea,Aderet,Far,NA,34.98201102,31.66318037,18168,Aderet Far 9,1,0,0,0,0,0,0,8,1,0,0,0,0,0,0,0
T3,2019,Mediterranean Maquis,Judea,Aderet,Near,NA,34.98868503,31.66191561,18168,Aderet Near 1,1,0,0,0,0,0,0,13,3,4,0,0,0,0,0,0
T3,2019,Mediterranean Maquis,Judea,Aderet,Near,NA,34.98873297,31.66252459,18168,Aderet Near 9,0,0,0,0,0,0,0,0,0,1,0,0,0,0,0,0
T3,2019,Mediterranean Maquis,Judea,Aderet,Near,NA,34.98874135,31.65940514,18168,Aderet Near 5,1,0,0,0,0,0,0,1,0,0,0,0,0,0,0,0
T3,2019,Mediterranean Maquis,Judea,Aderet,Near,NA,34.98882953,31.66106091,18168,Aderet Near 2,0,0,0,0,0,0,0,3,0,2,0,0,2,0,0,0
T3,2019,Mediterranean Maquis,Judea,Aderet,Near,NA,34.98916313,31.66053981,18168,Aderet Near 3,1,0,0,0,0,0,0,1,0,4,0,0,1,0,0,0
T3,2019,Mediterranean Maquis,Judea,Aderet,Near,NA,34.9894565,31.66325828,18168,Aderet Near 7,1,0,0,0,0,0,0,2,0,4,0,0,0,0,0,0
T3,2019,Mediterranean Maquis,Judea,Aderet,Near,NA,34.98949338,31.66023959,18168,Aderet Near 4,0,0,0,0,0,0,0,0,0,2,0,0,1,0,0,0
T3,2019,Mediterranean Maquis,Judea,Aderet,Near,NA,34.98958826,31.65960976,18168,Aderet Near 6,0,0,0,0,0,0,0,0,0,0,0,0,0,0,0,1
T3,2019,Mediterranean Maquis,Judea,Givat Yearim,Far,NA,35.08997563,31.77564035,18154,Givat Yearim Far 9,0,0,0,0,0,0,0,0,1,0,0,0,0,0,0,0
T3,2019,Mediterranean Maquis,Judea,Givat Yearim,Far,NA,35.09059221,31.77560842,18154,Givat Yearim Far 1,1,0,0,0,0,0,0,0,0,0,0,0,0,0,0,0
T3,2019,Mediterranean Maquis,Judea,Givat Yearim,Far,NA,35.09081047,31.77586608,18154,Givat Yearim Far 8,3,0,0,0,0,0,0,0,0,0,0,0,0,0,0,0
T3,2019,Mediterranean Maquis,Judea,Givat Yearim,Far,NA,35.09177238,31.77558477,18154,Givat Yearim Far 2,2,0,0,0,0,0,0,0,0,0,0,0,0,0,0,0
T3,2019,Mediterranean Maquis,Judea,Givat Yearim,Far,NA,35.09239197,31.77499676,18154,Givat Yearim Far 5,50,0,0,0,0,0,0,2,8,0,0,0,0,0,10,0
T3,2019,Mediterranean Maquis,Judea,Givat Yearim,Far,NA,35.09298876,31.77341343,18154,Givat Yearim Far 6,0,0,0,0,0,0,0,0,0,0,0,0,0,0,0,1
T3,2019,Mediterranean Maquis,Judea,Givat Yearim,Far,NA,35.0934682,31.77366853,18154,Givat Yearim Far 7,2,0,0,0,0,0,0,0,0,0,0,0,0,0,0,0
T3,2019,Mediterranean Maquis,Judea,Givat Yearim,Far,NA,35.09359092,31.77459031,18154,Givat Yearim Far 4,1,0,0,0,0,0,0,0,0,0,0,0,0,0,0,0
T3,2019,Mediterranean Maquis,Judea,Givat Yearim,Near,NA,35.09369452,31.78708762,18155,Givat Yearim Near 2,15,0,0,0,0,0,0,0,3,17,0,0,2,0,0,0
T3,2019,Mediterranean Maquis,Judea,Givat Yearim,Near,NA,35.0946524,31.7866607,18155,Givat Yearim Near 9,0,0,0,0,0,0,0,0,1,33,0,0,2,0,0,0
T3,2019,Mediterranean Maquis,Judea,Givat Yearim,Near,NA,35.09519689,31.78676729,18155,Givat Yearim Near 1,2,0,0,0,0,0,0,0,3,2,0,0,0,0,0,0
T3,2019,Mediterranean Maquis,Judea,Givat Yearim,Near,NA,35.09525556,31.78662138,18155,Givat Yearim Near 4,0,0,0,0,0,0,0,0,0,1,0,0,0,0,0,0
T3,2019,Mediterranean Maquis,Judea,Givat Yearim,Near,NA,35.09612761,31.786321,18155,Givat Yearim Near 3,0,0,0,0,0,0,0,0,1,0,0,0,0,0,0,0
T3,2019,Mediterranean Maquis,Judea,Givat Yearim,Near,NA,35.09673949,31.7864367,18155,Givat Yearim Near 6,0,0,0,0,0,0,0,0,0,13,0,0,0,0,0,0
T3,2019,Mediterranean Maquis,Judea,Givat Yeshayahu,Far,NA,34.95604187,31.6620777,18142,Givat Yeshayahu Far 6,0,0,0,0,0,0,0,0,0,0,0,0,0,0,0,1
T3,2019,Mediterranean Maquis,Judea,Givat Yeshayahu,Far,NA,34.95617732,31.66180859,18142,Givat Yeshayahu Far 5,0,0,0,0,0,0,0,0,0,0,0,0,1,0,0,0
T3,2019,Mediterranean Maquis,Judea,Givat Yeshayahu,Far,NA,34.95618034,31.6624815,18142,Givat Yeshayahu Far 7,0,0,0,0,0,0,0,0,0,0,0,0,0,0,0,2
T3,2019,Mediterranean Maquis,Judea,Givat Yeshayahu,Far,NA,34.956581,31.66123984,18142,Givat Yeshayahu Far 4,0,0,0,0,0,0,0,3,0,1,0,0,0,0,0,11
T3,2019,Mediterranean Maquis,Judea,Givat Yeshayahu,Far,NA,34.95698232,31.66077154,18142,Givat Yeshayahu Far 3,0,0,0,0,0,0,0,0,0,1,0,0,0,0,0,1
T3,2019,Mediterranean Maquis,Judea,Givat Yeshayahu,Far,NA,34.9583048,31.6605925,18142,Givat Yeshayahu Far 1,1,0,0,0,0,0,0,0,0,0,0,0,0,0,0,0
T3,2019,Mediterranean Maquis,Judea,Givat Yeshayahu,Far,NA,34.95888837,31.66037914,18142,Givat Yeshayahu Far 9,0,0,0,0,0,0,0,0,0,0,0,0,0,0,0,1
T3,2019,Mediterranean Maquis,Judea,Givat Yeshayahu,Near,NA,34.95020539,31.67281995,18142,Givat Yeshayahu Near 8,0,0,0,0,0,0,0,0,0,29,0,0,0,0,0,0
T3,2019,Mediterranean Maquis,Judea,Givat Yeshayahu,Near,NA,34.95102346,31.67218364,18142,Givat Yeshayahu Near 2,0,0,0,0,0,0,0,0,0,13,0,0,0,0,0,0
T3,2019,Mediterranean Maquis,Judea,Givat Yeshayahu,Near,NA,34.95151531,31.67223757,18142,Givat Yeshayahu Near 3,1,0,0,0,0,0,0,0,0,8,0,0,0,0,0,3
T3,2019,Mediterranean Maquis,Judea,Givat Yeshayahu,Near,NA,34.95195284,31.67198904,18142,Givat Yeshayahu Near 4,0,0,0,0,0,0,0,0,0,52,0,0,0,0,0,13
T3,2019,Mediterranean Maquis,Judea,Givat Yeshayahu,Near,NA,34.9522215,31.6717151,18142,Givat Yeshayahu Near 5,0,0,0,0,0,0,0,0,0,10,0,0,0,0,0,8
T3,2019,Mediterranean Maquis,Judea,Givat Yeshayahu,Near,NA,34.95261401,31.67153249,18142,Givat Yeshayahu Near 9,0,0,0,0,0,0,0,0,0,13,0,0,0,0,0,1
T3,2019,Mediterranean Maquis,Judea,Givat Yeshayahu,Near,NA,34.9533372,31.67112473,18142,Givat Yeshayahu Near 6,1,0,0,0,0,0,0,0,0,5,0,0,0,0,0,5
T3,2019,Mediterranean Maquis,Judea,Givat Yeshayahu,Near,NA,34.953614,31.6709883,18142,Givat Yeshayahu Near 7,5,0,0,0,0,0,0,1,0,38,0,0,0,0,0,43
T3,2019,Mediterranean Maquis,Judea,Kisalon,Far,NA,35.03789619,31.76837737,18191,Kisalon Far 8,0,0,0,0,0,0,0,0,0,6,0,0,0,0,0,0
T3,2019,Mediterranean Maquis,Judea,Kisalon,Far,NA,35.03832769,31.76840787,18191,Kisalon Far 5,0,0,0,0,0,0,0,0,0,5,0,0,0,0,0,0
T3,2019,Mediterranean Maquis,Judea,Kisalon,Far,NA,35.03892481,31.76830012,18191,Kisalon Far 4,0,0,0,0,0,0,0,0,0,2,0,0,0,0,0,0
T3,2019,Mediterranean Maquis,Judea,Kisalon,Far,NA,35.03996953,31.7681747,18191,Kisalon Far 2,1,0,0,0,0,0,0,0,0,2,0,0,0,0,0,1
T3,2019,Mediterranean Maquis,Judea,Kisalon,Far,NA,35.0407571,31.76838022,18191,Kisalon Far 1,0,0,0,0,0,0,0,2,0,0,0,0,0,0,5,0
T3,2019,Mediterranean Maquis,Judea,Kisalon,Far,NA,35.04103236,31.76864218,18191,Kisalon Far 6,0,0,0,0,0,0,0,1,0,0,0,0,0,0,1,0
T3,2019,Mediterranean Maquis,Judea,Kisalon,Near,NA,35.05102057,31.77499448,18191,Kisalon Near 1,1,0,0,0,0,0,0,0,0,1,0,0,0,0,0,0
T3,2019,Mediterranean Maquis,Judea,Kisalon,Near,NA,35.05353179,31.77454556,18191,Kisalon Near 5,0,0,0,0,0,0,0,0,0,0,0,0,0,0,1,0
T3,2019,Mediterranean Maquis,Judea,Kisalon,Near,NA,35.0538208,31.77455753,18191,Kisalon Near 6,2,0,0,0,0,0,0,0,0,5,0,0,0,0,0,0
T3,2019,Mediterranean Maquis,Judea,Kisalon,Near,NA,35.05480215,31.77461824,18191,Kisalon Near 4,2,0,0,0,0,0,0,0,0,0,0,0,0,0,0,0
T3,2019,Mediterranean Maquis,Judea,Kisalon,Near,NA,35.05513072,31.77469093,18191,Kisalon Near 7,0,0,0,0,0,0,0,0,0,6,0,0,0,0,7,0
T3,2019,Mediterranean Maquis,Judea,Nehusha,Far,NA,34.94517591,31.63887196,18171,Nehusha Far 1,3,0,0,0,0,0,0,1,1,1,0,0,0,0,0,0
T3,2019,Mediterranean Maquis,Judea,Nehusha,Far,NA,34.94545083,31.6376611,18171,Nehusha Far 3,0,0,0,0,0,0,0,0,0,5,0,0,1,0,0,0
T3,2019,Mediterranean Maquis,Judea,Nehusha,Far,NA,34.94567279,31.63726604,18171,Nehusha Far 4,0,0,0,0,0,0,0,0,0,2,0,0,0,0,0,2
T3,2019,Mediterranean Maquis,Judea,Nehusha,Far,NA,34.94605735,31.63715443,18171,Nehusha Far 5,0,0,0,0,0,0,0,0,0,4,0,0,0,0,0,0
T3,2019,Mediterranean Maquis,Judea,Nehusha,Far,NA,34.94626388,31.63750924,18171,Nehusha Far 6,0,0,0,0,0,0,0,0,0,2,0,0,0,0,0,0
T3,2019,Mediterranean Maquis,Judea,Nehusha,Far,NA,34.94689219,31.63753836,18171,Nehusha Far 7,0,0,0,0,0,0,0,0,0,0,0,0,0,0,0,2
T3,2019,Mediterranean Maquis,Judea,Nehusha,Near,NA,34.9506617,31.63575714,18171,Nehusha Near 2,4,0,0,0,0,0,0,0,0,4,0,0,0,0,0,0
T3,2019,Mediterranean Maquis,Judea,Nehusha,Near,NA,34.95147038,31.63579739,18171,Nehusha Near 1,3,0,0,0,0,0,0,0,0,24,0,0,0,0,0,0
T3,2019,Mediterranean Maquis,Judea,Nehusha,Near,NA,34.95203264,31.63587018,18171,Nehusha Near 3,0,0,0,0,0,0,0,0,0,1,0,0,0,0,0,1
T3,2019,Mediterranean Maquis,Judea,Nehusha,Near,NA,34.95236993,31.63582051,18171,Nehusha Near 4,1,0,0,0,0,0,0,0,0,1,0,0,0,0,0,0
T3,2019,Mediterranean Maquis,Judea,Nehusha,Near,NA,34.95322723,31.63596752,18171,Nehusha Near 5,0,0,0,0,0,0,0,0,0,2,0,0,0,0,0,0
T3,2019,Mediterranean Maquis,Judea,Nehusha,Near,NA,34.95344181,31.63586618,18171,Nehusha Near 6,1,0,0,0,0,0,0,0,0,3,0,0,1,0,0,0
T3,2019,Mediterranean Maquis,Judea,Nehusha,Near,NA,34.95363023,31.63556703,18171,Nehusha Near 7,0,0,0,0,0,0,0,0,0,4,0,0,0,0,0,0
T3,2019,Mediterranean Maquis,Judea,Nehusha,Near,NA,34.95434169,31.63500782,18171,Nehusha Near 9,1,0,0,0,0,0,0,0,0,2,0,0,0,0,0,1
T3,2019,Planted Conifer Forests,Carmel,Bat Shlomo,Far,NA,35.00750609,32.58915772,18230,Bat Shlomo KKL Plantings 3,0,0,0,0,0,0,0,0,0,1,0,0,0,0,8,0
T3,2019,Planted Conifer Forests,Carmel,Bat Shlomo,Far,NA,35.00793558,32.58899021,18230,Bat Shlomo KKL Plantings 5,0,0,0,0,0,0,0,0,0,3,0,0,0,0,1,1
T3,2019,Planted Conifer Forests,Carmel,Bat Shlomo,Far,NA,35.00892967,32.58854302,18230,Bat Shlomo KKL Plantings 6,2,0,0,0,0,0,0,0,0,5,0,0,0,0,15,2
T3,2019,Planted Conifer Forests,Carmel,Bat Shlomo,Far,NA,35.00976652,32.58880744,18230,Bat Shlomo KKL Plantings 7,0,0,0,0,0,0,0,2,0,0,0,0,0,0,3,0
T3,2019,Planted Conifer Forests,Carmel,Bat Shlomo,Far,NA,35.01035191,32.58830715,18230,Bat Shlomo KKL Plantings 8,0,0,0,0,0,0,0,1,0,2,0,0,0,0,1,0
T3,2019,Planted Conifer Forests,Carmel,Bat Shlomo,Far,NA,35.01121391,32.58818144,18230,Bat Shlomo KKL Plantings 9,10,0,0,0,0,0,0,1,0,3,0,0,0,0,2,0
T3,2019,Planted Conifer Forests,Carmel,Kerem Maharal,Far,NA,34.97930593,32.65635966,18216,Kerem Maharal KKL Plantings 8,0,0,0,0,0,0,0,0,0,0,0,0,0,0,4,0
T3,2019,Planted Conifer Forests,Carmel,Kerem Maharal,Far,NA,34.97974489,32.65682846,18216,Kerem Maharal KKL Plantings 7,0,0,0,0,0,0,0,0,0,0,0,0,0,0,12,0
T3,2019,Planted Conifer Forests,Carmel,Kerem Maharal,Far,NA,34.98008804,32.65807698,18216,Kerem Maharal KKL Plantings 5,0,0,0,0,0,0,0,0,0,0,0,0,0,0,2,0
T3,2019,Planted Conifer Forests,Carmel,Kerem Maharal,Far,NA,34.98038661,32.65868023,18216,Kerem Maharal KKL Plantings 4,0,0,0,0,0,0,0,0,0,0,0,0,0,0,7,0
T3,2019,Planted Conifer Forests,Carmel,Kerem Maharal,Far,NA,34.98162839,32.65950836,18216,Kerem Maharal KKL Plantings 2,0,0,0,0,0,0,0,0,0,0,0,0,1,0,1,0
T3,2019,Planted Conifer Forests,Carmel,Kerem Maharal,Far,NA,34.98194438,32.65957919,18216,Kerem Maharal KKL Plantings 1,0,0,0,0,0,0,0,0,0,0,0,0,0,0,1,1
T3,2019,Planted Conifer Forests,Carmel,Ofer,Far,NA,34.96622823,32.61364075,18216,Ofer KKL Plantings 9,0,0,0,0,0,0,0,0,0,0,0,0,0,0,5,0
T3,2019,Planted Conifer Forests,Carmel,Ofer,Far,NA,34.96793009,32.61077282,18216,Ofer KKL Plantings 7,0,0,0,0,0,0,0,0,3,0,0,0,0,0,8,0
T3,2019,Planted Conifer Forests,Carmel,Ofer,Far,NA,34.97042086,32.61321943,18216,Ofer KKL Plantings 1,0,0,0,0,0,0,0,0,1,3,0,0,0,0,0,0
T3,2019,Planted Conifer Forests,Carmel,Ofer,Far,NA,34.97050602,32.61117818,18216,Ofer KKL Plantings 5,0,0,0,0,0,0,0,0,0,1,0,0,0,0,3,0
T3,2019,Planted Conifer Forests,Carmel,Ofer,Far,NA,34.9712101,32.61246845,18216,Ofer KKL Plantings 4,2,0,0,0,0,0,0,0,0,3,0,0,0,0,11,0
T3,2019,Planted Conifer Forests,Galilee,Kabri,Far,NA,35.16358651,33.0211483,18244,Kabri KKL Plantings 9,0,0,0,0,0,0,0,0,0,0,0,0,0,0,2,0
T3,2019,Planted Conifer Forests,Galilee,Kabri,Far,NA,35.16383596,33.02087787,18244,Kabri KKL Plantings 8,0,0,0,0,0,0,0,0,0,0,0,0,0,0,3,0
T3,2019,Planted Conifer Forests,Galilee,Kabri,Far,NA,35.1645568,33.02030101,18244,Kabri KKL Plantings 5,0,0,0,6,0,0,0,0,0,0,0,0,0,0,5,0
T3,2019,Planted Conifer Forests,Galilee,Kabri,Far,NA,35.16545434,33.02070891,18244,Kabri KKL Plantings 4,0,0,0,3,0,0,0,0,0,0,0,0,0,0,14,0
T3,2019,Planted Conifer Forests,Galilee,Kabri,Far,NA,35.16634483,33.02083823,18244,Kabri KKL Plantings 3,1,0,0,0,0,0,0,0,0,0,0,0,0,0,33,0
T3,2019,Planted Conifer Forests,Galilee,Kabri,Far,NA,35.16677331,33.0211573,18244,Kabri KKL Plantings 2,0,0,0,2,0,0,0,0,0,0,0,0,0,0,12,1
T3,2019,Planted Conifer Forests,Galilee,Kabri,Far,NA,35.16741201,33.02105019,18244,Kabri KKL Plantings 1,0,0,0,3,0,0,0,0,0,0,0,0,0,0,11,0
T3,2019,Planted Conifer Forests,Galilee,Zuriel,Far,NA,35.31283133,33.01068107,18258,Zuriel KKL Plantings 5,0,0,0,0,0,0,0,0,0,0,0,0,0,0,2,0
T3,2019,Planted Conifer Forests,Galilee,Zuriel,Far,NA,35.31308178,33.01131309,18258,Zuriel KKL Plantings 7,1,0,0,0,0,0,0,0,0,0,0,0,0,0,0,0
T3,2019,Planted Conifer Forests,Galilee,Zuriel,Far,NA,35.31321354,33.01008811,18258,Zuriel KKL Plantings 3,2,0,0,0,0,0,0,0,0,3,0,0,0,0,2,0
T3,2019,Planted Conifer Forests,Galilee,Zuriel,Far,NA,35.31344254,33.01122931,18258,Zuriel KKL Plantings 9,5,0,0,0,0,0,0,0,0,2,0,0,0,0,4,0
T3,2019,Planted Conifer Forests,Galilee,Zuriel,Far,NA,35.31345159,33.00971165,18258,Zuriel KKL Plantings 2,0,0,0,0,0,0,0,0,0,2,0,0,0,0,2,0
T3,2019,Planted Conifer Forests,Galilee,Zuriel,Far,NA,35.3136256,33.01163613,18258,Zuriel KKL Plantings 8,0,0,0,0,0,0,0,0,0,0,0,0,0,0,3,0
T3,2019,Planted Conifer Forests,Judea,Aderet,Far,NA,34.98157986,31.67883844,18197,Aderet KKL Plantings 1,0,0,0,0,0,0,0,7,0,0,0,0,0,0,0,1
T3,2019,Planted Conifer Forests,Judea,Aderet,Far,NA,34.98168077,31.67856139,18197,Aderet KKL Plantings 2,0,0,0,0,0,0,0,0,0,1,0,0,0,0,0,0
T3,2019,Planted Conifer Forests,Judea,Aderet,Far,NA,34.98283781,31.67768573,18197,Aderet KKL Plantings 4,0,0,0,0,0,0,0,0,0,2,0,0,0,0,0,0
T3,2019,Planted Conifer Forests,Judea,Aderet,Far,NA,34.98354122,31.67740896,18197,Aderet KKL Plantings 5,0,0,0,0,0,0,0,0,0,5,0,0,0,0,0,0
T3,2019,Planted Conifer Forests,Judea,Aderet,Far,NA,34.98439852,31.67679095,18197,Aderet KKL Plantings 7,2,0,0,0,0,0,0,2,0,8,0,0,1,0,0,0
T3,2019,Planted Conifer Forests,Judea,Aderet,Far,NA,34.98478342,31.67675642,18197,Aderet KKL Plantings 8,0,0,0,0,0,0,0,4,1,6,0,0,0,0,0,1
T3,2019,Planted Conifer Forests,Judea,Aderet,Far,NA,34.98542748,31.67629476,18197,Aderet KKL Plantings 9,1,0,0,0,0,0,0,4,0,10,0,0,0,0,0,0
T3,2019,Planted Conifer Forests,Judea,Amatzia,Far,NA,34.86301683,31.38448677,18247,Amatzia KKL Plantings 8,0,0,0,0,0,0,0,0,0,2,0,0,0,0,0,0
T3,2019,Planted Conifer Forests,Judea,Amatzia,Far,NA,34.89297844,31.51200488,18247,Amatzia KKL Plantings 7,0,0,0,0,0,0,0,2,0,2,0,0,0,0,0,2
T3,2019,Planted Conifer Forests,Judea,Amatzia,Far,NA,34.89335764,31.51146094,18247,Amatzia KKL Plantings 8,0,0,0,0,0,0,0,23,0,4,1,0,0,0,0,1
T3,2019,Planted Conifer Forests,Judea,Amatzia,Far,NA,34.8933625,31.5093064,18247,Amatzia KKL Plantings 1,0,0,0,0,0,0,0,0,0,3,0,0,0,0,0,7
T3,2019,Planted Conifer Forests,Judea,Amatzia,Far,NA,34.89373919,31.5114698,18247,Amatzia KKL Plantings 9,2,0,0,0,0,0,0,0,0,0,0,0,0,0,0,0
T3,2019,Planted Conifer Forests,Judea,Amatzia,Far,NA,34.89405669,31.50918681,18247,Amatzia KKL Plantings 2,0,0,0,0,0,0,0,0,0,0,0,0,0,0,0,7
T3,2019,Planted Conifer Forests,Judea,Amatzia,Far,NA,34.89423607,31.51122427,18247,Amatzia KKL Plantings 5,15,0,0,0,0,0,0,2,0,0,0,0,0,0,0,6
T3,2019,Planted Conifer Forests,Judea,Amatzia,Far,NA,34.89485532,31.51068604,18247,Amatzia KKL Plantings 6,3,0,0,0,0,0,0,0,0,0,0,0,0,0,0,0
T3,2019,Planted Conifer Forests,Judea,Eitanim,Far,NA,35.10426611,31.77841843,18209,Eitanim KKL Plantings 9,0,0,0,0,0,0,0,0,0,7,0,0,0,0,0,2
T3,2019,Planted Conifer Forests,Judea,Eitanim,Far,NA,35.10449845,31.77832523,18209,Eitanim KKL Plantings 8,0,0,0,0,0,0,0,0,0,1,0,0,0,0,0,1
T3,2019,Planted Conifer Forests,Judea,Eitanim,Far,NA,35.10494974,31.77820923,18209,Eitanim KKL Plantings 7,0,0,0,1,0,0,0,0,0,0,0,0,0,0,0,0
T3,2019,Planted Conifer Forests,Judea,Eitanim,Far,NA,35.10551602,31.77815536,18209,Eitanim KKL Plantings 6,0,0,0,0,0,0,0,0,0,7,0,0,0,0,0,0
T3,2019,Planted Conifer Forests,Judea,Eitanim,Far,NA,35.10560855,31.77813684,18209,Eitanim KKL Plantings 5,0,0,0,0,0,0,0,0,2,1,0,0,0,0,0,0
T3,2019,Planted Conifer Forests,Judea,Eitanim,Far,NA,35.10618221,31.77838793,18209,Eitanim KKL Plantings 4,0,0,0,0,0,0,0,0,0,0,0,0,0,0,0,1
T3,2019,Planted Conifer Forests,Judea,Eitanim,Far,NA,35.10648865,31.77871998,18209,Eitanim KKL Plantings 3,1,0,0,0,0,0,0,0,0,0,0,0,0,0,0,0
T3,2019,Planted Conifer Forests,Judea,Eitanim,Far,NA,35.10658488,31.77894884,18209,Eitanim KKL Plantings 2,1,0,0,0,0,0,0,0,1,0,0,0,0,0,0,0
T3,2019,Planted Conifer Forests,Judea,Eitanim,Far,NA,35.10688059,31.77880292,18209,Eitanim KKL Plantings 1,0,0,0,0,0,0,0,2,0,0,0,0,0,0,0,0
T3,2019,Planted Conifer Forests,Judea,Eshtaol,Far,NA,35.02027776,31.79091408,18231,Eshtaol KKL Plantings 3,2,0,0,0,0,0,0,6,0,6,0,0,0,0,0,3
T3,2019,Planted Conifer Forests,Judea,Eshtaol,Far,NA,35.0203614,31.7891679,18231,Eshtaol KKL Plantings 1,5,0,0,0,0,0,0,26,0,3,0,0,0,0,10,1
T3,2019,Planted Conifer Forests,Judea,Eshtaol,Far,NA,35.020412,31.7900704,18231,Eshtaol KKL Plantings 2,0,0,0,0,0,0,0,0,0,0,0,0,0,0,0,1
T3,2019,Planted Conifer Forests,Judea,Eshtaol,Far,NA,35.02101772,31.7872019,18231,Eshtaol KKL Plantings 6,2,0,0,0,0,0,0,5,0,3,0,0,0,0,0,1
T3,2019,Planted Conifer Forests,Judea,Eshtaol,Far,NA,35.02104353,31.78866787,18231,Eshtaol KKL Plantings 4,0,0,0,0,0,0,0,6,0,1,0,0,0,0,0,0
T3,2019,Planted Conifer Forests,Judea,Eshtaol,Far,NA,35.02115451,31.78780493,18231,Eshtaol KKL Plantings 5,1,0,0,0,0,0,0,3,0,2,0,0,0,0,0,0
T3,2019,Planted Conifer Forests,Judea,Eshtaol,Far,NA,35.02167385,31.78643556,18231,Eshtaol KKL Plantings 7,0,0,0,0,0,0,0,10,0,0,0,0,0,0,9,0
T3,2019,Planted Conifer Forests,Judea,Eshtaol,Far,NA,35.02250802,31.78624946,18231,Eshtaol KKL Plantings 8,1,0,0,0,0,0,0,39,0,8,0,0,0,0,1,0
T3,2019,Planted Conifer Forests,Judea,Eshtaol,Far,NA,35.0228919,31.7868039,18231,Eshtaol KKL Plantings 9,0,0,0,0,0,0,0,12,0,2,0,0,0,0,0,0
T3,2019,Planted Conifer Forests,Judea,Givat Yeshayahu,Far,NA,34.92000338,31.66840421,18197,Givat Yeshayahu KKL Plantings 7,2,0,0,0,0,0,0,1,0,6,0,0,1,0,0,1
T3,2019,Planted Conifer Forests,Judea,Givat Yeshayahu,Far,NA,34.92021494,31.66782751,18197,Givat Yeshayahu KKL Plantings 9,1,0,0,0,0,0,0,0,0,0,0,0,0,0,0,0
T3,2019,Planted Conifer Forests,Judea,Givat Yeshayahu,Far,NA,34.92027596,31.66762262,18197,Givat Yeshayahu KKL Plantings 8,1,0,0,0,0,0,0,0,0,7,0,0,0,0,0,1
T3,2019,Planted Conifer Forests,Judea,Givat Yeshayahu,Far,NA,34.92068499,31.66917523,18197,Givat Yeshayahu KKL Plantings 5,0,0,0,0,0,0,0,0,0,3,0,0,0,0,0,0
T3,2019,Planted Conifer Forests,Judea,Givat Yeshayahu,Far,NA,34.92141288,31.66949225,18197,Givat Yeshayahu KKL Plantings 4,0,0,0,0,0,0,0,0,0,4,0,0,0,0,0,1
T3,2019,Planted Conifer Forests,Judea,Givat Yeshayahu,Far,NA,34.92226783,31.66947028,18197,Givat Yeshayahu KKL Plantings 3,0,0,0,0,0,0,0,0,0,11,0,0,0,0,0,0
T3,2019,Planted Conifer Forests,Judea,Givat Yeshayahu,Far,NA,34.92291056,31.66951879,18197,Givat Yeshayahu KKL Plantings 2,3,0,0,0,0,0,0,0,0,14,0,0,2,0,0,1
T3,2019,Planted Conifer Forests,Judea,Givat Yeshayahu,Far,NA,34.9234879,31.6690434,18197,Givat Yeshayahu KKL Plantings 1,1,0,0,0,0,0,0,0,0,7,0,0,0,0,0,0
T3,2020,Arid Desert,NA,Ein Yahav,Far,NA,35.19746415,30.64976784,18518,Ein Yahav Far 9,0,0,0,0,0,0,0,0,1,0,0,0,0,0,0,0
T3,2020,Arid Desert,NA,Ein Yahav,Far,NA,35.20128496,30.64740262,18518,Ein Yahav Far 3,0,0,0,0,0,0,1,0,1,0,0,0,0,0,0,0
T3,2020,Arid Desert,NA,Ein Yahav,Near,NA,35.24103094,30.67080277,18518,Ein Yahav Near 1,0,0,0,0,0,0,0,0,0,0,9,0,0,0,0,1
T3,2020,Arid Desert,NA,Ein Yahav,Near,NA,35.24233751,30.67123937,18518,Ein Yahav Near 2,1,0,0,0,0,0,0,0,0,0,3,0,0,0,0,0
T3,2020,Arid Desert,NA,Ein Yahav,Near,NA,35.24271369,30.67186658,18518,Ein Yahav Near 5,0,0,0,0,0,0,0,0,0,0,2,0,0,0,0,0
T3,2020,Arid Desert,NA,Ein Yahav,Near,NA,35.24380602,30.67070905,18518,Ein Yahav Near 4,0,0,0,0,0,0,0,0,0,0,0,0,0,0,0,1
T3,2020,Arid Desert,NA,Lotan,Far,NA,35.08350346,30.01755507,18530,Lotan Far 9,0,0,0,0,0,0,2,0,0,0,0,0,0,0,0,0
T3,2020,Arid Desert,NA,Lotan,Far,NA,35.08368284,30.01677734,18530,Lotan Far 8,0,0,1,0,0,0,1,0,0,0,0,0,0,0,0,0
T3,2020,Arid Desert,NA,Lotan,Far,NA,35.08383639,30.0160295,18530,Lotan Far 7,0,0,0,0,0,0,3,0,1,0,0,0,0,0,0,0
T3,2020,Arid Desert,NA,Lotan,Far,NA,35.08407477,30.01455791,18530,Lotan Far 5,0,0,1,0,0,0,0,0,0,0,0,0,0,0,0,0
T3,2020,Arid Desert,NA,Lotan,Far,NA,35.08437216,30.01334438,18530,Lotan Far 3,0,0,0,0,0,0,1,0,0,0,0,0,0,0,0,0
T3,2020,Arid Desert,NA,Lotan,Far,NA,35.08457635,30.01237036,18530,Lotan Far 2,0,0,0,0,0,0,4,0,0,0,0,0,0,0,0,0
T3,2020,Arid Desert,NA,Lotan,Near,NA,35.08283291,29.97998,18530,Lotan Near 5,0,0,0,0,0,0,0,0,0,0,0,0,0,0,0,1
T3,2020,Arid Desert,NA,Lotan,Near,NA,35.08375123,29.98045629,18530,Lotan Near 4,0,0,0,0,0,0,0,0,0,0,0,0,0,0,0,1
T3,2020,Arid Desert,NA,Lotan,Near,NA,35.0839762,29.97979123,18530,Lotan Near 6,0,0,0,0,0,0,0,0,0,0,0,0,0,0,0,7
T3,2020,Arid Desert,NA,Lotan,Near,NA,35.08430276,29.97899317,18530,Lotan Near 8,0,0,0,0,0,0,0,0,0,0,0,0,0,0,0,3
T3,2020,Arid Desert,NA,Lotan,Near,NA,35.08457065,29.98069239,18530,Lotan Near 3,0,0,0,0,0,0,0,0,0,0,0,0,0,0,0,2
T3,2020,Arid Desert,NA,Lotan,Near,NA,35.08500718,29.97861998,18530,Lotan Near 9,0,0,0,0,0,0,0,0,0,0,0,0,0,0,0,3
T3,2020,Arid Desert,NA,Paran,Far,NA,35.13985232,30.348723,18529,Paran Far 9,0,0,0,0,0,0,0,0,0,0,3,0,0,0,0,0
T3,2020,Arid Desert,NA,Paran,Far,NA,35.13997838,30.35137874,18529,Paran Far 2,0,0,0,0,0,0,6,0,0,0,0,0,0,0,0,0
T3,2020,Arid Desert,NA,Paran,Far,NA,35.14008433,30.34927331,18529,Paran Far 5,0,0,0,0,0,0,0,0,0,0,1,0,0,0,0,2
T3,2020,Arid Desert,NA,Paran,Far,NA,35.14016613,30.35053333,18529,Paran Far 3,0,1,0,0,0,0,0,0,0,0,0,0,0,0,0,0
T3,2020,Arid Desert,NA,Paran,Far,NA,35.14051382,30.34871721,18529,Paran Far 6,0,0,0,0,0,0,1,0,0,0,0,0,0,0,0,0
T3,2020,Arid Desert,NA,Paran,Near,NA,35.15934728,30.38850442,18529,Paran Near 4,0,0,0,0,0,0,0,0,0,0,0,0,0,0,0,1
T3,2020,Arid Desert,NA,Paran,Near,NA,35.15986092,30.38967024,18529,Paran Near 6,0,0,0,0,0,0,0,0,0,0,0,0,0,0,0,1
T3,2020,Arid Desert,NA,Paran,Near,NA,35.15991826,30.38799858,18529,Paran Near 2,0,1,0,0,0,0,0,0,0,0,0,0,0,0,0,0
T3,2020,Arid Desert,NA,Yotvata,Far,NA,35.03,29.8841636,18540,Yotvata Far 1,0,0,0,0,0,0,5,0,0,0,0,0,0,0,0,0
T3,2020,Arid Desert,NA,Yotvata,Far,NA,35.03541715,29.88300953,18540,Yotvata Far 9,0,0,0,0,0,0,6,0,0,0,0,0,0,0,0,0
T3,2020,Arid Desert,NA,Yotvata,Far,NA,35.03623825,29.88329558,18540,Yotvata Far 8,0,1,0,0,0,0,8,0,0,0,0,0,0,0,0,0
T3,2020,Arid Desert,NA,Yotvata,Far,NA,35.03710491,29.88406682,18540,Yotvata Far 7,2,3,0,0,0,0,31,0,3,0,0,0,0,0,0,0
T3,2020,Arid Desert,NA,Yotvata,Far,NA,35.03749318,29.88455924,18540,Yotvata Far 6,0,0,0,0,0,0,1,0,0,0,0,0,0,0,0,0
T3,2020,Arid Desert,NA,Yotvata,Far,NA,35.03779627,29.88522493,18540,Yotvata Far 4,0,1,0,0,0,0,0,0,0,0,0,0,0,0,0,0
T3,2020,Arid Desert,NA,Yotvata,Near,NA,35.06183021,29.8877577,18540,Yotvata Near 7,8,0,0,0,0,0,0,0,0,0,0,0,0,0,0,0
T3,2020,Arid Desert,NA,Yotvata,Near,NA,35.06188117,29.88727196,18540,Yotvata Near 8,3,3,0,0,0,0,0,0,1,0,0,0,0,0,0,5
T3,2020,Arid Desert,NA,Yotvata,Near,NA,35.06199282,29.88806205,18540,Yotvata Near 6,16,4,0,0,0,0,0,0,0,0,0,0,0,0,0,8
T3,2020,Arid Desert,NA,Yotvata,Near,NA,35.06231267,29.88876056,18540,Yotvata Near 5,16,0,0,0,0,0,0,0,0,0,0,0,0,0,0,0
T3,2020,Arid Desert,NA,Yotvata,Near,NA,35.06266639,29.88823152,18540,Yotvata Near 1,1,0,0,0,0,0,0,0,0,0,0,0,0,0,0,0
T3,2020,Arid Desert,NA,Yotvata,Near,NA,35.06275691,29.8870586,18540,Yotvata Near 3,1,0,0,0,0,0,0,0,0,0,0,0,0,0,0,1
T3,2020,Arid Desert,NA,Yotvata,Near,NA,35.06278626,29.88762676,18540,Yotvata Near 4,14,0,0,0,0,0,0,0,0,0,2,0,0,0,0,0
T3,2020,Arid Desert,NA,Yotvata,Near,NA,35.06335672,29.88759899,18540,Yotvata Near 2,2,0,0,0,0,0,0,0,0,0,0,0,0,0,0,1
T3,2020,Arid Desert,NA,Zofar,Far,NA,35.1506757,30.5574029,18519,Zofar Far 7,0,0,0,0,6,0,0,0,0,0,0,0,0,0,0,0
T3,2020,Arid Desert,NA,Zofar,Far,NA,35.1508772,30.55657891,18519,Zofar Far 6,0,0,0,0,2,0,8,0,0,0,0,0,0,0,0,0
T3,2020,Arid Desert,NA,Zofar,Far,NA,35.15166745,30.55783828,18519,Zofar Far 8,0,3,0,0,0,0,4,0,1,0,0,0,0,3,0,0
T3,2020,Arid Desert,NA,Zofar,Far,NA,35.15177071,30.55616951,18519,Zofar Far 5,0,0,0,0,18,0,44,0,0,0,34,0,0,0,0,0
T3,2020,Arid Desert,NA,Zofar,Far,NA,35.15287947,30.55725017,18519,Zofar Far 9,0,0,0,0,1,0,0,0,0,0,0,0,0,0,0,0
T3,2020,Arid Desert,NA,Zofar,Far,NA,35.15314367,30.55602255,18519,Zofar Far 4,0,0,0,0,20,0,1,0,1,0,0,0,0,0,0,0
T3,2020,Arid Desert,NA,Zofar,Far,NA,35.15378438,30.5566303,18519,Zofar Far 3,0,0,0,0,6,0,1,0,0,0,0,0,0,0,0,0
T3,2020,Arid Desert,NA,Zofar,Far,NA,35.15428964,30.55702815,18519,Zofar Far 2,0,0,0,0,5,0,1,0,0,0,1,0,0,9,0,0
T3,2020,Arid Desert,NA,Zofar,Far,NA,35.15495684,30.55653358,18519,Zofar Far 1,0,0,0,0,3,0,2,0,0,0,0,0,0,19,0,0
T3,2020,Arid Desert,NA,Zofar,Near,NA,35.17791655,30.55260321,18519,Zofar Near 4,0,0,0,0,0,0,2,0,0,0,7,0,0,0,0,0
T3,2020,Arid Desert,NA,Zofar,Near,NA,35.17814554,30.55372202,18519,Zofar Near 3,0,0,0,0,1,0,0,0,0,0,0,0,0,0,0,0
T3,2020,Arid Desert,NA,Zofar,Near,NA,35.17845936,30.55241612,18519,Zofar Near 5,0,0,0,0,1,0,0,0,0,0,0,0,0,0,0,0
T3,2020,Arid Desert,NA,Zofar,Near,NA,35.17927442,30.55224721,18519,Zofar Near 6,0,0,0,0,0,0,0,0,1,5,0,0,0,0,0,0
T3,2020,Arid Desert,NA,Zofar,Near,NA,35.18022526,30.55132616,18519,Zofar Near 7,0,0,0,0,0,0,2,0,0,0,0,0,0,0,0,0
T3,2020,Arid Desert,NA,Zofar,Near,NA,35.18031813,30.5530721,18519,Zofar Near 9,0,0,0,0,0,0,3,0,0,0,34,0,0,0,0,0
T3,2020,Herbaceous and Dwarf Shrub Vegetation,NA,Gamla,Far,NA,35.74232005,32.91611721,18443,Gamla Far 9,0,0,0,0,0,0,0,4,0,0,0,0,0,0,0,0
T3,2020,Herbaceous and Dwarf Shrub Vegetation,NA,Gamla,Far,NA,35.74439172,32.9175208,18443,Gamla Far 6,0,0,0,0,0,0,0,2,0,0,0,0,0,0,1,1
T3,2020,Herbaceous and Dwarf Shrub Vegetation,NA,Gamla,Far,NA,35.74485574,32.92135068,18443,Gamla Far 1,0,0,0,0,0,0,0,0,0,0,0,0,0,0,0,1
T3,2020,Herbaceous and Dwarf Shrub Vegetation,NA,Gamla,Far,NA,35.7455454,32.92098002,18443,Gamla Far 2,0,0,0,0,0,0,0,0,0,0,0,0,0,0,2,0
T3,2020,Herbaceous and Dwarf Shrub Vegetation,NA,Gamla,Far,NA,35.74602753,32.91878788,18443,Gamla Far 4,0,0,0,0,0,0,0,3,0,0,0,0,1,0,0,0
T3,2020,Herbaceous and Dwarf Shrub Vegetation,NA,Gamla,Far,NA,35.74622937,32.91999611,18443,Gamla Far 3,0,0,0,0,0,0,0,3,0,0,0,0,0,0,0,1
T3,2020,Herbaceous and Dwarf Shrub Vegetation,NA,Karei Deshe,Far,NA,35.58045577,32.92443038,18415,Karei Deshe Far 2,1,0,0,0,0,0,0,0,0,0,0,0,0,0,0,0
T3,2020,Herbaceous and Dwarf Shrub Vegetation,NA,Karei Deshe,Far,NA,35.58048829,32.92381518,18415,Karei Deshe Far 1,0,0,0,0,0,0,0,1,0,0,0,0,0,0,0,0
T3,2020,Herbaceous and Dwarf Shrub Vegetation,NA,Karei Deshe,Far,NA,35.58087621,32.92498733,18415,Karei Deshe Far 3,1,0,0,0,0,0,0,0,0,3,0,0,0,0,0,1
T3,2020,Herbaceous and Dwarf Shrub Vegetation,NA,Karei Deshe,Far,NA,35.58206946,32.9256346,18415,Karei Deshe Far 4,0,0,0,0,0,0,0,1,0,0,0,0,0,0,0,0
T3,2020,Herbaceous and Dwarf Shrub Vegetation,NA,Karei Deshe,Far,NA,35.58302198,32.92195998,18415,Karei Deshe Far 9,2,0,0,0,0,0,0,2,0,0,0,0,0,0,0,1
T3,2020,Herbaceous and Dwarf Shrub Vegetation,NA,Karei Deshe,Far,NA,35.58326667,32.922645,18415,Karei Deshe Far 8,0,0,0,0,0,0,0,6,0,0,0,0,0,0,0,0
T3,2020,Herbaceous and Dwarf Shrub Vegetation,NA,Karei Deshe,Far,NA,35.58348333,32.92333167,18415,Karei Deshe Far 7,2,0,0,0,0,0,0,0,0,0,0,0,0,0,0,0
T3,2020,Herbaceous and Dwarf Shrub Vegetation,NA,Karei Deshe,Far,NA,35.58379713,32.92423141,18415,Karei Deshe Far 6,3,0,0,0,0,0,0,0,0,0,0,0,0,0,0,0
T3,2020,Herbaceous and Dwarf Shrub Vegetation,NA,Karei Deshe,Far,NA,35.58379713,32.92471575,18415,Karei Deshe Far 5,10,0,0,0,0,0,0,2,0,8,0,0,20,0,184,0
T3,2020,Herbaceous and Dwarf Shrub Vegetation,NA,Natur,Far,NA,35.73702939,32.84485611,18459,Natur Far 6,0,0,0,0,0,0,0,1,0,0,0,0,0,0,0,0
T3,2020,Herbaceous and Dwarf Shrub Vegetation,NA,Natur,Far,NA,35.73705085,32.84663659,18459,Natur Far 8,2,0,0,0,0,0,0,0,0,0,0,0,0,0,9,0
T3,2020,Herbaceous and Dwarf Shrub Vegetation,NA,Natur,Far,NA,35.73713735,32.84385276,18459,Natur Far 5,7,0,0,0,0,0,0,3,0,3,0,0,0,0,1,3
T3,2020,Herbaceous and Dwarf Shrub Vegetation,NA,Natur,Far,NA,35.73718328,32.84564932,18459,Natur Far 7,11,0,0,0,0,0,0,1,0,0,0,0,0,0,1,6
T3,2020,Herbaceous and Dwarf Shrub Vegetation,NA,Natur,Far,NA,35.73738746,32.84274884,18459,Natur Far 4,0,0,0,0,0,0,0,0,0,0,0,0,0,0,1,0
T3,2020,Herbaceous and Dwarf Shrub Vegetation,NA,Natur,Far,NA,35.73749945,32.84690221,18459,Natur Far 9,2,0,0,0,0,0,0,0,0,4,0,0,0,0,2,0
T3,2020,Herbaceous and Dwarf Shrub Vegetation,NA,Natur,Far,NA,35.73751755,32.84225251,18459,Natur Far 3,1,0,0,0,0,0,0,0,0,0,0,0,1,0,0,0
T3,2020,Herbaceous and Dwarf Shrub Vegetation,NA,Natur,Far,NA,35.73817771,32.84185702,18459,Natur Far 2,35,0,0,0,0,0,0,0,0,0,0,0,0,0,23,2
T3,2020,Herbaceous and Dwarf Shrub Vegetation,NA,Natur,Far,NA,35.73818542,32.84089983,18459,Natur Far 1,1,0,0,0,0,0,0,0,0,0,0,0,0,0,0,0
T3,2020,Herbaceous and Dwarf Shrub Vegetation,NA,Shaal,Far,NA,35.74942756,33.08596871,18443,Shaal Far 5,0,0,0,0,0,0,0,2,0,0,0,0,0,0,1,1
T3,2020,Herbaceous and Dwarf Shrub Vegetation,NA,Shaal,Far,NA,35.74950133,33.08813986,18443,Shaal Far 3,0,0,0,0,0,0,0,2,0,0,0,0,0,0,2,11
T3,2020,Herbaceous and Dwarf Shrub Vegetation,NA,Shaal,Far,NA,35.74969377,33.08706567,18443,Shaal Far 4,0,0,0,0,0,0,0,1,0,0,0,0,0,0,0,4
T3,2020,Herbaceous and Dwarf Shrub Vegetation,NA,Shaal,Far,NA,35.74980039,33.08568443,18443,Shaal Far 6,0,0,0,0,0,0,0,1,0,0,0,0,0,0,2,2
T3,2020,Herbaceous and Dwarf Shrub Vegetation,NA,Shaal,Far,NA,35.75014807,33.08834576,18443,Shaal Far 2,0,0,0,0,0,0,0,7,0,0,0,0,0,0,0,4
T3,2020,Herbaceous and Dwarf Shrub Vegetation,NA,Shaal,Far,NA,35.75161859,33.08791204,18443,Shaal Far 1,0,0,0,0,0,0,0,4,0,0,0,0,0,0,1,4
T3,2020,Herbaceous and Dwarf Shrub Vegetation,NA,Yavneel,Far,NA,35.50906911,32.68070436,18459,Yavneel Far 1,0,0,0,0,0,0,0,0,0,1,0,0,0,0,0,1
T3,2020,Herbaceous and Dwarf Shrub Vegetation,NA,Yavneel,Far,NA,35.50941177,32.68035838,18459,Yavneel Far 2,2,0,0,0,0,0,0,0,0,1,0,0,0,0,0,5
T3,2020,Herbaceous and Dwarf Shrub Vegetation,NA,Yavneel,Far,NA,35.50985869,32.67967856,18459,Yavneel Far 3,0,0,0,0,0,0,0,1,0,1,0,0,0,0,0,0
T3,2020,Herbaceous and Dwarf Shrub Vegetation,NA,Yavneel,Far,NA,35.51007159,32.67908565,18459,Yavneel Far 4,1,0,0,0,0,0,0,1,0,0,0,0,0,0,0,4
T3,2020,Herbaceous and Dwarf Shrub Vegetation,NA,Yavneel,Far,NA,35.51019765,32.67735289,18459,Yavneel Far 8,0,0,0,0,0,0,0,1,0,0,0,0,0,0,0,1
T3,2020,Herbaceous and Dwarf Shrub Vegetation,NA,Yavneel,Far,NA,35.51096141,32.67708564,18459,Yavneel Far 7,0,0,0,0,0,0,0,0,0,0,0,0,1,0,0,1
T3,2020,Herbaceous and Dwarf Shrub Vegetation,NA,Yavneel,Far,NA,35.51147841,32.67779568,18459,Yavneel Far 6,0,0,0,0,0,0,0,3,0,1,0,0,0,0,0,1
T3,2020,Herbaceous and Dwarf Shrub Vegetation,NA,Yavneel,Far,NA,35.51199909,32.67741187,18459,Yavneel Far 9,0,0,0,0,0,0,0,1,0,0,0,0,0,0,0,0
T3,2020,Inland Sands,NA,Beer Milka,Far,Shifting,34.37623512,30.98186563,18481,Beer Milka Far Shifting 2_8,0,0,0,0,0,0,0,0,0,0,0,0,0,0,0,4
T3,2020,Inland Sands,NA,Beer Milka,Far,Shifting,34.37727615,30.98168455,18481,Beer Milka Far Shifting 2_7,0,0,0,0,0,0,0,0,0,0,0,0,0,0,0,1
T3,2020,Inland Sands,NA,Beer Milka,Far,Shifting,34.3779858,30.9815705,18481,Beer Milka Far Shifting 2_5,0,0,0,0,0,0,0,0,0,0,0,0,0,0,0,2
T3,2020,Inland Sands,NA,Beer Milka,Far,Shifting,34.378004,30.9819817,18481,Beer Milka Far Shifting 2_9,0,0,0,0,0,0,0,0,0,0,0,0,0,0,0,2
T3,2020,Inland Sands,NA,Beer Milka,Far,Shifting,34.3783524,30.9811637,18481,Beer Milka Far Shifting 2_4,0,0,0,0,0,0,0,0,0,0,0,0,0,0,0,3
T3,2020,Inland Sands,NA,Beer Milka,Far,Shifting,34.37878355,30.98124677,18481,Beer Milka Far Shifting 2_3,0,0,0,0,0,0,0,0,0,0,0,0,0,0,0,1
T3,2020,Inland Sands,NA,Beer Milka,Far,Shifting,34.37926233,30.98132495,18481,Beer Milka Far Shifting 2_2,0,0,0,0,0,0,0,1,1,0,0,0,0,0,0,2
T3,2020,Inland Sands,NA,Beer Milka,Far,Shifting,34.37985174,30.981404,18481,Beer Milka Far Shifting 2_1,0,0,0,0,0,0,0,0,0,0,0,0,0,0,0,3
T3,2020,Inland Sands,NA,Beer Milka,Far,Shifting,34.41768497,30.9466808,18461,Beer Milka Far Shifting 1_1,0,0,0,0,0,0,4,0,0,0,1,0,0,0,0,0
T3,2020,Inland Sands,NA,Beer Milka,Far,Shifting,34.42055024,30.9468956,18461,Beer Milka Far Shifting 1_6,0,0,0,0,0,0,4,0,0,0,0,0,0,0,0,0
T3,2020,Inland Sands,NA,Beer Milka,Far,Shifting,34.4439403,30.9156734,18461,Beer Milka Far Shifting 3_3,0,0,0,0,0,0,2,0,0,0,0,0,0,0,0,0
T3,2020,Inland Sands,NA,Beer Milka,Far,Shifting,34.44450203,30.91561163,18461,Beer Milka Far Shifting 3_2,0,0,0,0,0,0,5,0,0,0,0,0,0,0,0,0
T3,2020,Inland Sands,NA,Beer Milka,Far,Shifting,34.44489565,30.91611816,18461,Beer Milka Far Shifting 3_5,0,0,0,0,0,0,1,0,0,0,0,0,0,0,0,0
T3,2020,Inland Sands,NA,Beer Milka,Far,Shifting,34.44762278,30.91641472,18461,Beer Milka Far Shifting 3_9,0,0,0,0,0,0,1,0,0,0,0,0,0,0,0,0
T3,2020,Inland Sands,NA,Beer Milka,Far,Shifting,34.44850456,30.91600569,18461,Beer Milka Far Shifting 3_8,0,0,0,0,0,0,8,0,0,0,0,0,0,0,0,0
T3,2020,Inland Sands,NA,Beer Milka,Near,Semi-Shifting,34.39201154,30.96409142,18435,Beer Milka Near Semi-Shifting 1_3,0,0,0,0,0,0,0,1,0,0,0,0,0,0,0,1
T3,2020,Inland Sands,NA,Beer Milka,Near,Semi-Shifting,34.39219594,30.96394077,18435,Beer Milka Near Semi-Shifting 1_2,0,0,0,0,0,0,0,0,0,0,0,0,0,0,0,1
T3,2020,Inland Sands,NA,Beer Milka,Near,Semi-Shifting,34.39332347,30.964692,18435,Beer Milka Near Semi-Shifting 1_9,0,0,0,0,0,0,0,2,0,0,0,0,0,0,0,0
T3,2020,Inland Sands,NA,Beer Milka,Near,Semi-Shifting,34.39426225,30.96373464,18435,Beer Milka Near Semi-Shifting 1_7,0,0,0,0,0,0,0,2,0,0,0,0,0,0,0,0
T3,2020,Inland Sands,NA,Beer Milka,Near,Shifting,34.42011036,30.92850315,18435,Beer Milka Near Shifting 1_2,0,0,0,0,1,0,2,0,0,0,0,0,0,0,0,0
T3,2020,Inland Sands,NA,Beer Milka,Near,Shifting,34.42019083,30.92899495,18435,Beer Milka Near Shifting 1_3,0,0,0,0,0,0,0,0,0,0,4,0,0,0,0,1
T3,2020,Inland Sands,NA,Beer Milka,Near,Shifting,34.42302994,30.92938436,18435,Beer Milka Near Shifting 1_8,0,0,0,0,0,0,0,0,0,0,1,0,0,0,0,2
T3,2020,Inland Sands,NA,Beer Milka,Near,Shifting,34.42350067,30.92895756,18435,Beer Milka Near Shifting 1_9,0,0,0,0,0,0,0,0,0,0,0,0,0,0,0,2
T3,2020,Inland Sands,NA,Beer Milka,Near,Shifting,34.42474891,30.9294646,18435,Beer Milka Near Shifting 1_1,3,0,0,0,0,0,0,1,0,0,0,0,0,0,0,2
T3,2020,Inland Sands,NA,Secher,Far,Semi-Shifting,34.76268042,31.08344191,18481,Secher Far Semi-Shifting 1_6,0,0,0,0,0,0,0,0,0,0,0,0,0,0,0,2
T3,2020,Inland Sands,NA,Secher,Far,Semi-Shifting,34.7654213,31.08316195,18481,Secher Far Semi-Shifting 1_2,0,0,0,0,0,0,0,1,0,0,0,0,0,0,0,4
T3,2020,Inland Sands,NA,Secher,Far,Semi-Shifting,34.7654669,31.08426168,18481,Secher Far Semi-Shifting 1_4,0,0,0,0,0,0,1,0,0,0,0,0,0,0,0,0
T3,2020,Inland Sands,NA,Secher,Far,Shifting,34.77617227,31.10002601,18481,Secher Far Shifting 1_4,0,0,0,0,0,0,0,0,0,0,0,0,0,0,0,2
T3,2020,Inland Sands,NA,Secher,Far,Shifting,34.77712043,31.10115884,18481,Secher Far Shifting 1_2,0,0,0,0,0,0,0,0,0,0,0,0,0,0,0,1
T3,2020,Inland Sands,NA,Secher,Far,Shifting,34.77777824,31.10218802,18481,Secher Far Shifting 1_9,0,0,0,0,0,0,0,0,0,0,0,0,0,0,0,4
T3,2020,Inland Sands,NA,Secher,Far,Shifting,34.77839682,31.10236515,18481,Secher Far Shifting 1_8,0,0,0,0,0,0,0,0,0,0,0,0,0,0,0,1
T3,2020,Inland Sands,NA,Shunra,Far,Semi-Shifting,34.60644208,30.95762053,18461,Shunra East Far Semi-Shifting 2_3,0,0,0,0,0,0,0,0,0,0,0,0,0,0,0,3
T3,2020,Inland Sands,NA,Shunra,Far,Semi-Shifting,34.60697819,30.95656103,18461,Shunra East Far Semi-Shifting 2_1,0,0,0,0,0,0,0,0,0,0,0,0,0,0,0,2
T3,2020,Inland Sands,NA,Shunra,Far,Semi-Shifting,34.60704692,30.95756878,18461,Shunra East Far Semi-Shifting 2_2,0,0,0,0,0,0,5,0,0,0,0,0,0,0,0,3
T3,2020,Inland Sands,NA,Shunra,Far,Semi-Shifting,34.60719243,30.95967452,18461,Shunra East Far Semi-Shifting 2_5,0,0,0,0,0,0,1,0,0,0,0,0,0,0,0,3
T3,2020,Inland Sands,NA,Shunra,Far,Semi-Shifting,34.60737113,30.95850205,18461,Shunra East Far Semi-Shifting 2_4,0,0,0,0,0,0,0,0,0,0,0,0,0,0,0,1
T3,2020,Inland Sands,NA,Shunra,Far,Semi-Shifting,34.60773692,30.95826284,18461,Shunra East Far Semi-Shifting 2_6,0,0,0,0,0,0,0,0,0,0,0,0,0,0,0,3
T3,2020,Mediterranean Desert Transition Zone,NA,Beit Yatir,Far,NA,35.12397364,31.37217382,18582,Beit Yatir Far 2,0,0,0,0,0,0,0,0,0,0,0,0,0,0,0,5
T3,2020,Mediterranean Desert Transition Zone,NA,Beit Yatir,Far,NA,35.12501031,31.37273804,18582,Beit Yatir Far 3,4,0,0,0,0,0,0,1,0,0,0,0,0,0,0,0
T3,2020,Mediterranean Desert Transition Zone,NA,Beit Yatir,Far,NA,35.12568422,31.37241342,18582,Beit Yatir Far 4,0,0,0,0,0,0,0,0,0,0,3,0,0,0,0,3
T3,2020,Mediterranean Desert Transition Zone,NA,Beit Yatir,Far,NA,35.12591992,31.37174529,18582,Beit Yatir Far 5,0,0,0,0,0,0,0,0,0,0,0,0,0,0,0,2
T3,2020,Mediterranean Desert Transition Zone,NA,Beit Yatir,Far,NA,35.1264406,31.37118507,18582,Beit Yatir Far 6,8,0,0,0,0,0,0,6,0,0,0,0,0,0,0,5
T3,2020,Mediterranean Desert Transition Zone,NA,Beit Yatir,Near,NA,35.1061289,31.35656992,18582,Beit Yatir Near 3,0,0,0,0,0,0,0,0,0,0,0,0,0,0,0,1
T3,2020,Mediterranean Desert Transition Zone,NA,Beit Yatir,Near,NA,35.10666031,31.3568024,18582,Beit Yatir Near 4,2,0,0,0,0,0,0,3,0,0,0,0,0,0,0,2
T3,2020,Mediterranean Desert Transition Zone,NA,Beit Yatir,Near,NA,35.10740999,31.35722929,18582,Beit Yatir Near 5,0,0,0,0,0,0,0,13,0,0,0,0,0,0,0,0
T3,2020,Mediterranean Desert Transition Zone,NA,Beit Yatir,Near,NA,35.10791559,31.35642219,18582,Beit Yatir Near 9,1,0,0,0,0,0,0,10,0,0,0,0,0,0,0,2
T3,2020,Mediterranean Desert Transition Zone,NA,Beit Yatir,Near,NA,35.10802958,31.35748438,18582,Beit Yatir Near 6,0,0,0,0,0,0,0,18,0,0,0,0,0,0,0,10
T3,2020,Mediterranean Desert Transition Zone,NA,Beit Yatir,Near,NA,35.10846678,31.35707754,18582,Beit Yatir Near 8,0,0,0,0,0,0,0,24,0,0,0,0,0,0,0,2
T3,2020,Mediterranean Desert Transition Zone,NA,Har Amasa,Far,NA,35.09037092,31.33184516,18582,Har Amasa Far 9,8,0,0,0,0,0,0,8,0,0,5,0,1,0,0,4
T3,2020,Mediterranean Desert Transition Zone,NA,Har Amasa,Far,NA,35.09163022,31.33153329,18582,Har Amasa Far 8,2,0,0,0,0,0,0,9,0,0,9,0,0,0,0,13
T3,2020,Mediterranean Desert Transition Zone,NA,Har Amasa,Far,NA,35.0922126,31.33183084,18582,Har Amasa Far 7,0,0,0,0,0,0,0,3,0,0,1,0,1,0,0,9
T3,2020,Mediterranean Desert Transition Zone,NA,Har Amasa,Far,NA,35.09245399,31.33356316,18582,Har Amasa Far 4,0,0,0,0,0,0,0,0,0,0,0,0,0,0,0,1
T3,2020,Mediterranean Desert Transition Zone,NA,Har Amasa,Far,NA,35.09248618,31.33224782,18582,Har Amasa Far 6,0,0,0,0,0,0,0,0,0,0,1,0,0,0,0,3
T3,2020,Mediterranean Desert Transition Zone,NA,Har Amasa,Far,NA,35.09253815,31.33406603,18582,Har Amasa Far 3,0,0,0,0,0,0,0,0,0,0,0,0,0,0,0,3
T3,2020,Mediterranean Desert Transition Zone,NA,Har Amasa,Far,NA,35.09253915,31.3331124,18582,Har Amasa Far 5,1,0,0,0,0,0,0,1,0,0,0,0,0,0,0,3
T3,2020,Mediterranean Desert Transition Zone,NA,Har Amasa,Near,NA,35.09627145,31.34528901,18582,Har Amasa Near 6,7,0,0,0,0,0,0,0,0,0,0,0,0,0,0,8
T3,2020,Mediterranean Desert Transition Zone,NA,Har Amasa,Near,NA,35.09627245,31.3433602,18582,Har Amasa Near 7,0,0,0,0,0,0,0,0,1,0,0,0,1,0,0,7
T3,2020,Mediterranean Desert Transition Zone,NA,Har Amasa,Near,NA,35.09683002,31.34515472,18582,Har Amasa Near 5,0,0,0,0,0,0,0,0,0,0,0,0,0,0,0,4
T3,2020,Mediterranean Desert Transition Zone,NA,Har Amasa,Near,NA,35.09740938,31.34296217,18582,Har Amasa Near 9,0,0,0,0,0,0,0,0,0,0,0,0,2,0,0,3
T3,2020,Mediterranean Desert Transition Zone,NA,Har Amasa,Near,NA,35.09744626,31.34535688,18582,Har Amasa Near 4,1,0,0,0,0,0,0,7,0,0,2,0,0,0,0,4
T3,2020,Mediterranean Desert Transition Zone,NA,Har Amasa,Near,NA,35.09846214,31.34495628,18582,Har Amasa Near 3,1,0,0,0,0,0,0,0,0,0,0,0,0,0,0,0
T3,2020,Mediterranean Desert Transition Zone,NA,Har Amasa,Near,NA,35.09886045,31.34421637,18582,Har Amasa Near 2,0,0,0,0,0,0,0,0,0,0,0,0,0,0,0,8
T3,2020,Mediterranean Desert Transition Zone,NA,Har Amasa,Near,NA,35.09918835,31.34370381,18582,Har Amasa Near 1,0,0,0,0,0,0,0,0,0,0,0,0,0,0,0,1
T3,2020,Mediterranean Desert Transition Zone,NA,Lahav,Far,NA,34.8572132,31.37400014,18499,Lahav Far 1,2,0,0,0,0,0,0,0,0,0,0,0,0,0,0,1
T3,2020,Mediterranean Desert Transition Zone,NA,Lahav,Far,NA,34.85791326,31.37374509,18499,Lahav Far 2,2,0,0,0,0,0,0,0,0,0,0,0,0,0,0,0
T3,2020,Mediterranean Desert Transition Zone,NA,Lahav,Near,NA,34.86301683,31.38448677,18499,Lahav Near 2,2,0,0,0,0,0,0,0,0,0,0,0,0,0,0,0
T3,2020,Mediterranean Desert Transition Zone,NA,Lahav,Near,NA,34.86442667,31.38435826,18499,Lahav Near 5,0,0,0,0,0,0,0,2,0,0,0,0,0,0,0,0
T3,2020,Mediterranean Desert Transition Zone,NA,Lehavim,Far,NA,34.82749365,31.37775229,18510,Lehavim Far 5,0,0,0,0,0,0,0,0,0,0,0,0,2,0,0,8
T3,2020,Mediterranean Desert Transition Zone,NA,Lehavim,Far,NA,34.82886627,31.37490184,18510,Lehavim Far 1,0,0,0,0,0,0,0,0,0,0,1,0,0,0,0,7
T3,2020,Mediterranean Desert Transition Zone,NA,Lehavim,Near,NA,34.82266165,31.36451004,18510,Lehavim Near 3,0,0,0,0,0,0,0,0,0,0,0,0,0,0,0,1
T3,2020,Mediterranean Desert Transition Zone,NA,Lehavim,Near,NA,34.82278168,31.36394005,18510,Lehavim Near 4,0,0,0,0,0,0,0,0,0,0,2,0,1,0,0,3
T3,2020,Mediterranean Desert Transition Zone,NA,Lehavim,Near,NA,34.82355315,31.36353495,18510,Lehavim Near 5,0,0,0,0,0,0,0,0,0,0,6,0,0,0,0,4
T3,2020,Mediterranean Desert Transition Zone,NA,Lehavim,Near,NA,34.82390653,31.36451004,18510,Lehavim Near 2,0,0,0,0,0,0,0,0,0,0,0,0,0,0,0,1
T3,2020,Mediterranean Desert Transition Zone,NA,Lehavim,Near,NA,34.82634835,31.36369012,18510,Lehavim Near 8,0,0,0,0,0,0,0,0,0,0,0,0,0,0,0,2
T3,2020,Mediterranean Desert Transition Zone,NA,Mirsham,Far,NA,34.90141768,31.4642045,18487,Mirsham Far 8,0,0,0,0,0,0,0,4,0,1,0,0,0,0,0,0
T3,2020,Mediterranean Desert Transition Zone,NA,Mirsham,Far,NA,34.90202922,31.46404778,18487,Mirsham Far 7,0,0,0,0,0,0,0,0,0,0,0,0,1,0,0,1
T3,2020,Mediterranean Desert Transition Zone,NA,Mirsham,Far,NA,34.90497731,31.46356448,18487,Mirsham Far 3,0,0,0,0,0,0,0,2,0,0,0,0,0,0,0,0
T3,2020,Mediterranean Desert Transition Zone,NA,Mirsham,Near,NA,34.9280718,31.48217714,18487,Mirsham Near 9,3,0,0,0,0,0,0,0,0,0,0,0,1,0,0,0
T3,2020,Mediterranean Desert Transition Zone,NA,Mirsham,Near,NA,34.93060146,31.47995634,18487,Mirsham Near 1,0,0,0,0,0,0,0,0,0,0,1,0,0,0,0,0
T3,2020,Mediterranean Desert Transition Zone,NA,Mirsham,Near,NA,34.93150704,31.48056938,18487,Mirsham Near 3,0,0,0,0,0,0,0,0,0,0,0,0,0,0,0,1
T3,2020,Mediterranean Maquis,Carmel,Yagur,Far,NA,35.05353481,32.75482176,18253,Yagur Far 8,3,0,0,0,0,0,0,0,0,0,0,0,0,0,0,0
T3,2020,Mediterranean Maquis,Carmel,Yagur,Far,NA,35.05372055,32.7558794,18253,Yagur Far 4,0,0,0,0,0,0,0,0,0,0,0,0,0,0,0,1
T3,2020,Mediterranean Maquis,Carmel,Yagur,Far,NA,35.05387478,32.75608833,18253,Yagur Far 2,0,0,0,0,0,0,0,0,0,1,0,0,0,0,2,1
T3,2020,Mediterranean Maquis,Carmel,Yagur,Near,NA,35.07388439,32.73901565,18253,Yagur Near 3,0,0,0,0,0,0,0,0,0,3,0,0,0,0,0,0
T3,2020,Mediterranean Maquis,Carmel,Yagur,Near,NA,35.07399403,32.73879765,18253,Yagur Near 4,0,0,0,0,0,0,0,0,0,0,0,0,0,0,2,0
T3,2020,Mediterranean Maquis,Carmel,Yagur,Near,NA,35.07444698,32.73881401,18253,Yagur Near 5,0,0,0,0,0,0,0,0,0,0,0,0,0,0,4,0
T3,2020,Mediterranean Maquis,Carmel,Yagur,Near,NA,35.07479399,32.73942372,18253,Yagur Near 1,0,0,0,0,0,0,0,0,0,0,0,0,0,0,0,1
T3,2020,Mediterranean Maquis,Carmel,Yagur,Near,NA,35.07486206,32.73897588,18253,Yagur Near 6,0,0,0,0,0,0,0,0,0,0,0,0,0,0,6,0
T3,2020,Mediterranean Maquis,Carmel,Yagur,Near,NA,35.07534184,32.73901452,18253,Yagur Near 7,0,0,0,0,0,0,0,0,0,0,0,0,1,0,1,0
T3,2020,Mediterranean Maquis,Galilee,Ein Yaakov,Far,NA,35.22731815,33.00373802,18298,Ein Yaakov Far 1,4,0,0,0,0,0,0,0,0,0,0,0,0,0,6,0
T3,2020,Mediterranean Maquis,Galilee,Ein Yaakov,Far,NA,35.22761084,33.00325862,18298,Ein Yaakov Far 2,3,0,0,0,0,0,0,0,0,0,0,0,0,0,1,1
T3,2020,Mediterranean Maquis,Galilee,Ein Yaakov,Far,NA,35.22836722,33.00273085,18298,Ein Yaakov Far 4,10,0,0,0,0,0,0,0,0,0,0,0,0,0,11,0
T3,2020,Mediterranean Maquis,Galilee,Ein Yaakov,Far,NA,35.22906795,33.00280395,18298,Ein Yaakov Far 5,1,0,0,0,0,0,0,0,0,0,0,0,0,0,1,0
T3,2020,Mediterranean Maquis,Galilee,Ein Yaakov,Far,NA,35.22961378,33.00281436,18298,Ein Yaakov Far 6,6,0,0,0,0,0,0,0,0,0,0,0,0,0,3,0
T3,2020,Mediterranean Maquis,Galilee,Ein Yaakov,Far,NA,35.23029506,33.00278849,18298,Ein Yaakov Far 7,0,0,0,0,0,0,0,0,0,0,0,0,0,0,3,1
T3,2020,Mediterranean Maquis,Galilee,Ein Yaakov,Far,NA,35.23064811,33.00288437,18298,Ein Yaakov Far 8,5,0,0,0,0,0,0,0,0,0,0,0,0,0,2,0
T3,2020,Mediterranean Maquis,Galilee,Ein Yaakov,Far,NA,35.23121573,33.0029333,18298,Ein Yaakov Far 9,5,0,0,0,0,0,0,0,0,0,0,0,0,0,13,0
T3,2020,Mediterranean Maquis,Galilee,Ein Yaakov,Near,NA,35.22520356,33.005499,18298,Ein Yaakov Near 1,8,0,0,0,0,0,0,0,0,0,0,0,0,0,0,2
T3,2020,Mediterranean Maquis,Galilee,Ein Yaakov,Near,NA,35.2260907,33.00550828,18298,Ein Yaakov Near 2,113,0,0,0,0,0,0,0,0,0,0,0,0,0,48,10
T3,2020,Mediterranean Maquis,Galilee,Ein Yaakov,Near,NA,35.22622112,33.00567192,18298,Ein Yaakov Near 3,31,0,0,0,0,0,0,0,0,0,0,0,0,0,35,1
T3,2020,Mediterranean Maquis,Galilee,Ein Yaakov,Near,NA,35.22674181,33.00564886,18298,Ein Yaakov Near 4,36,0,0,0,0,0,0,0,0,0,0,0,0,0,27,0
T3,2020,Mediterranean Maquis,Galilee,Ein Yaakov,Near,NA,35.22719074,33.00564858,18298,Ein Yaakov Near 5,22,0,0,0,0,0,0,0,0,0,0,0,0,0,5,1
T3,2020,Mediterranean Maquis,Galilee,Ein Yaakov,Near,NA,35.22741839,33.00580435,18298,Ein Yaakov Near 6,1,0,0,0,0,0,0,0,0,0,0,0,0,0,4,0
T3,2020,Mediterranean Maquis,Galilee,Ein Yaakov,Near,NA,35.22787336,33.00584427,18298,Ein Yaakov Near 7,7,0,0,0,0,0,0,0,0,0,0,0,0,0,3,0
T3,2020,Mediterranean Maquis,Galilee,Ein Yaakov,Near,NA,35.22842322,33.00578045,18298,Ein Yaakov Near 8,10,7,0,0,0,0,0,0,0,0,0,0,0,0,1,0
T3,2020,Mediterranean Maquis,Galilee,Ein Yaakov,Near,NA,35.22879705,33.00580828,18298,Ein Yaakov Near 9,35,7,0,0,0,0,0,0,0,0,0,0,2,0,0,1
T3,2020,Mediterranean Maquis,Galilee,Goren,Far,NA,35.25366582,33.04702177,18275,Goren Far 1,0,0,0,0,0,0,0,0,0,3,0,0,0,0,5,0
T3,2020,Mediterranean Maquis,Galilee,Goren,Far,NA,35.25400411,33.04751977,18275,Goren Far 2,1,0,0,0,0,0,0,0,0,3,0,0,0,0,7,0
T3,2020,Mediterranean Maquis,Galilee,Goren,Far,NA,35.25420226,33.04804755,18275,Goren Far 3,1,0,0,0,0,0,0,0,0,0,0,0,0,0,3,1
T3,2020,Mediterranean Maquis,Galilee,Goren,Far,NA,35.25491472,33.05095338,18275,Goren Far 7,6,0,0,2,0,0,0,0,0,2,0,0,0,0,0,2
T3,2020,Mediterranean Maquis,Galilee,Goren,Far,NA,35.25497574,33.05392235,18275,Goren Far 8,1,0,0,6,0,0,0,0,0,0,0,0,0,0,0,0
T3,2020,Mediterranean Maquis,Galilee,Goren,Far,NA,35.25515411,33.0486231,18275,Goren Far 4,2,0,0,1,0,0,0,0,0,7,0,0,0,0,11,0
T3,2020,Mediterranean Maquis,Galilee,Goren,Far,NA,35.25542635,33.05439304,18275,Goren Far 9,2,0,0,10,0,0,0,0,0,0,0,0,0,0,0,0
T3,2020,Mediterranean Maquis,Galilee,Goren,Far,NA,35.25555074,33.04923013,18275,Goren Far 5,0,0,0,0,0,0,0,0,0,2,0,0,0,0,5,0
T3,2020,Mediterranean Maquis,Galilee,Goren,Far,NA,35.25574319,33.04983068,18275,Goren Far 6,0,0,0,1,0,0,0,0,0,1,0,0,3,0,2,0
T3,2020,Mediterranean Maquis,Galilee,Goren,Near,NA,35.22911288,33.05589139,18275,Goren Near 9,14,0,0,8,0,0,0,0,0,4,0,0,0,0,23,0
T3,2020,Mediterranean Maquis,Galilee,Goren,Near,NA,35.229692,33.056086,18275,Goren Near 1,20,0,0,1,0,0,0,0,0,0,0,0,0,0,9,0
T3,2020,Mediterranean Maquis,Galilee,Goren,Near,NA,35.23101423,33.05619741,18275,Goren Near 2,2,0,0,1,0,0,0,0,0,0,0,0,1,0,23,2
T3,2020,Mediterranean Maquis,Galilee,Goren,Near,NA,35.23127005,33.05523917,18275,Goren Near 4,48,0,0,1,0,0,0,0,0,3,0,0,0,0,16,0
T3,2020,Mediterranean Maquis,Galilee,Goren,Near,NA,35.23131263,33.05577646,18275,Goren Near 3,61,0,0,3,0,0,0,0,0,6,0,0,0,0,17,0
T3,2020,Mediterranean Maquis,Galilee,Goren,Near,NA,35.23142695,33.05458385,18275,Goren Near 6,56,0,0,5,0,0,0,0,0,14,0,0,0,0,16,1
T3,2020,Mediterranean Maquis,Galilee,Goren,Near,NA,35.23145143,33.05500509,18275,Goren Near 5,65,0,0,2,0,0,0,0,0,8,0,0,0,0,35,0
T3,2020,Mediterranean Maquis,Galilee,Goren,Near,NA,35.23157448,33.05406988,18275,Goren Near 7,11,0,0,0,0,0,0,0,0,6,0,0,0,0,5,0
T3,2020,Mediterranean Maquis,Galilee,Goren,Near,NA,35.23199324,33.0530422,18275,Goren Near 8,16,0,0,2,0,0,0,0,0,0,0,0,0,0,5,0
T3,2020,Mediterranean Maquis,Galilee,Iftach,Far,NA,35.55659115,33.12428517,18368,Iftach Far 2,0,0,0,0,0,0,0,0,0,0,0,0,0,0,6,1
T3,2020,Mediterranean Maquis,Galilee,Iftach,Far,NA,35.55674102,33.12485742,18368,Iftach Far 1,1,0,0,0,0,0,0,0,0,2,0,0,0,0,8,6
T3,2020,Mediterranean Maquis,Galilee,Iftach,Far,NA,35.55757988,33.12418016,18368,Iftach Far 4,0,0,0,0,0,0,0,1,0,3,0,0,0,0,13,0
T3,2020,Mediterranean Maquis,Galilee,Iftach,Far,NA,35.55758256,33.12458618,18368,Iftach Far 3,0,0,0,0,0,0,0,0,0,0,0,0,1,0,9,0
T3,2020,Mediterranean Maquis,Galilee,Iftach,Far,NA,35.55813376,33.12434863,18368,Iftach Far 6,0,0,0,0,0,0,0,0,0,11,0,0,0,0,13,0
T3,2020,Mediterranean Maquis,Galilee,Iftach,Far,NA,35.55816293,33.12336839,18368,Iftach Far 8,0,0,0,0,0,0,0,0,0,0,0,0,0,0,2,0
T3,2020,Mediterranean Maquis,Galilee,Iftach,Far,NA,35.55819981,33.12465694,18368,Iftach Far 5,0,0,0,0,0,0,0,1,0,1,0,0,0,0,17,0
T3,2020,Mediterranean Maquis,Galilee,Iftach,Near,NA,35.55391096,33.13156995,18368,Iftach Near 1,0,0,0,0,0,0,0,0,0,1,0,0,0,0,0,0
T3,2020,Mediterranean Maquis,Galilee,Iftach,Near,NA,35.55462174,33.13107159,18368,Iftach Near 2,0,0,0,0,0,0,0,0,0,0,0,0,0,0,1,0
T3,2020,Mediterranean Maquis,Galilee,Iftach,Near,NA,35.55501837,33.13090706,18368,Iftach Near 3,0,0,0,0,0,0,0,0,0,3,0,0,0,0,3,0
T3,2020,Mediterranean Maquis,Galilee,Iftach,Near,NA,35.55540662,33.12972783,18368,Iftach Near 5,0,0,0,0,0,0,0,0,0,6,0,0,0,0,6,0
T3,2020,Mediterranean Maquis,Galilee,Iftach,Near,NA,35.55550218,33.1285702,18368,Iftach Near 7,0,0,0,0,0,0,0,0,0,1,0,0,0,0,4,0
T3,2020,Mediterranean Maquis,Galilee,Iftach,Near,NA,35.55556823,33.12991145,18368,Iftach Near 4,0,0,0,0,0,0,0,0,0,2,0,0,0,0,22,0
T3,2020,Mediterranean Maquis,Galilee,Iftach,Near,NA,35.55557493,33.12924743,18368,Iftach Near 6,0,0,0,0,0,0,0,0,0,0,0,0,0,0,3,0
T3,2020,Mediterranean Maquis,Galilee,Iftach,Near,NA,35.55580191,33.12734573,18368,Iftach Near 9,0,0,0,0,0,0,0,0,0,0,0,0,0,0,2,0
T3,2020,Mediterranean Maquis,Galilee,Kfar Shamai,Far,NA,35.46842183,32.97040891,18406,Kfar Shamai Far 1,0,0,0,0,0,0,0,0,0,0,0,0,0,0,8,0
T3,2020,Mediterranean Maquis,Galilee,Kfar Shamai,Far,NA,35.46883028,32.96639777,18406,Kfar Shamai Far 9,1,0,0,0,0,0,0,0,0,1,0,1,0,0,11,0
T3,2020,Mediterranean Maquis,Galilee,Kfar Shamai,Far,NA,35.4691498,32.96950291,18406,Kfar Shamai Far 2,1,0,0,0,0,0,0,0,0,1,0,0,0,0,8,0
T3,2020,Mediterranean Maquis,Galilee,Kfar Shamai,Far,NA,35.46918031,32.96656457,18406,Kfar Shamai Far 8,0,0,0,0,0,0,0,0,0,2,0,0,0,0,14,0
T3,2020,Mediterranean Maquis,Galilee,Kfar Shamai,Far,NA,35.46921476,32.96712224,18406,Kfar Shamai Far 7,0,0,0,0,0,0,0,0,0,0,0,0,0,0,18,0
T3,2020,Mediterranean Maquis,Galilee,Kfar Shamai,Far,NA,35.46940494,32.96894625,18406,Kfar Shamai Far 3,2,0,0,0,0,0,0,0,0,7,0,0,0,0,66,0
T3,2020,Mediterranean Maquis,Galilee,Kfar Shamai,Far,NA,35.46952497,32.96765289,18406,Kfar Shamai Far 6,1,0,0,0,0,0,0,0,0,0,0,0,0,0,66,0
T3,2020,Mediterranean Maquis,Galilee,Kfar Shamai,Far,NA,35.46978565,32.96801319,18406,Kfar Shamai Far 5,2,0,0,0,0,0,0,1,0,3,0,1,0,0,167,0
T3,2020,Mediterranean Maquis,Galilee,Kfar Shamai,Far,NA,35.46984449,32.96843121,18406,Kfar Shamai Far 4,1,0,0,0,0,0,0,3,0,1,0,0,0,0,72,0
T3,2020,Mediterranean Maquis,Galilee,Kfar Shamai,Near,NA,35.45859564,32.96372122,18406,Kfar Shamai Near 7,1,0,0,0,0,0,0,0,0,0,0,0,0,0,2,0
T3,2020,Mediterranean Maquis,Galilee,Kfar Shamai,Near,NA,35.45866035,32.96293864,18406,Kfar Shamai Near 8,10,0,0,0,0,0,0,0,0,8,0,0,0,0,14,0
T3,2020,Mediterranean Maquis,Galilee,Kfar Shamai,Near,NA,35.45867644,32.96381208,18406,Kfar Shamai Near 6,0,0,0,0,0,0,0,0,0,0,0,0,0,0,2,0
T3,2020,Mediterranean Maquis,Galilee,Kfar Shamai,Near,NA,35.45879513,32.9644121,18406,Kfar Shamai Near 5,12,0,0,0,0,0,0,0,0,0,0,0,2,0,14,0
T3,2020,Mediterranean Maquis,Galilee,Kfar Shamai,Near,NA,35.45909386,32.96230598,18406,Kfar Shamai Near 9,22,0,0,0,0,0,0,0,0,11,0,0,0,0,8,0
T3,2020,Mediterranean Maquis,Galilee,Kfar Shamai,Near,NA,35.45916427,32.96593223,18406,Kfar Shamai Near 1,32,0,0,0,0,0,0,0,0,16,0,0,0,0,81,1
T3,2020,Mediterranean Maquis,Galilee,Kfar Shamai,Near,NA,35.45921389,32.96519101,18406,Kfar Shamai Near 3,0,0,0,0,0,0,0,0,0,5,0,0,0,0,37,0
T3,2020,Mediterranean Maquis,Galilee,Kfar Shamai,Near,NA,35.45938253,32.96560958,18406,Kfar Shamai Near 2,15,0,0,0,0,0,0,0,0,5,0,0,0,0,52,2
T3,2020,Mediterranean Maquis,Galilee,Margaliot,Far,NA,35.54312915,33.20598998,18337,Margaliot Far 9,2,0,0,0,0,0,0,0,0,1,0,4,0,0,5,0
T3,2020,Mediterranean Maquis,Galilee,Margaliot,Far,NA,35.54334339,33.20580174,18337,Margaliot Far 8,0,0,0,0,0,0,0,0,0,0,0,0,0,0,1,0
T3,2020,Mediterranean Maquis,Galilee,Margaliot,Far,NA,35.54389592,33.20412304,18337,Margaliot Far 2,5,0,0,0,0,0,0,0,0,1,0,0,0,0,0,0
T3,2020,Mediterranean Maquis,Galilee,Margaliot,Far,NA,35.54390296,33.20512005,18337,Margaliot Far 6,1,0,0,0,0,0,0,0,0,17,0,0,0,0,3,0
T3,2020,Mediterranean Maquis,Galilee,Margaliot,Far,NA,35.54427277,33.20421197,18337,Margaliot Far 5,7,0,0,0,0,0,0,0,0,2,0,0,0,0,4,0
T3,2020,Mediterranean Maquis,Galilee,Margaliot,Far,NA,35.54435927,33.20406609,18337,Margaliot Far 4,7,0,0,0,0,0,0,0,0,7,0,3,0,0,4,0
T3,2020,Mediterranean Maquis,Galilee,Margaliot,Far,NA,35.54457687,33.20323543,18337,Margaliot Far 1,3,0,0,0,0,0,0,0,0,0,0,0,0,0,5,0
T3,2020,Mediterranean Maquis,Galilee,Margaliot,Near,NA,35.54010739,33.21541303,18337,Margaliot Near 1,10,0,0,0,0,0,0,0,0,6,0,2,1,0,7,0
T3,2020,Mediterranean Maquis,Galilee,Margaliot,Near,NA,35.54077249,33.21263571,18337,Margaliot Near 9,0,0,0,0,0,0,0,0,0,2,0,0,0,0,0,0
T3,2020,Mediterranean Maquis,Galilee,Margaliot,Near,NA,35.54087307,33.21542699,18337,Margaliot Near 2,4,0,0,0,0,0,0,0,0,2,0,3,0,0,4,0
T3,2020,Mediterranean Maquis,Galilee,Margaliot,Near,NA,35.54098472,33.21250471,18337,Margaliot Near 8,6,0,0,0,0,0,0,0,0,3,0,1,0,0,1,0
T3,2020,Mediterranean Maquis,Galilee,Margaliot,Near,NA,35.54124925,33.21266825,18337,Margaliot Near 7,23,0,0,0,0,0,0,0,0,0,0,0,0,0,4,0
T3,2020,Mediterranean Maquis,Galilee,Margaliot,Near,NA,35.54131027,33.21309882,18337,Margaliot Near 6,9,0,0,0,0,0,0,0,0,3,0,1,0,0,0,0
T3,2020,Mediterranean Maquis,Galilee,Margaliot,Near,NA,35.54143969,33.21511676,18337,Margaliot Near 3,6,0,0,0,0,0,0,0,0,0,0,0,0,0,2,0
T3,2020,Mediterranean Maquis,Galilee,Margaliot,Near,NA,35.54192416,33.21400373,18337,Margaliot Near 5,12,0,0,0,0,0,0,0,0,1,0,0,0,0,8,0
T3,2020,Mediterranean Maquis,Galilee,Margaliot,Near,NA,35.54196842,33.21392996,18337,Margaliot Near 4,13,0,0,0,0,0,0,0,0,8,0,4,0,0,8,0
T3,2020,Negev Highlands,NA,Bislach,Far,NA,34.89655215,31.00363404,18551,Bislach Far 3,0,0,0,0,0,0,5,0,0,0,4,0,0,0,0,2
T3,2020,Negev Highlands,NA,Bislach,Far,NA,34.8976264,31.0043507,18551,Bislach Far 4,0,0,0,0,0,0,2,0,0,0,0,0,0,0,0,0
T3,2020,Negev Highlands,NA,Bislach,Far,NA,34.89813868,31.00486314,18551,Bislach Far 5,0,0,0,0,0,0,2,0,0,0,0,0,0,0,0,0
T3,2020,Negev Highlands,NA,Bislach,Far,NA,34.89876766,31.00540972,18551,Bislach Far 6,0,0,0,0,0,0,2,0,0,0,0,0,0,0,0,0
T3,2020,Negev Highlands,NA,Bislach,Far,NA,34.89927795,31.00627557,18551,Bislach Far 8,0,0,0,0,0,0,0,0,0,0,0,0,0,0,0,1
T3,2020,Negev Highlands,NA,Bislach,Far,NA,34.90000013,31.00662759,18551,Bislach Far 9,0,0,0,0,0,0,0,0,0,0,0,0,0,0,0,1
T3,2020,Negev Highlands,NA,Bislach,Near,NA,34.87041,31.02378995,18551,Bislach Near 5,0,0,0,0,0,0,2,0,1,2,4,0,0,0,0,0
T3,2020,Negev Highlands,NA,Bislach,Near,NA,34.87141985,31.02228555,18551,Bislach Near 6,0,0,0,0,0,0,0,0,0,7,0,0,0,0,0,0
T3,2020,Negev Highlands,NA,Bislach,Near,NA,34.87189695,31.02175774,18551,Bislach Near 1,0,0,0,0,0,0,0,0,0,7,5,0,0,0,0,1
T3,2020,Negev Highlands,NA,Bislach,Near,NA,34.87252593,31.02118424,18551,Bislach Near 2,0,0,0,0,0,0,0,0,0,1,3,0,0,0,0,4
T3,2020,Negev Highlands,NA,Bislach,Near,NA,34.87428244,31.02019843,18551,Bislach Near 4,0,0,0,0,0,0,0,0,0,0,1,0,0,0,0,0
T3,2020,Negev Highlands,NA,Bislach,Near,NA,34.87535466,31.01977663,18551,Bislach Near 8,0,0,0,0,0,0,0,0,1,0,0,0,0,0,0,0
T3,2020,Negev Highlands,NA,Ezuz,Far,NA,34.46581554,30.78288557,18544,Ezuz Far 8,1,0,0,0,0,0,0,0,0,0,0,0,0,0,0,0
T3,2020,Negev Highlands,NA,Ezuz,Far,NA,34.46613371,30.78165275,18544,Ezuz Far 1,2,0,0,0,0,0,11,0,0,0,2,0,0,0,0,0
T3,2020,Negev Highlands,NA,Ezuz,Far,NA,34.46754657,30.78158822,18544,Ezuz Far 6,0,0,0,0,0,0,5,0,0,0,0,0,0,0,0,0
T3,2020,Negev Highlands,NA,Ezuz,Far,NA,34.46778093,30.78209259,18544,Ezuz Far 4,0,0,0,0,0,0,0,0,0,1,1,0,0,0,0,0
T3,2020,Negev Highlands,NA,Ezuz,Far,NA,34.46788754,30.78177661,18544,Ezuz Far 3,0,0,0,0,0,0,0,0,0,0,0,0,0,0,0,1
T3,2020,Negev Highlands,NA,Ezuz,Far,NA,34.46863119,30.78186935,18544,Ezuz Far 5,1,0,0,0,2,0,3,0,0,0,1,0,0,0,0,0
T3,2020,Negev Highlands,NA,Ezuz,Near,NA,34.464573,30.79899084,18544,Ezuz Near 1,1,0,0,0,0,0,0,0,0,0,0,0,0,0,0,0
T3,2020,Negev Highlands,NA,Ezuz,Near,NA,34.46502697,30.79838922,18544,Ezuz Near 2,3,0,0,0,0,0,0,0,0,0,0,0,0,0,0,0
T3,2020,Negev Highlands,NA,Ezuz,Near,NA,34.46584873,30.79800504,18544,Ezuz Near 3,0,0,0,0,2,0,2,0,0,0,0,0,0,0,0,0
T3,2020,Negev Highlands,NA,Ezuz,Near,NA,34.46602173,30.79751055,18544,Ezuz Near 4,0,0,0,0,0,0,0,0,0,1,0,0,0,0,0,0
T3,2020,Negev Highlands,NA,Ezuz,Near,NA,34.46670469,30.79727468,18544,Ezuz Near 5,1,0,0,0,0,0,0,0,0,0,0,0,0,0,0,0
T3,2020,Negev Highlands,NA,Ezuz,Near,NA,34.46770247,30.79675513,18544,Ezuz Near 7,20,0,0,0,0,0,0,0,0,1,0,0,0,0,0,0
T3,2020,Negev Highlands,NA,Ezuz,Near,NA,34.46807865,30.79532147,18544,Ezuz Near 9,2,0,0,0,0,0,0,0,0,1,0,0,0,0,0,0
T3,2020,Negev Highlands,NA,Merhav Am,Far,NA,34.83321548,30.89856474,18540,Merhav Am Far 9,12,0,0,0,0,0,0,0,1,9,0,0,0,0,0,1
T3,2020,Negev Highlands,NA,Merhav Am,Far,NA,34.83348336,30.89816629,18540,Merhav Am Far 8,21,0,0,0,0,0,0,0,0,7,0,0,0,0,0,0
T3,2020,Negev Highlands,NA,Merhav Am,Far,NA,34.83442884,30.89811709,18540,Merhav Am Far 7,11,0,0,0,0,0,0,0,0,1,0,0,0,0,0,0
T3,2020,Negev Highlands,NA,Merhav Am,Far,NA,34.83500082,30.89732277,18540,Merhav Am Far 6,0,0,0,0,0,0,0,0,0,1,0,0,0,0,0,8
T3,2020,Negev Highlands,NA,Merhav Am,Far,NA,34.83603414,30.89709549,18540,Merhav Am Far 5,0,2,0,0,0,0,0,0,0,3,0,0,0,0,0,4
T3,2020,Negev Highlands,NA,Merhav Am,Far,NA,34.83651526,30.89738059,18540,Merhav Am Far 4,0,0,0,0,0,0,0,0,0,8,0,0,0,0,0,5
T3,2020,Negev Highlands,NA,Merhav Am,Far,NA,34.83723611,30.89717201,18540,Merhav Am Far 3,5,0,0,0,0,0,0,0,0,5,0,0,0,0,0,14
T3,2020,Negev Highlands,NA,Merhav Am,Far,NA,34.8381595,30.8967013,18540,Merhav Am Far 2,7,0,0,0,0,0,0,0,0,2,0,0,0,0,0,13
T3,2020,Negev Highlands,NA,Merhav Am,Near,NA,34.82685462,30.88576673,18540,Merhav Am Near 9,8,0,0,0,0,0,0,0,0,0,0,0,0,0,0,0
T3,2020,Negev Highlands,NA,Merhav Am,Near,NA,34.82697431,30.88471881,18540,Merhav Am Near 8,2,0,0,0,0,0,0,0,0,0,0,0,0,0,0,0
T3,2020,Negev Highlands,NA,Merhav Am,Near,NA,34.82775986,30.88414995,18540,Merhav Am Near 6,8,0,0,0,0,0,0,0,0,0,0,0,0,0,0,1
T3,2020,Negev Highlands,NA,Merhav Am,Near,NA,34.82854508,30.88358513,18540,Merhav Am Near 5,8,0,0,0,0,0,0,0,0,0,0,0,0,0,0,6
T3,2020,Negev Highlands,NA,Merhav Am,Near,NA,34.8290899,30.88304331,18540,Merhav Am Near 4,5,0,0,0,0,0,0,0,0,0,0,0,0,0,0,2
T3,2020,Negev Highlands,NA,Merhav Am,Near,NA,34.83126584,30.88245086,18540,Merhav Am Near 2,17,0,0,0,0,0,0,0,0,0,0,0,0,0,0,0
T3,2020,Negev Highlands,NA,Merhav Am,Near,NA,34.83224854,30.88155396,18540,Merhav Am Near 1,2,0,0,0,0,0,3,0,0,0,2,0,0,0,0,2
T3,2020,Negev Highlands,NA,Sde Boker,Far,NA,34.77430645,30.88486929,18555,Sde Boker Far 4,0,0,0,0,0,0,1,0,0,0,1,0,0,0,0,5
T3,2020,Negev Highlands,NA,Sde Boker,Far,NA,34.77448985,30.886396,18555,Sde Boker Far 5,0,0,0,0,0,0,0,0,0,0,0,0,0,0,0,1
T3,2020,Negev Highlands,NA,Sde Boker,Far,NA,34.77624334,30.8863842,18555,Sde Boker Far 8,0,0,0,0,0,0,0,0,3,0,0,0,0,0,0,2
T3,2020,Negev Highlands,NA,Sde Boker,Far,NA,34.77629095,30.88497316,18555,Sde Boker Far 3,0,0,0,0,0,0,0,0,2,1,1,0,0,0,0,0
T3,2020,Negev Highlands,NA,Sde Boker,Far,NA,34.77629296,30.88441496,18555,Sde Boker Far 1,1,0,0,0,0,0,0,0,1,4,3,0,0,0,0,0
T3,2020,Negev Highlands,NA,Sde Boker,Far,NA,34.77797605,30.88608582,18555,Sde Boker Far 9,2,0,0,0,0,0,0,0,0,0,0,0,0,0,0,2
T3,2020,Negev Highlands,NA,Sde Boker,Far,NA,34.77820069,30.88521745,18555,Sde Boker Far 2,0,0,0,0,0,0,7,0,1,3,0,0,0,0,0,3
T3,2020,Negev Highlands,NA,Sde Boker,Near,NA,34.79101896,30.8772377,18555,Sde Boker Near 7,3,0,0,0,0,0,0,0,0,0,0,0,0,0,0,0
T3,2020,Negev Highlands,NA,Sde Boker,Near,NA,34.79165733,30.87758704,18555,Sde Boker Near 6,5,0,0,0,0,0,0,0,2,0,0,0,0,0,0,2
T3,2020,Negev Highlands,NA,Sde Boker,Near,NA,34.79215186,30.87806529,18555,Sde Boker Near 5,3,0,0,0,0,0,0,0,0,0,0,0,0,0,0,2
T3,2020,Negev Highlands,NA,Sde Boker,Near,NA,34.79251932,30.87825808,18555,Sde Boker Near 4,7,0,0,0,0,0,0,0,1,0,0,0,0,0,0,0
T3,2020,Negev Highlands,NA,Sde Boker,Near,NA,34.7929173,30.87877201,18555,Sde Boker Near 3,5,0,0,0,0,0,0,0,0,0,0,0,0,0,0,0
T3,2020,Negev Highlands,NA,Sde Boker,Near,NA,34.79411054,30.87943125,18555,Sde Boker Near 1,24,0,0,0,0,0,0,0,1,1,0,0,0,0,0,0
T3,2020,Negev Highlands,NA,Sde Boker,Near,NA,34.79474153,30.88008559,18555,Sde Boker Near 2,10,0,0,0,0,0,0,0,0,0,0,0,0,0,0,0
T3,2020,Negev Highlands,NA,Sde Boker,Near,NA,34.79523439,30.88073648,18555,Sde Boker Near 8,10,0,0,0,0,0,0,0,0,0,0,0,0,0,0,0
T3,2020,Negev Highlands,NA,Sde Boker,Near,NA,34.79526423,30.87993683,18555,Sde Boker Near 9,4,0,0,0,0,0,0,0,0,3,0,0,0,0,0,0
T3,2020,Negev Highlands,NA,Yeruham,Far,NA,34.89227839,30.97856344,18522,Yeruham Far 1,0,0,0,0,0,0,0,0,0,2,0,0,0,0,0,0
T3,2020,Negev Highlands,NA,Yeruham,Far,NA,34.89399835,30.97870832,18522,Yeruham Far 3,0,0,0,0,0,0,0,0,1,0,0,0,0,0,0,0
T3,2020,Negev Highlands,NA,Yeruham,Far,NA,34.89449993,30.97816992,18522,Yeruham Far 4,0,0,0,0,0,0,0,0,0,1,0,0,0,0,0,0
T3,2020,Negev Highlands,NA,Yeruham,Far,NA,34.8951431,30.9775921,18522,Yeruham Far 5,4,0,0,0,0,0,0,0,0,3,0,0,0,0,0,0
T3,2020,Negev Highlands,NA,Yeruham,Far,NA,34.89537835,30.97487507,18522,Yeruham Far 9,1,0,0,0,0,0,0,0,0,2,0,0,0,0,0,1
T3,2020,Negev Highlands,NA,Yeruham,Far,NA,34.89578336,30.97709656,18522,Yeruham Far 6,0,0,0,0,0,0,0,0,0,0,4,0,0,0,0,0
T3,2020,Negev Highlands,NA,Yeruham,Far,NA,34.89585008,30.97666164,18522,Yeruham Far 7,1,0,0,0,0,0,0,0,0,2,0,0,0,0,0,1
T3,2020,Negev Highlands,NA,Yeruham,Near,NA,34.90885679,30.98575321,18522,Yeruham Near 9,1,0,0,0,0,0,0,0,0,2,0,0,0,0,0,0
T3,2020,Negev Highlands,NA,Yeruham,Near,NA,34.91003662,30.98618321,18522,Yeruham Near 8,0,0,0,0,0,0,0,0,2,0,0,0,0,0,0,1
T3,2020,Negev Highlands,NA,Yeruham,Near,NA,34.91101999,30.98664999,18522,Yeruham Near 7,1,0,0,0,0,0,0,0,0,0,0,0,0,0,0,0
T3,2020,Negev Highlands,NA,Yeruham,Near,NA,34.91214,30.985815,18522,Yeruham Near 6,0,0,0,0,0,0,0,0,0,4,0,0,0,0,0,2
T3,2020,Negev Highlands,NA,Yeruham,Near,NA,34.91334345,30.98538329,18522,Yeruham Near 5,3,0,0,0,0,0,0,0,1,41,0,0,0,0,0,5
T3,2020,Negev Highlands,NA,Yeruham,Near,NA,34.91457157,30.98489494,18522,Yeruham Near 1,1,0,0,0,0,0,0,0,0,57,0,0,0,0,0,9
T3,2020,Negev Highlands,NA,Yeruham,Near,NA,34.91505839,30.98442499,18522,Yeruham Near 3,0,0,0,0,0,0,0,0,0,3,0,0,0,0,0,8
T3,2020,Negev Highlands,NA,Yeruham,Near,NA,34.91561998,30.98442844,18522,Yeruham Near 2,0,0,0,0,0,0,0,0,0,65,0,0,0,0,0,5
T3,2020,Planted Conifer Forests,Carmel,Elyakim,Far,NA,35.05906887,32.67013762,18308,Elyakim KKL Plantings 2,0,0,0,0,0,0,0,0,0,0,0,0,0,0,1,1
T3,2020,Planted Conifer Forests,Carmel,Elyakim,Far,NA,35.05906887,32.67013762,18308,Elyakim KKL Plantings 3,0,0,0,0,0,0,0,0,0,0,0,0,0,0,2,0
T3,2020,Planted Conifer Forests,Carmel,Elyakim,Far,NA,35.05906887,32.67013762,18308,Elyakim KKL Plantings 4,0,0,0,0,0,0,0,0,0,0,0,0,0,0,11,0
T3,2020,Planted Conifer Forests,Carmel,Elyakim,Far,NA,35.05906887,32.67013762,18308,Elyakim KKL Plantings 6,0,0,0,0,0,0,0,0,0,0,0,0,0,0,20,0
T3,2020,Planted Conifer Forests,Carmel,Elyakim,Far,NA,35.05906887,32.67013762,18308,Elyakim KKL Plantings 7,0,0,0,0,0,0,0,0,0,0,0,0,0,0,1,0
T3,2020,Planted Conifer Forests,Carmel,Elyakim,Far,NA,35.05906887,32.67013762,18308,Elyakim KKL Plantings 8,0,0,0,0,0,0,0,0,0,1,0,0,0,0,3,2
T3,2020,Planted Conifer Forests,Carmel,Elyakim,Far,NA,35.05906887,32.67013762,18308,Elyakim KKL Plantings 9,0,0,0,0,0,0,0,0,0,0,0,0,0,0,2,0
T3,2020,Planted Conifer Forests,Carmel,Ramat Hashofet,Far,NA,35.11166632,32.61744305,18287,Ramat Hashofet KKL Plantings 1,2,0,0,0,0,0,0,0,0,0,0,0,0,0,5,1
T3,2020,Planted Conifer Forests,Carmel,Ramat Hashofet,Far,NA,35.11181418,32.61720781,18287,Ramat Hashofet KKL Plantings 3,14,0,0,0,0,0,0,0,0,0,0,0,0,0,1,0
T3,2020,Planted Conifer Forests,Carmel,Ramat Hashofet,Far,NA,35.11220377,32.61735579,18287,Ramat Hashofet KKL Plantings 4,4,0,0,0,0,0,0,0,0,0,0,0,0,0,13,0
T3,2020,Planted Conifer Forests,Carmel,Ramat Hashofet,Far,NA,35.11240359,32.61734111,18287,Ramat Hashofat KKL Plantings 5,2,0,0,0,0,0,0,0,0,1,0,0,0,0,1,1
T3,2020,Planted Conifer Forests,Carmel,Ramat Hashofet,Far,NA,35.11313818,32.61707452,18287,Ramat Hashofet KKL Plantings 7,0,0,0,0,0,0,0,0,0,0,0,0,0,0,2,0
T3,2020,Planted Conifer Forests,Carmel,Ramat Hashofet,Far,NA,35.11406958,32.61734195,18287,Ramat Hashofet KKL Plantings 9,0,0,0,0,0,0,0,0,0,5,0,0,0,0,0,1
T3,2020,Planted Conifer Forests,Galilee,Manara,Far,NA,35.55070404,33.17401378,18272,Manara KKL Plantings 7,1,0,0,0,0,0,0,0,0,0,0,0,0,0,0,3
T3,2020,Planted Conifer Forests,Galilee,Manara,Far,NA,35.55077344,33.17320724,18272,Manara KKL Plantings 5,1,0,0,0,0,0,0,0,0,0,0,0,0,0,0,0
T3,2020,Planted Conifer Forests,Galilee,Manara,Far,NA,35.55105776,33.17250004,18272,Manara KKL Plantings 3,4,0,0,0,0,0,0,0,0,0,0,0,0,0,3,0
T3,2020,Planted Conifer Forests,Galilee,Meron,Far,NA,35.46115983,32.98682911,18271,Meron KKL Plantings 6,1,0,0,0,0,0,0,0,0,0,0,0,0,0,8,0
T3,2020,Planted Conifer Forests,Galilee,Meron,Far,NA,35.46159267,32.98598683,18271,Meron KKL Plantings 7,3,0,0,0,0,0,0,3,0,0,0,0,0,0,7,0
T3,2020,Planted Conifer Forests,Galilee,Meron,Far,NA,35.46161313,32.98878672,18271,Meron KKL Plantings 2,0,0,0,0,0,0,0,0,0,0,0,0,0,0,7,0
T3,2020,Planted Conifer Forests,Galilee,Meron,Far,NA,35.4619541,32.98746642,18271,Meron KKL Plantings 5,0,0,0,0,0,0,0,0,0,0,0,0,0,0,3,0
T3,2020,Planted Conifer Forests,Galilee,Meron,Far,NA,35.46200741,32.98580656,18271,Meron KKL Plantings 8,0,0,0,0,0,0,0,8,0,0,0,0,0,0,1,0
T3,2020,Planted Conifer Forests,Galilee,Meron,Far,NA,35.4622126,32.98829092,18271,Meron KKL Plantings 3,0,0,0,0,0,0,0,14,0,0,0,0,0,0,21,1
T3,2020,Planted Conifer Forests,Galilee,Meron,Far,NA,35.46260574,32.98565795,18271,Meron KKL Plantings 9,3,0,0,0,0,0,0,20,0,3,0,0,0,0,12,0
T3,2020,Planted Conifer Forests,Galilee,Ramot Naftali,Far,NA,35.56126524,33.09657503,18272,Ramot Naftali KKL Plantings 3,5,0,0,0,0,0,0,12,0,0,0,0,1,0,7,1
T3,2020,Planted Conifer Forests,Galilee,Ramot Naftali,Far,NA,35.56134403,33.0975609,18272,Ramot Naftali KKL Plantings 5,9,0,0,0,0,0,0,5,0,0,0,0,0,0,9,1
T3,2020,Planted Conifer Forests,Galilee,Ramot Naftali,Far,NA,35.56148317,33.09515714,18272,Ramot Naftali KKL Plantings 2,1,0,0,0,0,0,0,11,0,1,0,0,1,0,9,0
T3,2020,Planted Conifer Forests,Galilee,Ramot Naftali,Far,NA,35.56153379,33.09454987,18272,Ramot Naftali KKL Plantings 1,0,0,0,0,0,0,0,1,0,0,0,0,0,0,4,0
T3,2020,Planted Conifer Forests,Galilee,Ramot Naftali,Far,NA,35.56162331,33.09769797,18272,Ramot Naftali KKL Plantings 6,6,0,0,0,0,0,0,4,0,0,0,0,0,0,16,3
T3,2020,Planted Conifer Forests,Galilee,Ramot Naftali,Far,NA,35.56181006,33.09830803,18272,Ramot Naftali KKL Plantings 7,9,0,0,0,0,0,0,1,0,0,0,0,1,0,1,0
T3,2020,Planted Conifer Forests,Galilee,Ramot Naftali,Far,NA,35.56214031,33.09823163,18272,Ramot Naftali KKL Plantings 8,0,0,0,0,0,0,0,2,0,0,0,0,0,0,0,0
T3,2020,Planted Conifer Forests,Galilee,Ramot Naftali,Far,NA,35.56291312,33.09857373,18272,Ramot Naftali KKL Plantings 9,16,0,0,0,0,0,0,4,0,0,0,0,0,0,17,0
T3,2020,Planted Conifer Forests,Galilee,Zuriel,Far,NA,35.31283133,33.01068107,18258,Zuriel KKL Plantings 5,2,0,0,0,0,0,0,0,0,1,0,0,0,0,0,1
T3,2020,Planted Conifer Forests,Galilee,Zuriel,Far,NA,35.31294532,33.01094591,18258,Zuriel KKL Plantings 6,0,0,0,0,0,0,0,0,0,0,0,0,0,0,1,0
T3,2020,Planted Conifer Forests,Galilee,Zuriel,Far,NA,35.31308178,33.01131309,18258,Zuriel KKL Plantings 7,2,0,0,0,0,0,0,0,0,0,0,0,0,0,0,0
T3,2020,Planted Conifer Forests,Galilee,Zuriel,Far,NA,35.31315554,33.01041397,18258,Zuriel KKL Plantings 4,0,0,0,0,0,0,0,0,0,0,0,0,0,0,1,1
T3,2020,Planted Conifer Forests,Galilee,Zuriel,Far,NA,35.31321354,33.01008811,18258,Zuriel KKL Plantings 3,4,0,0,0,0,0,0,0,0,0,0,0,0,0,1,1
T3,2020,Planted Conifer Forests,Galilee,Zuriel,Far,NA,35.31344254,33.01122931,18258,Zuriel KKL Plantings 9,0,0,0,0,0,0,0,0,0,0,0,0,0,0,3,0
T3,2020,Planted Conifer Forests,Galilee,Zuriel,Far,NA,35.31345159,33.00971165,18258,Zuriel KKL Plantings 2,1,0,0,0,0,0,0,0,0,0,0,0,1,0,3,0
T3,2020,Planted Conifer Forests,Galilee,Zuriel,Far,NA,35.3136256,33.01163613,18258,Zuriel KKL Plantings 8,0,0,0,0,0,0,0,0,0,0,0,0,0,0,2,0
T3,2020,Planted Conifer Forests,Galilee,Zuriel,Far,NA,35.31380765,33.00954802,18258,Zuriel KKL Plantings 1,0,1,0,0,0,0,0,0,0,0,0,0,0,0,4,0
T4,2021,Inland Sands,NA,Beer Milka,Far,Shifting,34.37660091,30.98169863,18972,Beer Milka Far Shifting 2_8 ,0,0,0,0,0,0,0,0,0,0,0,0,0,0,0,1
T4,2021,Inland Sands,NA,Beer Milka,Far,Shifting,34.37795676,30.98206627,18972,Beer Milka Far Shifting 2_9 ,0,0,0,0,0,0,1,0,0,0,0,0,0,0,0,1
T4,2021,Inland Sands,NA,Beer Milka,Far,Shifting,34.37845431,30.9811499,18972,Beer Milka Far Shifting 2_4 ,0,0,0,0,0,0,0,0,0,0,0,0,0,0,0,1
T4,2021,Inland Sands,NA,Beer Milka,Far,Shifting,34.37983364,30.98137296,18972,Beer Milka Far Shifting 2_1 ,0,0,0,0,0,0,0,0,0,0,0,0,0,0,0,2
T4,2021,Inland Sands,NA,Beer Milka,Far,Shifting,34.41570986,30.9480639,18972,Beer Milka Far Shifting 1_8 ,0,0,0,0,0,0,0,0,1,0,0,0,0,0,0,0
T4,2021,Inland Sands,NA,Beer Milka,Far,Shifting,34.41658325,30.94813148,18972,Beer Milka Far Shifting 1_9 ,0,0,0,0,0,0,1,0,0,0,0,0,0,0,0,2
T4,2021,Inland Sands,NA,Beer Milka,Far,Shifting,34.41727526,30.94818668,18972,Beer Milka Far Shifting 1_1 ,0,0,0,0,0,0,0,0,0,0,0,0,0,0,0,1
T4,2021,Inland Sands,NA,Beer Milka,Far,Shifting,34.41742145,30.94760671,18972,Beer Milka Far Shifting 1_2 ,0,0,0,0,0,0,0,0,0,0,0,0,0,0,0,1
T4,2021,Inland Sands,NA,Beer Milka,Far,Shifting,34.41905726,30.94808719,18972,Beer Milka Far Shifting 1_4 ,0,0,0,0,0,0,0,0,0,0,1,0,0,0,0,0
T4,2021,Inland Sands,NA,Beer Milka,Far,Shifting,34.42029208,30.94837819,18972,Beer Milka Far Shifting 1_3 ,0,0,0,0,0,0,0,0,0,0,2,0,0,0,0,2
T4,2021,Inland Sands,NA,Beer Milka,Far,Shifting,34.42039602,30.94675097,18972,Beer Milka Far Shifting 1_7 ,0,0,0,0,0,0,0,0,0,0,0,0,0,0,0,1
T4,2021,Inland Sands,NA,Beer Milka,Far,Shifting,34.42110311,30.9475975,18972,Beer Milka Far Shifting 1_6,0,0,0,0,0,0,0,0,0,0,1,0,0,0,0,1
T4,2021,Inland Sands,NA,Beer Milka,Far,Shifting,34.42159329,30.94673659,18972,Beer Milka Far Shifting 1_5 ,0,0,0,0,0,0,1,0,0,0,0,0,0,0,0,0
T4,2021,Inland Sands,NA,Beer Milka,Far,Shifting,34.44353309,30.91544652,18972,Beer Milka Far Shifting 3_4,0,0,0,0,0,0,0,0,0,0,1,0,0,0,0,2
T4,2021,Inland Sands,NA,Beer Milka,Far,Shifting,34.44445744,30.91569159,18972,Beer Milka Far Shifting 3_2 ,0,0,0,0,0,0,2,0,0,0,0,0,0,0,0,2
T4,2021,Inland Sands,NA,Beer Milka,Far,Shifting,34.44471829,30.91573617,18972,Beer Milka Far Shifting 3_5 ,0,0,0,0,0,0,1,0,0,0,0,0,0,0,0,1
T4,2021,Inland Sands,NA,Beer Milka,Far,Shifting,34.44642954,30.91567376,18972,Beer Milka Far Shifting 3_6 ,0,0,0,0,0,0,8,0,0,0,0,0,0,0,0,1
T4,2021,Inland Sands,NA,Beer Milka,Far,Shifting,34.44776628,30.91591279,18972,Beer Milka Far Shifting 3_7 ,0,0,0,0,0,0,0,0,0,0,2,0,0,0,0,2
T4,2021,Inland Sands,NA,Beer Milka,Far,Shifting,34.44907486,30.91656228,18972,Beer Milka Far Shifting 3_8 ,0,0,0,0,0,0,0,0,0,0,0,0,0,0,0,1
T4,2021,Inland Sands,NA,Beer Milka,Far,Shifting,34.45083138,30.91695807,18972,Beer Milka Far Shifting 3_9 ,0,0,0,0,0,0,0,0,0,0,0,0,0,0,0,1
T4,2021,Inland Sands,NA,Beer Milka,Near,Semi-Shifting,34.39017054,30.96439559,18955,Beer Milka Near Semi-Shifting 1_5,0,0,0,0,0,0,0,0,0,0,0,0,0,0,0,2
T4,2021,Inland Sands,NA,Beer Milka,Near,Semi-Shifting,34.39218622,30.96396607,18955,Beer Milka Near Semi-Shifting 1_3 ,1,0,0,0,0,0,0,0,0,0,0,0,0,0,0,0
T4,2021,Inland Sands,NA,Beer Milka,Near,Semi-Shifting,34.39327486,30.96476732,18955,Beer Milka Near Semi-Shifting 1_9 ,0,0,0,0,0,0,3,0,0,2,0,0,0,0,0,11
T4,2021,Inland Sands,NA,Beer Milka,Near,Semi-Shifting,34.39378951,30.96466123,18955,Beer Milka Near Semi-Shifting 1_8 ,0,0,0,0,0,0,0,0,0,0,2,0,0,0,0,8
T4,2021,Inland Sands,NA,Beer Milka,Near,Shifting,34.41679314,30.92835992,18955,Beer Milka Near Shifting 1_3 ,1,0,0,0,0,0,0,0,0,0,1,0,0,0,0,0
T4,2021,Inland Sands,NA,Beer Milka,Near,Shifting,34.41823013,30.92833634,18955,Beer Milka Near Shifting 1_2 ,3,0,0,0,0,0,0,0,0,0,0,0,0,0,0,2
T4,2021,Inland Sands,NA,Beer Milka,Near,Shifting,34.41876389,30.92832167,18955,Beer Milka Near Shifting 1_4 ,0,0,0,0,0,0,0,0,0,0,0,0,0,0,0,1
T4,2021,Inland Sands,NA,Beer Milka,Near,Shifting,34.41971138,30.92787588,18955,Beer Milka Near Shifting 1_5 ,0,0,0,0,0,0,0,0,0,0,0,0,0,0,0,1
T4,2021,Inland Sands,NA,Beer Milka,Near,Shifting,34.42080338,30.92808555,18955,Beer Milka Near Shifting 1_6 ,8,0,0,0,0,0,0,0,1,0,1,0,0,0,0,6
T4,2021,Inland Sands,NA,Beer Milka,Near,Shifting,34.42164358,30.92901249,18955,Beer Milka Near Shifting 1_7 ,1,0,0,0,0,0,1,0,0,0,0,0,0,0,0,0
T4,2021,Inland Sands,NA,Beer Milka,Near,Shifting,34.42269802,30.92922244,18955,Beer Milka Near Shifting 1_8 ,1,0,0,0,0,0,0,0,0,0,0,0,0,0,0,0
T4,2021,Inland Sands,NA,Beer Milka,Near,Shifting,34.42378733,30.92939759,18955,Beer Milka Near Shifting 1_9 ,0,0,0,0,0,0,0,0,1,0,0,0,0,0,0,0
T4,2021,Inland Sands,NA,Beer Milka,Near,Shifting,34.42497857,30.92982266,18955,Beer Milka Near Shifting 1_1 ,0,0,0,0,0,0,0,0,0,0,0,0,0,0,0,2
T4,2021,Inland Sands,NA,Secher,Far,Semi-Shifting,34.76296037,31.08307609,18986,Secher Far Semi-Shifting 1_5 ,0,0,0,0,0,0,2,0,0,0,1,0,0,0,0,1
T4,2021,Inland Sands,NA,Secher,Far,Semi-Shifting,34.76497203,31.08342784,18986,Secher Far Semi-Shifting 1_1 ,0,0,0,0,0,0,3,0,0,0,1,0,0,0,0,5
T4,2021,Inland Sands,NA,Secher,Far,Semi-Shifting,34.7654213,31.08316195,18986,Secher Far Semi-Shifting 1_2 ,0,0,0,0,0,0,4,0,0,0,1,0,0,0,0,0
T4,2021,Inland Sands,NA,Secher,Far,Semi-Shifting,34.7654669,31.08426168,18986,Secher Far Semi-Shifting 1_4 ,0,0,0,0,0,0,4,0,0,0,7,0,0,0,0,2
T4,2021,Inland Sands,NA,Secher,Far,Semi-Shifting,34.76636577,31.08380427,18986,Secher Far Semi-Shifting 1_3 ,0,0,0,0,0,0,3,0,0,0,1,0,0,0,0,3
T4,2021,Inland Sands,NA,Shunra,Far,Semi-Shifting,34.60427787,30.95756216,18955,Shunra East East Far Semi-Shifting 2_5 ,1,0,0,0,0,0,0,0,0,0,0,0,0,0,0,2
T4,2021,Inland Sands,NA,Shunra,Far,Semi-Shifting,34.60519787,30.95713836,18955,Shunra East East Far Semi-Shifting 2_3 ,0,0,0,0,0,0,0,0,0,0,1,0,0,0,0,1
T4,2021,Inland Sands,NA,Shunra,Far,Semi-Shifting,34.60629422,30.95710329,18955,Shunra East East Far Semi-Shifting 2_2 ,0,0,0,0,0,0,0,0,0,0,0,0,0,0,0,1
T4,2021,Inland Sands,NA,Shunra,Far,Semi-Shifting,34.6072283,30.95656678,18955,Shunra East East Far Semi-Shifting 2_1 ,0,0,0,0,0,0,1,0,0,0,0,0,0,0,0,0
T4,2021,Inland Sands,NA,Shunra,Far,Semi-Shifting,34.60797999,30.95943531,18955,Shunra East East Far Semi-Shifting 2_4 ,1,0,0,0,0,0,0,0,0,0,0,0,0,0,0,1
T4,2021,Inland Sands,NA,Shunra,Far,Semi-Shifting,34.60884366,30.95959718,18955,Shunra East East Far Semi-Shifting 2_6 ,0,0,0,0,0,0,0,0,0,0,0,0,0,0,0,1
T4,2021,Mediterranean Maquis,Carmel,Beit Oren,Far,NA,35.00359643,32.72525761,18846,Beit Oren Far 9,8,0,0,0,0,0,0,0,2,3,0,0,0,0,0,0
T4,2021,Mediterranean Maquis,Carmel,Beit Oren,Far,NA,35.00436455,32.72568577,18846,Beit Oren Far 8 ,4,0,0,0,0,0,0,0,1,0,0,0,0,0,0,0
T4,2021,Mediterranean Maquis,Carmel,Beit Oren,Far,NA,35.0056557,32.72521248,18846,Beit Oren Far 6 ,3,0,0,0,0,0,0,0,1,0,0,0,0,0,0,0
T4,2021,Mediterranean Maquis,Carmel,Beit Oren,Far,NA,35.00650361,32.72566913,18846,Beit Oren Far 5,1,0,0,0,0,0,0,0,0,0,0,0,0,0,1,0
T4,2021,Mediterranean Maquis,Carmel,Beit Oren,Far,NA,35.00737064,32.72631871,18846,Beit Oren Far 3 ,17,0,0,0,0,0,0,0,0,3,0,0,0,0,0,0
T4,2021,Mediterranean Maquis,Carmel,Beit Oren,Far,NA,35.0078769,32.72610294,18846,Beit Oren Far 2 ,39,0,0,0,0,0,0,0,0,0,0,0,0,0,0,0
T4,2021,Mediterranean Maquis,Carmel,Beit Oren,Far,NA,35.00842944,32.72557098,18846,Beit Oren Far 1 ,46,0,0,0,0,0,0,0,0,1,0,0,0,0,6,0
T4,2021,Mediterranean Maquis,Carmel,Beit Oren,Near,NA,35.00111975,32.73439612,18846,Beit Oren Near 3,1,0,0,0,0,0,0,0,0,0,0,0,0,0,11,0
T4,2021,Mediterranean Maquis,Carmel,Beit Oren,Near,NA,35.00207964,32.73342622,18846,Beit Oren Near 4,0,0,0,0,0,0,0,0,0,3,0,0,0,0,4,0
T4,2021,Mediterranean Maquis,Carmel,Beit Oren,Near,NA,35.00241358,32.73334725,18846,Beit Oren Near 5 ,0,0,0,0,0,0,0,0,0,0,0,0,0,0,11,1
T4,2021,Mediterranean Maquis,Carmel,Beit Oren,Near,NA,35.00308111,32.7334626,18846,Beit Oren Near 6 ,5,0,0,0,0,0,0,0,0,8,0,0,2,0,11,2
T4,2021,Mediterranean Maquis,Carmel,Beit Oren,Near,NA,35.00393271,32.73301388,18846,Beit Oren Near 7 ,3,0,0,0,0,0,0,0,0,0,0,0,0,0,12,0
T4,2021,Mediterranean Maquis,Carmel,Beit Oren,Near,NA,35.0041312,32.73310442,18846,Beit Oren Near 8,8,0,0,0,0,0,0,0,0,5,0,0,3,0,19,3
T4,2021,Mediterranean Maquis,Carmel,Beit Oren,Near,NA,35.00422675,32.73291856,18846,Beit Oren Near 9 ,1,0,0,0,0,0,0,0,0,0,0,0,0,0,17,0
T4,2021,Mediterranean Maquis,Carmel,Kerem Maharal,Far,NA,35.00434946,32.67146749,18832,Kerem Maharal Far 1,3,0,0,0,0,0,0,0,1,0,0,0,0,0,4,2
T4,2021,Mediterranean Maquis,Carmel,Kerem Maharal,Far,NA,35.00511825,32.67174859,18832,Kerem Maharal Far 3 ,0,0,0,0,0,0,0,0,0,0,0,0,0,0,6,0
T4,2021,Mediterranean Maquis,Carmel,Kerem Maharal,Far,NA,35.00558663,32.67200429,18832,Kerem Maharal Far 5,0,0,0,0,0,0,0,2,0,0,0,0,0,0,2,3
T4,2021,Mediterranean Maquis,Carmel,Kerem Maharal,Far,NA,35.00563491,32.67189648,18832,Kerem Maharal Far 4 ,2,0,0,0,0,0,0,1,1,0,0,0,0,0,11,24
T4,2021,Mediterranean Maquis,Carmel,Kerem Maharal,Far,NA,35.00599064,32.67183862,18832,Kerem Maharal Far 6,0,0,0,0,0,0,0,2,0,0,0,0,0,0,10,0
T4,2021,Mediterranean Maquis,Carmel,Kerem Maharal,Far,NA,35.00638459,32.67173843,18832,Kerem Maharal Far 7 ,0,0,0,0,0,0,0,3,0,0,0,0,0,0,0,2
T4,2021,Mediterranean Maquis,Carmel,Kerem Maharal,Far,NA,35.00679228,32.67161453,18832,Kerem Maharal Far 8 ,0,0,0,0,0,0,0,3,0,0,0,1,0,0,1,2
T4,2021,Mediterranean Maquis,Carmel,Kerem Maharal,Far,NA,35.00742126,32.67163118,18832,Kerem Maharal Far 9 ,0,0,0,0,0,0,0,1,0,0,0,1,0,0,4,0
T4,2021,Mediterranean Maquis,Carmel,Kerem Maharal,Near,NA,34.99049015,32.65708791,18831,Kerem Maharal Near 9 ,0,0,0,0,0,0,0,4,0,5,0,0,1,0,5,22
T4,2021,Mediterranean Maquis,Carmel,Kerem Maharal,Near,NA,34.99062125,32.65740632,18831,Kerem Maharal Near 8 ,0,0,0,0,0,0,0,1,0,2,0,0,0,0,7,22
T4,2021,Mediterranean Maquis,Carmel,Kerem Maharal,Near,NA,34.9908898,32.6579957,18831,Kerem Maharal Near 6,1,0,0,0,0,0,0,0,0,16,0,0,2,0,0,5
T4,2021,Mediterranean Maquis,Carmel,Kerem Maharal,Near,NA,34.9909468,32.65551083,18831,Kerem Maharal Near 1 ,0,0,0,0,0,0,0,0,0,3,0,0,1,0,0,3
T4,2021,Mediterranean Maquis,Carmel,Kerem Maharal,Near,NA,34.9910276,32.65766121,18831,Kerem Maharal Near 7,0,0,0,0,0,0,0,0,1,0,0,0,0,0,1,0
T4,2021,Mediterranean Maquis,Carmel,Kerem Maharal,Near,NA,34.99132667,32.65722058,18831,Kerem Maharal Near 4,0,0,0,0,0,0,0,0,0,14,0,0,0,0,3,2
T4,2021,Mediterranean Maquis,Carmel,Kerem Maharal,Near,NA,34.99141987,32.65550801,18831,Kerem Maharal Near 2 ,1,0,0,0,0,0,0,0,0,4,0,0,1,0,0,0
T4,2021,Mediterranean Maquis,Carmel,Kerem Maharal,Near,NA,34.99162272,32.65497563,18831,Kerem Maharal Near 3 ,1,0,0,0,0,0,0,0,0,38,0,0,0,0,0,1
T4,2021,Mediterranean Maquis,Carmel,Nir Etzion,Far,NA,35.00610128,32.69843911,18804,Nir Etzion Far 1 ,0,0,0,0,0,0,0,0,0,2,0,0,0,0,0,0
T4,2021,Mediterranean Maquis,Carmel,Nir Etzion,Far,NA,35.00644695,32.69825487,18804,Nir Etzion Far 2 ,1,0,0,0,0,0,0,0,0,0,0,0,0,0,0,1
T4,2021,Mediterranean Maquis,Carmel,Nir Etzion,Far,NA,35.00670612,32.69812339,18804,Nir Etzion Far 3 ,2,0,0,0,0,0,0,0,1,7,0,0,0,0,3,1
T4,2021,Mediterranean Maquis,Carmel,Nir Etzion,Far,NA,35.00710107,32.69792787,18804,Nir Etzion Far 4 ,0,0,0,0,0,0,0,0,1,2,0,0,0,0,6,0
T4,2021,Mediterranean Maquis,Carmel,Nir Etzion,Far,NA,35.0075718,32.69805342,18804,Nir Etzion Far 5 ,0,0,0,0,0,0,0,0,2,0,0,0,0,0,0,0
T4,2021,Mediterranean Maquis,Carmel,Nir Etzion,Far,NA,35.00910971,32.69798289,18804,Nir Etzion Far 7 ,0,0,0,0,0,0,0,1,0,0,0,0,0,0,2,0
T4,2021,Mediterranean Maquis,Carmel,Nir Etzion,Far,NA,35.01045551,32.69863661,18804,Nir Etzion Far 9 ,3,0,0,0,0,0,0,0,1,2,0,0,0,0,5,0
T4,2021,Mediterranean Maquis,Carmel,Nir Etzion,Near,NA,34.99200728,32.7015954,18804,Nir Etzion Near 1 ,0,0,0,0,0,0,0,0,0,2,0,0,3,0,89,0
T4,2021,Mediterranean Maquis,Carmel,Nir Etzion,Near,NA,34.99297589,32.70143627,18804,Nir Etzion Near 3 ,0,0,0,0,0,0,0,0,0,0,0,1,0,0,1,0
T4,2021,Mediterranean Maquis,Carmel,Nir Etzion,Near,NA,34.99339666,32.70100912,18804,Nir Etzion Near 4,1,0,0,0,0,0,0,0,0,0,0,0,0,0,6,0
T4,2021,Mediterranean Maquis,Carmel,Nir Etzion,Near,NA,34.99406688,32.70088413,18804,Nir Etzion Near 5,0,0,0,0,0,0,0,0,0,2,0,0,0,0,53,0
T4,2021,Mediterranean Maquis,Carmel,Nir Etzion,Near,NA,34.99436527,32.7005893,18804,Nir Etzion Near 6,0,0,0,0,0,0,0,0,0,0,0,0,0,0,1,2
T4,2021,Mediterranean Maquis,Carmel,Nir Etzion,Near,NA,34.99464389,32.7004677,18804,Nir Etzion Near 7 ,3,0,0,0,0,0,0,0,1,1,0,0,4,0,52,1
T4,2021,Mediterranean Maquis,Carmel,Nir Etzion,Near,NA,34.99505695,32.70045077,18804,Nir Etzion Near 8 ,0,0,0,0,0,0,0,0,0,2,0,0,3,0,85,0
T4,2021,Mediterranean Maquis,Carmel,Nir Etzion,Near,NA,34.99582775,32.70016892,18804,Nir Etzion Near 9,0,0,0,0,0,0,0,0,0,0,0,0,0,0,2,0
T4,2021,Mediterranean Maquis,Carmel,Yagur,Far,NA,35.05340036,32.75472476,18788,Yagur Far 8 ,8,0,0,0,0,0,0,0,0,0,0,3,2,0,11,2
T4,2021,Mediterranean Maquis,Carmel,Yagur,Far,NA,35.05342986,32.75521199,18788,Yagur Far 7 ,4,0,0,0,0,0,0,0,0,0,0,0,0,0,0,2
T4,2021,Mediterranean Maquis,Carmel,Yagur,Far,NA,35.05358342,32.75568795,18788,Yagur Far 4,7,0,0,0,0,0,0,0,0,0,0,0,0,0,1,0
T4,2021,Mediterranean Maquis,Carmel,Yagur,Far,NA,35.05364846,32.75589152,18788,Yagur Far 3,12,0,0,0,0,0,0,0,0,0,0,1,0,0,18,0
T4,2021,Mediterranean Maquis,Carmel,Yagur,Far,NA,35.05367495,32.75544038,18788,Yagur Far 5 ,0,0,0,0,0,0,0,0,0,0,0,5,0,0,14,2
T4,2021,Mediterranean Maquis,Carmel,Yagur,Far,NA,35.05384192,32.75466837,18788,Yagur Far 9 ,1,0,0,0,0,0,0,0,0,0,0,1,0,0,3,1
T4,2021,Mediterranean Maquis,Carmel,Yagur,Far,NA,35.05404375,32.75579481,18788,Yagur Far 1,0,0,0,0,0,0,0,0,0,0,0,0,0,0,8,0
T4,2021,Mediterranean Maquis,Carmel,Yagur,Far,NA,35.05406085,32.75630262,18788,Yagur Far 2,0,0,0,0,0,0,0,0,0,2,0,0,0,0,2,0
T4,2021,Mediterranean Maquis,Carmel,Yagur,Near,NA,35.07335097,32.73915045,18788,Yagur Near 4,0,0,0,0,0,0,0,0,0,0,0,0,0,0,1,0
T4,2021,Mediterranean Maquis,Carmel,Yagur,Near,NA,35.07408153,32.73871869,18788,Yagur Near 3 ,12,0,0,0,0,0,0,0,3,0,0,0,2,0,18,0
T4,2021,Mediterranean Maquis,Carmel,Yagur,Near,NA,35.07428505,32.73951763,18788,Yagur Near 1 ,10,0,0,0,0,0,0,0,0,0,0,0,14,0,15,0
T4,2021,Mediterranean Maquis,Carmel,Yagur,Near,NA,35.07449292,32.73878863,18788,Yagur Near 2 ,0,0,0,0,0,0,0,0,0,0,0,0,0,0,11,0
T4,2021,Mediterranean Maquis,Carmel,Yagur,Near,NA,35.07506859,32.73889156,18788,Yagur Near 5 ,0,0,0,0,0,0,0,0,0,0,0,0,0,0,8,0
T4,2021,Mediterranean Maquis,Carmel,Yagur,Near,NA,35.07554568,32.73904103,18788,Yagur Near 6 ,2,0,0,0,0,0,0,0,0,0,0,0,0,0,9,0
T4,2021,Mediterranean Maquis,Carmel,Yagur,Near,NA,35.07579513,32.73906416,18788,Yagur Near 7 ,8,0,0,0,0,0,0,0,0,1,0,0,5,0,11,0
T4,2021,Mediterranean Maquis,Carmel,Yagur,Near,NA,35.07639058,32.73876973,18788,Yagur Near 8,3,0,0,0,0,0,0,0,0,0,0,0,0,0,12,0
T4,2021,Mediterranean Maquis,Carmel,Yagur,Near,NA,35.0770333,32.73828071,18788,Yagur Near 9 ,6,0,0,0,0,0,0,0,0,0,0,0,0,0,4,0
T4,2021,Mediterranean Maquis,Galilee,Ein Yaakov,Far,NA,35.22749417,33.0038578,18814,Ein Yaakov Far 1 ,39,0,0,0,0,0,0,0,0,0,0,0,0,0,73,2
T4,2021,Mediterranean Maquis,Galilee,Ein Yaakov,Far,NA,35.22768695,33.00335,18814,Ein Yaakov Far 2 ,0,0,0,0,0,0,0,0,0,0,0,0,0,0,3,0
T4,2021,Mediterranean Maquis,Galilee,Ein Yaakov,Far,NA,35.22804368,33.00321307,18814,Ein Yaakov Far 3 ,3,0,0,0,0,0,0,0,0,0,0,0,0,0,11,0
T4,2021,Mediterranean Maquis,Galilee,Ein Yaakov,Far,NA,35.22824015,33.00293498,18814,Ein Yaakov Far 4,8,0,0,0,0,0,0,0,0,0,0,0,0,0,24,0
T4,2021,Mediterranean Maquis,Galilee,Ein Yaakov,Far,NA,35.22910584,33.00277865,18814,Ein Yaakov Far 5 ,2,0,0,0,0,0,0,0,0,0,0,0,0,0,18,0
T4,2021,Mediterranean Maquis,Galilee,Ein Yaakov,Far,NA,35.22948135,33.00259701,18814,Ein Yaakov Far 6 ,0,0,0,0,0,0,0,0,0,2,0,0,0,0,8,0
T4,2021,Mediterranean Maquis,Galilee,Ein Yaakov,Far,NA,35.23037251,33.00275559,18814,Ein Yaakov Far 7 ,3,0,0,0,0,0,0,0,0,0,0,0,0,0,4,1
T4,2021,Mediterranean Maquis,Galilee,Ein Yaakov,Far,NA,35.23078959,33.00287819,18814,Ein Yaakov Far 8 ,2,0,0,0,0,0,0,0,0,0,0,0,0,0,5,0
T4,2021,Mediterranean Maquis,Galilee,Ein Yaakov,Far,NA,35.2312573,33.00293161,18814,Ein Yaakov Far 9 ,5,0,0,0,0,0,0,0,0,0,0,0,0,0,12,0
T4,2021,Mediterranean Maquis,Galilee,Ein Yaakov,Near,NA,35.22499569,33.00561653,18814,Ein Yaakov Near 1 ,23,0,0,0,0,3,0,0,0,0,0,0,0,0,55,2
T4,2021,Mediterranean Maquis,Galilee,Ein Yaakov,Near,NA,35.22589054,33.00549872,18814,Ein Yaakov Near 2 ,9,0,0,0,0,0,0,0,0,0,0,0,0,0,59,0
T4,2021,Mediterranean Maquis,Galilee,Ein Yaakov,Near,NA,35.22617988,33.00555973,18814,Ein Yaakov Near 3 ,56,1,0,0,0,0,0,0,0,0,0,0,0,0,42,0
T4,2021,Mediterranean Maquis,Galilee,Ein Yaakov,Near,NA,35.22685781,33.00556226,18814,Ein Yaakov Near 4 ,5,0,0,0,0,0,0,0,0,0,0,0,0,0,66,0
T4,2021,Mediterranean Maquis,Galilee,Ein Yaakov,Near,NA,35.22727087,33.00574896,18814,Ein Yaakov Near 5 ,59,0,0,0,0,0,0,0,0,0,0,0,0,0,45,0
T4,2021,Mediterranean Maquis,Galilee,Ein Yaakov,Near,NA,35.22744823,33.00577792,18814,Ein Yaakov Near 6 ,27,1,0,0,0,1,0,0,0,0,0,0,0,0,20,0
T4,2021,Mediterranean Maquis,Galilee,Ein Yaakov,Near,NA,35.22794344,33.00578073,18814,Ein Yaakov Near 7 ,73,0,0,0,0,0,0,0,0,0,0,0,0,0,30,0
T4,2021,Mediterranean Maquis,Galilee,Ein Yaakov,Near,NA,35.22839338,33.00568429,18814,Ein Yaakov Near 8 ,16,1,0,0,0,0,0,0,0,1,0,0,0,0,20,0
T4,2021,Mediterranean Maquis,Galilee,Ein Yaakov,Near,NA,35.22884231,33.00583078,18814,Ein Yaakov Near 9 ,22,1,0,0,0,0,0,0,0,0,0,0,0,0,54,0
T4,2021,Mediterranean Maquis,Galilee,Goren,Far,NA,35.25378417,33.0470361,18856,Goren Far 1,0,0,0,0,0,0,0,0,0,0,0,0,0,0,1,0
T4,2021,Mediterranean Maquis,Galilee,Goren,Far,NA,35.25410134,33.04738852,18856,Goren Far 2,4,0,0,0,0,0,0,0,0,0,0,0,0,0,9,0
T4,2021,Mediterranean Maquis,Galilee,Goren,Far,NA,35.25415532,33.04810488,18856,Goren Far 3 ,1,0,0,0,0,0,0,0,0,0,0,0,0,0,4,0
T4,2021,Mediterranean Maquis,Galilee,Goren,Far,NA,35.25478967,33.05095254,18856,Goren Far 7 ,2,0,0,0,0,0,0,0,0,4,0,0,0,0,4,6
T4,2021,Mediterranean Maquis,Galilee,Goren,Far,NA,35.25504481,33.05405498,18856,Goren Far 8,0,0,0,2,0,0,0,0,0,0,0,0,0,0,10,2
T4,2021,Mediterranean Maquis,Galilee,Goren,Far,NA,35.2553013,33.04867228,18856,Goren Far 4,5,0,0,0,0,0,0,0,0,0,0,0,0,0,0,15
T4,2021,Mediterranean Maquis,Galilee,Goren,Far,NA,35.25547866,33.05046974,18856,Goren Far 6,6,0,0,0,0,0,0,0,0,3,0,0,0,0,0,8
T4,2021,Mediterranean Maquis,Galilee,Goren,Far,NA,35.25563926,33.05447341,18856,Goren Far 9 ,1,0,0,0,0,0,0,0,0,0,0,0,0,0,3,2
T4,2021,Mediterranean Maquis,Galilee,Goren,Far,NA,35.25680467,33.04933298,18856,Goren Far 5 ,13,4,0,0,0,0,0,0,0,2,0,1,0,0,9,7
T4,2021,Mediterranean Maquis,Galilee,Goren,Near,NA,35.22900291,33.05528891,18856,Goren Near 9 ,4,0,0,3,0,0,0,0,0,3,0,0,0,0,2,0
T4,2021,Mediterranean Maquis,Galilee,Goren,Near,NA,35.23010228,33.05612322,18856,Goren Near 1,21,0,0,1,0,0,0,0,0,0,0,1,0,0,9,1
T4,2021,Mediterranean Maquis,Galilee,Goren,Near,NA,35.23098439,33.05624996,18856,Goren Near 2 ,7,0,0,4,0,0,0,0,0,1,0,0,0,0,51,0
T4,2021,Mediterranean Maquis,Galilee,Goren,Near,NA,35.23122344,33.05582367,18856,Goren Near 3,10,0,0,4,0,0,0,0,0,1,0,0,0,0,21,0
T4,2021,Mediterranean Maquis,Galilee,Goren,Near,NA,35.23138437,33.05365594,18856,Goren Near 8 ,9,0,0,1,0,0,0,0,0,0,0,0,0,0,21,0
T4,2021,Mediterranean Maquis,Galilee,Goren,Near,NA,35.23138773,33.05536815,18856,Goren Near 4 ,29,0,0,4,0,1,0,0,0,4,0,1,0,0,22,0
T4,2021,Mediterranean Maquis,Galilee,Goren,Near,NA,35.2314407,33.05413058,18856,Goren Near 7,7,0,0,8,0,0,0,0,0,0,0,0,1,0,8,0
T4,2021,Mediterranean Maquis,Galilee,Goren,Near,NA,35.23146283,33.05471986,18856,Goren Near 6,12,0,0,0,0,0,0,0,0,0,0,0,0,0,3,0
T4,2021,Mediterranean Maquis,Galilee,Goren,Near,NA,35.2314987,33.05501352,18856,Goren Near 5 ,5,0,0,1,0,0,0,0,0,0,0,0,0,0,40,0
T4,2021,Mediterranean Maquis,Galilee,Iftach,Far,NA,35.55652276,33.12425204,18879,Iftach Far 2 ,50,2,0,0,0,0,0,0,3,5,0,0,0,0,137,33
T4,2021,Mediterranean Maquis,Galilee,Iftach,Far,NA,35.5567541,33.12482288,18879,Iftach Far 1,8,0,0,0,0,0,0,2,0,0,0,0,0,0,67,6
T4,2021,Mediterranean Maquis,Galilee,Iftach,Far,NA,35.5575772,33.12365536,18879,Iftach Far 9 ,4,0,0,0,0,0,0,0,0,0,0,0,0,0,5,0
T4,2021,Mediterranean Maquis,Galilee,Iftach,Far,NA,35.55759866,33.12450672,18879,Iftach Far 3 ,3,0,0,0,0,0,0,3,0,0,0,0,0,0,32,2
T4,2021,Mediterranean Maquis,Galilee,Iftach,Far,NA,35.55761576,33.12410603,18879,Iftach Far 4 ,0,0,0,0,0,0,0,4,0,0,0,0,0,0,3,1
T4,2021,Mediterranean Maquis,Galilee,Iftach,Far,NA,35.55803921,33.12404706,18879,Iftach Far 7 ,2,0,0,0,0,0,0,3,1,3,0,0,1,0,2,1
T4,2021,Mediterranean Maquis,Galilee,Iftach,Far,NA,35.55815455,33.12471506,18879,Iftach Far 5 ,2,0,0,0,0,0,0,4,0,1,0,0,0,0,24,2
T4,2021,Mediterranean Maquis,Galilee,Iftach,Far,NA,35.55820215,33.12437475,18879,Iftach Far 6 ,3,0,0,0,0,0,0,3,0,7,0,0,1,0,18,6
T4,2021,Mediterranean Maquis,Galilee,Iftach,Near,NA,35.55395823,33.13159298,18879,Iftach Near 1 ,6,0,0,0,0,0,0,0,0,0,0,0,0,0,16,0
T4,2021,Mediterranean Maquis,Galilee,Iftach,Near,NA,35.55468176,33.13106289,18879,Iftach Near 2 ,2,0,0,0,0,0,0,0,0,2,0,0,0,0,45,4
T4,2021,Mediterranean Maquis,Galilee,Iftach,Near,NA,35.55506364,33.13091661,18879,Iftach Near 3 ,0,0,0,0,0,0,0,0,0,1,0,0,0,0,2,7
T4,2021,Mediterranean Maquis,Galilee,Iftach,Near,NA,35.55530537,33.12991314,18879,Iftach Near 4 ,2,0,0,0,0,0,0,0,0,1,0,0,0,0,1,2
T4,2021,Mediterranean Maquis,Galilee,Iftach,Near,NA,35.55545423,33.12964753,18879,Iftach Near 5 ,2,0,0,0,0,0,0,0,0,0,0,0,0,0,11,6
T4,2021,Mediterranean Maquis,Galilee,Iftach,Near,NA,35.55546563,33.1280662,18879,Iftach Near 8 ,5,0,0,0,0,0,0,0,0,1,0,0,0,0,44,2
T4,2021,Mediterranean Maquis,Galilee,Iftach,Near,NA,35.55554811,33.12861428,18879,Iftach Near 7 ,0,0,0,0,0,0,0,0,0,0,0,0,0,0,1,0
T4,2021,Mediterranean Maquis,Galilee,Iftach,Near,NA,35.55556454,33.12922777,18879,Iftach Near 6 ,1,0,0,0,0,0,0,0,0,0,0,0,0,0,34,0
T4,2021,Mediterranean Maquis,Galilee,Iftach,Near,NA,35.55609696,33.12769193,18879,Iftach Near 9 ,0,0,0,0,0,0,0,1,0,0,0,0,0,0,4,0
T4,2021,Mediterranean Maquis,Galilee,Kfar Shamai,Far,NA,35.46805378,32.96682336,18940,Kfar Shamai Far 9 ,3,0,0,0,0,0,0,0,0,1,0,0,0,0,38,0
T4,2021,Mediterranean Maquis,Galilee,Kfar Shamai,Far,NA,35.4681604,32.96982892,18940,Kfar Shamai Far 2,2,0,0,0,0,0,0,0,0,6,0,0,1,0,25,0
T4,2021,Mediterranean Maquis,Galilee,Kfar Shamai,Far,NA,35.46819996,32.97061932,18940,Kfar Shamai Far 1 ,0,0,0,0,0,0,0,0,0,9,0,0,1,0,52,2
T4,2021,Mediterranean Maquis,Galilee,Kfar Shamai,Far,NA,35.46874881,32.96712463,18940,Kfar Shamai Far 8 ,1,0,0,0,0,0,0,0,0,4,0,0,5,0,15,0
T4,2021,Mediterranean Maquis,Galilee,Kfar Shamai,Far,NA,35.46928927,32.96867087,18940,Kfar Shamai Far 5 ,1,0,0,0,0,0,0,0,0,4,0,0,3,0,22,1
T4,2021,Mediterranean Maquis,Galilee,Kfar Shamai,Far,NA,35.46967886,32.9697285,18940,Kfar Shamai Far 3,4,0,0,0,0,0,0,0,0,8,0,0,0,0,8,1
T4,2021,Mediterranean Maquis,Galilee,Kfar Shamai,Far,NA,35.47017977,32.96841659,18940,Kfar Shamai Far 4 ,1,0,0,0,0,0,0,0,0,2,0,0,0,0,15,1
T4,2021,Mediterranean Maquis,Galilee,Kfar Shamai,Far,NA,35.47033869,32.96712716,18940,Kfar Shamai Far 7 ,6,0,0,0,0,0,0,0,0,3,0,0,0,0,7,0
T4,2021,Mediterranean Maquis,Galilee,Kfar Shamai,Far,NA,35.47041882,32.96801913,18940,Kfar Shamai Far 6 ,8,0,0,0,0,0,0,0,0,2,0,0,0,0,103,1
T4,2021,Mediterranean Maquis,Galilee,Kfar Shamai,Near,NA,35.45859396,32.96367762,18940,Kfar Shamai Near 7 ,0,0,0,0,0,0,0,0,0,12,0,0,0,0,13,0
T4,2021,Mediterranean Maquis,Galilee,Kfar Shamai,Near,NA,35.45884408,32.9639983,18940,Kfar Shamai Near 6 ,20,0,0,0,0,0,0,0,0,18,0,0,0,0,45,0
T4,2021,Mediterranean Maquis,Galilee,Kfar Shamai,Near,NA,35.45886017,32.96308745,18940,Kfar Shamai Near 8 ,20,0,0,0,0,1,0,0,0,16,0,0,0,0,95,1
T4,2021,Mediterranean Maquis,Galilee,Kfar Shamai,Near,NA,35.45893896,32.96447454,18940,Kfar Shamai Near 5 ,24,0,0,0,0,0,0,0,0,30,0,0,0,0,58,1
T4,2021,Mediterranean Maquis,Galilee,Kfar Shamai,Near,NA,35.45909386,32.96230598,18940,Kfar Shamai Near 9 ,21,0,0,0,0,0,0,0,0,17,0,0,1,0,40,0
T4,2021,Mediterranean Maquis,Galilee,Kfar Shamai,Near,NA,35.45916695,32.96489227,18940,Kfar Shamai Near 4 ,30,0,0,0,0,0,0,0,0,4,0,0,1,0,32,0
T4,2021,Mediterranean Maquis,Galilee,Kfar Shamai,Near,NA,35.45939494,32.96522448,18940,Kfar Shamai Near 3 ,32,0,0,0,0,0,0,0,0,10,0,0,0,0,44,0
T4,2021,Mediterranean Maquis,Galilee,Kfar Shamai,Near,NA,35.45941975,32.96566021,18940,Kfar Shamai Near 2 ,40,0,0,0,0,0,0,0,0,7,0,0,0,0,192,0
T4,2021,Mediterranean Maquis,Galilee,Kfar Shamai,Near,NA,35.45958437,32.96584868,18940,Kfar Shamai Near 1 ,70,0,0,0,0,0,0,0,0,13,0,0,1,0,222,1
T4,2021,Mediterranean Maquis,Judea,Aderet,Far,NA,34.98058677,31.6646055,18849,Aderet Far 6 ,6,0,0,0,0,0,0,0,0,3,0,0,0,0,0,0
T4,2021,Mediterranean Maquis,Judea,Aderet,Far,NA,34.98071115,31.66569017,18849,Aderet Far 2 ,4,0,0,0,0,0,0,3,0,1,0,0,0,0,0,5
T4,2021,Mediterranean Maquis,Judea,Aderet,Far,NA,34.98072524,31.66531263,18849,Aderet Far 5 ,1,0,0,0,0,0,0,0,0,4,0,0,1,0,0,0
T4,2021,Mediterranean Maquis,Judea,Aderet,Far,NA,34.98094082,31.66428475,18849,Aderet Far 7 ,6,0,0,0,0,0,0,0,1,0,0,0,0,0,0,1
T4,2021,Mediterranean Maquis,Judea,Aderet,Far,NA,34.98110879,31.66593672,18849,Aderet Far 3 ,0,0,0,0,0,0,0,0,0,1,0,0,1,0,0,3
T4,2021,Mediterranean Maquis,Judea,Aderet,Far,NA,34.98151012,31.66627573,18849,Aderet Far 4 ,7,0,0,0,0,0,0,0,0,0,0,0,0,0,0,2
T4,2021,Mediterranean Maquis,Judea,Aderet,Far,NA,34.98180248,31.66326713,18849,Aderet Far 9,10,0,0,0,0,0,0,3,0,1,0,0,0,0,0,1
T4,2021,Mediterranean Maquis,Judea,Aderet,Far,NA,34.9819148,31.66638788,18849,Aderet Far 1,5,0,0,0,0,0,0,0,0,0,0,0,1,0,0,1
T4,2021,Mediterranean Maquis,Judea,Aderet,Near,NA,34.98839904,31.66197496,18849,Aderet Near 1,18,0,0,0,0,0,0,16,1,0,0,0,0,0,0,0
T4,2021,Mediterranean Maquis,Judea,Aderet,Near,NA,34.98856097,31.66113796,18849,Aderet Near 2 ,3,0,0,0,0,0,0,24,2,2,0,0,2,0,0,2
T4,2021,Mediterranean Maquis,Judea,Aderet,Near,NA,34.98865049,31.65936176,18849,Aderet Near 5 ,0,0,0,0,0,0,0,3,0,0,0,0,0,0,0,4
T4,2021,Mediterranean Maquis,Judea,Aderet,Near,NA,34.98874705,31.66254257,18849,Aderet Near 9,0,0,0,0,0,0,0,3,1,0,0,0,3,0,0,2
T4,2021,Mediterranean Maquis,Judea,Aderet,Near,NA,34.98904344,31.66043822,18849,Aderet Near 3 ,0,0,0,0,0,0,0,11,0,6,0,0,0,0,0,5
T4,2021,Mediterranean Maquis,Judea,Aderet,Near,NA,34.98931535,31.65962916,18849,Aderet Near 6 ,0,0,0,0,0,0,0,3,0,5,0,0,0,0,0,2
T4,2021,Mediterranean Maquis,Judea,Aderet,Near,NA,34.98936899,31.66318665,18849,Aderet Near 7,0,0,0,0,0,0,0,1,0,3,0,0,0,0,0,1
T4,2021,Mediterranean Maquis,Judea,Aderet,Near,NA,34.98955876,31.66276973,18849,Aderet Near 8,7,0,0,0,0,0,0,10,0,1,0,0,1,0,0,3
T4,2021,Mediterranean Maquis,Judea,Aderet,Near,NA,34.98973176,31.66005067,18849,Aderet Near 4,2,0,0,0,0,0,0,2,0,0,0,0,0,0,0,3
T4,2021,Mediterranean Maquis,Judea,Givat Yearim,Far,NA,35.08978251,31.77560928,18819,Givat Yearim Far 9,2,0,0,0,0,0,0,0,0,1,0,0,0,0,0,0
T4,2021,Mediterranean Maquis,Judea,Givat Yearim,Far,NA,35.09062842,31.77569678,18819,Givat Yearim Far 1 ,8,0,0,0,0,0,0,1,0,0,0,0,0,0,0,0
T4,2021,Mediterranean Maquis,Judea,Givat Yearim,Far,NA,35.09231787,31.77492009,18819,Givat Yearim Far 5,24,0,0,0,0,0,0,0,4,0,0,0,0,0,0,2
T4,2021,Mediterranean Maquis,Judea,Givat Yearim,Far,NA,35.0932439,31.77513186,18819,Givat Yearim Far 3,1,0,0,0,0,0,0,0,0,0,0,0,0,0,0,0
T4,2021,Mediterranean Maquis,Judea,Givat Yearim,Near,NA,35.09423733,31.78676302,18819,Givat Yearim Near 9,5,0,0,0,0,0,0,0,0,5,0,0,0,0,13,0
T4,2021,Mediterranean Maquis,Judea,Givat Yearim,Near,NA,35.09438686,31.78694085,18819,Givat Yearim Near 2,1,0,0,0,0,0,0,0,0,2,0,0,0,0,0,0
T4,2021,Mediterranean Maquis,Judea,Givat Yearim,Near,NA,35.09494744,31.78660912,18819,Givat Yearim Near 8,1,0,0,0,0,0,0,1,0,7,0,0,0,0,5,0
T4,2021,Mediterranean Maquis,Judea,Givat Yearim,Near,NA,35.09519689,31.78676729,18819,Givat Yearim Near 1 ,9,0,0,0,0,0,0,2,3,1,0,0,0,0,2,0
T4,2021,Mediterranean Maquis,Judea,Givat Yearim,Near,NA,35.09525556,31.78662138,18819,Givat Yearim Near 4 ,8,0,0,0,0,0,0,0,0,1,0,0,0,0,6,1
T4,2021,Mediterranean Maquis,Judea,Givat Yearim,Near,NA,35.09566795,31.78655583,18819,Givat Yearim Near 5,1,0,0,0,0,0,0,1,2,1,0,0,0,0,2,0
T4,2021,Mediterranean Maquis,Judea,Givat Yearim,Near,NA,35.09623691,31.78633582,18819,Givat Yearim Near 3,3,0,0,0,0,0,0,1,1,4,0,0,0,0,4,0
T4,2021,Mediterranean Maquis,Judea,Givat Yearim,Near,NA,35.09661645,31.78653844,18819,Givat Yearim Near 6 ,8,0,0,0,0,0,0,0,0,31,0,0,0,0,3,0
T4,2021,Mediterranean Maquis,Judea,Givat Yeshayahu,Far,NA,34.95535959,31.66265786,18806,Givat Yeshayahu Far 8 ,1,0,0,0,0,0,0,1,1,8,0,0,0,0,0,0
T4,2021,Mediterranean Maquis,Judea,Givat Yeshayahu,Far,NA,34.95593492,31.66149668,18806,Givat Yeshayahu Far 4,2,0,0,0,0,0,0,1,0,1,0,0,0,0,0,1
T4,2021,Mediterranean Maquis,Judea,Givat Yeshayahu,Far,NA,34.95610189,31.66254171,18806,Givat Yeshayahu Far 7 ,0,0,0,0,0,0,0,0,0,4,0,0,0,0,0,0
T4,2021,Mediterranean Maquis,Judea,Givat Yeshayahu,Far,NA,34.95611664,31.66211594,18806,Givat Yeshayahu Far 6,1,0,0,0,0,0,0,0,0,11,0,0,0,0,0,4
T4,2021,Mediterranean Maquis,Judea,Givat Yeshayahu,Far,NA,34.95621521,31.66179233,18806,Givat Yeshayahu Far 5,3,0,0,0,0,0,0,0,0,0,0,0,0,0,0,1
T4,2021,Mediterranean Maquis,Judea,Givat Yeshayahu,Far,NA,34.95642174,31.66112683,18806,Givat Yeshayahu Far 3,0,0,0,0,0,0,0,1,0,0,0,0,0,0,0,0
T4,2021,Mediterranean Maquis,Judea,Givat Yeshayahu,Far,NA,34.95731324,31.66098671,18806,Givat Yeshayahu Far 2 ,5,0,0,0,0,0,0,0,1,0,2,0,0,0,0,5
T4,2021,Mediterranean Maquis,Judea,Givat Yeshayahu,Far,NA,34.95870262,31.66062599,18806,Givat Yeshayahu Far 9,0,0,0,0,0,0,0,0,0,0,0,0,0,0,0,1
T4,2021,Mediterranean Maquis,Judea,Givat Yeshayahu,Near,NA,34.95019332,31.6728599,18806,Givat Yeshayahu Near 8 ,0,0,0,0,0,0,0,0,0,16,0,0,1,0,0,0
T4,2021,Mediterranean Maquis,Judea,Givat Yeshayahu,Near,NA,34.95118238,31.6723577,18806,Givat Yeshayahu Near 1 ,4,0,0,0,0,0,0,1,0,36,0,0,0,0,0,3
T4,2021,Mediterranean Maquis,Judea,Givat Yeshayahu,Near,NA,34.95121155,31.67209148,18806,Givat Yeshayahu Near 2,13,0,0,0,0,0,0,0,0,21,0,0,1,0,0,2
T4,2021,Mediterranean Maquis,Judea,Givat Yeshayahu,Near,NA,34.95195284,31.67198904,18806,Givat Yeshayahu Near 4,0,0,0,0,0,0,0,0,0,14,0,0,0,0,0,1
T4,2021,Mediterranean Maquis,Judea,Givat Yeshayahu,Near,NA,34.95227672,31.67171054,18806,Givat Yeshayahu Near 5,0,0,0,0,0,0,0,0,0,20,0,0,0,0,0,13
T4,2021,Mediterranean Maquis,Judea,Givat Yeshayahu,Near,NA,34.95292984,31.67136642,18806,Givat Yeshayahu Near 9,0,0,0,0,0,0,0,0,0,18,0,0,0,0,0,2
T4,2021,Mediterranean Maquis,Judea,Givat Yeshayahu,Near,NA,34.95325204,31.6705255,18806,Givat Yeshayahu Near 3,0,0,0,0,0,0,0,0,1,1,0,0,0,0,0,6
T4,2021,Mediterranean Maquis,Judea,Givat Yeshayahu,Near,NA,34.95339923,31.6709247,18806,Givat Yeshayahu Near 6,0,0,0,0,0,0,0,0,0,3,0,0,0,0,0,1
T4,2021,Mediterranean Maquis,Judea,Givat Yeshayahu,Near,NA,34.953614,31.6709883,18806,Givat Yeshayahu Near 7,0,0,0,0,0,0,0,0,0,20,0,0,0,0,0,9
T4,2021,Mediterranean Maquis,Judea,Kisalon,Far,NA,35.03747307,31.76757924,18950,Kisalon Far 9 ,2,0,0,0,0,0,0,1,1,0,0,0,0,0,0,1
T4,2021,Mediterranean Maquis,Judea,Kisalon,Far,NA,35.03759176,31.76795265,18950,Kisalon Far 7 ,0,0,0,0,0,0,0,1,0,0,0,0,0,0,0,0
T4,2021,Mediterranean Maquis,Judea,Kisalon,Far,NA,35.03793072,31.76831893,18950,Kisalon Far 8 ,3,0,0,0,0,0,0,0,0,0,0,0,0,0,1,0
T4,2021,Mediterranean Maquis,Judea,Kisalon,Far,NA,35.03931843,31.76814249,18950,Kisalon Far 4 ,1,0,0,0,0,0,0,0,1,0,0,0,0,0,0,0
T4,2021,Mediterranean Maquis,Judea,Kisalon,Far,NA,35.03969327,31.76815133,18950,Kisalon Far 3 ,0,0,0,0,0,0,0,0,0,1,0,0,0,0,1,1
T4,2021,Mediterranean Maquis,Judea,Kisalon,Far,NA,35.04021864,31.7682967,18950,Kisalon Far 2 ,1,0,0,0,0,0,0,2,0,1,0,0,0,0,2,0
T4,2021,Mediterranean Maquis,Judea,Kisalon,Far,NA,35.0407571,31.76838022,18950,Kisalon Far 1 ,0,0,0,0,0,0,0,0,0,0,0,0,0,0,1,0
T4,2021,Mediterranean Maquis,Judea,Kisalon,Far,NA,35.04088886,31.76878213,18950,Kisalon Far 6 ,8,0,0,0,0,0,0,1,2,0,0,0,0,0,0,1
T4,2021,Mediterranean Maquis,Judea,Kisalon,Near,NA,35.05114663,31.77483771,18950,Kisalon Near 1 ,28,0,0,0,0,0,0,0,0,10,0,0,0,0,0,0
T4,2021,Mediterranean Maquis,Judea,Kisalon,Near,NA,35.05175952,31.77496398,18950,Kisalon Near 2 ,0,0,0,0,0,0,0,0,0,2,0,0,0,0,0,0
T4,2021,Mediterranean Maquis,Judea,Kisalon,Near,NA,35.05229294,31.77481035,18950,Kisalon Near 9 ,0,0,0,0,0,0,0,0,0,0,0,0,0,0,2,0
T4,2021,Mediterranean Maquis,Judea,Kisalon,Near,NA,35.05276669,31.77486964,18950,Kisalon Near 3 ,1,0,0,0,0,0,0,0,0,0,0,0,1,0,0,0
T4,2021,Mediterranean Maquis,Judea,Kisalon,Near,NA,35.05522527,31.77460086,18950,Kisalon Near 8 ,0,0,0,0,0,0,0,0,0,5,0,0,0,0,4,0
T4,2021,Mediterranean Maquis,Judea,Kisalon,Near,NA,35.05564872,31.77432894,18950,Kisalon Near 7 ,0,0,0,0,0,0,0,0,0,0,0,0,0,0,23,0
T4,2021,Mediterranean Maquis,Judea,Nehusha,Far,NA,34.94553331,31.63771676,18862,Nehusha Far 3 ,1,0,0,0,0,0,0,8,1,1,0,0,0,0,0,1
T4,2021,Mediterranean Maquis,Judea,Nehusha,Far,NA,34.94553868,31.63818347,18862,Nehusha Far 2 ,0,0,0,0,0,0,0,0,0,3,0,0,1,0,0,0
T4,2021,Mediterranean Maquis,Judea,Nehusha,Far,NA,34.94557422,31.63888338,18862,Nehusha Far 1 ,0,0,0,0,0,0,0,2,0,0,0,0,0,0,0,2
T4,2021,Mediterranean Maquis,Judea,Nehusha,Far,NA,34.94564597,31.63732113,18862,Nehusha Far 4,1,0,0,0,0,0,0,2,0,6,0,0,0,0,0,0
T4,2021,Mediterranean Maquis,Judea,Nehusha,Far,NA,34.94599029,31.63716956,18862,Nehusha Far 5 ,0,0,0,0,0,0,0,5,0,0,0,0,1,0,0,1
T4,2021,Mediterranean Maquis,Judea,Nehusha,Far,NA,34.94690828,31.63770991,18862,Nehusha Far 7 ,0,0,0,0,0,0,0,0,1,1,0,0,0,0,0,3
T4,2021,Mediterranean Maquis,Judea,Nehusha,Far,NA,34.94749837,31.63754178,18862,Nehusha Far 8 ,1,0,0,0,0,0,0,2,0,3,0,0,1,0,0,4
T4,2021,Mediterranean Maquis,Judea,Nehusha,Near,NA,34.95060403,31.63584849,18862,Nehusha Near 2 ,20,0,0,0,0,0,0,0,0,2,0,0,1,0,0,0
T4,2021,Mediterranean Maquis,Judea,Nehusha,Near,NA,34.95164171,31.63578997,18862,Nehusha Near 1 ,3,0,0,0,0,0,0,0,0,2,0,0,0,0,0,3
T4,2021,Mediterranean Maquis,Judea,Nehusha,Near,NA,34.95215502,31.63585819,18862,Nehusha Near 3,6,0,0,0,0,0,0,0,0,16,0,0,0,0,0,4
T4,2021,Mediterranean Maquis,Judea,Nehusha,Near,NA,34.95247956,31.63586676,18862,Nehusha Near 4 ,0,0,0,0,0,0,0,0,0,1,0,0,0,0,0,0
T4,2021,Mediterranean Maquis,Judea,Nehusha,Near,NA,34.95281853,31.63614907,18862,Nehusha Near 5 ,2,0,0,0,0,0,0,0,0,7,0,0,0,0,0,5
T4,2021,Mediterranean Maquis,Judea,Nehusha,Near,NA,34.95344616,31.63605772,18862,Nehusha Near 6,2,0,0,0,0,0,0,0,0,4,0,0,0,0,0,1
T4,2021,Mediterranean Maquis,Judea,Nehusha,Near,NA,34.95346326,31.63565095,18862,Nehusha Near 7 ,3,0,0,0,0,0,0,0,1,17,0,0,0,0,0,3
T4,2021,Mediterranean Maquis,Judea,Nehusha,Near,NA,34.95398026,31.63526045,18862,Nehusha Near 8,16,0,0,0,0,1,0,4,0,6,0,0,0,0,0,0
T4,2021,Mediterranean Maquis,Judea,Nehusha,Near,NA,34.95456666,31.63476176,18862,Nehusha Near 9,11,0,0,0,0,0,0,1,0,2,0,0,0,0,0,0
T4,2021,Planted Conifer Forests,Carmel,Bat Shlomo,Far,NA,35.00694316,32.58963004,18860,Bat Shlomo KKL Plantings 2 ,0,0,0,0,0,0,0,0,0,0,0,0,0,0,1,0
T4,2021,Planted Conifer Forests,Carmel,Bat Shlomo,Far,NA,35.00737801,32.589008,18860,Bat Shlomo KKL Plantings 4 ,1,0,0,0,0,0,0,0,0,2,0,0,5,0,4,6
T4,2021,Planted Conifer Forests,Carmel,Bat Shlomo,Far,NA,35.00747021,32.58951648,18860,Bat Shlomo KKL Plantings 1 ,0,0,0,0,0,0,0,0,0,0,0,0,0,0,3,0
T4,2021,Planted Conifer Forests,Carmel,Bat Shlomo,Far,NA,35.00776123,32.58936987,18860,Bat Shlomo KKL Plantings 3 ,1,0,0,0,0,0,0,0,0,0,0,0,0,0,11,6
T4,2021,Planted Conifer Forests,Carmel,Bat Shlomo,Far,NA,35.00785176,32.58902749,18860,Bat Shlomo KKL Plantings 5 ,0,0,0,0,0,0,0,0,0,0,0,0,0,0,0,3
T4,2021,Planted Conifer Forests,Carmel,Bat Shlomo,Far,NA,35.00958882,32.58932552,18860,Bat Shlomo KKL Plantings 6 ,0,0,0,0,0,0,0,0,0,0,0,0,0,0,0,4
T4,2021,Planted Conifer Forests,Carmel,Bat Shlomo,Far,NA,35.01032241,32.588595,18860,Bat Shlomo KKL Plantings 8 ,0,0,0,0,0,0,0,0,0,2,0,0,0,0,0,1
T4,2021,Planted Conifer Forests,Carmel,Elyakim,Far,NA,35.05884994,32.67046388,18874,Elyakim KKL Plantings 1 ,0,0,0,0,0,0,0,0,0,0,0,0,0,0,0,2
T4,2021,Planted Conifer Forests,Carmel,Elyakim,Far,NA,35.0595396,32.67026999,18874,Elyakim KKL Plantings 3 ,0,0,0,0,0,0,0,0,0,3,0,0,0,0,2,1
T4,2021,Planted Conifer Forests,Carmel,Elyakim,Far,NA,35.05987287,32.6703191,18874,Elyakim KKL Plantings 4 ,0,0,0,0,0,0,0,0,0,0,0,0,0,0,0,1
T4,2021,Planted Conifer Forests,Carmel,Elyakim,Far,NA,35.06014511,32.67032361,18874,Elyakim KKL Plantings 5 ,0,0,0,0,0,0,0,0,0,0,0,0,0,0,2,2
T4,2021,Planted Conifer Forests,Carmel,Elyakim,Far,NA,35.06051425,32.67001711,18874,Elyakim KKL Plantings 7 ,0,0,0,0,0,0,0,0,0,1,0,0,0,0,3,0
T4,2021,Planted Conifer Forests,Carmel,Elyakim,Far,NA,35.06081834,32.66977608,18874,Elyakim KKL Plantings 9,0,0,0,0,0,0,0,0,0,0,0,0,0,0,4,0
T4,2021,Planted Conifer Forests,Carmel,Elyakim,Far,NA,35.06086797,32.67013169,18874,Elyakim KKL Plantings 8 ,0,0,0,0,0,0,0,0,0,0,0,0,1,0,2,0
T4,2021,Planted Conifer Forests,Carmel,Kerem Maharal,Far,NA,34.97954506,32.65691008,18874,Kerem Maharal KKL Plantings 9 ,1,0,0,0,0,0,0,0,1,3,0,0,1,0,2,1
T4,2021,Planted Conifer Forests,Carmel,Kerem Maharal,Far,NA,34.97967415,32.65774363,18874,Kerem Maharal KKL Plantings 7,0,0,0,0,0,0,0,0,0,0,0,0,0,0,4,0
T4,2021,Planted Conifer Forests,Carmel,Kerem Maharal,Far,NA,34.98015292,32.65822237,18874,Kerem Maharal KKL Plantings 6 ,0,0,0,0,0,0,0,0,1,1,0,0,0,0,3,0
T4,2021,Planted Conifer Forests,Carmel,Kerem Maharal,Far,NA,34.98045802,32.658838,18874,Kerem Maharal KKL Plantings 5 ,0,0,0,0,0,0,0,0,0,1,0,0,0,0,1,0
T4,2021,Planted Conifer Forests,Carmel,Kerem Maharal,Far,NA,34.98188797,32.65979629,18874,Kerem Maharal KKL Plantings 1 ,0,0,0,0,0,0,0,0,0,0,0,0,0,0,1,0
T4,2021,Planted Conifer Forests,Carmel,Kerem Maharal,Far,NA,34.98206131,32.65945898,18874,Kerem Maharal KKL Plantings 2,0,0,0,0,0,0,0,0,0,0,0,0,0,0,1,0
T4,2021,Planted Conifer Forests,Carmel,Ofer,Far,NA,34.96766154,32.61167741,18818,Ofer KKL Plantings 9 ,9,0,0,0,0,0,0,0,2,1,5,0,0,0,8,18
T4,2021,Planted Conifer Forests,Carmel,Ofer,Far,NA,34.96840216,32.61237667,18818,Ofer KKL Plantings 7 ,1,0,0,0,0,0,0,0,1,1,0,0,0,0,3,5
T4,2021,Planted Conifer Forests,Carmel,Ofer,Far,NA,34.96925544,32.61106682,18818,Ofer KKL Plantings 4,2,0,0,0,0,0,0,0,0,0,0,0,0,0,4,0
T4,2021,Planted Conifer Forests,Carmel,Ofer,Far,NA,34.96960983,32.61161188,18818,Ofer KKL Plantings 5 ,10,0,0,0,0,0,0,0,0,2,0,0,0,0,0,0
T4,2021,Planted Conifer Forests,Carmel,Ofer,Far,NA,34.97033771,32.61185618,18818,Ofer KKL Plantings 2 ,0,0,0,0,0,0,0,0,0,0,0,0,0,0,2,0
T4,2021,Planted Conifer Forests,Carmel,Ramat Hashofet,Far,NA,35.11157647,32.61718889,18961,Ramat Hashofet KKL Plantings 1 ,3,0,0,0,0,0,0,0,0,1,0,0,0,0,2,1
T4,2021,Planted Conifer Forests,Carmel,Ramat Hashofet,Far,NA,35.11213571,32.61737358,18961,Ramat Hashofet KKL Plantings 2 ,15,0,0,0,0,0,0,0,0,4,0,0,6,0,4,0
T4,2021,Planted Conifer Forests,Carmel,Ramat Hashofet,Far,NA,35.1127848,32.61739646,18961,Ramat Hashofet KKL Plantings 3 ,10,0,0,0,0,0,0,0,0,1,0,0,0,0,4,0
T4,2021,Planted Conifer Forests,Carmel,Ramat Hashofet,Far,NA,35.11316299,32.617155,18961,Ramat Hashofet KKL Plantings 4 ,14,0,0,0,0,0,0,0,0,0,0,0,0,0,17,1
T4,2021,Planted Conifer Forests,Carmel,Ramat Hashofet,Far,NA,35.11404075,32.61692344,18961,Ramat Hashofet KKL Plantings 5 ,5,0,0,0,0,0,0,0,0,0,0,0,0,0,23,0
T4,2021,Planted Conifer Forests,Carmel,Ramat Hashofet,Far,NA,35.11489034,32.61692937,18961,Ramat Hashofet KKL Plantings 6 ,7,0,0,0,0,0,0,0,0,0,0,0,1,0,31,0
T4,2021,Planted Conifer Forests,Carmel,Ramat Hashofet,Far,NA,35.11580899,32.61733292,18961,Ramat Hashofet KKL Plantings 7 ,0,0,0,0,0,0,0,0,0,0,0,0,0,0,20,1
T4,2021,Planted Conifer Forests,Carmel,Ramat Hashofet,Far,NA,35.11661734,32.61710926,18961,Ramat Hashofet KKL Plantings 8 ,0,0,0,0,0,0,0,0,0,1,0,0,0,0,1,0
T4,2021,Planted Conifer Forests,Carmel,Ramat Hashofet,Far,NA,35.11663277,32.61656253,18961,Ramat Hashofet KKL Plantings 9 ,2,0,0,0,0,0,0,0,0,1,0,0,0,0,17,0
T4,2021,Planted Conifer Forests,Galilee,Kabri,Far,NA,35.16419839,33.02070245,18915,Kabri KKL Plantings 8 ,1,0,0,0,0,0,0,0,0,0,0,0,0,0,0,0
T4,2021,Planted Conifer Forests,Galilee,Kabri,Far,NA,35.16435061,33.02016354,18915,Kabri KKL Plantings 7 ,4,0,0,0,0,0,0,0,0,7,0,0,0,0,7,4
T4,2021,Planted Conifer Forests,Galilee,Kabri,Far,NA,35.16462285,33.02038197,18915,Kabri KKL Plantings 9 ,5,0,0,3,0,0,0,0,0,1,0,0,0,0,1,0
T4,2021,Planted Conifer Forests,Galilee,Kabri,Far,NA,35.16483877,33.02020936,18915,Kabri KKL Plantings 6 ,0,0,0,6,0,0,0,0,0,0,0,0,0,0,5,1
T4,2021,Planted Conifer Forests,Galilee,Kabri,Far,NA,35.16524613,33.02044663,18915,Kabri KKL Plantings 5 ,6,0,0,23,0,0,0,0,0,2,0,0,0,0,3,0
T4,2021,Planted Conifer Forests,Galilee,Kabri,Far,NA,35.16581241,33.02040418,18915,Kabri KKL Plantings 4 ,1,0,0,0,0,0,0,0,0,3,0,0,0,0,9,1
T4,2021,Planted Conifer Forests,Galilee,Kabri,Far,NA,35.16648766,33.0208669,18915,Kabri KKL Plantings 3 ,1,0,0,0,0,0,0,0,0,13,0,0,2,0,2,3
T4,2021,Planted Conifer Forests,Galilee,Kabri,Far,NA,35.16675889,33.02104091,18915,Kabri KKL Plantings 2 ,1,0,0,0,0,0,0,0,0,0,0,0,0,0,9,1
T4,2021,Planted Conifer Forests,Galilee,Kabri,Far,NA,35.1672997,33.02084694,18915,Kabri KKL Plantings 1 ,0,0,0,0,0,0,0,0,0,0,0,0,0,0,5,0
T4,2021,Planted Conifer Forests,Galilee,Manara,Far,NA,35.55001136,33.17486212,18903,Manara KKL Plantings 9 ,0,0,0,0,0,0,0,0,0,0,0,1,0,0,0,0
T4,2021,Planted Conifer Forests,Galilee,Manara,Far,NA,35.5503976,33.17411396,18903,Manara KKL Plantings 7 ,0,0,0,0,0,0,0,0,0,3,0,0,0,0,0,0
T4,2021,Planted Conifer Forests,Galilee,Manara,Far,NA,35.55043984,33.17349377,18903,Manara KKL Plantings 6 ,1,0,0,0,0,0,0,0,0,1,0,0,0,0,0,2
T4,2021,Planted Conifer Forests,Galilee,Manara,Far,NA,35.55070605,33.17314466,18903,Manara KKL Plantings 5 ,0,0,0,0,0,0,0,0,0,3,0,0,0,0,0,0
T4,2021,Planted Conifer Forests,Galilee,Manara,Far,NA,35.55078283,33.1716601,18903,Manara KKL Plantings 1 ,2,0,0,0,0,0,0,0,0,0,0,0,0,0,2,0
T4,2021,Planted Conifer Forests,Galilee,Manara,Far,NA,35.550804,33.172832,18903,Manara KKL Plantings 4,0,0,0,0,0,0,0,0,0,1,0,0,2,0,0,4
T4,2021,Planted Conifer Forests,Galilee,Manara,Far,NA,35.55089381,33.17193849,18903,Manara KKL Plantings 2 ,3,0,0,0,0,0,0,0,0,3,0,3,0,0,0,3
T4,2021,Planted Conifer Forests,Galilee,Meron,Far,NA,35.45918539,32.98816578,18931,Meron KKL Plantings 9 ,0,0,0,0,0,0,0,0,0,0,0,0,0,0,4,0
T4,2021,Planted Conifer Forests,Galilee,Meron,Far,NA,35.45982912,32.98732547,18931,Meron KKL Plantings 8 ,4,0,0,0,0,0,0,0,0,1,0,0,0,0,18,2
T4,2021,Planted Conifer Forests,Galilee,Meron,Far,NA,35.45999173,32.98739494,18931,Meron KKL Plantings 7 ,0,0,0,0,0,0,0,4,0,0,0,0,0,0,10,0
T4,2021,Planted Conifer Forests,Galilee,Meron,Far,NA,35.46072699,32.98739494,18931,Meron KKL Plantings 6 ,2,0,0,0,0,0,0,0,0,0,0,0,0,0,1,0
T4,2021,Planted Conifer Forests,Galilee,Meron,Far,NA,35.46147835,32.98874088,18931,Meron KKL Plantings 2 ,3,0,0,0,0,0,0,6,0,0,0,0,0,0,20,0
T4,2021,Planted Conifer Forests,Galilee,Meron,Far,NA,35.46168555,32.98735135,18931,Meron KKL Plantings 5,17,10,0,0,0,0,0,1,0,0,0,0,0,0,15,17
T4,2021,Planted Conifer Forests,Galilee,Meron,Far,NA,35.46185553,32.98913515,18931,Meron KKL Plantings 1,2,0,0,0,0,0,0,4,0,0,0,0,0,0,30,1
T4,2021,Planted Conifer Forests,Galilee,Meron,Far,NA,35.46192829,32.98809181,18931,Meron KKL Plantings 4 ,5,0,0,0,0,0,0,9,0,0,0,0,0,0,2,7
T4,2021,Planted Conifer Forests,Galilee,Meron,Far,NA,35.46207245,32.98831961,18931,Meron KKL Plantings 3 ,0,0,0,0,0,0,0,0,0,2,0,0,0,0,6,1
T4,2021,Planted Conifer Forests,Galilee,Ramot Naftali,Far,NA,35.56125719,33.0964065,18917,Ramot Naftali KKL Plantings 4 ,3,0,0,0,0,0,0,1,0,0,0,0,0,0,25,0
T4,2021,Planted Conifer Forests,Galilee,Ramot Naftali,Far,NA,35.56137923,33.09739266,18917,Ramot Naftali KKL Plantings 5 ,0,0,0,0,0,0,0,0,1,0,0,0,0,0,1,0
T4,2021,Planted Conifer Forests,Galilee,Ramot Naftali,Far,NA,35.56159716,33.09785189,18917,Ramot Naftali KKL Plantings 7 ,3,0,0,0,0,0,0,0,0,0,0,0,0,0,5,1
T4,2021,Planted Conifer Forests,Galilee,Ramot Naftali,Far,NA,35.56160554,33.09526107,18917,Ramot Naftali KKL Plantings 2,1,0,0,0,0,0,0,1,1,0,0,0,0,0,2,0
T4,2021,Planted Conifer Forests,Galilee,Ramot Naftali,Far,NA,35.56176446,33.09765135,18917,Ramot Naftali KKL Plantings 6 ,3,0,0,0,0,0,0,0,1,0,0,0,0,0,15,0
T4,2021,Planted Conifer Forests,Galilee,Ramot Naftali,Far,NA,35.56180906,33.09570683,18917,Ramot Naftali KKL Plantings 3 ,12,0,0,0,0,0,0,1,1,0,0,0,0,0,22,1
T4,2021,Planted Conifer Forests,Galilee,Ramot Naftali,Far,NA,35.56202061,33.094767,18917,Ramot Naftali KKL Plantings 1 ,12,0,0,0,0,0,0,4,2,0,0,0,0,0,2,5
T4,2021,Planted Conifer Forests,Galilee,Ramot Naftali,Far,NA,35.56218021,33.09825691,18917,Ramot Naftali KKL Plantings 8 ,3,0,0,0,0,0,0,0,0,0,0,0,0,0,12,1
T4,2021,Planted Conifer Forests,Galilee,Ramot Naftali,Far,NA,35.56267608,33.09812799,18917,Ramot Naftali KKL Plantings 9 ,0,0,0,0,0,0,0,0,0,0,0,0,0,0,26,0
T4,2021,Planted Conifer Forests,Galilee,Zuriel,Far,NA,35.31315554,33.01041397,18915,Zuriel KKL Plantings 4,0,0,0,0,0,0,0,0,0,0,0,0,0,0,2,3
T4,2021,Planted Conifer Forests,Galilee,Zuriel,Far,NA,35.31318638,33.01108424,18915,Zuriel KKL Plantings 6 ,0,0,0,0,0,0,0,0,0,0,0,0,0,0,2,8
T4,2021,Planted Conifer Forests,Galilee,Zuriel,Far,NA,35.3132055,33.01011342,18915,Zuriel KKL Plantings 3 ,0,0,0,0,0,0,0,0,0,0,0,0,0,0,10,1
T4,2021,Planted Conifer Forests,Galilee,Zuriel,Far,NA,35.31322662,33.01073139,18915,Zuriel KKL Plantings 5 ,7,0,0,0,0,0,0,0,0,5,0,0,0,0,11,9
T4,2021,Planted Conifer Forests,Galilee,Zuriel,Far,NA,35.31322896,33.01143708,18915,Zuriel KKL Plantings 7 ,0,0,0,0,0,0,0,0,0,0,0,0,0,0,1,0
T4,2021,Planted Conifer Forests,Galilee,Zuriel,Far,NA,35.31327523,33.00979431,18915,Zuriel KKL Plantings 2 ,0,0,0,0,0,0,0,0,0,0,0,0,0,0,12,1
T4,2021,Planted Conifer Forests,Galilee,Zuriel,Far,NA,35.31331345,33.00934924,18915,Zuriel KKL Plantings 1 ,8,0,0,0,0,0,0,0,0,0,0,0,2,0,17,3
T4,2021,Planted Conifer Forests,Galilee,Zuriel,Far,NA,35.31344254,33.01122931,18915,Zuriel KKL Plantings 9 ,2,0,0,0,0,0,0,0,0,1,0,0,0,0,2,2
T4,2021,Planted Conifer Forests,Galilee,Zuriel,Far,NA,35.31347372,33.01160268,18915,Zuriel KKL Plantings 8 ,0,0,0,0,0,0,0,0,0,0,0,0,0,0,1,0
T4,2021,Planted Conifer Forests,Judea,Aderet,Far,NA,34.98226382,31.67832543,18916,Aderet KKL Plantings 3 ,0,0,0,0,0,0,0,0,0,0,0,0,0,0,0,1
T4,2021,Planted Conifer Forests,Judea,Aderet,Far,NA,34.98245526,31.67883644,18916,Aderet KKL Plantings 1 ,2,0,0,0,0,0,0,2,1,1,0,0,2,0,0,0
T4,2021,Planted Conifer Forests,Judea,Aderet,Far,NA,34.982928,31.67788517,18916,Aderet KKL Plantings 4 ,8,0,0,0,0,0,0,0,0,3,0,0,0,0,0,2
T4,2021,Planted Conifer Forests,Judea,Aderet,Far,NA,34.98323511,31.67766547,18916,Aderet KKL Plantings 5 ,3,0,0,0,0,0,0,0,1,1,0,0,0,0,0,2
T4,2021,Planted Conifer Forests,Judea,Aderet,Far,NA,34.98330317,31.67837194,18916,Aderet KKL Plantings 2 ,10,0,0,0,0,0,0,16,2,3,0,0,2,0,2,2
T4,2021,Planted Conifer Forests,Judea,Aderet,Far,NA,34.9837558,31.67763123,18916,Aderet KKL Plantings 6 ,0,0,0,0,0,0,0,0,0,0,0,0,0,0,0,1
T4,2021,Planted Conifer Forests,Judea,Aderet,Far,NA,34.98450346,31.67725945,18916,Aderet KKL Plantings 7 ,6,0,0,0,0,0,0,2,1,1,0,0,0,0,0,7
T4,2021,Planted Conifer Forests,Judea,Aderet,Far,NA,34.98478342,31.67675642,18916,Aderet KKL Plantings 8 ,1,0,0,0,0,0,0,0,0,0,0,0,0,0,0,0
T4,2021,Planted Conifer Forests,Judea,Aderet,Far,NA,34.98570979,31.67638778,18916,Aderet KKL Plantings 9 ,7,0,0,0,0,0,0,3,0,4,0,0,0,0,0,2
T4,2021,Planted Conifer Forests,Judea,Amatzia,Far,NA,34.89297844,31.51200488,18965,Amatzia KKL Plantings 7 ,1,0,0,0,0,0,0,6,0,0,0,0,0,0,0,0
T4,2021,Planted Conifer Forests,Judea,Amatzia,Far,NA,34.89330534,31.50949437,18965,Amatzia KKL Plantings 1 ,20,0,0,0,0,0,0,1,0,0,0,0,0,0,0,3
T4,2021,Planted Conifer Forests,Judea,Amatzia,Far,NA,34.89331037,31.51150381,18965,Amatzia KKL Plantings 8 ,0,0,0,0,0,0,0,3,0,4,0,0,0,0,0,2
T4,2021,Planted Conifer Forests,Judea,Amatzia,Far,NA,34.89362922,31.50959042,18965,Amatzia KKL Plantings 2 ,28,0,0,0,0,0,0,6,0,0,0,0,0,0,0,3
T4,2021,Planted Conifer Forests,Judea,Amatzia,Far,NA,34.89373919,31.5114698,18965,Amatzia KKL Plantings 9 ,0,0,0,0,0,0,0,0,0,0,0,0,0,0,0,1
T4,2021,Planted Conifer Forests,Judea,Amatzia,Far,NA,34.89418644,31.51147351,18965,Amatzia KKL Plantings 5 ,2,0,0,0,0,0,0,1,0,0,0,0,0,0,0,0
T4,2021,Planted Conifer Forests,Judea,Amatzia,Far,NA,34.8946213,31.509625,18965,Amatzia KKL Plantings 3 ,7,0,0,0,0,0,0,0,1,1,0,0,0,0,0,7
T4,2021,Planted Conifer Forests,Judea,Amatzia,Far,NA,34.8948181,31.51087297,18965,Amatzia KKL Plantings 6 ,0,0,0,0,0,0,0,2,1,0,0,0,0,0,0,1
T4,2021,Planted Conifer Forests,Judea,Amatzia,Far,NA,34.89505649,31.50999631,18965,Amatzia KKL Plantings 4 ,6,0,0,0,0,0,0,1,0,4,0,0,0,0,0,1
T4,2021,Planted Conifer Forests,Judea,Eitanim,Far,NA,35.10480054,31.7779225,18908,Eitanim KKL Plantings 8 ,0,0,0,0,0,0,0,1,0,3,0,0,0,0,0,1
T4,2021,Planted Conifer Forests,Judea,Eitanim,Far,NA,35.10508385,31.77792849,18908,Eitanim KKL Plantings 7 ,0,0,0,0,0,0,0,0,0,1,0,0,0,0,1,2
T4,2021,Planted Conifer Forests,Judea,Eitanim,Far,NA,35.10580234,31.77807784,18908,Eitanim KKL Plantings 6 ,0,0,0,0,0,0,0,1,0,0,0,0,0,0,0,0
T4,2021,Planted Conifer Forests,Judea,Eitanim,Far,NA,35.10611817,31.77827678,18908,Eitanim KKL Plantings 5 ,3,0,0,0,0,0,0,1,0,5,0,0,0,0,0,1
T4,2021,Planted Conifer Forests,Judea,Eitanim,Far,NA,35.10621775,31.77860768,18908,Eitanim KKL Plantings 4 ,0,0,0,0,0,0,0,2,0,5,0,0,1,0,0,1
T4,2021,Planted Conifer Forests,Judea,Eitanim,Far,NA,35.10652084,31.77893773,18908,Eitanim KKL Plantings 3 ,0,0,0,0,0,0,0,0,0,3,0,0,0,0,0,1
T4,2021,Planted Conifer Forests,Judea,Eitanim,Far,NA,35.10683466,31.77891664,18908,Eitanim KKL Plantings 2 ,1,0,0,0,0,0,0,0,0,0,0,0,0,0,0,2
T4,2021,Planted Conifer Forests,Judea,Eitanim,Far,NA,35.10715216,31.77871855,18908,Eitanim KKL Plantings 1 ,1,0,0,0,0,0,0,0,0,0,0,0,0,0,1,0
T4,2021,Planted Conifer Forests,Judea,Eshtaol,Far,NA,35.02029754,31.78950343,18922,Eshtaol KKL Plantings 2 ,0,0,0,0,0,0,0,1,0,0,0,0,0,0,0,0
T4,2021,Planted Conifer Forests,Judea,Eshtaol,Far,NA,35.02045814,31.79023783,18922,Eshtaol KKL Plantings 3 ,0,0,0,0,0,0,0,7,0,0,0,0,0,0,0,0
T4,2021,Planted Conifer Forests,Judea,Eshtaol,Far,NA,35.02056275,31.78914436,18922,Eshtaol KKL Plantings 1 ,0,0,0,0,0,0,0,6,0,0,0,0,0,0,0,0
T4,2021,Planted Conifer Forests,Judea,Eshtaol,Far,NA,35.02108343,31.78726203,18922,Eshtaol KKL Plantings 6 ,0,0,0,0,0,0,0,5,0,0,0,0,0,0,0,0
T4,2021,Planted Conifer Forests,Judea,Eshtaol,Far,NA,35.02113104,31.78856527,18922,Eshtaol KKL Plantings 4 ,0,0,0,0,0,0,0,0,0,3,0,0,0,0,0,0
T4,2021,Planted Conifer Forests,Judea,Eshtaol,Far,NA,35.02115451,31.78780493,18922,Eshtaol KKL Plantings 5 ,0,0,0,0,0,0,0,5,0,14,0,0,0,0,0,0
T4,2021,Planted Conifer Forests,Judea,Eshtaol,Far,NA,35.02167385,31.78643556,18922,Eshtaol KKL Plantings 7 ,0,0,0,0,0,0,0,6,0,0,0,0,0,0,6,0
T4,2021,Planted Conifer Forests,Judea,Eshtaol,Far,NA,35.022274,31.78678667,18922,Eshtaol KKL Plantings 9 ,0,0,0,0,0,0,0,1,0,0,0,0,0,0,0,0
T4,2021,Planted Conifer Forests,Judea,Eshtaol,Far,NA,35.02250802,31.78624946,18922,Eshtaol KKL Plantings 8 ,4,0,0,0,0,0,0,1,0,4,0,0,0,0,0,1
T4,2021,Planted Conifer Forests,Judea,Givat Yeshayahu,Far,NA,34.9202887,31.66818306,18916,Givat Yeshayahu KKL Plantings 9 ,0,0,0,0,0,0,0,0,0,4,0,0,0,0,0,1
T4,2021,Planted Conifer Forests,Judea,Givat Yeshayahu,Far,NA,34.92028903,31.66768055,18916,Givat Yeshayahu KKL Plantings 8 ,2,0,0,0,0,0,0,0,0,1,0,0,0,0,0,1
T4,2021,Planted Conifer Forests,Judea,Givat Yeshayahu,Far,NA,34.92088012,31.66869413,18916,Givat Yeshayahu KKL Plantings 6 ,0,0,0,0,0,0,0,0,0,0,0,0,0,0,0,3
T4,2021,Planted Conifer Forests,Judea,Givat Yeshayahu,Far,NA,34.92195971,31.66916981,18916,Givat Yeshayahu KKL Plantings 4 ,0,0,0,0,0,0,0,0,0,1,0,0,0,0,0,0
T4,2021,Planted Conifer Forests,Judea,Givat Yeshayahu,Far,NA,34.9225726,31.66904597,18916,Givat Yeshayahu KKL Plantings 3 ,1,0,0,0,0,0,0,0,0,2,0,0,0,0,0,4
T4,2022,Arid Desert,NA,Ein Yahav,Far,NA,35.19746683,30.64975601,19189,Ein Yahav Far 8 ,0,0,0,0,0,0,1,0,0,0,0,0,0,0,0,0
T4,2022,Arid Desert,NA,Ein Yahav,Far,NA,35.19784,30.648195,19189,Ein Yahav Far 9 ,0,0,0,0,0,0,1,0,0,0,0,0,0,0,0,0
T4,2022,Arid Desert,NA,Ein Yahav,Far,NA,35.19848071,30.64896251,19189,Ein Yahav Far 7 ,0,0,0,0,0,0,5,0,0,0,1,0,0,0,0,2
T4,2022,Arid Desert,NA,Ein Yahav,Far,NA,35.19899535,30.64770837,19189,Ein Yahav Far 6 ,0,0,0,0,0,0,0,0,0,0,1,0,0,0,0,0
T4,2022,Arid Desert,NA,Ein Yahav,Far,NA,35.20015507,30.64782057,19189,Ein Yahav Far 5 ,0,0,0,0,0,0,6,0,1,0,5,0,0,0,0,0
T4,2022,Arid Desert,NA,Ein Yahav,Far,NA,35.2003787,30.64867552,19189,Ein Yahav Far 4 ,0,0,0,0,0,0,1,0,0,0,1,0,0,0,0,0
T4,2022,Arid Desert,NA,Ein Yahav,Far,NA,35.2011753,30.6474805,19189,Ein Yahav Far 3 ,0,0,0,0,0,0,1,0,0,0,2,0,0,0,0,0
T4,2022,Arid Desert,NA,Ein Yahav,Far,NA,35.201648,30.64866167,19189,Ein Yahav Far 2,0,0,0,0,0,0,1,0,0,0,3,0,0,0,0,0
T4,2022,Arid Desert,NA,Ein Yahav,Far,NA,35.20218953,30.64830516,19189,Ein Yahav Far 1,0,0,0,0,0,0,4,0,1,0,0,0,0,0,0,0
T4,2022,Arid Desert,NA,Ein Yahav,Near,NA,35.238738,30.774683,19189,Ein Yahav Near 5 ,0,1,0,0,0,0,0,0,1,0,4,0,0,0,0,1
T4,2022,Arid Desert,NA,Ein Yahav,Near,NA,35.238782,30.774657,19189,Ein Yahav Near 7 ,0,2,0,0,0,0,0,0,0,0,9,0,0,0,0,0
T4,2022,Arid Desert,NA,Ein Yahav,Near,NA,35.240858,30.672468,19189,Ein Yahav Near 9,0,0,0,0,0,0,0,0,1,0,17,0,0,0,0,1
T4,2022,Arid Desert,NA,Ein Yahav,Near,NA,35.241277,30.671307,19189,Ein Yahav Near 1 ,0,0,0,0,0,0,0,0,0,0,28,0,0,0,0,1
T4,2022,Arid Desert,NA,Ein Yahav,Near,NA,35.241795,30.67178,19189,Ein Yahav Near 8 ,0,0,0,0,0,0,0,0,0,0,5,0,0,0,0,3
T4,2022,Arid Desert,NA,Ein Yahav,Near,NA,35.242358,30.6708616,19189,Ein Yahav Near 2 ,0,2,0,0,0,0,0,0,0,0,7,0,0,0,0,1
T4,2022,Arid Desert,NA,Ein Yahav,Near,NA,35.243001,30.671282,19189,Ein Yahav Near 3 ,0,1,0,0,0,0,0,0,0,0,1,0,0,0,0,2
T4,2022,Arid Desert,NA,Ein Yahav,Near,NA,35.243977,30.670872,19189,Ein Yahav Near 4 ,0,2,0,0,0,0,0,0,0,0,20,0,0,0,0,1
T4,2022,Arid Desert,NA,Ein Yahav,Near,NA,35.244313,30.671601,19189,Ein Yahav Near 6 ,0,0,0,0,0,0,0,0,0,0,6,0,0,0,0,0
T4,2022,Arid Desert,NA,Lotan,Far,NA,35.083657,30.017544,19228,Lotan Far 9 ,0,26,1,0,0,0,0,0,0,0,0,0,0,0,0,0
T4,2022,Arid Desert,NA,Lotan,Far,NA,35.083689,30.01678,19228,Lotan Far 8 ,0,39,2,0,0,0,0,0,0,0,0,0,0,0,0,0
T4,2022,Arid Desert,NA,Lotan,Far,NA,35.083753,30.016023,19228,Lotan Far 7 ,0,4,1,0,0,0,2,0,0,0,0,0,0,0,0,0
T4,2022,Arid Desert,NA,Lotan,Far,NA,35.08401,30.014519,19228,Lotan Far 5 ,0,2,2,0,0,0,0,0,0,0,0,0,0,0,0,3
T4,2022,Arid Desert,NA,Lotan,Far,NA,35.08401,30.01533,19228,Lotan Far 6 ,0,2,0,0,0,0,5,0,0,0,0,0,0,0,0,1
T4,2022,Arid Desert,NA,Lotan,Far,NA,35.0840714,30.0139467,19228,Lotan Far 4 ,0,23,0,0,0,0,1,0,0,0,0,0,0,0,0,1
T4,2022,Arid Desert,NA,Lotan,Far,NA,35.08434668,30.01308512,19228,Lotan Far 3 ,0,14,0,0,0,0,1,0,0,0,0,0,0,0,0,1
T4,2022,Arid Desert,NA,Lotan,Far,NA,35.08451264,30.01234945,19228,Lotan Far 2 ,0,0,0,0,0,0,2,0,0,0,0,0,0,0,0,0
T4,2022,Arid Desert,NA,Lotan,Far,NA,35.084575,30.011762,19228,Lotan Far 1 ,0,1,0,0,0,0,7,0,0,0,0,0,0,0,0,1
T4,2022,Arid Desert,NA,Lotan,Near,NA,35.082744,29.979943,19228,Lotan Near 5 ,0,0,0,0,0,0,0,0,0,0,4,0,0,0,0,8
T4,2022,Arid Desert,NA,Lotan,Near,NA,35.083636,29.978994,19228,Lotan Near 8 ,0,0,0,0,0,0,0,0,0,0,2,0,0,0,0,6
T4,2022,Arid Desert,NA,Lotan,Near,NA,35.083769,29.980466,19228,Lotan Near 4 ,0,0,0,0,0,0,0,0,0,0,0,0,0,0,0,2
T4,2022,Arid Desert,NA,Lotan,Near,NA,35.08427,29.981192,19228,Lotan Near 2 ,0,0,0,0,0,0,0,0,0,0,0,0,0,0,0,2
T4,2022,Arid Desert,NA,Lotan,Near,NA,35.084574,29.980673,19228,Lotan Near 3 ,0,0,0,0,0,0,0,0,0,0,0,0,0,0,0,8
T4,2022,Arid Desert,NA,Lotan,Near,NA,35.08459,29.978335,19228,Lotan Near 9 ,3,0,0,0,0,0,0,0,2,0,4,0,0,0,0,1
T4,2022,Arid Desert,NA,Lotan,Near,NA,35.084973,29.979604,19228,Lotan Near 7 ,2,0,0,0,0,0,0,0,0,0,1,0,0,0,0,7
T4,2022,Arid Desert,NA,Paran,Far,NA,35.139183,30.351888,19213,Paran Far 1 ,0,3,0,0,0,0,12,0,0,0,4,0,0,0,0,4
T4,2022,Arid Desert,NA,Paran,Far,NA,35.13931,30.34786,19213,Paran Far 8 ,0,0,0,0,0,0,5,0,0,0,2,0,0,0,0,1
T4,2022,Arid Desert,NA,Paran,Far,NA,35.139663,30.348675,19213,Paran Far 9,0,0,0,0,0,0,0,0,0,0,2,0,0,0,0,0
T4,2022,Arid Desert,NA,Paran,Far,NA,35.139932,30.351318,19213,Paran Far 2 ,0,2,0,0,0,0,16,0,0,0,0,0,0,0,0,0
T4,2022,Arid Desert,NA,Paran,Far,NA,35.140095,30.350506,19213,Paran Far 3 ,0,2,0,0,0,0,1,0,1,0,2,0,0,0,0,1
T4,2022,Arid Desert,NA,Paran,Far,NA,35.140142,30.349323,19213,Paran Far 5 ,0,3,0,0,0,0,2,0,0,0,5,0,0,0,0,0
T4,2022,Arid Desert,NA,Paran,Far,NA,35.1405,30.348778,19213,Paran Far 6 ,0,0,0,0,0,0,3,0,0,0,2,0,0,0,0,0
T4,2022,Arid Desert,NA,Paran,Far,NA,35.14121,30.347941,19213,Paran Far 7 ,0,0,0,0,0,0,0,0,0,0,2,0,0,0,0,0
T4,2022,Arid Desert,NA,Paran,Near,NA,35.159549,30.388813,19213,Paran near 4 ,0,3,0,0,0,0,0,0,0,0,0,0,0,0,0,0
T4,2022,Arid Desert,NA,Paran,Near,NA,35.159978,30.387984,19213,Paran near 2 ,0,2,0,0,0,0,0,0,0,0,0,0,0,0,0,0
T4,2022,Arid Desert,NA,Paran,Near,NA,35.160042,30.390508,19213,Paran near 7 ,0,0,0,0,0,0,0,0,0,0,0,0,0,0,0,1
T4,2022,Arid Desert,NA,Paran,Near,NA,35.160719,30.392327,19213,Paran near 8 ,0,2,0,0,0,0,0,0,0,0,0,0,0,0,0,0
T4,2022,Arid Desert,NA,Paran,Near,NA,35.160842,30.391343,19213,Paran near 9 ,0,2,0,0,0,0,0,0,0,0,0,0,0,0,0,0
T4,2022,Arid Desert,NA,Paran,Near,NA,35.161523,30.391556,19213,Paran near 6 ,0,1,0,0,0,0,0,0,0,0,0,0,0,0,0,0
T4,2022,Arid Desert,NA,Yotvata,Far,NA,35.03444,29.883637,19241,Yotvata Far 9 ,0,0,0,0,0,0,0,0,1,0,5,0,0,0,0,5
T4,2022,Arid Desert,NA,Yotvata,Far,NA,35.035696,29.883144,19241,Yotvata Far 8 ,0,0,0,0,0,0,1,0,1,0,0,0,0,0,0,0
T4,2022,Arid Desert,NA,Yotvata,Far,NA,35.03735,29.884368,19241,Yotvata Far 6 ,0,0,0,0,0,0,0,0,0,0,3,0,0,0,0,3
T4,2022,Arid Desert,NA,Yotvata,Far,NA,35.038281,29.885747,19241,Yotvata Far 5 ,0,0,2,0,0,0,0,0,0,0,0,0,0,0,0,1
T4,2022,Arid Desert,NA,Yotvata,Far,NA,35.038417,29.884988,19241,Yotvata Far 3 ,0,0,0,0,0,0,0,0,0,0,0,0,0,0,0,2
T4,2022,Arid Desert,NA,Yotvata,Far,NA,35.038837,29.88454,19241,Yotvata Far 2,0,0,4,0,0,0,1,0,0,0,0,0,0,0,0,17
T4,2022,Arid Desert,NA,Yotvata,Far,NA,35.039338,29.884136,19241,Yotvata Far 1 ,0,1,2,0,0,0,1,0,1,0,0,0,0,0,0,9
T4,2022,Arid Desert,NA,Yotvata,Near,NA,35.06126828,29.8867118,19241,Yotvata Near 9 ,2,0,0,0,0,0,0,0,0,0,0,0,0,0,0,5
T4,2022,Arid Desert,NA,Yotvata,Near,NA,35.06195124,29.88815012,19241,Yotvata Near 7 ,33,0,0,0,0,0,0,0,0,0,0,0,0,0,0,2
T4,2022,Arid Desert,NA,Yotvata,Near,NA,35.06196,29.88588,19241,Yotvata Near 4 ,1,0,0,0,0,0,0,0,1,0,0,0,0,0,0,0
T4,2022,Arid Desert,NA,Yotvata,Near,NA,35.06208769,29.88720103,19241,Yotvata Near 8 ,3,0,0,0,0,0,0,0,0,0,3,0,0,0,0,0
T4,2022,Arid Desert,NA,Yotvata,Near,NA,35.062345,29.8888,19241,Yotvata Near 6 ,105,0,0,0,0,0,0,0,0,0,0,0,0,0,0,0
T4,2022,Arid Desert,NA,Yotvata,Near,NA,35.06282,29.888307,19241,Yotvata Near 5 ,11,0,0,0,0,0,0,0,0,0,0,0,0,0,0,0
T4,2022,Arid Desert,NA,Yotvata,Near,NA,35.063645,29.885883,19241,Yotvata Near 3 ,6,0,0,0,0,0,0,0,0,0,0,0,0,0,0,7
T4,2022,Arid Desert,NA,Yotvata,Near,NA,35.063678,29.887578,19241,Yotvata Near 1 ,12,0,0,0,0,0,0,0,0,0,3,0,0,0,0,3
T4,2022,Arid Desert,NA,Yotvata,Near,NA,35.064008,29.886728,19241,Yotvata Near 2 ,2,0,0,0,0,0,0,0,1,0,0,0,0,0,0,8
T4,2022,Arid Desert,NA,Zofar,Far,NA,35.15072498,30.55648103,19201,Zofar Far 6b ,0,0,0,0,5,0,1,0,0,0,3,0,0,0,0,0
T4,2022,Arid Desert,NA,Zofar,Far,NA,35.15169326,30.55781633,19201,Zofar Far 8b ,0,0,0,0,0,0,12,0,2,0,6,0,0,2,0,0
T4,2022,Arid Desert,NA,Zofar,Far,NA,35.15182402,30.55619896,19201,Zofar Far 5b,0,0,0,0,0,0,2,0,0,0,0,0,0,0,0,0
T4,2022,Arid Desert,NA,Zofar,Far,NA,35.15312724,30.55608549,19201,Zofar Far 4b ,0,0,0,0,0,0,5,0,0,0,1,0,0,0,0,0
T4,2022,Arid Desert,NA,Zofar,Far,NA,35.15315305,30.55731484,19201,Zofar Far 9b,0,0,0,0,0,0,2,0,0,0,2,0,0,1,0,0
T4,2022,Arid Desert,NA,Zofar,Far,NA,35.15379008,30.55674809,19201,Zofar Far 3b ,0,0,0,0,1,0,1,0,1,0,2,0,0,5,0,0
T4,2022,Arid Desert,NA,Zofar,Far,NA,35.15436407,30.55702555,19201,Zofar Far 2b ,0,0,0,0,0,0,2,0,2,0,5,0,0,7,0,0
T4,2022,Arid Desert,NA,Zofar,Far,NA,35.15484855,30.55654051,19201,Zofar Far 1b,0,2,0,0,0,0,4,0,3,0,19,0,0,26,0,0
T4,2022,Arid Desert,NA,Zofar,Near,NA,35.1779309,30.552576,19201,Zofar Near 4b ,0,0,0,0,0,0,76,0,0,0,1,0,0,0,0,1
T4,2022,Arid Desert,NA,Zofar,Near,NA,35.178185,30.553441,19201,Zofar Near 3b ,0,0,0,0,0,0,1,0,0,4,0,0,0,0,0,1
T4,2022,Arid Desert,NA,Zofar,Near,NA,35.178661,30.552183,19201,Zofar Near 5b ,0,0,0,0,0,0,3,0,1,0,0,0,0,0,0,3
T4,2022,Arid Desert,NA,Zofar,Near,NA,35.179236,30.554192,19201,Zofar Near 2b ,0,0,0,0,0,0,3,0,1,0,1,0,0,0,0,0
T4,2022,Arid Desert,NA,Zofar,Near,NA,35.17943233,30.55121557,19201,Zofar Near 6b ,0,0,0,0,6,0,8,0,0,0,8,0,0,0,0,0
T4,2022,Arid Desert,NA,Zofar,Near,NA,35.180249,30.554239,19201,Zofar Near 1b ,0,2,0,0,0,0,0,0,3,9,0,0,0,0,0,0
T4,2022,Arid Desert,NA,Zofar,Near,NA,35.1802634,30.55262169,19201,Zofar Near 9b ,0,0,0,0,11,0,33,0,0,0,0,0,0,0,0,0
T4,2022,Arid Desert,NA,Zofar,Near,NA,35.18051795,30.55083156,19201,Zofar Near 7b ,0,0,0,0,0,0,6,0,3,0,2,0,0,0,0,1
T4,2022,Arid Desert,NA,Zofar,Near,NA,35.18135949,30.55168736,19201,Zofar Near 8b ,0,0,0,0,8,0,0,0,3,0,0,0,0,0,0,0
T4,2022,Herbaceous and Dwarf Shrub Vegetation,NA,Gamla,Far,NA,35.741611,32.915809,19206,Gamla Far 8 round 1,0,0,0,0,0,0,0,4,0,0,0,0,0,0,0,1
T4,2022,Herbaceous and Dwarf Shrub Vegetation,NA,Gamla,Far,NA,35.741903,32.914983,19206,Gamla Far 7 round 1,0,0,0,0,0,0,0,12,0,0,0,0,0,0,0,3
T4,2022,Herbaceous and Dwarf Shrub Vegetation,NA,Gamla,Far,NA,35.742833,32.91564,19206,Gamla Far 6 round 1,1,0,0,0,0,0,0,7,0,0,0,0,0,0,1,4
T4,2022,Herbaceous and Dwarf Shrub Vegetation,NA,Gamla,Far,NA,35.742833,32.915649,19235,Gamla Far 6 round 2 ,0,0,0,0,0,0,0,9,0,0,0,0,0,0,0,0
T4,2022,Herbaceous and Dwarf Shrub Vegetation,NA,Gamla,Far,NA,35.74354,32.916323,19206,Gamla Far 5 round 1,0,0,0,0,0,0,0,5,0,0,0,0,1,0,0,5
T4,2022,Herbaceous and Dwarf Shrub Vegetation,NA,Gamla,Far,NA,35.74354,32.916323,19235,Gamla Far 5 round 2 ,0,0,0,0,0,0,0,4,0,0,0,0,0,0,0,0
T4,2022,Herbaceous and Dwarf Shrub Vegetation,NA,Gamla,Far,NA,35.743611,32.917053,19206,Gamla Far 4 round 1,0,0,0,0,0,0,0,2,0,0,0,0,0,0,0,5
T4,2022,Herbaceous and Dwarf Shrub Vegetation,NA,Gamla,Far,NA,35.743611,32.917053,19235,Gamla Far 4 round 2,0,0,0,0,0,0,0,6,0,0,0,0,0,0,0,0
T4,2022,Herbaceous and Dwarf Shrub Vegetation,NA,Gamla,Far,NA,35.744353,32.917687,19235,Gamla Far 3 round 2,0,0,0,0,0,0,0,5,0,0,0,0,0,0,3,0
T4,2022,Herbaceous and Dwarf Shrub Vegetation,NA,Gamla,Far,NA,35.745624,32.918367,19235,Gamla Far 2 round 2,4,0,0,0,0,0,0,8,0,0,0,0,0,0,1,3
T4,2022,Herbaceous and Dwarf Shrub Vegetation,NA,Karei Deshe,Far,NA,35.58077596,32.92441153,19209,Karei Deshe Far 2 ,4,0,0,0,0,0,0,0,0,0,0,0,0,0,0,1
T4,2022,Herbaceous and Dwarf Shrub Vegetation,NA,Karei Deshe,Far,NA,35.58112599,32.92518742,19209,Karei Deshe Far 3 ,49,0,0,0,0,0,0,0,0,2,0,0,0,0,1,0
T4,2022,Herbaceous and Dwarf Shrub Vegetation,NA,Karei Deshe,Far,NA,35.58258142,32.92551218,19209,Karei Deshe Far 4 ,31,0,0,0,0,0,0,0,0,0,0,0,0,0,14,1
T4,2022,Herbaceous and Dwarf Shrub Vegetation,NA,Karei Deshe,Far,NA,35.58325768,32.92184122,19209,Karei Deshe Far 9 ,1,0,0,0,0,0,0,0,0,0,0,0,0,0,0,0
T4,2022,Herbaceous and Dwarf Shrub Vegetation,NA,Karei Deshe,Far,NA,35.58340117,32.92339276,19209,Karei Deshe Far 7 ,0,0,0,0,0,0,0,0,0,0,0,0,0,0,0,1
T4,2022,Herbaceous and Dwarf Shrub Vegetation,NA,Karei Deshe,Far,NA,35.58345683,32.92261178,19209,Karei Deshe Far 8 ,0,0,0,0,0,0,0,3,0,0,0,0,0,0,0,0
T4,2022,Herbaceous and Dwarf Shrub Vegetation,NA,Karei Deshe,Far,NA,35.58356915,32.92400796,19209,Karei Deshe Far 6 ,0,0,0,0,0,0,0,1,0,7,0,0,0,0,0,1
T4,2022,Herbaceous and Dwarf Shrub Vegetation,NA,Karei Deshe,Far,NA,35.58379613,32.92471519,19209,Karei Deshe Far 5 ,6,0,0,0,0,0,0,12,0,1,0,0,0,0,1,0
T4,2022,Herbaceous and Dwarf Shrub Vegetation,NA,Natur,Far,NA,35.73698446,32.84485555,19192,Natur Far 6 ,0,0,0,0,0,0,0,0,0,1,0,0,0,0,0,1
T4,2022,Herbaceous and Dwarf Shrub Vegetation,NA,Natur,Far,NA,35.73699184,32.84381896,19192,Natur Far 5 ,27,0,0,0,0,0,0,1,0,1,0,0,0,0,0,5
T4,2022,Herbaceous and Dwarf Shrub Vegetation,NA,Natur,Far,NA,35.73704213,32.84663039,19192,Natur Far 8 ,2,0,0,0,0,0,0,0,0,3,0,0,0,0,0,1
T4,2022,Herbaceous and Dwarf Shrub Vegetation,NA,Natur,Far,NA,35.73720574,32.84572622,19192,Natur Far 7 ,0,0,0,0,0,0,0,1,0,0,0,0,0,0,0,0
T4,2022,Herbaceous and Dwarf Shrub Vegetation,NA,Natur,Far,NA,35.73735628,32.84248068,19192,Natur Far 4 ,1,0,0,0,0,0,0,0,0,0,0,0,0,0,1,2
T4,2022,Herbaceous and Dwarf Shrub Vegetation,NA,Natur,Far,NA,35.73750213,32.84692784,19192,Natur Far 9 ,1,0,0,0,0,0,0,0,0,1,0,0,0,0,1,1
T4,2022,Herbaceous and Dwarf Shrub Vegetation,NA,Natur,Far,NA,35.73773079,32.84156237,19192,Natur Far 3 ,41,2,0,0,0,0,0,0,0,2,0,0,0,0,20,11
T4,2022,Herbaceous and Dwarf Shrub Vegetation,NA,Natur,Far,NA,35.7381928,32.84079645,19192,Natur Far 2 ,3,0,0,0,0,0,0,0,0,2,0,0,0,0,0,2
T4,2022,Herbaceous and Dwarf Shrub Vegetation,NA,Natur,Far,NA,35.73840939,32.83987278,19192,Natur Far 1 ,8,0,0,0,0,0,0,0,0,1,0,0,0,0,0,0
T4,2022,Herbaceous and Dwarf Shrub Vegetation,NA,Shaal,Far,NA,35.74830204,33.08442003,19192,Shaal Far 9 ,0,0,0,0,0,0,0,0,0,2,0,0,0,0,0,3
T4,2022,Herbaceous and Dwarf Shrub Vegetation,NA,Shaal,Far,NA,35.74913453,33.08462257,19192,Shaal Far 8 ,5,2,0,0,0,0,0,2,0,0,0,0,0,0,0,8
T4,2022,Herbaceous and Dwarf Shrub Vegetation,NA,Shaal,Far,NA,35.74929245,33.08630974,19192,Shaal Far 5,3,0,0,0,0,0,0,0,0,0,0,0,0,0,0,0
T4,2022,Herbaceous and Dwarf Shrub Vegetation,NA,Shaal,Far,NA,35.74962538,33.08715163,19192,Shaal Far 4 ,0,0,0,0,0,0,0,0,0,0,0,0,0,0,0,1
T4,2022,Herbaceous and Dwarf Shrub Vegetation,NA,Shaal,Far,NA,35.74985035,33.08481219,19192,Shaal Far 7,3,1,0,0,0,0,0,6,0,0,0,0,0,0,3,2
T4,2022,Herbaceous and Dwarf Shrub Vegetation,NA,Shaal,Far,NA,35.74986577,33.08571674,19192,Shaal Far 6 ,3,3,0,0,0,0,0,1,0,0,0,0,0,0,1,1
T4,2022,Herbaceous and Dwarf Shrub Vegetation,NA,Shaal,Far,NA,35.74988253,33.08821767,19192,Shaal Far 3 ,14,14,0,0,0,0,0,19,0,0,0,0,0,0,1,2
T4,2022,Herbaceous and Dwarf Shrub Vegetation,NA,Shaal,Far,NA,35.75087126,33.08840559,19192,Shaal Far 2 ,7,2,0,0,0,0,0,3,0,0,0,0,0,0,3,9
T4,2022,Herbaceous and Dwarf Shrub Vegetation,NA,Shaal,Far,NA,35.751803,33.08822413,19192,Shaal Far 1 ,2,0,0,0,0,0,0,5,0,0,0,0,1,0,0,6
T4,2022,Herbaceous and Dwarf Shrub Vegetation,NA,Yavneel,Far,NA,35.509687,32.679954,19220,Yavneel Far 1 ,0,0,0,0,0,0,0,1,0,0,0,0,0,0,27,0
T4,2022,Herbaceous and Dwarf Shrub Vegetation,NA,Yavneel,Far,NA,35.509742,32.678195,19220,Yavneel Far 9,0,0,0,0,0,0,0,0,0,0,0,0,0,0,3,0
T4,2022,Herbaceous and Dwarf Shrub Vegetation,NA,Yavneel,Far,NA,35.509952,32.67916,19220,Yavneel Far 2 ,0,0,0,0,0,0,0,1,0,0,0,0,0,0,9,0
T4,2022,Herbaceous and Dwarf Shrub Vegetation,NA,Yavneel,Far,NA,35.51013,32.677337,19220,Yavneel Far 7 ,5,0,0,0,0,0,0,0,0,0,0,0,0,0,4,2
T4,2022,Herbaceous and Dwarf Shrub Vegetation,NA,Yavneel,Far,NA,35.510685,32.678735,19220,Yavneel Far 3 ,2,0,0,0,0,0,0,11,0,1,0,0,0,0,1,4
T4,2022,Herbaceous and Dwarf Shrub Vegetation,NA,Yavneel,Far,NA,35.511465,32.677317,19220,Yavneel Far 8 ,0,0,0,0,0,0,0,0,0,0,0,0,0,0,11,1
T4,2022,Herbaceous and Dwarf Shrub Vegetation,NA,Yavneel,Far,NA,35.511521,32.677803,19220,Yavneel Far 4 ,2,0,0,0,0,0,0,14,0,1,0,0,0,0,1,10
T4,2022,Herbaceous and Dwarf Shrub Vegetation,NA,Yavneel,Far,NA,35.512414,32.677343,19220,Yavneel Far 5 ,0,2,0,0,0,0,0,0,0,0,0,0,0,0,3,2
T4,2022,Herbaceous and Dwarf Shrub Vegetation,NA,Yavneel,Far,NA,35.513409,32.677126,19220,Yavneel Far 6 ,0,0,0,0,0,0,0,0,0,0,0,0,0,0,6,1
T4,2022,Inland Sands,NA,Secher,Far,Semi-Shifting,34.76296037,31.08307609,18986,Secher Far Semi-Shifting 1_5 ,0,0,0,0,0,0,1,0,0,0,0,0,0,0,0,1
T4,2022,Inland Sands,NA,Secher,Far,Semi-Shifting,34.76497203,31.08342784,18986,Secher Far Semi-Shifting 1_1 ,0,0,0,0,0,0,0,0,0,0,0,0,0,0,0,1
T4,2022,Inland Sands,NA,Secher,Far,Semi-Shifting,34.7654213,31.08316195,18986,Secher Far Semi-Shifting 1_2 ,0,0,0,0,0,0,0,0,0,0,0,0,0,0,0,2
T4,2022,Inland Sands,NA,Secher,Far,Semi-Shifting,34.7654669,31.08426168,18986,Secher Far Semi-Shifting 1_4 ,0,0,0,0,0,0,0,0,0,0,0,0,0,0,0,2
T4,2022,Inland Sands,NA,Secher,Far,Semi-Shifting,34.76636577,31.08380427,18986,Secher Far Semi-Shifting 1_3 ,0,0,0,0,0,0,1,0,0,0,0,0,0,0,0,1
T4,2022,Mediterranean Desert Transition Zone,NA,Har Amasa,Far,NA,35.09176634,31.33059938,19320,Har Amasa Far 8 ,0,0,0,0,0,0,0,1,0,0,0,0,0,0,0,1
T4,2022,Mediterranean Desert Transition Zone,NA,Har Amasa,Far,NA,35.09194571,31.33134685,19320,Har Amasa Far 7 ,2,0,0,0,0,0,0,4,0,0,11,0,0,0,0,5
T4,2022,Mediterranean Desert Transition Zone,NA,Har Amasa,Far,NA,35.09228635,31.33190845,19320,Har Amasa Far 6 ,1,0,0,0,0,0,0,0,0,0,0,0,0,0,0,0
T4,2022,Mediterranean Desert Transition Zone,NA,Har Amasa,Far,NA,35.09234771,31.33241105,19320,Har Amasa Far 5 ,0,0,0,0,0,0,0,2,0,0,0,0,0,0,0,0
T4,2022,Mediterranean Desert Transition Zone,NA,Har Amasa,Far,NA,35.09243421,31.33415767,19320,Har Amasa Far 2 ,0,0,0,0,0,0,0,0,0,0,0,0,1,0,0,1
T4,2022,Mediterranean Desert Transition Zone,NA,Har Amasa,Far,NA,35.09253345,31.33296376,19320,Har Amasa Far 4 ,0,0,0,0,0,0,0,1,0,0,2,0,0,0,0,5
T4,2022,Mediterranean Desert Transition Zone,NA,Har Amasa,Far,NA,35.092538,31.33356143,19320,Har Amasa Far 3 ,0,0,0,0,0,0,0,1,0,1,0,0,0,0,0,2
T4,2022,Mediterranean Desert Transition Zone,NA,Har Amasa,Far,NA,35.09315438,31.334302,19320,Har Amasa Far 1,0,0,0,0,0,0,0,0,0,0,0,0,0,0,0,2
T4,2022,Mediterranean Desert Transition Zone,NA,Har Amasa,Near,NA,35.09601764,31.34406318,19320,Har Amasa Near 6 ,1,0,0,0,0,0,0,20,0,0,1,0,0,0,0,9
T4,2022,Mediterranean Desert Transition Zone,NA,Har Amasa,Near,NA,35.09607732,31.34344524,19320,Har Amasa Near 7 ,0,0,0,0,0,0,0,6,0,0,1,0,0,0,0,11
T4,2022,Mediterranean Desert Transition Zone,NA,Har Amasa,Near,NA,35.09622116,31.34480595,19320,Har Amasa Near 5 ,3,0,0,0,0,0,0,16,1,0,3,0,0,0,0,2
T4,2022,Mediterranean Desert Transition Zone,NA,Har Amasa,Near,NA,35.09631604,31.34230901,19320,Har Amasa Near 9,0,0,0,0,0,0,0,3,0,0,0,0,0,0,0,3
T4,2022,Mediterranean Desert Transition Zone,NA,Har Amasa,Near,NA,35.09697452,31.34497948,19320,Har Amasa Near 4 ,1,0,0,0,0,0,0,2,0,0,0,0,0,0,0,1
T4,2022,Mediterranean Desert Transition Zone,NA,Har Amasa,Near,NA,35.09703789,31.34314773,19320,Har Amasa Near 8 ,2,0,0,0,0,0,0,2,1,0,3,0,0,0,0,5
T4,2022,Mediterranean Desert Transition Zone,NA,Har Amasa,Near,NA,35.09792503,31.3448008,19320,Har Amasa Near 3 ,2,0,0,0,0,0,0,5,0,0,1,0,0,0,0,3
T4,2022,Mediterranean Desert Transition Zone,NA,Har Amasa,Near,NA,35.09822275,31.34581703,19320,Har Amasa Near 2,1,0,0,0,0,0,0,1,0,0,0,0,0,0,0,2
T4,2022,Mediterranean Desert Transition Zone,NA,Har Amasa,Near,NA,35.09923194,31.34524492,19320,Har Amasa Near 1 ,0,0,0,0,0,0,0,2,0,0,0,0,0,0,0,1
T4,2022,Mediterranean Desert Transition Zone,NA,Lahav,Far,NA,34.85803294,31.3734376,19309,Lahav Far 2 ,3,0,0,0,0,0,0,0,0,0,0,0,0,0,0,5
T4,2022,Mediterranean Desert Transition Zone,NA,Lahav,Far,NA,34.8590485,31.37325387,19309,Lahav Far 3 ,1,0,0,0,0,0,0,0,0,1,0,0,0,0,0,5
T4,2022,Mediterranean Desert Transition Zone,NA,Lahav,Far,NA,34.8600858,31.37347944,19309,Lahav Far 4 ,0,0,0,0,0,0,0,0,0,0,0,0,0,0,0,1
T4,2022,Mediterranean Desert Transition Zone,NA,Lahav,Far,NA,34.86063603,31.37344365,19309,Lahav Far 5 ,2,0,0,0,0,0,0,0,0,0,0,0,1,0,0,6
T4,2022,Mediterranean Desert Transition Zone,NA,Lahav,Far,NA,34.86140884,31.37318516,19309,Lahav Far 6 ,5,0,0,0,0,0,0,0,0,0,0,0,1,0,0,12
T4,2022,Mediterranean Desert Transition Zone,NA,Lahav,Far,NA,34.86217696,31.37334804,19309,Lahav Far 7 ,3,0,0,0,0,0,0,0,0,1,0,0,1,0,0,2
T4,2022,Mediterranean Desert Transition Zone,NA,Lahav,Far,NA,34.862228,31.37240941,19309,Lahav Far 8 ,1,0,0,0,0,0,0,0,0,0,0,0,0,0,0,3
T4,2022,Mediterranean Desert Transition Zone,NA,Lahav,Near,NA,34.86229095,31.38481964,19309,Lahav Near 1 ,0,0,0,0,0,0,0,0,0,0,0,0,1,0,0,1
T4,2022,Mediterranean Desert Transition Zone,NA,Lahav,Near,NA,34.8644011,31.38431017,19309,Lahav Near 3 ,0,0,0,0,0,0,0,0,0,1,0,0,0,0,0,0
T4,2022,Mediterranean Desert Transition Zone,NA,Lahav,Near,NA,34.8654697,31.38363497,19309,Lahav Near 5 ,1,0,0,0,0,0,0,0,0,0,0,0,0,0,0,0
T4,2022,Mediterranean Desert Transition Zone,NA,Lahav,Near,NA,34.86670587,31.38374402,19309,Lahav Near 6,12,0,0,0,0,0,0,0,0,3,0,0,0,0,0,9
T4,2022,Mediterranean Desert Transition Zone,NA,Lahav,Near,NA,34.86763693,31.38217606,19309,Lahav Near 9 ,39,0,0,0,0,0,0,0,0,1,0,0,0,0,0,6
T4,2022,Mediterranean Desert Transition Zone,NA,Lahav,Near,NA,34.86798629,31.38330123,19309,Lahav Near 7 ,25,0,0,0,0,0,0,0,0,0,0,0,0,0,0,2
T4,2022,Mediterranean Desert Transition Zone,NA,Lahav,Near,NA,34.86811805,31.38263088,19309,Lahav Near 8 ,40,0,0,0,0,0,0,0,0,4,0,0,0,0,0,5
T4,2022,Mediterranean Desert Transition Zone,NA,Lehavim,Far,NA,34.82676979,31.37855777,19323,Lehavim Far 6 ,2,0,0,0,0,0,0,4,0,0,0,0,0,0,0,1
T4,2022,Mediterranean Desert Transition Zone,NA,Lehavim,Far,NA,34.82740346,31.37801763,19323,Lehavim Far 5 ,0,0,0,0,0,0,0,3,0,0,1,0,0,0,0,2
T4,2022,Mediterranean Desert Transition Zone,NA,Lehavim,Far,NA,34.8274732,31.37993028,19323,Lehavim Far 8 ,0,0,0,0,0,0,0,1,2,0,0,0,0,0,0,1
T4,2022,Mediterranean Desert Transition Zone,NA,Lehavim,Far,NA,34.82766699,31.37571593,19323,Lehavim Far 2 ,0,0,0,0,0,0,0,0,0,0,0,0,1,0,0,3
T4,2022,Mediterranean Desert Transition Zone,NA,Lehavim,Far,NA,34.82799556,31.3775582,19323,Lehavim Far 4 ,0,0,0,0,0,0,0,4,0,0,0,0,0,0,0,4
T4,2022,Mediterranean Desert Transition Zone,NA,Lehavim,Far,NA,34.828073,31.37636485,19323,Lehavim Far 3 ,0,0,0,0,0,0,0,0,0,0,0,0,0,0,0,1
T4,2022,Mediterranean Desert Transition Zone,NA,Lehavim,Far,NA,34.82829395,31.380833,19323,Lehavim Far 9 ,0,0,0,0,0,0,0,3,0,0,0,0,1,0,0,7
T4,2022,Mediterranean Desert Transition Zone,NA,Lehavim,Far,NA,34.8288485,31.37488265,19323,Lehavim Far 1 ,0,0,0,0,0,0,0,3,0,0,2,0,0,0,0,2
T4,2022,Mediterranean Desert Transition Zone,NA,Lehavim,Near,NA,34.82299995,31.36495521,19323,Lehavim Near 1 ,1,0,0,0,0,0,0,0,0,0,4,0,0,0,0,3
T4,2022,Mediterranean Desert Transition Zone,NA,Lehavim,Near,NA,34.82327923,31.36398986,19323,Lehavim Near 4 ,4,0,0,0,0,0,0,0,0,0,8,0,0,0,0,2
T4,2022,Mediterranean Desert Transition Zone,NA,Lehavim,Near,NA,34.82388306,31.36349487,19323,Lehavim Near 5 ,0,0,0,0,0,0,0,0,0,0,6,0,0,0,0,1
T4,2022,Mediterranean Desert Transition Zone,NA,Lehavim,Near,NA,34.82431289,31.36442988,19323,Lehavim Near 6,2,0,0,0,0,0,0,0,0,0,7,0,0,0,0,2
T4,2022,Mediterranean Desert Transition Zone,NA,Lehavim,Near,NA,34.82452679,31.36482552,19323,Lehavim Near 2 ,0,0,0,0,0,0,0,0,0,0,2,0,1,0,0,0
T4,2022,Mediterranean Desert Transition Zone,NA,Lehavim,Near,NA,34.82565433,31.36396066,19323,Lehavim Near 7 ,3,0,0,0,0,0,0,3,0,0,4,0,0,0,0,1
T4,2022,Mediterranean Desert Transition Zone,NA,Lehavim,Near,NA,34.82634902,31.3637136,19323,Lehavim Near 8,0,0,0,0,0,0,0,0,0,0,1,0,0,0,0,1
T4,2022,Mediterranean Maquis,Carmel,Ofer,Far,NA,34.99040512,32.61497436,18996,Ofer Far 1 ,2,0,0,0,0,0,0,0,0,0,0,0,0,0,8,0
T4,2022,Mediterranean Maquis,Carmel,Ofer,Far,NA,34.99109767,32.61520953,18996,Ofer Far 2,0,0,0,0,0,0,0,0,0,1,0,0,0,0,3,1
T4,2022,Mediterranean Maquis,Carmel,Ofer,Far,NA,34.99221917,32.61554192,18996,Ofer Far 4,0,0,0,0,0,0,0,0,1,5,0,0,0,0,0,0
T4,2022,Mediterranean Maquis,Carmel,Ofer,Far,NA,34.99275897,32.61547584,18996,Ofer Far 5 ,0,1,0,0,0,0,0,0,1,3,0,0,2,0,3,4
T4,2022,Mediterranean Maquis,Carmel,Ofer,Far,NA,34.99345466,32.6153112,18996,Ofer Far 6 ,0,0,0,0,0,0,0,0,2,8,0,0,0,0,1,3
T4,2022,Mediterranean Maquis,Carmel,Ofer,Far,NA,34.99408465,32.61530018,18996,Ofer Far 7 ,1,0,0,0,0,0,0,0,1,3,0,0,2,0,0,3
T4,2022,Mediterranean Maquis,Carmel,Ofer,Far,NA,34.99427911,32.61476615,18996,Ofer Far 8 ,1,0,0,0,0,0,0,0,0,10,0,0,1,0,0,25
T4,2022,Mediterranean Maquis,Carmel,Ofer,Far,NA,34.9950318,32.61499123,18996,Ofer Far 9,0,0,0,0,0,0,0,0,0,0,0,0,0,0,0,2
T4,2022,Mediterranean Maquis,Carmel,Ofer,Near,NA,34.98243313,32.61686329,18996,Ofer Near 1 ,14,0,0,0,0,0,0,0,0,8,0,0,1,0,5,3
T4,2022,Mediterranean Maquis,Carmel,Ofer,Near,NA,34.98276204,32.61688305,18996,Ofer Near 2,4,0,0,0,0,0,0,0,0,0,0,0,0,0,3,0
T4,2022,Mediterranean Maquis,Carmel,Ofer,Near,NA,34.98313922,32.61719962,18996,Ofer Near 3 ,8,0,0,0,0,0,0,0,0,0,0,0,2,0,4,0
T4,2022,Mediterranean Maquis,Carmel,Ofer,Near,NA,34.98344567,32.61721996,18996,Ofer Near 4 ,5,0,0,0,0,0,0,0,0,3,0,0,1,0,5,1
T4,2022,Mediterranean Maquis,Carmel,Ofer,Near,NA,34.98368941,32.61715557,18996,Ofer Near 5,8,0,0,0,0,0,0,0,0,0,0,0,0,0,3,0
T4,2022,Mediterranean Maquis,Carmel,Ofer,Near,NA,34.98421915,32.6173219,18996,Ofer Near 6 ,0,0,0,0,0,0,0,0,0,0,0,0,0,0,2,1
T4,2022,Mediterranean Maquis,Carmel,Ofer,Near,NA,34.98475458,32.61698613,18996,Ofer Near 7 ,11,0,0,0,0,0,0,0,2,0,0,0,0,0,9,0
T4,2022,Mediterranean Maquis,Carmel,Ofer,Near,NA,34.98543452,32.61723634,18996,Ofer Near 8 ,6,0,0,0,0,0,0,0,0,3,0,0,0,0,4,0
T4,2022,Mediterranean Maquis,Carmel,Ofer,Near,NA,34.98607591,32.61800446,18996,Ofer Near 9 ,24,0,0,0,0,0,0,0,2,5,0,0,0,0,1,1
T4,2022,Mediterranean Maquis,Galilee,Margaliot,Far,NA,35.54024275,33.20725767,19010,Margaliot Far 7 ,1,0,0,0,0,0,0,0,0,4,0,0,0,0,0,1
T4,2022,Mediterranean Maquis,Galilee,Margaliot,Far,NA,35.54031249,33.20640067,19010,Margaliot Far 8 ,94,0,0,0,0,0,0,0,0,8,0,0,0,0,9,3
T4,2022,Mediterranean Maquis,Galilee,Margaliot,Far,NA,35.54081172,33.20751547,19010,Margaliot Far 6 ,8,0,0,0,0,0,0,0,0,7,0,0,0,0,7,1
T4,2022,Mediterranean Maquis,Galilee,Margaliot,Far,NA,35.54108061,33.20654682,19010,Margaliot Far 9 ,0,0,0,0,0,0,0,0,0,0,0,0,0,0,26,0
T4,2022,Mediterranean Maquis,Galilee,Margaliot,Far,NA,35.5414645,33.20764648,19010,Margaliot Far 5 ,0,0,0,0,0,0,0,0,0,13,0,0,0,0,4,1
T4,2022,Mediterranean Maquis,Galilee,Margaliot,Far,NA,35.54174647,33.20642339,19010,Margaliot Far 3 ,13,0,0,0,0,0,0,0,0,1,0,0,2,0,14,3
T4,2022,Mediterranean Maquis,Galilee,Margaliot,Far,NA,35.54174647,33.20642339,19010,Margaliot Far 4 ,14,0,0,0,0,0,0,0,0,14,0,0,0,0,11,1
T4,2022,Mediterranean Maquis,Galilee,Margaliot,Far,NA,35.54317206,33.20639057,19010,Margaliot Far 2 ,11,0,0,0,0,0,0,0,0,2,0,2,0,0,11,4
T4,2022,Mediterranean Maquis,Galilee,Margaliot,Far,NA,35.54384597,33.20594116,19010,Margaliot Far 1 ,22,0,0,0,0,0,0,0,0,0,0,0,1,0,8,2
T4,2022,Mediterranean Maquis,Galilee,Margaliot,Near,NA,35.54081742,33.21532825,19010,Margaliot Near 1 ,2,0,0,0,0,0,0,0,0,2,0,0,0,0,0,0
T4,2022,Mediterranean Maquis,Galilee,Margaliot,Near,NA,35.54091565,33.21223571,19010,Margaliot Near 9 ,4,0,0,0,0,0,0,0,0,0,0,0,0,0,1,0
T4,2022,Mediterranean Maquis,Galilee,Margaliot,Near,NA,35.54124959,33.21253697,19010,Margaliot Near 8 ,50,0,0,0,0,0,0,0,0,11,0,0,0,0,44,1
T4,2022,Mediterranean Maquis,Galilee,Margaliot,Near,NA,35.54137398,33.21533779,19010,Margaliot Near 2,16,0,0,0,0,0,0,0,0,0,0,0,0,0,2,0
T4,2022,Mediterranean Maquis,Galilee,Margaliot,Near,NA,35.54161873,33.2130834,19010,Margaliot Near 7,18,0,0,0,0,0,0,0,0,20,0,0,0,0,39,0
T4,2022,Mediterranean Maquis,Galilee,Margaliot,Near,NA,35.54181788,33.21473107,19010,Margaliot Near 3 ,11,0,0,0,0,0,0,0,0,3,0,0,0,0,6,0
T4,2022,Mediterranean Maquis,Galilee,Margaliot,Near,NA,35.54184571,33.21334679,19010,Margaliot Near 6 ,32,0,0,0,0,0,0,0,0,14,0,0,0,0,24,1
T4,2022,Mediterranean Maquis,Galilee,Margaliot,Near,NA,35.54208811,33.21388031,19010,Margaliot Near 5 ,11,0,0,0,0,0,0,0,0,0,0,0,0,0,7,0
T4,2022,Mediterranean Maquis,Galilee,Margaliot,Near,NA,35.54226514,33.2144141,19010,Margaliot Near 4 ,3,0,0,0,0,0,0,0,0,0,0,0,0,0,14,0
T4,2022,Negev Highlands,NA,Bislach,Far,NA,34.89347365,31.00343977,19277,Bislach Far 1,5,0,0,0,0,0,0,0,0,0,10,0,0,0,0,4
T4,2022,Negev Highlands,NA,Bislach,Far,NA,34.8957428,31.00368634,19277,Bislach Far 2,0,0,0,0,0,0,0,0,0,0,0,0,0,0,0,1
T4,2022,Negev Highlands,NA,Bislach,Far,NA,34.89675835,31.0038329,19277,Bislach Far 3,0,0,0,0,0,0,0,0,1,0,0,0,0,0,0,0
T4,2022,Negev Highlands,NA,Bislach,Far,NA,34.89819065,31.00499562,19277,Bislach Far 5,0,0,0,0,0,0,1,0,1,2,0,0,0,0,0,0
T4,2022,Negev Highlands,NA,Bislach,Far,NA,34.89879582,31.00522839,19277,Bislach Far 6,0,0,0,0,0,0,0,0,0,2,2,0,0,0,0,0
T4,2022,Negev Highlands,NA,Bislach,Far,NA,34.89914551,31.00555513,19277,Bislach Far 7,0,0,0,0,0,0,3,0,0,0,0,0,0,0,0,2
T4,2022,Negev Highlands,NA,Bislach,Far,NA,34.89943787,31.00624539,19277,Bislach Far 8,0,0,0,0,0,0,0,0,0,1,0,0,0,0,0,1
T4,2022,Negev Highlands,NA,Bislach,Near,NA,34.87041235,31.02381523,19277,Bislach Near 5,0,0,0,0,0,0,18,0,0,0,0,0,0,0,0,0
T4,2022,Negev Highlands,NA,Bislach,Near,NA,34.87135481,31.02254529,19277,Bislach Near 6,2,0,0,0,0,0,0,0,1,1,0,0,0,0,0,0
T4,2022,Negev Highlands,NA,Bislach,Near,NA,34.87181749,31.02186089,19277,Bislach Near 1,5,0,0,0,0,0,1,0,3,3,0,0,0,0,0,0
T4,2022,Negev Highlands,NA,Bislach,Near,NA,34.87250045,31.02123797,19277,Bislach Near 2,0,0,0,0,0,0,3,0,3,0,1,0,0,0,0,1
T4,2022,Negev Highlands,NA,Bislach,Near,NA,34.87282835,31.02087566,19277,Bislach Near 3,2,1,0,0,0,0,2,0,2,1,0,0,0,0,0,0
T4,2022,Negev Highlands,NA,Bislach,Near,NA,34.87414129,31.0203352,19277,Bislach Near 4,0,0,0,0,0,0,2,0,3,0,0,0,0,0,0,1
T4,2022,Negev Highlands,NA,Bislach,Near,NA,34.87529095,31.01984531,19277,Bislach Near 9,4,0,0,0,0,0,3,0,2,2,0,0,0,0,0,0
T4,2022,Negev Highlands,NA,Bislach,Near,NA,34.87623475,31.01966084,19277,Bislach Near 8,0,0,0,0,0,0,3,0,9,0,0,0,0,0,0,0
T4,2022,Negev Highlands,NA,Bislach,Near,NA,34.87693481,31.01913618,19277,Bislach Near 7,1,0,0,0,0,0,0,0,0,0,0,0,0,0,0,0
T4,2022,Negev Highlands,NA,Ezuz,Far,NA,34.46553893,30.78271188,19302,Ezuz Far 9,2,0,0,0,0,0,0,0,0,0,0,0,0,0,0,0
T4,2022,Negev Highlands,NA,Ezuz,Far,NA,34.4655681,30.78117056,19302,Ezuz Far 2,11,0,0,0,0,0,0,0,0,0,1,0,0,0,0,2
T4,2022,Negev Highlands,NA,Ezuz,Far,NA,34.4658323,30.78358521,19302,Ezuz Far 8,1,0,0,0,0,0,3,0,0,0,5,0,0,0,0,0
T4,2022,Negev Highlands,NA,Ezuz,Far,NA,34.46601368,30.78059245,19302,Ezuz Far 6,2,0,0,0,0,0,4,0,0,0,2,0,0,0,0,2
T4,2022,Negev Highlands,NA,Ezuz,Far,NA,34.4661488,30.78166024,19302,Ezuz Far 1,0,0,0,0,0,0,7,0,0,0,7,0,0,0,0,0
T4,2022,Negev Highlands,NA,Ezuz,Far,NA,34.46652364,30.78285273,19302,Ezuz Far 7,0,0,0,0,2,0,0,0,0,0,1,0,0,0,0,0
T4,2022,Negev Highlands,NA,Ezuz,Far,NA,34.46797103,30.78166139,19302,Ezuz Far 3,7,0,0,0,0,0,1,0,2,0,1,0,0,0,0,5
T4,2022,Negev Highlands,NA,Ezuz,Near,NA,34.46347062,30.79885779,19302,Ezuz Near 1,4,0,0,0,2,0,5,0,0,0,0,0,0,0,0,0
T4,2022,Negev Highlands,NA,Ezuz,Near,NA,34.46454082,30.79902655,19302,Ezuz Near 2,1,0,0,0,1,0,0,0,0,0,0,0,0,0,0,0
T4,2022,Negev Highlands,NA,Ezuz,Near,NA,34.465665,30.79827834,19302,Ezuz Near 3,4,0,0,0,5,0,0,0,0,9,3,0,0,0,0,2
T4,2022,Negev Highlands,NA,Ezuz,Near,NA,34.46587857,30.79732018,19302,Ezuz Near 4,26,0,0,0,1,0,6,0,0,3,3,0,0,0,0,2
T4,2022,Negev Highlands,NA,Ezuz,Near,NA,34.46761966,30.79565411,19302,Ezuz Near 9,24,0,0,0,0,0,4,0,0,2,0,0,0,0,0,0
T4,2022,Negev Highlands,NA,Ezuz,Near,NA,34.46790766,30.79724473,19302,Ezuz Near 6,1,0,0,0,0,0,0,0,0,1,0,0,0,0,0,0
T4,2022,Negev Highlands,NA,Ezuz,Near,NA,34.46810648,30.79630153,19302,Ezuz Near 8,9,0,0,0,1,0,6,0,0,3,7,0,2,0,0,3
T4,2022,Negev Highlands,NA,Merhav Am,Far,NA,34.83326644,30.89862113,19264,Merhav Am Far 9,3,0,0,0,0,0,0,0,2,12,0,0,0,0,0,4
T4,2022,Negev Highlands,NA,Merhav Am,Far,NA,34.83384211,30.8984068,19264,Merhav Am Far 8,14,0,0,0,0,0,0,0,1,1,0,0,0,0,0,0
T4,2022,Negev Highlands,NA,Merhav Am,Far,NA,34.83434636,30.89789212,19264,Merhav Am Far 7,16,0,0,0,0,0,0,0,3,1,0,0,0,0,0,1
T4,2022,Negev Highlands,NA,Merhav Am,Far,NA,34.83487342,30.897689,19264,Merhav Am Far 6,16,0,0,0,0,0,0,0,0,3,0,0,0,0,0,0
T4,2022,Negev Highlands,NA,Merhav Am,Far,NA,34.83597614,30.89715072,19264,Merhav Am Far 5,2,0,0,0,0,0,0,0,1,6,0,0,0,0,0,2
T4,2022,Negev Highlands,NA,Merhav Am,Far,NA,34.83740207,30.89717949,19264,Merhav Am Far 3,2,0,0,0,0,0,0,0,0,1,0,0,0,0,0,0
T4,2022,Negev Highlands,NA,Merhav Am,Far,NA,34.83824864,30.89650427,19264,Merhav Am Far 2,1,0,0,0,0,0,0,0,0,0,2,0,0,0,0,0
T4,2022,Negev Highlands,NA,Merhav Am,Far,NA,34.83864527,30.89573093,19264,Merhav Am Far 1,8,0,0,0,0,0,4,0,0,0,1,0,0,0,0,2
T4,2022,Negev Highlands,NA,Merhav Am,Near,NA,34.82692938,30.88526118,19264,Merhav Am Near 9,59,0,0,0,0,0,1,0,0,6,0,0,0,0,0,4
T4,2022,Negev Highlands,NA,Merhav Am,Near,NA,34.82695218,30.88440748,19264,Merhav Am Near 8,6,0,0,0,0,0,1,0,1,1,0,0,0,0,0,3
T4,2022,Negev Highlands,NA,Merhav Am,Near,NA,34.82766364,30.88428835,19264,Merhav Am Near 7,41,0,0,0,0,0,1,0,1,2,0,0,0,0,0,2
T4,2022,Negev Highlands,NA,Merhav Am,Near,NA,34.82836939,30.88362512,19264,Merhav Am Near 6,25,0,0,0,0,0,2,0,0,6,0,0,0,0,0,5
T4,2022,Negev Highlands,NA,Merhav Am,Near,NA,34.8286527,30.88571638,19264,Merhav Am Near 1,1,0,0,0,0,0,0,0,0,4,0,0,0,0,0,2
T4,2022,Negev Highlands,NA,Merhav Am,Near,NA,34.82924815,30.88287988,19264,Merhav Am Near 5,1,0,0,0,0,0,1,0,0,0,0,0,0,0,0,0
T4,2022,Negev Highlands,NA,Merhav Am,Near,NA,34.82940171,30.88452574,19264,Merhav Am Near 2,0,0,0,0,0,0,0,0,0,0,0,0,0,0,0,2
T4,2022,Negev Highlands,NA,Merhav Am,Near,NA,34.83088497,30.88248538,19264,Merhav Am Near 4,2,0,0,0,0,0,7,0,2,8,0,0,0,0,0,10
T4,2022,Negev Highlands,NA,Sde Boker,Far,NA,34.77412239,30.88459623,19253,Sde Boker Far 4,0,0,0,0,0,0,0,0,1,1,0,0,0,0,0,0
T4,2022,Negev Highlands,NA,Sde Boker,Far,NA,34.77437854,30.88639801,19253,Sde Boker Far 5,1,0,0,0,0,0,0,0,0,0,0,0,0,0,0,0
T4,2022,Negev Highlands,NA,Sde Boker,Far,NA,34.77621216,30.8847706,19253,Sde Boker Far 1,1,0,0,0,0,0,0,0,0,1,0,0,0,0,0,1
T4,2022,Negev Highlands,NA,Sde Boker,Far,NA,34.77628961,30.88738204,19253,Sde Boker Far 7,0,0,0,0,0,0,1,0,0,0,0,0,0,0,0,2
T4,2022,Negev Highlands,NA,Sde Boker,Far,NA,34.77659941,30.8862412,19253,Sde Boker Far 8,0,0,0,0,0,0,2,0,0,0,3,0,0,0,0,1
T4,2022,Negev Highlands,NA,Sde Boker,Far,NA,34.77713216,30.88518033,19253,Sde Boker Far 3,0,0,0,0,0,0,0,0,0,0,2,0,0,0,0,2
T4,2022,Negev Highlands,NA,Sde Boker,Far,NA,34.77848064,30.88509056,19253,Sde Boker Far 2,0,0,0,0,0,0,1,0,0,0,0,0,0,0,0,0
T4,2022,Negev Highlands,NA,Sde Boker,Far,NA,34.77859162,30.88611143,19253,Sde Boker Far 9,1,0,0,0,0,0,0,0,0,1,0,0,0,0,0,1
T4,2022,Negev Highlands,NA,Sde Boker,Near,NA,34.79072224,30.87708548,19253,Sde Boker Near 7,2,0,0,0,0,0,0,0,0,2,0,0,0,0,0,7
T4,2022,Negev Highlands,NA,Sde Boker,Near,NA,34.79152255,30.87764919,19253,Sde Boker Near 6,3,0,0,0,0,0,0,0,0,2,0,0,0,0,0,4
T4,2022,Negev Highlands,NA,Sde Boker,Near,NA,34.79189873,30.87780746,19253,Sde Boker Near 5,6,0,1,0,0,0,0,0,0,2,0,0,0,0,0,8
T4,2022,Negev Highlands,NA,Sde Boker,Near,NA,34.7922454,30.8782014,19253,Sde Boker Near 4,3,0,0,0,0,0,0,0,0,0,0,0,0,0,0,5
T4,2022,Negev Highlands,NA,Sde Boker,Near,NA,34.7927966,30.87848944,19253,Sde Boker Near 3,4,0,0,0,0,0,0,0,1,2,0,0,0,0,0,2
T4,2022,Negev Highlands,NA,Sde Boker,Near,NA,34.79412697,30.87947585,19253,Sde Boker Near 1,13,0,0,0,0,0,0,0,0,16,0,0,0,0,0,0
T4,2022,Negev Highlands,NA,Sde Boker,Near,NA,34.79478914,30.87998373,19253,Sde Boker Near 2,5,0,0,0,0,0,3,0,0,2,0,0,0,0,0,1
T4,2022,Negev Highlands,NA,Sde Boker,Near,NA,34.79523808,30.88076928,19253,Sde Boker Near 8,5,0,0,0,0,0,0,0,0,1,0,0,0,0,0,0
T4,2022,Negev Highlands,NA,Sde Boker,Near,NA,34.79575709,30.87935039,19253,Sde Boker Near 9,2,0,0,0,0,0,0,0,0,10,0,0,0,0,0,0
T4,2022,Negev Highlands,NA,Yeruham,Far,NA,34.89181001,30.97951433,19296,Yeruham Far 1,9,0,0,0,0,0,0,0,0,2,1,0,0,0,0,2
T4,2022,Negev Highlands,NA,Yeruham,Far,NA,34.89245374,30.97923608,19296,Yeruham Far 2,1,0,0,0,0,0,0,0,1,0,1,0,0,0,0,3
T4,2022,Negev Highlands,NA,Yeruham,Far,NA,34.89272464,30.97992452,19296,Yeruham Far 3,1,0,0,0,0,0,0,0,1,0,2,0,0,0,0,5
T4,2022,Negev Highlands,NA,Yeruham,Far,NA,34.89314407,30.9791806,19296,Yeruham Far 4,5,0,0,0,0,0,0,0,0,2,2,0,0,0,0,2
T4,2022,Negev Highlands,NA,Yeruham,Far,NA,34.89357993,30.97871119,19296,Yeruham Far 5,10,0,0,0,0,0,0,0,4,4,2,0,0,0,0,1
T4,2022,Negev Highlands,NA,Yeruham,Far,NA,34.89460118,30.97838148,19296,Yeruham Far 6,6,0,0,0,0,0,0,0,1,1,7,0,0,0,0,1
T4,2022,Negev Highlands,NA,Yeruham,Far,NA,34.89516143,30.97788333,19296,Yeruham Far 7,2,0,0,0,0,0,0,0,1,0,1,0,0,0,0,7
T4,2022,Negev Highlands,NA,Yeruham,Far,NA,34.89517517,30.97721959,19296,Yeruham Far 8,4,0,0,0,0,0,0,0,2,0,0,0,0,0,0,5
T4,2022,Negev Highlands,NA,Yeruham,Far,NA,34.89589266,30.97673321,19296,Yeruham Far 9,9,0,0,0,0,0,0,0,5,1,0,0,0,0,0,2
T4,2022,Negev Highlands,NA,Yeruham,Near,NA,34.90886383,30.98574373,19296,Yeruham Near 2,5,0,0,0,0,2,0,0,0,1,0,0,0,0,0,5
T4,2022,Negev Highlands,NA,Yeruham,Near,NA,34.90909148,30.986268,19296,Yeruham Near 9,5,0,0,0,0,0,0,0,0,0,0,0,0,0,0,0
T4,2022,Negev Highlands,NA,Yeruham,Near,NA,34.9101238,30.9862634,19296,Yeruham Near 8,18,0,0,0,0,0,0,0,2,5,0,0,0,0,0,3
T4,2022,Negev Highlands,NA,Yeruham,Near,NA,34.91061799,30.98695783,19296,Yeruham Near 7,17,0,0,0,0,0,0,0,1,9,0,0,0,0,0,1
T4,2022,Negev Highlands,NA,Yeruham,Near,NA,34.91194803,30.98592079,19296,Yeruham Near 6,39,0,0,0,0,0,0,0,4,2,0,0,0,0,0,2
T4,2022,Negev Highlands,NA,Yeruham,Near,NA,34.91311412,30.98544739,19296,Yeruham Near 5,8,0,0,0,0,0,0,0,0,2,0,0,0,0,0,0
T4,2022,Negev Highlands,NA,Yeruham,Near,NA,34.91403781,30.98500244,19296,Yeruham Near 4,0,0,0,0,0,0,0,0,0,1,0,0,0,0,0,0
T4,2022,Negev Highlands,NA,Yeruham,Near,NA,34.91467785,30.98480411,19296,Yeruham Near 1,27,0,0,0,0,0,0,0,0,6,0,0,0,0,0,3
T4,2022,Negev Highlands,NA,Yeruham,Near,NA,34.91512142,30.98444597,19296,Yeruham Near 3,2,0,0,0,0,0,0,0,0,1,0,0,0,0,0,2
