deployment_id,deployment_name,proposed_date_out,proposed_retrieval_date,actual_date_out,retrieval_date,proposed_lat,proposed_long,actual_lat,actual_long,fuzzed,project_id,project_name,sub_project_id,sub_project_name,sub_project_design,plot_name,plot_treatment,camera_failure_details,deployment_notes,bait_type,bait_description,feature,feature_type_methodology,image_resolution_setting,detection_distance,sensitivity_setting,quiet_period_setting,camera_id
"d40827","T2_Beit Yatir Far 9","","","2018-11-20","2018-12-04","","","31.36937","35.12786","False","p239","HaMaarag Project","sp1379","HaMaarag Long Term Biodiversity","","Dry Shrub-steppe","Far","Camera Functioning","","No Bait","","Trail, game","Desert Transition Zone","","10","high","","23"
"d40288","T2_Shaal Far 1","","","2018-10-10","2018-10-20","","","33.08792","35.75156","False","p239","HaMaarag Project","sp1379","HaMaarag Long Term Biodiversity","","Grassland","Far","Camera Functioning","","No Bait","","Trail, game","Herbaceous ","","10","high","","6"
"d40289","T2_Shaal Far 2","","","2018-10-10","2018-10-20","","","33.08815","35.75046","False","p239","HaMaarag Project","sp1379","HaMaarag Long Term Biodiversity","","Grassland","Far","Camera Functioning","","No Bait","","Trail, game","Herbaceous ","","10","high","","7"
"d40362","T2_Kfar Shamai Far 3","","","2017-09-28","2017-10-15","32.96587","35.45915","32.96587","35.45915","False","p239","HaMaarag Project","sp1379","HaMaarag Long Term Biodiversity","","Mediterranean Maquis","Far","Camera Functioning","","No Bait","","Trail, game","Mediterranean Maquis   Galilee","","15","high","","3"
"d40363","T2_Kfar Shamai Far 4","","","2017-09-28","2017-10-15","32.96518","35.45891","32.96518","35.45891","False","p239","HaMaarag Project","sp1379","HaMaarag Long Term Biodiversity","","Mediterranean Maquis","Far","Camera Functioning","","No Bait","","Trail, game","Mediterranean Maquis   Galilee","","15","high","","4"
"d40367","T2_Kfar Shamai Far 8","","","2017-09-28","2017-10-15","32.96372","35.45860","32.96372","35.45860","False","p239","HaMaarag Project","sp1379","HaMaarag Long Term Biodiversity","","Mediterranean Maquis","Far","Camera Functioning","","No Bait","","Trail, game","Mediterranean Maquis   Galilee","","15","high","","8"
"d40364","T2_Kfar Shamai Far 5","","","2017-09-28","2017-10-15","32.96422","35.45882","32.96422","35.45882","False","p239","HaMaarag Project","sp1379","HaMaarag Long Term Biodiversity","","Mediterranean Maquis","Far","Camera Functioning","","No Bait","","Trail, game","Mediterranean Maquis   Galilee","","15","high","","5"
"d40394","T2_Ein Yaakov Near 8","","","2017-10-20","2017-10-31","33.00571","35.22834","33.00571","35.22834","False","p239","HaMaarag Project","sp1379","HaMaarag Long Term Biodiversity","","Mediterranean Maquis","Near","Camera Functioning","","No Bait","","Trail, game","Mediterranean Maquis   Galilee","","15","high","","8"
"d40366","T2_Kfar Shamai Far 7","","","2017-09-28","2017-10-15","32.96372","35.45860","32.96712","35.46921","False","p239","HaMaarag Project","sp1379","HaMaarag Long Term Biodiversity","","Mediterranean Maquis","Far","Camera Functioning","","No Bait","","Trail, game","Mediterranean Maquis   Galilee","","10","high","","17"
"d40393","T2_Ein Yaakov Near 7","","","2017-10-20","2017-10-31","33.00580","35.22792","33.00580","35.22792","False","p239","HaMaarag Project","sp1379","HaMaarag Long Term Biodiversity","","Mediterranean Maquis","Near","Camera Functioning","","No Bait","","Trail, game","Mediterranean Maquis   Galilee","","15","high","","7"
"d40387","T2_Ein Yaakov Near 1","","","2017-10-20","2017-10-31","33.00326","35.22754","33.00326","35.22754","False","p239","HaMaarag Project","sp1379","HaMaarag Long Term Biodiversity","","Mediterranean Maquis","Near","Camera Functioning","","No Bait","","Trail, game","Mediterranean Maquis   Galilee","","15","high","","1"
"d40395","T2_Ein Yaakov Near 9","","","2017-10-20","2017-10-31","33.00580","35.22903","33.00580","35.22903","False","p239","HaMaarag Project","sp1379","HaMaarag Long Term Biodiversity","","Mediterranean Maquis","Near","Camera Functioning","","No Bait","","Trail, game","Mediterranean Maquis   Galilee","","15","high","","9"
"d40391","T2_Ein Yaakov Near 5","","","2017-10-20","2017-10-31","33.00568","35.22716","33.00568","35.22716","False","p239","HaMaarag Project","sp1379","HaMaarag Long Term Biodiversity","","Mediterranean Maquis","Near","Camera Functioning","","No Bait","","Trail, game","Mediterranean Maquis   Galilee","","15","high","","5"
"d40389","T2_Ein Yaakov Near 3","","","2017-10-20","2017-10-31","33.00562","35.22615","33.00562","35.22615","False","p239","HaMaarag Project","sp1379","HaMaarag Long Term Biodiversity","","Mediterranean Maquis","Near","Camera Functioning","","No Bait","","Trail, game","Mediterranean Maquis   Galilee","","15","high","","3"
"d40359","T2_Kfar Shamai Near 9","","","2017-09-28","2017-10-15","","","32.96201","35.45905","False","p239","HaMaarag Project","sp1379","HaMaarag Long Term Biodiversity","","Mediterranean Maquis","Near","Unknown Failure","","No Bait","","Trail, game","Mediterranean Maquis   Galilee","","10","high","","3"
"d40603","T2_Manara KKL Plantings 1","","","2017-12-09","2017-12-19","33.17095","35.55154","33.17095","35.55154","False","p239","HaMaarag Project","sp1379","HaMaarag Long Term Biodiversity","","Conifer Plantation","KKL Plantings","Camera Functioning","","No Bait","","Trail, game","Planted Conifer Forest   Galilee","","15","high","","1"
"d40673","T2_Bat Shlomo KKL Plantings 8","","","2017-11-18","2017-12-06","","","32.58844","35.01101","False","p239","HaMaarag Project","sp1379","HaMaarag Long Term Biodiversity","","Conifer Plantation","KKL Plantings","Camera Functioning","","No Bait","","Trail, game","Planted Conifer Forest   Carmel","","10","high","","26"
"d40667","T2_Bat Shlomo KKL Plantings 2","","","2017-11-18","2017-12-06","","","32.58819","35.00810","False","p239","HaMaarag Project","sp1379","HaMaarag Long Term Biodiversity","","Conifer Plantation","KKL Plantings","Camera Functioning","","No Bait","","Trail, game","Planted Conifer Forest   Carmel","","10","high","","B"
"d65208","T2_Ramat Hashofet KKL Plantings 3","","","2017-11-18","2017-12-01","","","32.61740","35.11271","False","p239","HaMaarag Project","sp1717","Hamaarag_Planted_Conifer_Forests_Carmel_T2","","Conifer Plantation","KKL Plantings","Camera Functioning","","No Bait","","Trail, game","Planted Conifer Forest Carmel","","50","high","","26"
"d40405","T2_Goren Near 1","","","2017-10-20","2017-11-08","","","33.05612","35.22944","False","p239","HaMaarag Project","sp1379","HaMaarag Long Term Biodiversity","","Mediterranean Maquis","Near","Camera Functioning","","No Bait","","Trail, game","Mediterranean Maquis   Galilee","","10","high","","3A"
"d40734","T2_Amatzia KKL Plantings 6","","","2018-02-12","2018-03-02","","","31.51180","34.89433","False","p239","HaMaarag Project","sp1379","HaMaarag Long Term Biodiversity","","Conifer Plantation","KKL Plantings","Camera Functioning","","No Bait","","Trail, game","Planted Conifer Forest   Judean Highlands","","10","high","","6"
"d40736","T2_Amatzia KKL Plantings 8","","","2018-02-12","2018-02-22","","","31.51173","34.89180","False","p239","HaMaarag Project","sp1379","HaMaarag Long Term Biodiversity","","Conifer Plantation","KKL Plantings","Camera Functioning","","No Bait","","Trail, game","Planted Conifer Forest   Judean Highlands","","10","high","","N15"
"d40732","T2_Amatzia KKL Plantings 4","","","2018-02-12","2018-03-02","","","31.51105","34.89435","False","p239","HaMaarag Project","sp1379","HaMaarag Long Term Biodiversity","","Conifer Plantation","KKL Plantings","Camera Functioning","","No Bait","","Trail, game","Planted Conifer Forest   Judean Highlands","","10","high","","26"
"d40670","T2_Bat Shlomo KKL Plantings 5","","","2017-11-18","2017-12-06","","","32.58891","35.01002","False","p239","HaMaarag Project","sp1379","HaMaarag Long Term Biodiversity","","Conifer Plantation","KKL Plantings","Camera Functioning","","No Bait","","Trail, game","Planted Conifer Forest   Carmel","","10","high","","6"
"d40666","T2_Bat Shlomo KKL Plantings 1","","","2017-11-18","2017-12-06","","","32.58815","35.00779","False","p239","HaMaarag Project","sp1379","HaMaarag Long Term Biodiversity","","Conifer Plantation","KKL Plantings","Camera Functioning","","No Bait","","Trail, game","Planted Conifer Forest   Carmel","","10","high","","29"
"d40616","T2_Ramot Naftali KKL Plantings 5","","","2017-12-09","2017-12-17","33.09631","35.56221","33.09631","35.56221","False","p239","HaMaarag Project","sp1379","HaMaarag Long Term Biodiversity","","Conifer Plantation","KKL Plantings","Camera Functioning","","No Bait","","Trail, game","Planted Conifer Forest   Galilee","","15","high","","5"
"d40608","T2_Manara KKL Plantings 6","","","2017-12-09","2017-12-19","33.17345","35.55035","33.17345","35.55035","False","p239","HaMaarag Project","sp1379","HaMaarag Long Term Biodiversity","","Conifer Plantation","KKL Plantings","Camera Functioning","","No Bait","","Trail, game","Planted Conifer Forest   Galilee","","15","high","","6"
"d65207","T2_Ramat Hashofet KKL Plantings 2","","","2017-11-21","2017-12-01","","","32.61729","35.11201","False","p239","HaMaarag Project","sp1717","Hamaarag_Planted_Conifer_Forests_Carmel_T2","","Conifer Plantation","KKL Plantings","Camera Functioning","","No Bait","","Trail, game","Planted Conifer Forest Carmel","","5","high","","11"
"d40605","T2_Manara KKL Plantings 3","","","2017-12-09","2017-12-17","33.17169","35.55074","33.17169","35.55074","False","p239","HaMaarag Project","sp1379","HaMaarag Long Term Biodiversity","","Conifer Plantation","KKL Plantings","Camera Functioning","","No Bait","","Trail, game","Planted Conifer Forest   Galilee","","15","high","","3"
"d40610","T2_Manara KKL Plantings 8","","","2017-12-08","2017-12-18","33.17486","35.54966","33.17486","35.54966","False","p239","HaMaarag Project","sp1379","HaMaarag Long Term Biodiversity","","Conifer Plantation","KKL Plantings","Camera Functioning","","No Bait","","Trail, game","Planted Conifer Forest   Galilee","","15","high","","8"
"d40417","T2_Goren Far 4","","","2017-10-20","2017-11-08","","","33.05531","35.23134","False","p239","HaMaarag Project","sp1379","HaMaarag Long Term Biodiversity","","Mediterranean Maquis","Far","Camera Functioning","","No Bait","","Trail, game","Mediterranean Maquis   Galilee","","10","high","","15A"
"d40404","T2_Ein Yaakov Far 9","","","2017-10-20","2017-10-31","33.00284","35.23130","33.00284","35.23130","False","p239","HaMaarag Project","sp1379","HaMaarag Long Term Biodiversity","","Mediterranean Maquis","Far","Camera Functioning","","No Bait","","Trail, game","Mediterranean Maquis   Galilee","","15","high","","9"
"d40422","T2_Goren Far 9","","","2017-10-20","2017-11-08","","","33.05451","35.25561","False","p239","HaMaarag Project","sp1379","HaMaarag Long Term Biodiversity","","Mediterranean Maquis","Far","Camera Functioning","","No Bait","","Trail, game","Mediterranean Maquis   Galilee","","10","high","","15"
"d40730","T2_Amatzia KKL Plantings 2","","","2018-02-12","2018-03-02","","","31.50919","34.89406","False","p239","HaMaarag Project","sp1379","HaMaarag Long Term Biodiversity","","Conifer Plantation","KKL Plantings","Camera Functioning","","No Bait","","Trail, game","Planted Conifer Forest   Judean Highlands","","10","high","","1"
"d40674","T2_Bat Shlomo KKL Plantings 9","","","2017-11-18","2017-12-06","","","32.58833","35.01123","False","p239","HaMaarag Project","sp1379","HaMaarag Long Term Biodiversity","","Conifer Plantation","KKL Plantings","Camera Functioning","","No Bait","","Trail, game","Planted Conifer Forest   Carmel","","10","high","","33"
"d40611","T2_Manara KKL Plantings 9","","","2017-12-08","2017-12-16","33.17521","35.54988","33.17521","35.54988","False","p239","HaMaarag Project","sp1379","HaMaarag Long Term Biodiversity","","Conifer Plantation","KKL Plantings","Camera Functioning","","No Bait","","Trail, game","Planted Conifer Forest   Galilee","","15","high","","9"
"d40609","T2_Manara KKL Plantings 7","","","2017-12-08","2107-12-18","33.17384","35.55028","33.17384","35.55028","False","p239","HaMaarag Project","sp1379","HaMaarag Long Term Biodiversity","","Conifer Plantation","KKL Plantings","Camera Functioning","","No Bait","","Trail, game","Planted Conifer Forest   Galilee","","15","high","","7"
"d40399","T2_Ein Yaakov Far 4","","","2017-10-20","2017-10-31","33.00272","35.22830","33.00272","35.22830","False","p239","HaMaarag Project","sp1379","HaMaarag Long Term Biodiversity","","Mediterranean Maquis","Far","Camera Functioning","","No Bait","","Trail, game","Mediterranean Maquis   Galilee","","15","high","","4"
"d40669","T2_Bat Shlomo KKL Plantings 4","","","2017-11-18","2017-12-06","","","32.58886","35.00919","False","p239","HaMaarag Project","sp1379","HaMaarag Long Term Biodiversity","","Conifer Plantation","KKL Plantings","Camera Functioning","","No Bait","","Trail, game","Planted Conifer Forest   Carmel","","10","high","","12"
"d40668","T2_Bat Shlomo KKL Plantings 3","","","2017-11-18","2017-12-06","","","32.58876","35.00889","False","p239","HaMaarag Project","sp1379","HaMaarag Long Term Biodiversity","","Conifer Plantation","KKL Plantings","Camera Functioning","","No Bait","","Trail, game","Planted Conifer Forest   Carmel","","10","high","","35"
"d40612","T2_Ramot Naftali KKL Plantings 1","","","2017-12-09","2017-12-18","33.09423","35.56086","33.09423","35.56086","False","p239","HaMaarag Project","sp1379","HaMaarag Long Term Biodiversity","","Conifer Plantation","KKL Plantings","Camera Functioning","","No Bait","","Trail, game","Planted Conifer Forest   Galilee","","15","high","","1"
"d40672","T2_Bat Shlomo KKL Plantings 7","","","2017-11-18","2017-12-06","","","32.58872","35.01053","False","p239","HaMaarag Project","sp1379","HaMaarag Long Term Biodiversity","","Conifer Plantation","KKL Plantings","Camera Functioning","","No Bait","","Trail, game","Planted Conifer Forest   Carmel","","10","high","","34"
"d40792","T2_Har Amasa Near 1","","","2018-11-24","2018-12-04","","","31.34394","35.09909","False","p239","HaMaarag Project","sp1379","HaMaarag Long Term Biodiversity","","Dry Shrub-steppe","Near","Camera Functioning","","No Bait","","Trail, game","Desert Transition Zone","","10","high","","18"
"d40407","T2_Goren Near 3","","","2017-10-20","2017-11-08","","","33.05593","35.23114","False","p239","HaMaarag Project","sp1379","HaMaarag Long Term Biodiversity","","Mediterranean Maquis","Near","Camera Functioning","","No Bait","","Trail, game","Mediterranean Maquis   Galilee","","10","high","","16A"
"d65206","T2_Ramat Hashofet KKL Plantings 1","","","2017-11-21","2017-11-30","","","32.61705","35.11165","False","p239","HaMaarag Project","sp1717","Hamaarag_Planted_Conifer_Forests_Carmel_T2","","Conifer Plantation","KKL Plantings","Camera Functioning","","No Bait","","Trail, game","Planted Conifer Forest Carmel","","5","high","","23"
"d40733","T2_Amatzia KKL Plantings 5","","","2018-02-12","2018-03-02","","","31.51147","34.89381","False","p239","HaMaarag Project","sp1379","HaMaarag Long Term Biodiversity","","Conifer Plantation","KKL Plantings","Camera Functioning","","No Bait","","Trail, game","Planted Conifer Forest   Judean Highlands","","10","high","","20"
"d40671","T2_Bat Shlomo KKL Plantings 6","","","2017-11-18","2017-12-06","","","32.58869","35.01007","False","p239","HaMaarag Project","sp1379","HaMaarag Long Term Biodiversity","","Conifer Plantation","KKL Plantings","Camera Functioning","","No Bait","","Trail, game","Planted Conifer Forest   Carmel","","10","high","","10"
"d40402","T2_Ein Yaakov Far 7","","","2017-10-20","2017-10-31","33.00263","35.23020","33.00263","35.23020","False","p239","HaMaarag Project","sp1379","HaMaarag Long Term Biodiversity","","Mediterranean Maquis","Far","Camera Functioning","","No Bait","","Trail, game","Mediterranean Maquis   Galilee","","15","high","","7"
"d40735","T2_Amatzia KKL Plantings 7","","","2018-02-12","2018-03-02","","","31.51251","34.89223","False","p239","HaMaarag Project","sp1379","HaMaarag Long Term Biodiversity","","Conifer Plantation","KKL Plantings","Camera Functioning","","No Bait","","Trail, game","Planted Conifer Forest   Judean Highlands","","10","high","","23"
"d40604","T2_Manara KKL Plantings 2","","","2017-12-08","2017-12-27","33.17133","35.55054","33.17133","35.55054","False","p239","HaMaarag Project","sp1379","HaMaarag Long Term Biodiversity","","Conifer Plantation","KKL Plantings","Camera Functioning","","No Bait","","Trail, game","Planted Conifer Forest   Galilee","","10","high","","8"
"d40729","T2_Amatzia KKL Plantings 1","","","2018-02-12","2018-03-02","","","31.50931","34.89336","False","p239","HaMaarag Project","sp1379","HaMaarag Long Term Biodiversity","","Conifer Plantation","KKL Plantings","Camera Functioning","","No Bait","","Trail, game","Planted Conifer Forest   Judean Highlands","","10","high","","35"
"d40396","T2_Ein Yaakov Far 1","","","2017-10-20","2017-11-08","","","33.00361","35.22711","False","p239","HaMaarag Project","sp1379","HaMaarag Long Term Biodiversity","","Mediterranean Maquis","Far","Camera Functioning","","No Bait","","Trail, game","Mediterranean Maquis   Galilee","","10","high","","10A"
"d40731","T2_Amatzia KKL Plantings 3","","","2018-02-12","2018-03-02","","","31.51019","34.89484","False","p239","HaMaarag Project","sp1379","HaMaarag Long Term Biodiversity","","Conifer Plantation","KKL Plantings","Camera Functioning","","No Bait","","Trail, game","Planted Conifer Forest   Judean Highlands","","10","high","","N6"
"d40613","T2_Ramot Naftali KKL Plantings 2","","","2017-12-08","2017-12-19","32.61729","35.11201","32.61729","35.11201","False","p239","HaMaarag Project","sp1379","HaMaarag Long Term Biodiversity","","Conifer Plantation","KKL Plantings","Camera Functioning","","No Bait","","Trail, game","Planted Conifer Forest   Galilee","","15","high","","2"
"d40322","T2_Karei Deshe Far 8","","","2018-09-12","2018-09-22","","","32.92264","35.58327","False","p239","HaMaarag Project","sp1379","HaMaarag Long Term Biodiversity","","Grassland","Far","Unknown Failure","","No Bait","","Trail, game","Herbaceous ","","10","high","","18"
"d40796","T2_Har Amasa Near 5","","","2018-11-24","2018-12-04","","","31.34551","35.09720","False","p239","HaMaarag Project","sp1379","HaMaarag Long Term Biodiversity","","Dry Shrub-steppe","Near","Camera Functioning","","No Bait","","Trail, game","Desert Transition Zone","","10","high","","15"
"d40817","T2_Beit Yatir Near 8","","","2018-11-20","2018-12-04","","","31.35692","35.10852","False","p239","HaMaarag Project","sp1379","HaMaarag Long Term Biodiversity","","Dry Shrub-steppe","Near","Camera Functioning","","No Bait","","Trail, game","Desert Transition Zone","","10","high","","8"
"d40365","T2_Kfar Shamai Far 6","","","2017-09-28","2017-10-15","32.96382","35.45853","32.96382","35.45853","False","p239","HaMaarag Project","sp1379","HaMaarag Long Term Biodiversity","","Mediterranean Maquis","Far","Camera Functioning","","No Bait","","Trail, game","Mediterranean Maquis   Galilee","","15","high","","6"
"d40314","T2_Gamla Far 9","","","2018-10-10","2018-10-20","","","32.91602","35.74253","False","p239","HaMaarag Project","sp1379","HaMaarag Long Term Biodiversity","","Grassland","Far","Camera Functioning","","No Bait","","Trail, game","Herbaceous ","","10","high","","3"
"d40794","T2_Har Amasa Near 3","","","2018-11-24","2018-12-04","","","31.34515","35.09835","False","p239","HaMaarag Project","sp1379","HaMaarag Long Term Biodiversity","","Dry Shrub-steppe","Near","Unknown Failure","","No Bait","","Trail, game","Desert Transition Zone","","10","high","","12"
"d40800","T2_Har Amasa Near 9","","","2018-11-24","2018-12-04","","","31.34308","35.09758","False","p239","HaMaarag Project","sp1379","HaMaarag Long Term Biodiversity","","Dry Shrub-steppe","Near","Camera Functioning","","No Bait","","Trail, game","Desert Transition Zone","","10","high","","16"
"d40318","T2_Karei Deshe Far 4","","","2018-09-12","2018-09-22","","","32.92565","35.58205","False","p239","HaMaarag Project","sp1379","HaMaarag Long Term Biodiversity","","Grassland","Far","Unknown Failure","","No Bait","","Trail, game","Herbaceous ","","10","high","","7"
"d40798","T2_Har Amasa Near 7","","","2018-11-24","2018-12-04","","","31.34361","35.09646","False","p239","HaMaarag Project","sp1379","HaMaarag Long Term Biodiversity","","Dry Shrub-steppe","Near","Camera Functioning","","No Bait","","Trail, game","Desert Transition Zone","","10","high","","17"
"d40323","T2_Karei Deshe Far 9","","","2018-09-12","2018-09-22","","","32.92194","35.58336","False","p239","HaMaarag Project","sp1379","HaMaarag Long Term Biodiversity","","Grassland","Far","Camera Functioning","","No Bait","","Trail, game","Herbaceous ","","10","high","","33"
"d40810","T2_Beit Yatir Near 1","","","2018-11-20","2018-12-04","","","31.35603","35.10696","False","p239","HaMaarag Project","sp1379","HaMaarag Long Term Biodiversity","","Dry Shrub-steppe","Near","Camera Functioning","","No Bait","","Trail, game","Desert Transition Zone","","10","high","","7"
"d40294","T2_Shaal Far 7","","","2018-10-10","2018-10-20","","","33.08448","35.75016","False","p239","HaMaarag Project","sp1379","HaMaarag Long Term Biodiversity","","Grassland","Far","Camera Functioning","","No Bait","","Trail, game","Herbaceous ","","10","high","","18"
"d40307","T2_Gamla Far 2","","","2018-10-10","2018-10-20","","","32.92078","35.74547","False","p239","HaMaarag Project","sp1379","HaMaarag Long Term Biodiversity","","Grassland","Far","Camera Functioning","","No Bait","","Trail, game","Herbaceous ","","10","high","","15"
"d40310","T2_Gamla Far 5","","","2018-10-10","2018-10-20","","","32.91806","35.74540","False","p239","HaMaarag Project","sp1379","HaMaarag Long Term Biodiversity","","Grassland","Far","Camera Functioning","","No Bait","","Trail, game","Herbaceous ","","10","high","","14"
"d40823","T2_Beit Yatir Far 5","","","2018-11-20","2018-12-04","","","31.37165","35.12586","False","p239","HaMaarag Project","sp1379","HaMaarag Long Term Biodiversity","","Dry Shrub-steppe","Far","Camera Functioning","","No Bait","","Trail, game","Desert Transition Zone","","10","high","","39"
"d40820","T2_Beit Yatir Far 2","","","2018-11-20","2018-12-04","","","31.37202","35.12437","False","p239","HaMaarag Project","sp1379","HaMaarag Long Term Biodiversity","","Dry Shrub-steppe","Far","Camera Functioning","","No Bait","","Trail, game","Desert Transition Zone","","10","high","","24"
"d40368","T2_Kfar Shamai Far 9","","","2017-09-28","2017-10-15","32.96690","35.46807","32.96690","35.46807","False","p239","HaMaarag Project","sp1379","HaMaarag Long Term Biodiversity","","Mediterranean Maquis","Far","Camera Functioning","","No Bait","","Trail, game","Mediterranean Maquis   Galilee","","15","high","","9"
"d40320","T2_Karei Deshe Far 6","","","2018-09-12","2018-09-22","","","32.92413","35.58413","False","p239","HaMaarag Project","sp1379","HaMaarag Long Term Biodiversity","","Grassland","Far","Camera Functioning","","No Bait","","Trail, game","Herbaceous ","","10","high","","6"
"d40311","T2_Gamla Far 6","","","2018-10-10","2018-10-20","","","32.91743","35.74448","False","p239","HaMaarag Project","sp1379","HaMaarag Long Term Biodiversity","","Grassland","Far","Camera Functioning","","No Bait","","Trail, game","Herbaceous ","","10","high","","9"
"d40299","T2_Natur Far 3","","","2018-10-10","2018-10-20","","","32.84189","35.73779","False","p239","HaMaarag Project","sp1379","HaMaarag Long Term Biodiversity","","Grassland","Far","Camera Functioning","","No Bait","","Trail, game","Herbaceous ","","10","high","","21"
"d40815","T2_Beit Yatir Near 6","","","2018-11-20","2018-12-04","","","31.35731","35.10811","False","p239","HaMaarag Project","sp1379","HaMaarag Long Term Biodiversity","","Dry Shrub-steppe","Near","Camera Functioning","","No Bait","","Trail, game","Desert Transition Zone","","10","high","","3"
"d40822","T2_Beit Yatir Far 4","","","2018-11-20","2018-12-04","","","31.37200","35.12525","False","p239","HaMaarag Project","sp1379","HaMaarag Long Term Biodiversity","","Dry Shrub-steppe","Far","Camera Functioning","","No Bait","","Trail, game","Desert Transition Zone","","10","high","","28"
"d40295","T2_Shaal Far 8","","","2018-10-10","2018-10-20","","","33.08456","35.74910","False","p239","HaMaarag Project","sp1379","HaMaarag Long Term Biodiversity","","Grassland","Far","Camera Functioning","","No Bait","","Trail, game","Herbaceous ","","10","high","","16"
"d40808","T2_Har Amasa Far 8","","","2018-11-24","2018-12-04","","","31.33183","35.09156","False","p239","HaMaarag Project","sp1379","HaMaarag Long Term Biodiversity","","Dry Shrub-steppe","Far","Camera Functioning","","No Bait","","Trail, game","Desert Transition Zone","","10","high","","35"
"d40296","T2_Shaal Far 9","","","2018-10-10","2018-10-20","","","33.08442","35.74829","False","p239","HaMaarag Project","sp1379","HaMaarag Long Term Biodiversity","","Grassland","Far","Camera Functioning","","No Bait","","Trail, game","Herbaceous ","","10","high","","33"
"d40825","T2_Beit Yatir Far 7","","","2018-11-20","2018-12-04","","","31.37072","35.12712","False","p239","HaMaarag Project","sp1379","HaMaarag Long Term Biodiversity","","Dry Shrub-steppe","Far","Camera Functioning","","No Bait","","Trail, game","Desert Transition Zone","","10","high","","25"
"d40313","T2_Gamla Far 8","","","2018-10-10","2018-10-20","","","32.91627","35.74302","False","p239","HaMaarag Project","sp1379","HaMaarag Long Term Biodiversity","","Grassland","Far","Camera Functioning","","No Bait","","Trail, game","Herbaceous ","","10","high","","4"
"d40300","T2_Natur Far 4","","","2018-10-10","2018-10-20","","","32.84275","35.73751","False","p239","HaMaarag Project","sp1379","HaMaarag Long Term Biodiversity","","Grassland","Far","Camera Functioning","","No Bait","","Trail, game","Herbaceous ","","10","high","","25"
"d40797","T2_Har Amasa Near 6","","","2018-11-24","2018-12-04","","","31.34552","35.09644","False","p239","HaMaarag Project","sp1379","HaMaarag Long Term Biodiversity","","Dry Shrub-steppe","Near","Unknown Failure","","No Bait","","Trail, game","Desert Transition Zone","","10","high","","11"
"d40290","T2_Shaal Far 3","","","2018-10-10","2018-10-20","","","33.08813","35.74976","False","p239","HaMaarag Project","sp1379","HaMaarag Long Term Biodiversity","","Grassland","Far","Camera Functioning","","No Bait","","Trail, game","Herbaceous ","","10","high","","2"
"d40317","T2_Karei Deshe Far 3","","","2018-09-12","2018-09-22","","","32.92506","35.58101","False","p239","HaMaarag Project","sp1379","HaMaarag Long Term Biodiversity","","Grassland","Far","Unknown Failure","","No Bait","","Trail, game","Herbaceous ","","10","high","","16"
"d40816","T2_Beit Yatir Near 7","","","2018-11-20","2018-12-04","","","31.35730","35.10891","False","p239","HaMaarag Project","sp1379","HaMaarag Long Term Biodiversity","","Dry Shrub-steppe","Near","Camera Functioning","","No Bait","","Trail, game","Desert Transition Zone","","10","high","","4"
"d40826","T2_Beit Yatir Far 8","","","2018-11-20","2018-12-04","","","31.36979","35.12757","False","p239","HaMaarag Project","sp1379","HaMaarag Long Term Biodiversity","","Dry Shrub-steppe","Far","Camera Functioning","","No Bait","","Trail, game","Desert Transition Zone","","10","high","","27"
"d40793","T2_Har Amasa Near 2","","","2018-11-24","2018-12-04","","","31.34456","35.09874","False","p239","HaMaarag Project","sp1379","HaMaarag Long Term Biodiversity","","Dry Shrub-steppe","Near","Unknown Failure","","No Bait","","Trail, game","Desert Transition Zone","","10","high","","13"
"d40814","T2_Beit Yatir Near 5","","","2018-11-20","2018-12-04","","","31.35726","35.10750","False","p239","HaMaarag Project","sp1379","HaMaarag Long Term Biodiversity","","Dry Shrub-steppe","Near","Camera Functioning","","No Bait","","Trail, game","Desert Transition Zone","","10","high","","2"
"d40309","T2_Gamla Far 4","","","2018-10-10","2018-10-20","","","32.91877","35.74599","False","p239","HaMaarag Project","sp1379","HaMaarag Long Term Biodiversity","","Grassland","Far","Camera Functioning","","No Bait","","Trail, game","Herbaceous ","","10","high","","9"
"d40806","T2_Har Amasa Far 6","","","2018-11-24","2018-12-04","","","31.33240","35.09237","False","p239","HaMaarag Project","sp1379","HaMaarag Long Term Biodiversity","","Dry Shrub-steppe","Far","Camera Functioning","","No Bait","","Trail, game","Desert Transition Zone","","10","high","","31"
"d40301","T2_Natur Far 5","","","2018-10-10","2018-10-20","","","32.84354","35.73716","False","p239","HaMaarag Project","sp1379","HaMaarag Long Term Biodiversity","","Grassland","Far","Camera Functioning","","No Bait","","Trail, game","Herbaceous ","","10","high","","23"
"d40801","T2_Har Amasa Far 1","","","2018-11-24","2018-12-04","","","31.33433","35.09324","False","p239","HaMaarag Project","sp1379","HaMaarag Long Term Biodiversity","","Dry Shrub-steppe","Far","Unknown Failure","","No Bait","","Trail, game","Desert Transition Zone","","10","high","","37"
"d40807","T2_Har Amasa Far 7","","","2018-11-24","2018-12-04","","","31.33195","35.09208","False","p239","HaMaarag Project","sp1379","HaMaarag Long Term Biodiversity","","Dry Shrub-steppe","Far","Camera Functioning","","No Bait","","Trail, game","Desert Transition Zone","","10","high","","29"
"d65377","T2_Yeruham Near 1","","","2018-12-11","2018-12-22","","","30.98359","34.91473","False","p239","HaMaarag Project","sp1716","Hamaarag_Negev_Highlands_T2","","Highland Desert","Near","Camera Functioning","","No Bait","","Trail, game","Negev Highlands","","100","high","","18spni"
"d40805","T2_Har Amasa Far 5","","","2018-11-24","2018-12-04","","","31.33308","35.09257","False","p239","HaMaarag Project","sp1379","HaMaarag Long Term Biodiversity","","Dry Shrub-steppe","Far","Camera Functioning","","No Bait","","Trail, game","Desert Transition Zone","","10","high","","38"
"d65401","T2_Bislach Near 7","","","2019-01-04","2019-01-12","","","31.01924","34.87648","False","p239","HaMaarag Project","sp1716","Hamaarag_Negev_Highlands_T2","","Highland Desert","Near","Camera Functioning","","No Bait","","Trail, game","Negev Highlands","","5","high","","35"
"d65331","T2_Lehavim Near 9","","","2018-12-08","2018-12-18","","","31.36373","34.82735","False","p239","HaMaarag Project","sp1715","Hamaarag_Mediterranean-Desert_Transition_Zone_T2","","Dry Shrub-steppe","Near","Camera Functioning","","No Bait","","Trail, game","Desert Transition Zone","","5","high","","31"
"d65314","T2_Lahav Far 1","","","2018-10-30","2018-11-10","","","31.37400","34.85726","False","p239","HaMaarag Project","sp1715","Hamaarag_Mediterranean-Desert_Transition_Zone_T2","","Dry Shrub-steppe","Far","Camera Functioning","","No Bait","","Trail, game","Desert Transition Zone","","5","high","","28"
"d65337","T2_Lehavim Far 6","","","2018-12-08","2018-12-18","","","31.37831","34.82715","False","p239","HaMaarag Project","sp1715","Hamaarag_Mediterranean-Desert_Transition_Zone_T2","","Dry Shrub-steppe","Far","Camera Functioning","","No Bait","","Trail, game","Desert Transition Zone","","50","high","","12"
"d65316","T2_Lahav Far 3","","","2018-10-30","2018-11-10","","","31.37326","34.85857","False","p239","HaMaarag Project","sp1715","Hamaarag_Mediterranean-Desert_Transition_Zone_T2","","Dry Shrub-steppe","Far","Camera Functioning","","No Bait","","Trail, game","Desert Transition Zone","","30","high","","23"
"d65311","T2_Lahav Near 7","","","2018-10-30","2018-11-01","","","31.38369","34.86561","False","p239","HaMaarag Project","sp1715","Hamaarag_Mediterranean-Desert_Transition_Zone_T2","","Dry Shrub-steppe","Near","Camera Functioning","","No Bait","","Trail, game","Desert Transition Zone","","5","high","","34"
"d65412","T2_Bislach Far 9","","","2017-01-07","2017-01-11","","","31.00652","34.90002","False","p239","HaMaarag Project","sp1716","Hamaarag_Negev_Highlands_T2","","Highland Desert","Far","Camera Functioning","","No Bait","","Trail, game","Negev Highlands","","30","high","","16"
"d65406","T2_Bislach Far 3","","","2019-01-04","2019-01-14","","","31.00353","34.89665","False","p239","HaMaarag Project","sp1716","Hamaarag_Negev_Highlands_T2","","Highland Desert","Far","Camera Functioning","camera position isn't good, the camera doesn't shot the ground","No Bait","","Trail, game","Negev Highlands","","100","high","","12"
"d65495","T2_Lotan Far 2","","","2000-01-01","2000-01-01","","","30.01244","35.08459","False","p239","HaMaarag Project","sp1711","Hamaarag_Arid_Desert_T2","","Hyper Arid Desert","Far","Camera Functioning","","No Bait","","Trail, game","Arid South","","15","high","","2"
"d65398","T2_Bislach Near 4","","","2017-01-25","2017-01-25","","","31.02014","34.87470","False","p239","HaMaarag Project","sp1716","Hamaarag_Negev_Highlands_T2","","Highland Desert","Near","Camera Functioning","moved","No Bait","","Trail, game","Negev Highlands","","5","high","","21"
"d64973","T2_Yagur Near 2","","","2017-08-30","2017-08-31","","","32.73882","35.07557","False","p239","HaMaarag Project","sp1712","Hamaarag_Mediterranean Maquis_Carmel_T2","","Mediterranean Maquis","Near","Camera Functioning","","No Bait","","Trail, game","Mediterranean Maquis Carmel","","1","high","","18"
"d65025","T2_Beit Oren Far 9","","","2017-07-08","2017-07-22","","","32.72553","35.00172","False","p239","HaMaarag Project","sp1712","Hamaarag_Mediterranean Maquis_Carmel_T2","","Mediterranean Maquis","Far","Camera Functioning","","No Bait","","Trail, game","Mediterranean Maquis Carmel","","10","high","","12"
"d64978","T2_Yagur Near 7","","","2017-08-28","2017-09-03","","","32.73870","35.07451","False","p239","HaMaarag Project","sp1712","Hamaarag_Mediterranean Maquis_Carmel_T2","","Mediterranean Maquis","Near","Camera Functioning","","No Bait","","Trail, game","Mediterranean Maquis Carmel","","5","high","","12"
"d64979","T2_Yagur Near 8","","","2017-08-29","2017-09-09","","","32.73779","35.07890","False","p239","HaMaarag Project","sp1712","Hamaarag_Mediterranean Maquis_Carmel_T2","","Mediterranean Maquis","Near","Camera Functioning","","No Bait","","Trail, game","Mediterranean Maquis Carmel","","1","high","","11"
"d64919","T2_Margaliot Near 2","","","2017-11-04","2017-11-14","","","33.21522","35.54083","False","p239","HaMaarag Project","sp1713","Hamaarag_Mediterranean Maquis_Galilee_T2","","Mediterranean Maquis","Near","Camera Functioning","","No Bait","","Trail, game","Mediterranean Maquis Galilee","","5","high","","14"
"d65020","T2_Beit Oren Far 4","","","2017-07-07","2017-07-18","","","32.72516","35.00599","False","p239","HaMaarag Project","sp1712","Hamaarag_Mediterranean Maquis_Carmel_T2","","Mediterranean Maquis","Far","Camera Functioning","","No Bait","","Trail, game","Mediterranean Maquis Carmel","","5","high","","11"
"d65013","T2_Beit Oren Near 6","","","2017-07-08","2017-07-21","","","32.73327","35.00307","False","p239","HaMaarag Project","sp1712","Hamaarag_Mediterranean Maquis_Carmel_T2","","Mediterranean Maquis","Near","Camera Functioning","","No Bait","","Trail, game","Mediterranean Maquis Carmel","","5","high","","9"
"d64929","T2_Margaliot Far 3","","","2017-11-05","2017-11-13","","","33.20407","35.54393","False","p239","HaMaarag Project","sp1713","Hamaarag_Mediterranean Maquis_Galilee_T2","","Mediterranean Maquis","Far","Camera Functioning","","No Bait","","Trail, game","Mediterranean Maquis Galilee","","2","high","","1A"
"d64997","T2_Nir Etzion Near 8","","","2017-06-16","2017-06-27","","","32.69961","34.99720","False","p239","HaMaarag Project","sp1712","Hamaarag_Mediterranean Maquis_Carmel_T2","","Mediterranean Maquis","Near","Camera Functioning","","No Bait","","Trail, game","Mediterranean Maquis Carmel","","5","high","","18"
"d65005","T2_Nir Etzion Far 7","","","2017-06-19","2017-06-25","","","32.69676","35.00921","False","p239","HaMaarag Project","sp1712","Hamaarag_Mediterranean Maquis_Carmel_T2","","Mediterranean Maquis","Far","Camera Functioning","","No Bait","","Trail, game","Mediterranean Maquis Carmel","","5","high","","11"
"d65006","T2_Nir Etzion Far 8","","","2017-06-17","2017-06-27","","","32.69680","35.00986","False","p239","HaMaarag Project","sp1712","Hamaarag_Mediterranean Maquis_Carmel_T2","","Mediterranean Maquis","Far","Camera Functioning","","No Bait","","Trail, game","Mediterranean Maquis Carmel","","5","high","","8"
"d65003","T2_Nir Etzion Far 5","","","2017-06-18","2017-06-23","","","32.69747","35.00852","False","p239","HaMaarag Project","sp1712","Hamaarag_Mediterranean Maquis_Carmel_T2","","Mediterranean Maquis","Far","Camera Functioning","","No Bait","","Trail, game","Mediterranean Maquis Carmel","","3","high","","12"
"d64972","T2_Yagur Near 1","","","2017-08-29","2017-09-08","","","32.73893","35.07487","False","p239","HaMaarag Project","sp1712","Hamaarag_Mediterranean Maquis_Carmel_T2","","Mediterranean Maquis","Near","Camera Functioning","","No Bait","","Trail, game","Mediterranean Maquis Carmel","","5","high","","9"
"d64985","T2_Yagur Far 5","","","2017-08-29","2017-09-03","","","32.75482","35.05341","False","p239","HaMaarag Project","sp1712","Hamaarag_Mediterranean Maquis_Carmel_T2","","Mediterranean Maquis","Far","Camera Functioning","","No Bait","","Trail, game","Mediterranean Maquis Carmel","","2","high","","6"
"d64989","T2_Yagur Far 9","","","2017-08-28","2017-09-09","","","32.75388","35.05563","False","p239","HaMaarag Project","sp1712","Hamaarag_Mediterranean Maquis_Carmel_T2","","Mediterranean Maquis","Far","Camera Functioning","","No Bait","","Trail, game","Mediterranean Maquis Carmel","","5","high","","5"
"d65021","T2_Beit Oren Far 5","","","2017-07-08","2017-07-22","","","32.72533","35.00524","False","p239","HaMaarag Project","sp1712","Hamaarag_Mediterranean Maquis_Carmel_T2","","Mediterranean Maquis","Far","Camera Functioning","","No Bait","","Trail, game","Mediterranean Maquis Carmel","","1","high","","10"
"d65019","T2_Beit Oren Far 3","","","2017-07-09","2017-07-21","","","32.72551","35.00660","False","p239","HaMaarag Project","sp1712","Hamaarag_Mediterranean Maquis_Carmel_T2","","Mediterranean Maquis","Far","Camera Functioning","","No Bait","","Trail, game","Mediterranean Maquis Carmel","","5","high","","8"
"d65024","T2_Beit Oren Far 8","","","2017-07-07","2017-07-22","","","32.72518","35.00270","False","p239","HaMaarag Project","sp1712","Hamaarag_Mediterranean Maquis_Carmel_T2","","Mediterranean Maquis","Far","Camera Functioning","","No Bait","","Trail, game","Mediterranean Maquis Carmel","","10","high","","4"
"d65007","T2_Nir Etzion Far 9","","","2017-06-17","2017-06-27","","","32.69668","35.01053","False","p239","HaMaarag Project","sp1712","Hamaarag_Mediterranean Maquis_Carmel_T2","","Mediterranean Maquis","Far","Camera Functioning","","No Bait","","Trail, game","Mediterranean Maquis Carmel","","5","high","","3"
"d65008","T2_Beit Oren Near 1","","","2017-07-07","2017-07-21","","","32.73383","35.00155","False","p239","HaMaarag Project","sp1712","Hamaarag_Mediterranean Maquis_Carmel_T2","","Mediterranean Maquis","Near","Camera Functioning","","No Bait","","Trail, game","Mediterranean Maquis Carmel","","5","high","","16"
"d64982","T2_Yagur Far 2","","","2017-09-01","2017-09-01","","","32.75572","35.05366","False","p239","HaMaarag Project","sp1712","Hamaarag_Mediterranean Maquis_Carmel_T2","","Mediterranean Maquis","Far","Camera Functioning","","No Bait","","Trail, game","Mediterranean Maquis Carmel","","5","high","","17"
"d65010","T2_Beit Oren Near 3","","","2017-07-07","2017-07-10","","","32.73476","35.00198","False","p239","HaMaarag Project","sp1712","Hamaarag_Mediterranean Maquis_Carmel_T2","","Mediterranean Maquis","Near","Camera Functioning","","No Bait","","Trail, game","Mediterranean Maquis Carmel","","5","high","","17"
"d65001","T2_Nir Etzion Far 3","","","2017-06-17","2017-06-18","","","32.69824","35.00672","False","p239","HaMaarag Project","sp1712","Hamaarag_Mediterranean Maquis_Carmel_T2","","Mediterranean Maquis","Far","Camera Functioning","","No Bait","","Trail, game","Mediterranean Maquis Carmel","","5","high","","15"
"d65018","T2_Beit Oren Far 2","","","2017-07-07","2017-07-18","","","32.72617","35.00716","False","p239","HaMaarag Project","sp1712","Hamaarag_Mediterranean Maquis_Carmel_T2","","Mediterranean Maquis","Far","Camera Functioning","","No Bait","","Trail, game","Mediterranean Maquis Carmel","","5","high","","3"
"d64981","T2_Yagur Far 1","","","2017-08-31","2017-09-04","","","32.75573","35.05408","False","p239","HaMaarag Project","sp1712","Hamaarag_Mediterranean Maquis_Carmel_T2","","Mediterranean Maquis","Far","Camera Functioning","","No Bait","","Trail, game","Mediterranean Maquis Carmel","","5","high","","1"
"d65015","T2_Beit Oren Near 8","","","2017-07-09","2017-07-22","","","32.73322","35.00403","False","p239","HaMaarag Project","sp1712","Hamaarag_Mediterranean Maquis_Carmel_T2","","Mediterranean Maquis","Near","Camera Functioning","","No Bait","","Trail, game","Mediterranean Maquis Carmel","","1","high","","18"
"d64990","T2_Nir Etzion Near 3","","","2017-06-17","2017-06-27","","","32.70080","34.99424","False","p239","HaMaarag Project","sp1712","Hamaarag_Mediterranean Maquis_Carmel_T2","","Mediterranean Maquis","Near","Camera Functioning","","No Bait","","Trail, game","Mediterranean Maquis Carmel","","2","high","","1"
"d64987","T2_Yagur Far 7","","","2017-08-31","2017-09-06","","","32.75452","35.05454","False","p239","HaMaarag Project","sp1712","Hamaarag_Mediterranean Maquis_Carmel_T2","","Mediterranean Maquis","Far","Camera Functioning","","No Bait","","Trail, game","Mediterranean Maquis Carmel","","5","high","","4"
"d64974","T2_Yagur Near 3","","","2017-08-31","2017-09-07","","","32.73890","35.07627","False","p239","HaMaarag Project","sp1712","Hamaarag_Mediterranean Maquis_Carmel_T2","","Mediterranean Maquis","Near","Camera Functioning","","No Bait","","Trail, game","Mediterranean Maquis Carmel","","5","high","","14"
"d65004","T2_Nir Etzion Far 6","","","2017-06-17","2017-06-28","","","32.69810","35.00771","False","p239","HaMaarag Project","sp1712","Hamaarag_Mediterranean Maquis_Carmel_T2","","Mediterranean Maquis","Far","Camera Functioning","","No Bait","","Trail, game","Mediterranean Maquis Carmel","","5","high","","10"
"d64923","T2_Margaliot Near 6","","","2017-11-04","2017-11-14","","","33.21294","35.54123","False","p239","HaMaarag Project","sp1713","Hamaarag_Mediterranean Maquis_Galilee_T2","","Mediterranean Maquis","Near","Camera Functioning","","No Bait","","Trail, game","Mediterranean Maquis Galilee","","5","high","","7"
"d64992","T2_Nir Etzion Near 1","","","2017-06-21","2017-06-21","","","32.70119","34.99299","False","p239","HaMaarag Project","sp1712","Hamaarag_Mediterranean Maquis_Carmel_T2","","Mediterranean Maquis","Near","Camera Functioning","","No Bait","","Trail, game","Mediterranean Maquis Carmel","","7","high","","6"
"d64927","T2_Margaliot Far 1","","","2017-11-04","2017-11-13","","","33.20345","35.54450","False","p239","HaMaarag Project","sp1713","Hamaarag_Mediterranean Maquis_Galilee_T2","","Mediterranean Maquis","Far","Camera Functioning","","No Bait","","Trail, game","Mediterranean Maquis Galilee","","2","high","","10A"
"d64922","T2_Margaliot Near 5","","","2017-11-04","2017-11-12","","","33.21406","35.54188","False","p239","HaMaarag Project","sp1713","Hamaarag_Mediterranean Maquis_Galilee_T2","","Mediterranean Maquis","Near","Camera Functioning","","No Bait","","Trail, game","Mediterranean Maquis Galilee","","1","high","","16"
"d64995","T2_Nir Etzion Near 6","","","2017-06-17","2017-06-26","","","32.69998","34.99636","False","p239","HaMaarag Project","sp1712","Hamaarag_Mediterranean Maquis_Carmel_T2","","Mediterranean Maquis","Near","Camera Functioning","","No Bait","","Trail, game","Mediterranean Maquis Carmel","","0.5","high","","2"
"d64998","T2_Nir Etzion Near 9","","","2017-06-22","2017-06-26","","","32.69948","34.99760","False","p239","HaMaarag Project","sp1712","Hamaarag_Mediterranean Maquis_Carmel_T2","","Mediterranean Maquis","Near","Camera Functioning","","No Bait","","Trail, game","Mediterranean Maquis Carmel","","1","high","","13"
"d64975","T2_Yagur Near 4","","","2017-08-29","2017-09-04","","","32.73831","35.07690","False","p239","HaMaarag Project","sp1712","Hamaarag_Mediterranean Maquis_Carmel_T2","","Mediterranean Maquis","Near","Camera Functioning","","No Bait","","Trail, game","Mediterranean Maquis Carmel","","5","high","","16"
"d65011","T2_Beit Oren Near 4","","","2017-07-19","2017-07-19","","","32.73399","35.00249","False","p239","HaMaarag Project","sp1712","Hamaarag_Mediterranean Maquis_Carmel_T2","","Mediterranean Maquis","Near","Camera Functioning","","No Bait","","Trail, game","Mediterranean Maquis Carmel","","2","high","","6"
"d64994","T2_Nir Etzion Near 5","","","2017-06-17","2017-06-28","","","32.70024","34.99519","False","p239","HaMaarag Project","sp1712","Hamaarag_Mediterranean Maquis_Carmel_T2","","Mediterranean Maquis","Near","Camera Functioning","","No Bait","","Trail, game","Mediterranean Maquis Carmel","","5","high","","17"
"d64930","T2_Margaliot Far 4","","","2017-11-04","2017-11-13","","","33.20412","35.54441","False","p239","HaMaarag Project","sp1713","Hamaarag_Mediterranean Maquis_Galilee_T2","","Mediterranean Maquis","Far","Camera Functioning","","No Bait","","Trail, game","Mediterranean Maquis Galilee","","1","high","","11A"
"d65017","T2_Beit Oren Far 1","","","2017-07-09","2017-07-22","","","32.72598","35.00815","False","p239","HaMaarag Project","sp1712","Hamaarag_Mediterranean Maquis_Carmel_T2","","Mediterranean Maquis","Far","Camera Functioning","","No Bait","","Trail, game","Mediterranean Maquis Carmel","","5","high","","7"
"d65022","T2_Beit Oren Far 6","","","2017-07-07","2017-07-07","","","32.72569","35.00440","False","p239","HaMaarag Project","sp1712","Hamaarag_Mediterranean Maquis_Carmel_T2","","Mediterranean Maquis","Far","Camera Functioning","","No Bait","","Trail, game","Mediterranean Maquis Carmel","","5","high","","15"
"d65023","T2_Beit Oren Far 7","","","2017-07-07","2017-07-19","","","32.72523","35.00376","False","p239","HaMaarag Project","sp1712","Hamaarag_Mediterranean Maquis_Carmel_T2","","Mediterranean Maquis","Far","Camera Functioning","","No Bait","","Trail, game","Mediterranean Maquis Carmel","","3","high","","5"
"d64988","T2_Yagur Far 8","","","2017-08-31","2017-08-31","","","32.75420","35.05488","False","p239","HaMaarag Project","sp1712","Hamaarag_Mediterranean Maquis_Carmel_T2","","Mediterranean Maquis","Far","Camera Functioning","","No Bait","","Trail, game","Mediterranean Maquis Carmel","","5","high","","3"
"d64977","T2_Yagur Near 6","","","2017-08-30","2017-08-30","","","32.73736","35.07715","False","p239","HaMaarag Project","sp1712","Hamaarag_Mediterranean Maquis_Carmel_T2","","Mediterranean Maquis","Near","Camera Functioning","","No Bait","","Trail, game","Mediterranean Maquis Carmel","","2","high","","7"
"d64933","T2_Margaliot Far 7","","","2017-11-05","2017-11-13","","","33.20493","35.54407","False","p239","HaMaarag Project","sp1713","Hamaarag_Mediterranean Maquis_Galilee_T2","","Mediterranean Maquis","Far","Camera Functioning","","No Bait","","Trail, game","Mediterranean Maquis Galilee","","1","high","","12"
"d64934","T2_Margaliot Far 8","","","2017-11-04","2017-11-13","","","33.20515","35.54340","False","p239","HaMaarag Project","sp1713","Hamaarag_Mediterranean Maquis_Galilee_T2","","Mediterranean Maquis","Far","Camera Functioning","","No Bait","","Trail, game","Mediterranean Maquis Galilee","","5","high","","13A"
"d65212","T2_Ramat Hashofet KKL Plantings 7","","","2017-11-18","2017-12-01","","","32.61511","35.11402","False","p239","HaMaarag Project","sp1717","Hamaarag_Planted_Conifer_Forests_Carmel_T2","","Conifer Plantation","KKL Plantings","Camera Functioning","","No Bait","","Trail, game","Planted Conifer Forest Carmel","","10","high","","25"
"d65214","T2_Ramat Hashofet KKL Plantings 9","","","2017-11-19","2017-12-01","","","32.61525","35.11505","False","p239","HaMaarag Project","sp1717","Hamaarag_Planted_Conifer_Forests_Carmel_T2","","Conifer Plantation","KKL Plantings","Camera Functioning","","No Bait","","Trail, game","Planted Conifer Forest Carmel","","40","high","","35"
"d65240","T2_Ofer KKL Plantings 8","","","2017-11-08","2017-11-16","","","32.61105","34.96693","False","p239","HaMaarag Project","sp1717","Hamaarag_Planted_Conifer_Forests_Carmel_T2","","Conifer Plantation","KKL Plantings","Camera Functioning","","No Bait","","Trail, game","Planted Conifer Forest Carmel","","10","high","","32"
"d65292","T2_Mirsham Near 6","","","2018-10-29","2018-11-08","","","31.48196","34.93116","False","p239","HaMaarag Project","sp1715","Hamaarag_Mediterranean-Desert_Transition_Zone_T2","","Dry Shrub-steppe","Near","Camera Functioning","","No Bait","","Trail, game","Desert Transition Zone","","30","high","","12"
"d65497","T2_Lotan Far 4","","","2000-01-01","2000-01-01","","","30.01387","35.08405","False","p239","HaMaarag Project","sp1711","Hamaarag_Arid_Desert_T2","","Hyper Arid Desert","Far","Camera Functioning","","No Bait","","Trail, game","Arid South","","20","high","","7"
"d65502","T2_Lotan Far 9","","","2019-01-21","2019-02-02","","","30.01749","35.08355","False","p239","HaMaarag Project","sp1711","Hamaarag_Arid_Desert_T2","","Hyper Arid Desert","Far","Camera Functioning","","No Bait","","Trail, game","Arid South","","10","high","","37"
"d65293","T2_Mirsham Near 7","","","2018-10-29","2018-11-08","","","31.48242","34.92984","False","p239","HaMaarag Project","sp1715","Hamaarag_Mediterranean-Desert_Transition_Zone_T2","","Dry Shrub-steppe","Near","Camera Functioning","","No Bait","","Trail, game","Desert Transition Zone","","5","high","","17"
"d65499","T2_Lotan Far 6","","","2000-01-01","2000-01-01","","","30.01531","35.08382","False","p239","HaMaarag Project","sp1711","Hamaarag_Arid_Desert_T2","","Hyper Arid Desert","Far","Camera Functioning","","No Bait","","Trail, game","Arid South","","100","high","","19"
"d65492","T2_Lotan Near 8","","","2019-02-21","2019-03-05","","","29.97915","35.08433","False","p239","HaMaarag Project","sp1711","Hamaarag_Arid_Desert_T2","","Hyper Arid Desert","Near","Camera Functioning","","No Bait","","Trail, game","Arid South","","5","high","","33"
"d64931","T2_Margaliot Far 5","","","2017-11-04","2017-11-13","","","33.20427","35.54420","False","p239","HaMaarag Project","sp1713","Hamaarag_Mediterranean Maquis_Galilee_T2","","Mediterranean Maquis","Far","Camera Functioning","","No Bait","","Trail, game","Mediterranean Maquis Galilee","","5","high","","5A"
"d65488","T2_Lotan Near 4","","","2019-02-21","2019-03-05","","","29.98031","35.08414","False","p239","HaMaarag Project","sp1711","Hamaarag_Arid_Desert_T2","","Hyper Arid Desert","Near","Camera Functioning","","No Bait","","Trail, game","Arid South","","50","high","","16"
"d65553","T2_Yotveta Far 6","","","2018-10-08","2018-10-21","","","29.88462","35.03735","False","p239","HaMaarag Project","sp1711","Hamaarag_Arid_Desert_T2","","Hyper Arid Desert","Far","Camera Functioning","","No Bait","","Trail, game","Arid South","","15","high","","26"
"d65551","T2_Yotveta Far 4","","","2018-10-06","2018-10-22","","","29.88528","35.03780","False","p239","HaMaarag Project","sp1711","Hamaarag_Arid_Desert_T2","","Hyper Arid Desert","Far","Camera Functioning","","No Bait","","Trail, game","Arid South","","50","high","","25"
"d65296","T2_Mirsham Far 1","","","2018-10-29","2018-11-07","","","31.46342","34.90586","False","p239","HaMaarag Project","sp1715","Hamaarag_Mediterranean-Desert_Transition_Zone_T2","","Dry Shrub-steppe","Far","Camera Functioning","","No Bait","","Trail, game","Desert Transition Zone","","5","high","","4"
"d65238","T2_Ofer KKL Plantings 6","","","2017-11-08","2017-11-17","","","32.61109","34.96976","False","p239","HaMaarag Project","sp1717","Hamaarag_Planted_Conifer_Forests_Carmel_T2","","Conifer Plantation","KKL Plantings","Camera Functioning","","No Bait","","Trail, game","Planted Conifer Forest Carmel","","5","high","","26"
"d65235","T2_Ofer KKL Plantings 3","","","2017-11-07","2017-11-16","","","32.61218","34.97079","False","p239","HaMaarag Project","sp1717","Hamaarag_Planted_Conifer_Forests_Carmel_T2","","Conifer Plantation","KKL Plantings","Camera Functioning","","No Bait","","Trail, game","Planted Conifer Forest Carmel","","5","high","","33"
"d65237","T2_Ofer KKL Plantings 5","","","2017-11-08","2017-11-16","","","32.61117","34.97050","False","p239","HaMaarag Project","sp1717","Hamaarag_Planted_Conifer_Forests_Carmel_T2","","Conifer Plantation","KKL Plantings","Camera Functioning","","No Bait","","Trail, game","Planted Conifer Forest Carmel","","5","high","","12"
"d65290","T2_Mirsham Near 4","","","2018-10-29","2018-11-08","","","31.48078","34.93135","False","p239","HaMaarag Project","sp1715","Hamaarag_Mediterranean-Desert_Transition_Zone_T2","","Dry Shrub-steppe","Near","Camera Functioning","","No Bait","","Trail, game","Desert Transition Zone","","30","high","","19"
"d65302","T2_Mirsham Far 7","","","2018-10-29","2018-11-08","","","31.46393","34.90200","False","p239","HaMaarag Project","sp1715","Hamaarag_Mediterranean-Desert_Transition_Zone_T2","","Dry Shrub-steppe","Far","Camera Functioning","","No Bait","","Trail, game","Desert Transition Zone","","50","high","","2"
"d65236","T2_Ofer KKL Plantings 4","","","2017-11-07","2017-11-17","","","32.61177","34.97133","False","p239","HaMaarag Project","sp1717","Hamaarag_Planted_Conifer_Forests_Carmel_T2","","Conifer Plantation","KKL Plantings","Camera Functioning","","No Bait","","Trail, game","Planted Conifer Forest Carmel","","5","high","","6"
"d65303","T2_Mirsham Far 8","","","2018-10-29","2018-11-05","","","31.46428","34.90144","False","p239","HaMaarag Project","sp1715","Hamaarag_Mediterranean-Desert_Transition_Zone_T2","","Dry Shrub-steppe","Far","Camera Functioning","","No Bait","","Trail, game","Desert Transition Zone","","5","high","","6"
"d65301","T2_Mirsham Far 6","","","2018-10-29","2018-11-01","","","31.46370","34.90289","False","p239","HaMaarag Project","sp1715","Hamaarag_Mediterranean-Desert_Transition_Zone_T2","","Dry Shrub-steppe","Far","Camera Functioning","","No Bait","","Trail, game","Desert Transition Zone","","5","high","","7"
"d65500","T2_Lotan Far 7","","","2019-02-21","2019-03-05","","","30.01595","35.08373","False","p239","HaMaarag Project","sp1711","Hamaarag_Arid_Desert_T2","","Hyper Arid Desert","Far","Camera Functioning","","No Bait","","Trail, game","Arid South","","15","high","","35"
"d65489","T2_Lotan Near 5","","","2019-02-21","2019-03-05","","","29.98043","35.08330","False","p239","HaMaarag Project","sp1711","Hamaarag_Arid_Desert_T2","","Hyper Arid Desert","Near","Camera Functioning","","No Bait","","Trail, game","Arid South","","30","high","","17"
"d65490","T2_Lotan Near 6","","","2019-02-22","2019-03-05","","","29.97980","35.08400","False","p239","HaMaarag Project","sp1711","Hamaarag_Arid_Desert_T2","","Hyper Arid Desert","Near","Camera Functioning","","No Bait","","Trail, game","Arid South","","15","high","","25"
"d65552","T2_Yotveta Far 5","","","2018-10-06","2018-10-24","","","29.88578","35.03777","False","p239","HaMaarag Project","sp1711","Hamaarag_Arid_Desert_T2","","Hyper Arid Desert","Far","Camera Functioning","","No Bait","","Trail, game","Arid South","","20","high","","24"
"d65287","T2_Mirsham Near 1","","","2018-10-29","2018-11-08","","","31.47920","34.92967","False","p239","HaMaarag Project","sp1715","Hamaarag_Mediterranean-Desert_Transition_Zone_T2","","Dry Shrub-steppe","Near","Camera Functioning","","No Bait","","Trail, game","Desert Transition Zone","","30","high","","13"
"d65486","T2_Lotan Near 2","","","2019-02-22","2019-03-06","","","29.98098","35.08427","False","p239","HaMaarag Project","sp1711","Hamaarag_Arid_Desert_T2","","Hyper Arid Desert","Near","Camera Functioning","","No Bait","","Trail, game","Arid South","","50","high","","14"
"d65501","T2_Lotan Far 8","","","2019-02-21","2019-03-05","","","30.01682","35.08358","False","p239","HaMaarag Project","sp1711","Hamaarag_Arid_Desert_T2","","Hyper Arid Desert","Far","Camera Functioning","","No Bait","","Trail, game","Arid South","","20","high","","24"
"d65213","T2_Ramat Hashofet KKL Plantings 8","","","2017-11-19","2017-11-30","","","32.61484","35.11441","False","p239","HaMaarag Project","sp1717","Hamaarag_Planted_Conifer_Forests_Carmel_T2","","Conifer Plantation","KKL Plantings","Camera Functioning","","No Bait","","Trail, game","Planted Conifer Forest Carmel","","20","high","","18"
"d65485","T2_Lotan Near 1","","","2019-02-21","2019-03-05","","","29.98188","35.08408","False","p239","HaMaarag Project","sp1711","Hamaarag_Arid_Desert_T2","","Hyper Arid Desert","Near","Camera Functioning","","No Bait","","Trail, game","Arid South","","50","high","","12"
"d65241","T2_Ofer KKL Plantings 9","","","2016-11-07","2016-11-16","","","32.61319","34.96657","False","p239","HaMaarag Project","sp1717","Hamaarag_Planted_Conifer_Forests_Carmel_T2","","Conifer Plantation","KKL Plantings","Camera Functioning","","No Bait","","Trail, game","Planted Conifer Forest Carmel","","5","high","","10"
"d65548","T2_Yotveta Far 1","","","2018-10-06","2018-10-24","","","29.88408","35.03946","False","p239","HaMaarag Project","sp1711","Hamaarag_Arid_Desert_T2","","Hyper Arid Desert","Far","Camera Functioning","","No Bait","","Trail, game","Arid South","","10","high","","21"
"d65498","T2_Lotan Far 5","","","2000-01-01","2000-01-01","","","30.01462","35.08399","False","p239","HaMaarag Project","sp1711","Hamaarag_Arid_Desert_T2","","Hyper Arid Desert","Far","Camera Functioning","","No Bait","","Trail, game","Arid South","","15","high","","13"
"d65555","T2_Yotveta Far 8","","","2018-10-06","2018-10-24","","","29.88381","35.03642","False","p239","HaMaarag Project","sp1711","Hamaarag_Arid_Desert_T2","","Hyper Arid Desert","Far","Camera Functioning","","No Bait","","Trail, game","Arid South","","50","high","","28"
"d65289","T2_Mirsham Near 3","","","2018-10-29","2018-11-03","","","31.47997","34.93074","False","p239","HaMaarag Project","sp1715","Hamaarag_Mediterranean-Desert_Transition_Zone_T2","","Dry Shrub-steppe","Near","Camera Functioning","","No Bait","","Trail, game","Desert Transition Zone","","5","high","","16"
"d65291","T2_Mirsham Near 5","","","2018-10-29","2018-10-30","","","31.48170","34.93165","False","p239","HaMaarag Project","sp1715","Hamaarag_Mediterranean-Desert_Transition_Zone_T2","","Dry Shrub-steppe","Near","Camera Functioning","","No Bait","","Trail, game","Desert Transition Zone","","20","high","","18"
"d65288","T2_Mirsham Near 2","","","2018-11-01","2018-11-08","","","31.47932","34.93002","False","p239","HaMaarag Project","sp1715","Hamaarag_Mediterranean-Desert_Transition_Zone_T2","","Dry Shrub-steppe","Near","Camera Functioning","","No Bait","","Trail, game","Desert Transition Zone","","5","high","","11"
"d65062","T2_Givat Yearim Near 1","","","2017-07-29","2017-08-09","","","31.78672","35.09384","False","p239","HaMaarag Project","sp1714","Hamaarag_Mediterranean Maquis_Judea_T2","","Mediterranean Maquis","Near","Camera Functioning","","No Bait","","Trail, game","Mediterranean Maquis Judean Highlands","","2","high","","Ca06"
"d65306","T2_Lahav Near 2","","","2018-10-30","2018-11-10","","","31.38438","34.86286","False","p239","HaMaarag Project","sp1715","Hamaarag_Mediterranean-Desert_Transition_Zone_T2","","Dry Shrub-steppe","Near","Camera Functioning","","No Bait","","Trail, game","Desert Transition Zone","","15","high","","31"
"d65064","T2_Givat Yearim Near 3","","","2017-07-29","2017-08-09","","","31.78640","35.09520","False","p239","HaMaarag Project","sp1714","Hamaarag_Mediterranean Maquis_Judea_T2","","Mediterranean Maquis","Near","Camera Functioning","","No Bait","","Trail, game","Mediterranean Maquis Judean Highlands","","5","high","","ca35"
"d65309","T2_Lahav Near 5","","","2018-10-30","2018-11-10","","","31.38426","34.86448","False","p239","HaMaarag Project","sp1715","Hamaarag_Mediterranean-Desert_Transition_Zone_T2","","Dry Shrub-steppe","Near","Camera Functioning","","No Bait","","Trail, game","Desert Transition Zone","","5","high","","35"
"d65063","T2_Givat Yearim Near 2","","","2017-07-29","2017-08-09","","","31.78680","35.09310","False","p239","HaMaarag Project","sp1714","Hamaarag_Mediterranean Maquis_Judea_T2","","Mediterranean Maquis","Near","Camera Functioning","","No Bait","","Trail, game","Mediterranean Maquis Judean Highlands","","5","high","","CA1"
"d65180","T2_Zuriel KKL Plantings 2","","","2017-12-22","2018-01-02","","","33.00954","35.31366","False","p239","HaMaarag Project","sp1718","Hamaarag_Planted_Conifer_Forests_Galilee_T2","","Conifer Plantation","KKL Plantings","Camera Functioning","","No Bait","","Trail, game","Planted Conifer Forest Galilee","","5","high","","25"
"d65335","T2_Lehavim Far 4","","","2018-12-08","2018-12-18","","","31.37651","34.82792","False","p239","HaMaarag Project","sp1715","Hamaarag_Mediterranean-Desert_Transition_Zone_T2","","Dry Shrub-steppe","Far","Camera Functioning","","No Bait","","Trail, game","Desert Transition Zone","","5","high","","16"
"d65333","T2_Lehavim Far 2","","","2018-12-08","2018-12-18","","","31.37516","34.82832","False","p239","HaMaarag Project","sp1715","Hamaarag_Mediterranean-Desert_Transition_Zone_T2","","Dry Shrub-steppe","Far","Camera Functioning","","No Bait","","Trail, game","Desert Transition Zone","","30","high","","15"
"d65315","T2_Lahav Far 2","","","2018-10-30","2018-11-10","","","31.37367","34.85773","False","p239","HaMaarag Project","sp1715","Hamaarag_Mediterranean-Desert_Transition_Zone_T2","","Dry Shrub-steppe","Far","Camera Functioning","","No Bait","","Trail, game","Desert Transition Zone","","5","high","","26"
"d65338","T2_Lehavim Far 7","","","2018-12-08","2018-12-17","","","31.37899","34.82621","False","p239","HaMaarag Project","sp1715","Hamaarag_Mediterranean-Desert_Transition_Zone_T2","","Dry Shrub-steppe","Far","Camera Functioning","","No Bait","","Trail, game","Desert Transition Zone","","30","high","","19"
"d65329","T2_Lehavim Near 7","","","2018-12-08","2018-12-18","","","31.36343","34.82568","False","p239","HaMaarag Project","sp1715","Hamaarag_Mediterranean-Desert_Transition_Zone_T2","","Dry Shrub-steppe","Near","Camera Functioning","","No Bait","","Trail, game","Desert Transition Zone","","5","high","","35"
"d65318","T2_Lahav Far 5","","","2018-10-30","2018-11-10","","","31.37359","34.85967","False","p239","HaMaarag Project","sp1715","Hamaarag_Mediterranean-Desert_Transition_Zone_T2","","Dry Shrub-steppe","Far","Camera Functioning","","No Bait","","Trail, game","Desert Transition Zone","","2","high","","25"
"d65320","T2_Lahav Far 7","","","2018-10-30","2018-11-10","","","31.37328","34.86086","False","p239","HaMaarag Project","sp1715","Hamaarag_Mediterranean-Desert_Transition_Zone_T2","","Dry Shrub-steppe","Far","Camera Functioning","","No Bait","","Trail, game","Desert Transition Zone","","2","high","","27"
"d65330","T2_Lehavim Near 8","","","2018-12-08","2018-12-18","","","31.36337","34.82652","False","p239","HaMaarag Project","sp1715","Hamaarag_Mediterranean-Desert_Transition_Zone_T2","","Dry Shrub-steppe","Near","Camera Functioning","","No Bait","","Trail, game","Desert Transition Zone","","5","high","","38"
"d65317","T2_Lahav Far 4","","","2018-10-30","2018-11-09","","","31.37349","34.85916","False","p239","HaMaarag Project","sp1715","Hamaarag_Mediterranean-Desert_Transition_Zone_T2","","Dry Shrub-steppe","Far","Camera Functioning","","No Bait","","Trail, game","Desert Transition Zone","","2","high","","24"
"d65326","T2_Lehavim Near 4","","","2018-12-08","2018-12-18","","","31.36382","34.82309","False","p239","HaMaarag Project","sp1715","Hamaarag_Mediterranean-Desert_Transition_Zone_T2","","Dry Shrub-steppe","Near","Camera Functioning","","No Bait","","Trail, game","Desert Transition Zone","","5","high","","34"
"d65324","T2_Lehavim Near 2","","","2018-12-08","2018-12-18","","","31.36450","34.82366","False","p239","HaMaarag Project","sp1715","Hamaarag_Mediterranean-Desert_Transition_Zone_T2","","Dry Shrub-steppe","Near","Camera Functioning","","No Bait","","Trail, game","Desert Transition Zone","","10","high","","37"
"d65336","T2_Lehavim Far 5","","","2018-12-08","2018-12-18","","","31.37775","34.82749","False","p239","HaMaarag Project","sp1715","Hamaarag_Mediterranean-Desert_Transition_Zone_T2","","Dry Shrub-steppe","Far","Camera Functioning","","No Bait","","Trail, game","Desert Transition Zone","","30","high","","17"
"d65310","T2_Lahav Near 6","","","2018-10-30","2018-11-10","","","31.38428","34.86510","False","p239","HaMaarag Project","sp1715","Hamaarag_Mediterranean-Desert_Transition_Zone_T2","","Dry Shrub-steppe","Near","Camera Functioning","","No Bait","","Trail, game","Desert Transition Zone","","5","high","","36"
"d65322","T2_Lahav Far 9","","","2018-10-30","2018-11-10","","","31.37354","34.86180","False","p239","HaMaarag Project","sp1715","Hamaarag_Mediterranean-Desert_Transition_Zone_T2","","Dry Shrub-steppe","Far","Camera Functioning","","No Bait","","Trail, game","Desert Transition Zone","","5","high","","22"
"d65323","T2_Lehavim Near 1","","","2018-12-08","2018-12-18","","","31.36518","34.82300","False","p239","HaMaarag Project","sp1715","Hamaarag_Mediterranean-Desert_Transition_Zone_T2","","Dry Shrub-steppe","Near","Camera Functioning","","No Bait","","Trail, game","Desert Transition Zone","","20","high","","33"
"d65332","T2_Lehavim Far 1","","","2018-12-08","2018-12-18","","","31.37475","34.82907","False","p239","HaMaarag Project","sp1715","Hamaarag_Mediterranean-Desert_Transition_Zone_T2","","Dry Shrub-steppe","Far","Camera Functioning","","No Bait","","Trail, game","Desert Transition Zone","","20","high","","11"
"d65327","T2_Lehavim Near 5","","","2018-12-08","2018-12-18","","","31.36346","34.82380","False","p239","HaMaarag Project","sp1715","Hamaarag_Mediterranean-Desert_Transition_Zone_T2","","Dry Shrub-steppe","Near","Camera Functioning","","No Bait","","Trail, game","Desert Transition Zone","","5","high","","29"
"d65340","T2_Lehavim Far 9","","","2018-12-08","2018-12-18","","","31.37982","34.82774","False","p239","HaMaarag Project","sp1715","Hamaarag_Mediterranean-Desert_Transition_Zone_T2","","Dry Shrub-steppe","Far","Camera Functioning","","No Bait","","Trail, game","Desert Transition Zone","","5","high","","14"
"d65328","T2_Lehavim Near 6","","","2018-12-08","2018-12-18","","","31.36408","34.82494","False","p239","HaMaarag Project","sp1715","Hamaarag_Mediterranean-Desert_Transition_Zone_T2","","Dry Shrub-steppe","Near","Camera Functioning","","No Bait","","Trail, game","Desert Transition Zone","","50","high","","36"
"d64877","T2_Yavneel Far 5","","","2018-09-12","2018-09-22","","","32.67867","35.51051","False","p239","HaMaarag Project","sp1710","HaMaarag_Herbaceous_and_Dwarf-Shrub_Vegetation_T2","","Grassland","Far","Camera Functioning","","No Bait","","Trail, game","Herbaceous","","40","high","","10"
"d65381","T2_Yeruham Near 5","","","2017-01-01","2017-01-11","","","30.98524","34.91326","False","p239","HaMaarag Project","sp1716","Hamaarag_Negev_Highlands_T2","","Highland Desert","Near","Camera Functioning","","No Bait","","Trail, game","Negev Highlands","","5","high","","22"
"d65388","T2_Yeruham Far 3","","","2017-01-01","2017-01-12","","","30.97834","34.89407","False","p239","HaMaarag Project","sp1716","Hamaarag_Negev_Highlands_T2","","Highland Desert","Far","Camera Functioning","","No Bait","","Trail, game","Negev Highlands","","5","high","","7"
"d65556","T2_Yotveta Far 9","","","2018-10-06","2018-10-24","","","29.88290","35.03537","False","p239","HaMaarag Project","sp1711","Hamaarag_Arid_Desert_T2","","Hyper Arid Desert","Far","Camera Functioning","","No Bait","","Trail, game","Arid South","","30","high","","29"
"d65389","T2_Yeruham Far 4","","","2018-12-11","2018-12-22","","","30.97799","34.89449","False","p239","HaMaarag Project","sp1716","Hamaarag_Negev_Highlands_T2","","Highland Desert","Far","Camera Functioning","","No Bait","","Trail, game","Negev Highlands","","3","high","","16spni"
"d65391","T2_Yeruham Far 6","","","2017-01-01","2017-01-12","","","30.97694","34.89547","False","p239","HaMaarag Project","sp1716","Hamaarag_Negev_Highlands_T2","","Highland Desert","Far","Camera Functioning","","No Bait","","Trail, game","Negev Highlands","","10","high","","39"
"d65393","T2_Yeruham Far 8","","","2017-01-01","2017-01-12","","","30.97576","34.89582","False","p239","HaMaarag Project","sp1716","Hamaarag_Negev_Highlands_T2","","Highland Desert","Far","Camera Functioning","","No Bait","","Trail, game","Negev Highlands","","5","high","","21"
"d65512","T2_Paran Far 1","","","2018-09-12","2018-09-20","","","30.35346","35.13837","False","p239","HaMaarag Project","sp1711","Hamaarag_Arid_Desert_T2","","Hyper Arid Desert","Far","Camera Functioning","","No Bait","","Trail, game","Arid South","","10","high","","31"
"d65461","T2_Ezuz Far 4","","","2019-02-01","2019-02-14","","","30.78210","34.46781","False","p239","HaMaarag Project","sp1716","Hamaarag_Negev_Highlands_T2","","Highland Desert","Far","Camera Functioning","","No Bait","","Trail, game","Negev Highlands","","100","high","","25"
"d64876","T2_Yavneel Far 4","","","2018-09-12","2018-09-22","","","32.67906","35.51019","False","p239","HaMaarag Project","sp1710","HaMaarag_Herbaceous_and_Dwarf-Shrub_Vegetation_T2","","Grassland","Far","Camera Functioning","","No Bait","","Trail, game","Herbaceous","","5","high","","1"
"d65450","T2_Ezuz Near 2","","","2019-02-01","2019-02-14","","","30.79828","34.46508","False","p239","HaMaarag Project","sp1716","Hamaarag_Negev_Highlands_T2","","Highland Desert","Near","Camera Functioning","","No Bait","","Trail, game","Negev Highlands","","5","high","","21"
"d64875","T2_Yavneel Far 3","","","2018-09-12","2018-09-22","","","32.67960","35.51019","False","p239","HaMaarag Project","sp1710","HaMaarag_Herbaceous_and_Dwarf-Shrub_Vegetation_T2","","Grassland","Far","Camera Functioning","","No Bait","","Trail, game","Herbaceous","","7","high","","14"
"d65505","T2_Paran Near 3","","","2018-09-13","2018-09-13","","","30.38819","35.15997","False","p239","HaMaarag Project","sp1711","Hamaarag_Arid_Desert_T2","","Hyper Arid Desert","Near","Camera Functioning","","No Bait","","Trail, game","Arid South","","5","high","","13"
"d65455","T2_Ezuz Near 7","","","2019-02-01","2019-02-14","","","30.79652","34.46771","False","p239","HaMaarag Project","sp1716","Hamaarag_Negev_Highlands_T2","","Highland Desert","Near","Camera Functioning","","No Bait","","Trail, game","Negev Highlands","","3","high","","19"
"d65030","T2_Kerem Maharal Near 5","","","2017-08-11","2017-08-20","","","32.64460","34.99520","False","p239","HaMaarag Project","sp1712","Hamaarag_Mediterranean Maquis_Carmel_T2","","Mediterranean Maquis","Near","Camera Functioning","","No Bait","","Trail, game","Mediterranean Maquis Carmel","","5","high","","18"
"d65065","T2_Givat Yearim Near 4","","","2017-08-09","2017-08-09","","","31.78660","35.09450","False","p239","HaMaarag Project","sp1714","Hamaarag_Mediterranean Maquis_Judea_T2","","Mediterranean Maquis","Near","Camera Functioning","","No Bait","","Trail, game","Mediterranean Maquis Judean Highlands","","5","high","","My1"
"d65380","T2_Yeruham Near 4","","","2018-12-11","2018-12-22","","","30.98488","34.91393","False","p239","HaMaarag Project","sp1716","Hamaarag_Negev_Highlands_T2","","Highland Desert","Near","Camera Functioning","","No Bait","","Trail, game","Negev Highlands","","5","high","","25"
"d65390","T2_Yeruham Far 5","","","2018-12-11","2018-12-22","","","30.97759","34.89514","False","p239","HaMaarag Project","sp1716","Hamaarag_Negev_Highlands_T2","","Highland Desert","Far","Camera Functioning","","No Bait","","Trail, game","Negev Highlands","","10","high","","9"
"d65449","T2_Ezuz Near 1","","","2019-01-02","2019-01-15","","","30.79895","34.46467","False","p239","HaMaarag Project","sp1716","Hamaarag_Negev_Highlands_T2","","Highland Desert","Near","Camera Functioning","","No Bait","","Trail, game","Negev Highlands","","50","high","","37"
"d65493","T2_Lotan Near 9","","","2019-02-21","2019-03-05","","","29.97900","35.08486","False","p239","HaMaarag Project","sp1711","Hamaarag_Arid_Desert_T2","","Hyper Arid Desert","Near","Camera Functioning","","No Bait","","Trail, game","Arid South","","7","high","","15"
"d64881","T2_Yavneel Far 9","","","2018-09-12","2018-09-13","","","32.67767","35.51188","False","p239","HaMaarag Project","sp1710","HaMaarag_Herbaceous_and_Dwarf-Shrub_Vegetation_T2","","Grassland","Far","Camera Functioning","","No Bait","","Trail, game","Herbaceous","","40","high","","8"
"d65462","T2_Ezuz Far 5","","","2019-02-01","2019-02-14","","","30.78174","34.46845","False","p239","HaMaarag Project","sp1716","Hamaarag_Negev_Highlands_T2","","Highland Desert","Far","Camera Functioning","","No Bait","","Trail, game","Negev Highlands","","15","high","","12"
"d65451","T2_Ezuz Near 4","","","2019-02-01","2019-02-13","","","30.79744","34.46617","False","p239","HaMaarag Project","sp1716","Hamaarag_Negev_Highlands_T2","","Highland Desert","Near","Camera Functioning","","No Bait","","Trail, game","Negev Highlands","","10","high","","7"
"d65459","T2_Ezuz Far 2","","","2019-02-01","2019-02-14","","","30.78112","34.46584","False","p239","HaMaarag Project","sp1716","Hamaarag_Negev_Highlands_T2","","Highland Desert","Far","Camera Functioning","","No Bait","","Trail, game","Negev Highlands","","5","high","","15"
"d65463","T2_Ezuz Far 6","","","2019-02-01","2019-02-14","","","30.78154","34.46720","False","p239","HaMaarag Project","sp1716","Hamaarag_Negev_Highlands_T2","","Highland Desert","Far","Camera Functioning","","No Bait","","Trail, game","Negev Highlands","","2","high","","16"
"d64924","T2_Margaliot Near 7","","","2017-11-04","2017-11-04","","","33.21266","35.54124","False","p239","HaMaarag Project","sp1713","Hamaarag_Mediterranean Maquis_Galilee_T2","","Mediterranean Maquis","Near","Camera Functioning","","No Bait","","Trail, game","Mediterranean Maquis Galilee","","5","high","","15"
"d65465","T2_Ezuz Far 8","","","2019-02-01","2019-02-14","","","30.78290","34.46579","False","p239","HaMaarag Project","sp1716","Hamaarag_Negev_Highlands_T2","","Highland Desert","Far","Camera Functioning","","No Bait","","Trail, game","Negev Highlands","","5","high","","29"
"d64925","T2_Margaliot Near 8","","","2017-11-04","2017-11-14","","","33.21268","35.54079","False","p239","HaMaarag Project","sp1713","Hamaarag_Mediterranean Maquis_Galilee_T2","","Mediterranean Maquis","Near","Camera Functioning","","No Bait","","Trail, game","Mediterranean Maquis Galilee","","3","high","","9"
"d65496","T2_Lotan Far 3","","","2000-01-01","2000-01-01","","","30.01328","35.08432","False","p239","HaMaarag Project","sp1711","Hamaarag_Arid_Desert_T2","","Hyper Arid Desert","Far","Camera Functioning","","No Bait","","Trail, game","Arid South","","10","high","","21"
"d65458","T2_Ezuz Far 1","","","2019-02-01","2019-02-14","","","30.78174","34.46585","False","p239","HaMaarag Project","sp1716","Hamaarag_Negev_Highlands_T2","","Highland Desert","Far","Camera Functioning","","No Bait","","Trail, game","Negev Highlands","","30","high","","33"
"d65554","T2_Yotveta Far 7","","","2018-10-06","2018-10-24","","","29.88407","35.03710","False","p239","HaMaarag Project","sp1711","Hamaarag_Arid_Desert_T2","","Hyper Arid Desert","Far","Camera Functioning","","No Bait","","Trail, game","Arid South","","5","high","","27"
"d64841","T2_Shaal Far 5","","","2018-10-10","2018-10-20","","","33.08592","35.74936","False","p239","HaMaarag Project","sp1710","HaMaarag_Herbaceous_and_Dwarf-Shrub_Vegetation_T2","","Grassland","Far","Camera Functioning","","No Bait","","Trail, game","Herbaceous","","20","high","","13"
"d65378","T2_Yeruham Near 2","","","2017-01-01","2017-01-11","","","30.98446","34.91570","False","p239","HaMaarag Project","sp1716","Hamaarag_Negev_Highlands_T2","","Highland Desert","Near","Camera Functioning","","No Bait","","Trail, game","Negev Highlands","","5","high","","28"
"d65506","T2_Paran Near 4","","","2018-09-14","2018-09-21","","","30.38854","35.15939","False","p239","HaMaarag Project","sp1711","Hamaarag_Arid_Desert_T2","","Hyper Arid Desert","Near","Camera Functioning","","No Bait","","Trail, game","Arid South","","2","high","","18"
"d64874","T2_Yavneel Far 2","","","2018-09-12","2018-09-22","","","32.68037","35.50926","False","p239","HaMaarag Project","sp1710","HaMaarag_Herbaceous_and_Dwarf-Shrub_Vegetation_T2","","Grassland","Far","Camera Functioning","","No Bait","","Trail, game","Herbaceous","","50","high","","18"
"d65385","T2_Yeruham Near 9","","","2018-12-11","2018-12-22","","","30.98574","34.90887","False","p239","HaMaarag Project","sp1716","Hamaarag_Negev_Highlands_T2","","Highland Desert","Near","Camera Functioning","","No Bait","","Trail, game","Negev Highlands","","5","high","","27"
"d65452","T2_Ezuz Near 3","","","2019-02-01","2019-02-14","","","30.79797","34.46581","False","p239","HaMaarag Project","sp1716","Hamaarag_Negev_Highlands_T2","","Highland Desert","Near","Camera Functioning","","No Bait","","Trail, game","Negev Highlands","","50","high","","35"
"d65453","T2_Ezuz Near 5","","","2019-02-01","2019-02-14","","","30.79727","34.46689","False","p239","HaMaarag Project","sp1716","Hamaarag_Negev_Highlands_T2","","Highland Desert","Near","Camera Functioning","","No Bait","","Trail, game","Negev Highlands","","100","high","","2"
"d65382","T2_Yeruham Near 6","","","2018-12-11","2018-12-22","","","30.98582","34.91214","False","p239","HaMaarag Project","sp1716","Hamaarag_Negev_Highlands_T2","","Highland Desert","Near","Camera Functioning","","No Bait","","Trail, game","Negev Highlands","","10","high","","24"
"d65466","T2_Ezuz Far 9","","","2019-02-01","2019-02-15","","","30.78259","34.46547","False","p239","HaMaarag Project","sp1716","Hamaarag_Negev_Highlands_T2","","Highland Desert","Far","Camera Functioning","","No Bait","","Trail, game","Negev Highlands","","5","high","","14"
"d65487","T2_Lotan Near 3","","","2019-02-21","2019-03-05","","","29.98052","35.08464","False","p239","HaMaarag Project","sp1711","Hamaarag_Arid_Desert_T2","","Hyper Arid Desert","Near","Camera Functioning","","No Bait","","Trail, game","Arid South","","20","high","","11"
"d65026","T2_Kerem Maharal Near 1","","","2017-08-11","2017-08-15","","","32.64320","34.99540","False","p239","HaMaarag Project","sp1712","Hamaarag_Mediterranean Maquis_Carmel_T2","","Mediterranean Maquis","Near","Camera Functioning","","No Bait","","Trail, game","Mediterranean Maquis Carmel","","5","high","","1"
"d65386","T2_Yeruham Far 1","","","2018-12-11","2018-12-22","","","30.97854","34.89235","False","p239","HaMaarag Project","sp1716","Hamaarag_Negev_Highlands_T2","","Highland Desert","Far","Camera Functioning","","No Bait","","Trail, game","Negev Highlands","","10","high","","2"
"d65384","T2_Yeruham Near 8","","","2018-12-11","2018-12-20","","","30.98614","34.90986","False","p239","HaMaarag Project","sp1716","Hamaarag_Negev_Highlands_T2","","Highland Desert","Near","Camera Functioning","","No Bait","","Trail, game","Negev Highlands","","5","high","","7spni"
"d65460","T2_Ezuz Far 3","","","2019-02-01","2019-02-13","","","30.78173","34.46786","False","p239","HaMaarag Project","sp1716","Hamaarag_Negev_Highlands_T2","","Highland Desert","Far","Camera Functioning","","No Bait","","Trail, game","Negev Highlands","","3","high","","11"
"d65503","T2_Paran Near 1","","","2018-09-11","2018-09-21","","","30.38771","35.15889","False","p239","HaMaarag Project","sp1711","Hamaarag_Arid_Desert_T2","","Hyper Arid Desert","Near","Camera Functioning","","No Bait","","Trail, game","Arid South","","5","high","","11"
"d65383","T2_Yeruham Near 7","","","2018-12-11","2018-12-22","","","30.98625","34.91088","False","p239","HaMaarag Project","sp1716","Hamaarag_Negev_Highlands_T2","","Highland Desert","Near","Camera Functioning","","No Bait","","Trail, game","Negev Highlands","","5","high","","26"
"d65387","T2_Yeruham Far 2","","","2018-12-11","2018-12-22","","","30.97871","34.89288","False","p239","HaMaarag Project","sp1716","Hamaarag_Negev_Highlands_T2","","Highland Desert","Far","Camera Functioning","","No Bait","","Trail, game","Negev Highlands","","10","high","","3"
"d65550","T2_Yotveta Far 3","","","2018-10-06","2018-10-24","","","29.88498","35.03846","False","p239","HaMaarag Project","sp1711","Hamaarag_Arid_Desert_T2","","Hyper Arid Desert","Far","Camera Functioning","","No Bait","","Trail, game","Arid South","","5","high","","23"
"d65379","T2_Yeruham Near 3","","","2018-12-11","2018-12-22","","","30.98448","34.91506","False","p239","HaMaarag Project","sp1716","Hamaarag_Negev_Highlands_T2","","Highland Desert","Near","Camera Functioning","","No Bait","","Trail, game","Negev Highlands","","5","high","","11spni"
"d65549","T2_Yotveta Far 2","","","2018-10-06","2018-10-24","","","29.88426","35.03897","False","p239","HaMaarag Project","sp1711","Hamaarag_Arid_Desert_T2","","Hyper Arid Desert","Far","Camera Functioning","","No Bait","","Trail, game","Arid South","","30","high","","22"
"d65456","T2_Ezuz Near 8","","","2019-02-01","2019-02-14","","","30.79589","34.46797","False","p239","HaMaarag Project","sp1716","Hamaarag_Negev_Highlands_T2","","Highland Desert","Near","Camera Functioning","","No Bait","","Trail, game","Negev Highlands","","5","high","","9"
"d64846","T2_Natur Far 1","","","2018-10-10","2018-10-20","","","32.84048","35.73813","False","p239","HaMaarag Project","sp1710","HaMaarag_Herbaceous_and_Dwarf-Shrub_Vegetation_T2","","Grassland","Far","Camera Functioning","","No Bait","","Trail, game","Herbaceous","","5","high","","7"
"d64840","T2_Shaal Far 4","","","2018-10-10","2018-10-20","","","33.08697","35.74976","False","p239","HaMaarag Project","sp1710","HaMaarag_Herbaceous_and_Dwarf-Shrub_Vegetation_T2","","Grassland","Far","Camera Functioning","","No Bait","","Trail, game","Herbaceous","","10","high","","5"
"d65494","T2_Lotan Far 1","","","2000-01-01","2000-01-01","","","30.01194","35.08472","False","p239","HaMaarag Project","sp1711","Hamaarag_Arid_Desert_T2","","Hyper Arid Desert","Far","Camera Functioning","","No Bait","","Trail, game","Arid South","","50","high","","9"
"d65394","T2_Yeruham Far 9","","","2018-12-11","2018-12-17","","","30.97493","34.89583","False","p239","HaMaarag Project","sp1716","Hamaarag_Negev_Highlands_T2","","Highland Desert","Far","Camera Functioning","","No Bait","","Trail, game","Negev Highlands","","30","high","","4"
"d65087","T2_Kisalon Near 8","","","2017-06-20","2017-07-02","","","31.77464","35.05447","False","p239","HaMaarag Project","sp1714","Hamaarag_Mediterranean Maquis_Judea_T2","","Mediterranean Maquis","Near","Camera Functioning","","No Bait","","Trail, game","Mediterranean Maquis Judean Highlands","","5","high","","ca21"
"d65464","T2_Ezuz Far 7","","","2019-02-01","2019-02-15","","","30.78255","34.46657","False","p239","HaMaarag Project","sp1716","Hamaarag_Negev_Highlands_T2","","Highland Desert","Far","Camera Functioning","","No Bait","","Trail, game","Negev Highlands","","30","high","","17"
"d64880","T2_Yavneel Far 8","","","2018-09-12","2018-09-17","","","32.67616","35.51167","False","p239","HaMaarag Project","sp1710","HaMaarag_Herbaceous_and_Dwarf-Shrub_Vegetation_T2","","Grassland","Far","Camera Functioning","","No Bait","","Trail, game","Herbaceous","","5","high","","4"
"d65028","T2_Kerem Maharal Near 3","","","2017-08-16","2017-08-16","","","32.64380","34.99490","False","p239","HaMaarag Project","sp1712","Hamaarag_Mediterranean Maquis_Carmel_T2","","Mediterranean Maquis","Near","Camera Functioning","","No Bait","","Trail, game","Mediterranean Maquis Carmel","","3","high","","9"
"d65454","T2_Ezuz Near 6","","","2019-02-01","2019-02-14","","","30.79712","34.46776","False","p239","HaMaarag Project","sp1716","Hamaarag_Negev_Highlands_T2","","Highland Desert","Near","Camera Functioning","","No Bait","","Trail, game","Negev Highlands","","100","high","","13"
"d64879","T2_Yavneel Far 7","","","2018-09-12","2018-09-22","","","32.67715","35.51098","False","p239","HaMaarag Project","sp1710","HaMaarag_Herbaceous_and_Dwarf-Shrub_Vegetation_T2","","Grassland","Far","Camera Functioning","","No Bait","","Trail, game","Herbaceous","","40","high","","3"
"d65491","T2_Lotan Near 7","","","2019-02-21","2019-03-05","","","29.97955","35.08471","False","p239","HaMaarag Project","sp1711","Hamaarag_Arid_Desert_T2","","Hyper Arid Desert","Near","Camera Functioning","","No Bait","","Trail, game","Arid South","","5","high","","29"
"d65457","T2_Ezuz Near 9","","","2019-02-01","2019-02-14","","","30.79531","34.46806","False","p239","HaMaarag Project","sp1716","Hamaarag_Negev_Highlands_T2","","Highland Desert","Near","Camera Functioning","","No Bait","","Trail, game","Negev Highlands","","5","high","","24"
"d64842","T2_Shaal Far 6","","","2018-10-10","2018-10-20","","","33.08540","35.74980","False","p239","HaMaarag Project","sp1710","HaMaarag_Herbaceous_and_Dwarf-Shrub_Vegetation_T2","","Grassland","Far","Camera Functioning","","No Bait","","Trail, game","Herbaceous","","20","high","","17"
"d65532","T2_Zofar Far 3","","","2018-09-11","2018-09-20","","","30.55370","35.17820","False","p239","HaMaarag Project","sp1711","Hamaarag_Arid_Desert_T2","","Hyper Arid Desert","Far","Camera Functioning","no camera trapper","No Bait","","Trail, game","Arid South","","5","high","","26"
"d65564","T2_Beer Milka Near Semi-Shifting 1_8","","","2018-02-12","2018-02-22","","","30.96453","34.39366","False","p239","HaMaarag Project","sp1720","HaMaarag_West_Negev_Inner_Sands_T2","","Sand Dune","Near","Camera Functioning","","No Bait","","Trail, game","Inland Sands","","10","high","","N26"
"d65568","T2_Beer Milka Far Shifting 1_3","","","2017-09-21","2017-09-21","","","30.94659","34.41902","False","p239","HaMaarag Project","sp1720","HaMaarag_West_Negev_Inner_Sands_T2","","Sand Dune","Far","Camera Functioning","","No Bait","","Trail, game","Inland Sands","","5","high","","N28"
"d65573","T2_Beer Milka Far Shifting 1_8","","","2017-09-18","2017-09-22","","","30.94599","34.41637","False","p239","HaMaarag Project","sp1720","HaMaarag_West_Negev_Inner_Sands_T2","","Sand Dune","Far","Camera Functioning","","No Bait","","Trail, game","Inland Sands","","20","high","","N32"
"d65089","T2_Kisalon Far 1","","","2017-06-21","2017-07-02","","","31.76837","35.04083","False","p239","HaMaarag Project","sp1714","Hamaarag_Mediterranean Maquis_Judea_T2","","Mediterranean Maquis","Far","Camera Functioning","cam turned off.  bat full.  card 0%.","No Bait","","Trail, game","Mediterranean Maquis Judean Highlands","","10","high","","ca18"
"d65294","T2_Mirsham Near 8","","","2018-10-29","2018-11-08","","","31.48218","34.92894","False","p239","HaMaarag Project","sp1715","Hamaarag_Mediterranean-Desert_Transition_Zone_T2","","Dry Shrub-steppe","Near","Camera Functioning","","No Bait","","Trail, game","Desert Transition Zone","","5","high","","15"
"d65098","T2_Aderet Near 1","","","2017-10-03","2017-10-13","","","31.66151","34.98830","False","p239","HaMaarag Project","sp1714","Hamaarag_Mediterranean Maquis_Judea_T2","","Mediterranean Maquis","Near","Camera Functioning","","No Bait","","Trail, game","Mediterranean Maquis Judean Highlands","","4.5","high","","ca3"
"d65395","T2_Bislach Near 1","","","2019-01-04","2019-01-14","","","31.02165","34.87205","False","p239","HaMaarag Project","sp1716","Hamaarag_Negev_Highlands_T2","","Highland Desert","Near","Camera Functioning","","No Bait","","Trail, game","Negev Highlands","","5","high","","29"
"d65400","T2_Bislach Near 6","","","2019-01-04","2019-01-07","","","31.01902","34.87678","False","p239","HaMaarag Project","sp1716","Hamaarag_Negev_Highlands_T2","","Highland Desert","Near","Unknown Failure","damaged by hyaena","No Bait","","Trail, game","Negev Highlands","","10","high","","8"
"d65403","T2_Bislach Near 9","","","2017-01-25","2017-02-04","","","31.01972","34.87533","False","p239","HaMaarag Project","sp1716","Hamaarag_Negev_Highlands_T2","","Highland Desert","Near","Camera Functioning","","No Bait","","Trail, game","Negev Highlands","","2","high","","7"
"d65404","T2_Bislach Far 1","","","2019-01-04","2019-01-14","","","31.00335","34.89462","False","p239","HaMaarag Project","sp1716","Hamaarag_Negev_Highlands_T2","","Highland Desert","Far","Camera Functioning","","No Bait","","Trail, game","Negev Highlands","","30","high","","19"
"d65396","T2_Bislach Near 2","","","2019-01-04","2019-01-14","","","31.02111","34.87243","False","p239","HaMaarag Project","sp1716","Hamaarag_Negev_Highlands_T2","","Highland Desert","Near","Camera Functioning","","No Bait","","Trail, game","Negev Highlands","","15","high","","9"
"d65409","T2_Bislach Far 6","","","2019-01-05","2019-01-15","","","31.00534","34.89863","False","p239","HaMaarag Project","sp1716","Hamaarag_Negev_Highlands_T2","","Highland Desert","Far","Camera Functioning","","No Bait","","Trail, game","Negev Highlands","","10","high","","17"
"d65410","T2_Bislach Far 7","","","2019-01-04","2019-01-09","","","31.00555","34.89918","False","p239","HaMaarag Project","sp1716","Hamaarag_Negev_Highlands_T2","","Highland Desert","Far","Camera Functioning","eaten an damaged by hyaena","No Bait","","Trail, game","Negev Highlands","","5","high","","16"
"d65411","T2_Bislach Far 8","","","2019-01-04","2019-01-14","","","31.00606","34.89947","False","p239","HaMaarag Project","sp1716","Hamaarag_Negev_Highlands_T2","","Highland Desert","Far","Camera Functioning","","No Bait","","Trail, game","Negev Highlands","","10","high","","13"
"d65413","T2_Merhav Am Near 1","","","2019-01-20","2019-01-30","","","30.88178","34.83199","False","p239","HaMaarag Project","sp1716","Hamaarag_Negev_Highlands_T2","","Highland Desert","Near","Camera Functioning","","No Bait","","Trail, game","Negev Highlands","","2","high","","38"
"d65407","T2_Bislach Far 4","","","2019-01-04","2019-01-14","","","31.00435","34.89763","False","p239","HaMaarag Project","sp1716","Hamaarag_Negev_Highlands_T2","","Highland Desert","Far","Camera Functioning","","No Bait","","Trail, game","Negev Highlands","","30","high","","11"
"d65414","T2_Merhav Am Near 2","","","2019-01-21","2019-01-30","","","30.88251","34.83116","False","p239","HaMaarag Project","sp1716","Hamaarag_Negev_Highlands_T2","","Highland Desert","Near","Camera Functioning","","No Bait","","Trail, game","Negev Highlands","","5","high","","23"
"d65522","T2_Zofar Near 2","","","2018-09-12","2018-09-21","","","30.56811","35.19399","False","p239","HaMaarag Project","sp1711","Hamaarag_Arid_Desert_T2","","Hyper Arid Desert","Near","Camera Functioning","","No Bait","","Trail, game","Arid South","","5","high","","8"
"d65415","T2_Merhav Am Near 3","","","2019-01-18","2019-01-30","","","30.88233","34.83157","False","p239","HaMaarag Project","sp1716","Hamaarag_Negev_Highlands_T2","","Highland Desert","Near","Camera Functioning","","No Bait","","Trail, game","Negev Highlands","","7","high","","Spni11"
"d65529","T2_Zofar Near 1","","","2018-09-18","2018-09-18","","","30.56834","35.19697","False","p239","HaMaarag Project","sp1711","Hamaarag_Arid_Desert_T2","","Hyper Arid Desert","Near","Camera Functioning","","No Bait","","Trail, game","Arid South","","5","high","","1"
"d65525","T2_Zofar Near 5","","","2018-09-12","2018-09-20","","","30.56981","35.19539","False","p239","HaMaarag Project","sp1711","Hamaarag_Arid_Desert_T2","","Hyper Arid Desert","Near","Camera Functioning","","No Bait","","Trail, game","Arid South","","2","high","","4"
"d65526","T2_Zofar Near 6","","","2018-09-11","2018-09-13","","","30.57011","35.19573","False","p239","HaMaarag Project","sp1711","Hamaarag_Arid_Desert_T2","","Hyper Arid Desert","Near","Camera Functioning","","No Bait","","Trail, game","Arid South","","20","high","","5"
"d65523","T2_Zofar Near 3","","","2018-09-12","2018-09-20","","","30.56838","35.19422","False","p239","HaMaarag Project","sp1711","Hamaarag_Arid_Desert_T2","","Hyper Arid Desert","Near","Camera Functioning","","No Bait","","Trail, game","Arid South","","5","high","","7"
"d65530","T2_Zofar Far 1","","","2018-09-15","2018-09-15","","","30.55430","35.18010","False","p239","HaMaarag Project","sp1711","Hamaarag_Arid_Desert_T2","","Hyper Arid Desert","Far","Camera Functioning","no cammera trapper","No Bait","","Trail, game","Arid South","","5","high","","29"
"d65533","T2_Zofar Far 4","","","2018-09-12","2018-09-17","","","30.55370","35.17820","False","p239","HaMaarag Project","sp1711","Hamaarag_Arid_Desert_T2","","Hyper Arid Desert","Far","Camera Functioning","","No Bait","","Trail, game","Arid South","","5","high","","27"
"d65565","T2_Beer Milka Near Semi-Shifting 1_9","","","2018-02-13","2018-02-20","","","30.96494","34.39319","False","p239","HaMaarag Project","sp1720","HaMaarag_West_Negev_Inner_Sands_T2","","Sand Dune","Near","Camera Functioning","","No Bait","","Trail, game","Inland Sands","","20","high","","N28"
"d65566","T2_Beer Milka Far Shifting 1_1","","","2017-09-18","2017-09-22","","","30.94665","34.41789","False","p239","HaMaarag Project","sp1720","HaMaarag_West_Negev_Inner_Sands_T2","","Sand Dune","Far","Camera Functioning","","No Bait","","Trail, game","Inland Sands","","5","high","","3"
"d65538","T2_Zofar Far 9","","","2018-09-12","2018-09-21","","","30.55320","35.18040","False","p239","HaMaarag Project","sp1711","Hamaarag_Arid_Desert_T2","","Hyper Arid Desert","Far","Unknown Failure","","No Bait","","Trail, game","Arid South","","5","high","","21"
"d65570","T2_Beer Milka Far Shifting 1_5","","","2017-09-18","2017-09-23","","","30.94657","34.42003","False","p239","HaMaarag Project","sp1720","HaMaarag_West_Negev_Inner_Sands_T2","","Sand Dune","Far","Camera Functioning","","No Bait","","Trail, game","Inland Sands","","20","high","","N20"
"d65537","T2_Zofar Far 8","","","2018-09-13","2018-09-19","","","30.55250","35.18020","False","p239","HaMaarag Project","sp1711","Hamaarag_Arid_Desert_T2","","Hyper Arid Desert","Far","Unknown Failure","","No Bait","","Trail, game","Arid South","","5","high","","22"
"d65574","T2_Beer Milka Far Shifting 1_4","","","2017-09-18","2017-09-25","","","30.94690","34.41956","False","p239","HaMaarag Project","sp1720","HaMaarag_West_Negev_Inner_Sands_T2","","Sand Dune","Far","Camera Functioning","","No Bait","","Trail, game","Inland Sands","","5","high","","O29"
"d65563","T2_Beer Milka Near Semi-Shifting 1_7","","","2018-02-12","2018-02-21","","","30.96412","34.39409","False","p239","HaMaarag Project","sp1720","HaMaarag_West_Negev_Inner_Sands_T2","","Sand Dune","Near","Camera Functioning","","No Bait","","Trail, game","Inland Sands","","5","high","","25"
"d65567","T2_Beer Milka Far Shifting 1_2","","","2017-09-18","2017-09-27","","","30.94702","34.41855","False","p239","HaMaarag Project","sp1720","HaMaarag_West_Negev_Inner_Sands_T2","","Sand Dune","Far","Camera Functioning","","No Bait","","Trail, game","Inland Sands","","5","high","","N18"
"d65534","T2_Zofar Far 5","","","2018-09-11","2018-09-21","","","30.55230","35.17840","False","p239","HaMaarag Project","sp1711","Hamaarag_Arid_Desert_T2","","Hyper Arid Desert","Far","Camera Functioning","","No Bait","","Trail, game","Arid South","","5","high","","25"
"d65536","T2_Zofar Far 7","","","2018-09-14","2018-09-19","","","30.55170","35.18030","False","p239","HaMaarag Project","sp1711","Hamaarag_Arid_Desert_T2","","Hyper Arid Desert","Far","Unknown Failure","","No Bait","","Trail, game","Arid South","","5","high","","23"
"d65569","T2_Beer Milka Far Shifting 1_9","","","2017-09-18","2017-09-27","","","30.94667","34.41712","False","p239","HaMaarag Project","sp1720","HaMaarag_West_Negev_Inner_Sands_T2","","Sand Dune","Far","Camera Functioning","","No Bait","","Trail, game","Inland Sands","","3","high","","N26"
"d65558","T2_Beer Milka Near Semi-Shifting 1_2","","","2018-02-12","2018-02-22","","","30.96396","34.39219","False","p239","HaMaarag Project","sp1720","HaMaarag_West_Negev_Inner_Sands_T2","","Sand Dune","Near","Camera Functioning","","No Bait","","Trail, game","Inland Sands","","20","high","","29"
"d65575","T2_Beer Milka Near Shifting 1_1","","","2017-09-17","2017-09-26","","","30.92995","34.42499","False","p239","HaMaarag Project","sp1720","HaMaarag_West_Negev_Inner_Sands_T2","","Sand Dune","Near","Camera Functioning","","No Bait","","Trail, game","Inland Sands","","20","high","","N6"
"d65048","T2_Ofer Near 5","","","2017-05-16","2017-05-19","","","32.61723","34.98530","False","p239","HaMaarag Project","sp1712","Hamaarag_Mediterranean Maquis_Carmel_T2","","Mediterranean Maquis","Near","Camera Functioning","","No Bait","","Trail, game","Mediterranean Maquis Carmel","","5","high","","27"
"d65482","T2_Ein Yahav Far 7","","","2018-10-03","2018-10-23","","","30.64890","35.20012","False","p239","HaMaarag Project","sp1711","Hamaarag_Arid_Desert_T2","","Hyper Arid Desert","Far","Camera Functioning","","No Bait","","Trail, game","Arid South","","10","high","","cam 16"
"d65059","T2_Ofer Far 7","","","2017-05-14","2017-05-23","","","32.61548","34.99385","False","p239","HaMaarag Project","sp1712","Hamaarag_Mediterranean Maquis_Carmel_T2","","Mediterranean Maquis","Far","Camera Functioning","","No Bait","","Trail, game","Mediterranean Maquis Carmel","","3","high","","noN"
"d65470","T2_Ein Yahav Near 4","","","2018-10-07","2018-10-24","","","30.67066","35.24363","False","p239","HaMaarag Project","sp1711","Hamaarag_Arid_Desert_T2","","Hyper Arid Desert","Near","Camera Functioning","","No Bait","","Trail, game","Arid South","","5","high","","2"
"d65483","T2_Ein Yahav Far 8","","","2018-10-07","2018-10-24","","","30.64887","35.19889","False","p239","HaMaarag Project","sp1711","Hamaarag_Arid_Desert_T2","","Hyper Arid Desert","Far","Camera Functioning","","No Bait","","Trail, game","Arid South","","30","high","","17"
"d65474","T2_Ein Yahav Near 8","","","2018-10-07","2018-10-24","","","30.67189","35.24178","False","p239","HaMaarag Project","sp1711","Hamaarag_Arid_Desert_T2","","Hyper Arid Desert","Near","Camera Functioning","","No Bait","","Trail, game","Arid South","","2","high","","6"
"d64878","T2_Yavneel Far 6","","","2018-09-12","2018-09-22","","","32.67802","35.51099","False","p239","HaMaarag Project","sp1710","HaMaarag_Herbaceous_and_Dwarf-Shrub_Vegetation_T2","","Grassland","Far","Camera Functioning","","No Bait","","Trail, game","Herbaceous","","30","high","","15"
"d65056","T2_Ofer Far 4","","","2017-05-13","2017-05-21","","","32.61554","34.99250","False","p239","HaMaarag Project","sp1712","Hamaarag_Mediterranean Maquis_Carmel_T2","","Mediterranean Maquis","Far","Camera Functioning","","No Bait","","Trail, game","Mediterranean Maquis Carmel","","5","high","","17"
"d65472","T2_Ein Yahav Near 6","","","2018-10-07","2018-10-24","","","30.67135","35.24410","False","p239","HaMaarag Project","sp1711","Hamaarag_Arid_Desert_T2","","Hyper Arid Desert","Near","Camera Functioning","","No Bait","","Trail, game","Arid South","","20","high","","4"
"d65050","T2_Ofer Near 7","","","2017-05-13","2017-05-23","","","32.61812","34.98595","False","p239","HaMaarag Project","sp1712","Hamaarag_Mediterranean Maquis_Carmel_T2","","Mediterranean Maquis","Near","Camera Functioning","","No Bait","","Trail, game","Mediterranean Maquis Carmel","","2","high","","31"
"d65478","T2_Ein Yahav Far 3","","","2018-10-07","2018-10-23","","","30.64739","35.20127","False","p239","HaMaarag Project","sp1711","Hamaarag_Arid_Desert_T2","","Hyper Arid Desert","Far","Camera Functioning","","No Bait","","Trail, game","Arid South","","10","high","","cam 11"
"d65477","T2_Ein Yahav Far 2","","","2018-10-07","2018-10-23","","","30.64837","35.20189","False","p239","HaMaarag Project","sp1711","Hamaarag_Arid_Desert_T2","","Hyper Arid Desert","Far","Camera Functioning","","No Bait","","Trail, game","Arid South","","5","high","","15"
"d65042","T2_Kerem Maharal Far 8","","","2017-08-12","2017-08-12","","","32.66974","35.00330","False","p239","HaMaarag Project","sp1712","Hamaarag_Mediterranean Maquis_Carmel_T2","","Mediterranean Maquis","Far","Camera Functioning","","No Bait","","Trail, game","Mediterranean Maquis Carmel","","5","high","","11"
"d65473","T2_Ein Yahav Near 7","","","2018-10-07","2018-10-24","","","30.67170","35.24327","False","p239","HaMaarag Project","sp1711","Hamaarag_Arid_Desert_T2","","Hyper Arid Desert","Near","Camera Functioning","","No Bait","","Trail, game","Arid South","","1","high","","cam 3"
"d65031","T2_Kerem Maharal Near 6","","","2017-08-11","2017-08-21","","","32.64488","34.99583","False","p239","HaMaarag Project","sp1712","Hamaarag_Mediterranean Maquis_Carmel_T2","","Mediterranean Maquis","Near","Camera Functioning","","No Bait","","Trail, game","Mediterranean Maquis Carmel","","5","high","","13"
"d65049","T2_Ofer Near 6","","","2017-05-14","2017-05-23","","","32.61770","34.98543","False","p239","HaMaarag Project","sp1712","Hamaarag_Mediterranean Maquis_Carmel_T2","","Mediterranean Maquis","Near","Camera Functioning","","No Bait","","Trail, game","Mediterranean Maquis Carmel","","2","high","","36"
"d65114","T2_Aderet Far 8","","","2017-10-03","2017-10-13","","","31.66365","34.98114","False","p239","HaMaarag Project","sp1714","Hamaarag_Mediterranean Maquis_Judea_T2","","Mediterranean Maquis","Far","Camera Functioning","","No Bait","","Trail, game","Mediterranean Maquis Judean Highlands","","4","high","","Ca20"
"d65046","T2_Ofer Near 3","","","2017-05-14","2017-05-15","","","32.61713","34.98334","False","p239","HaMaarag Project","sp1712","Hamaarag_Mediterranean Maquis_Carmel_T2","","Mediterranean Maquis","Near","Camera Functioning","","No Bait","","Trail, game","Mediterranean Maquis Carmel","","5","high","","9"
"d65110","T2_Aderet Far 4","","","2017-10-03","2017-10-08","","","31.66628","34.98196","False","p239","HaMaarag Project","sp1714","Hamaarag_Mediterranean Maquis_Judea_T2","","Mediterranean Maquis","Far","Unknown Failure","","No Bait","","Trail, game","Mediterranean Maquis Judean Highlands","","2","high","","Ca16"
"d65479","T2_Ein Yahav Far 4","","","2018-10-07","2018-10-23","","","30.64830","35.20099","False","p239","HaMaarag Project","sp1711","Hamaarag_Arid_Desert_T2","","Hyper Arid Desert","Far","Camera Functioning","","No Bait","","Trail, game","Arid South","","3","high","","cam 19"
"d65043","T2_Kerem Maharal Far 9","","","2017-08-12","2017-08-18","","","32.67194","35.00778","False","p239","HaMaarag Project","sp1712","Hamaarag_Mediterranean Maquis_Carmel_T2","","Mediterranean Maquis","Far","Camera Functioning","","No Bait","","Trail, game","Mediterranean Maquis Carmel","","5","high","","7"
"d65481","T2_Ein Yahav Far 6","","","2018-10-07","2018-10-23","","","30.64777","35.19886","False","p239","HaMaarag Project","sp1711","Hamaarag_Arid_Desert_T2","","Hyper Arid Desert","Far","Camera Functioning","","No Bait","","Trail, game","Arid South","","10","high","","cam 12"
"d64873","T2_Yavneel Far 1","","","2018-09-12","2018-09-22","","","32.68134","35.50895","False","p239","HaMaarag Project","sp1710","HaMaarag_Herbaceous_and_Dwarf-Shrub_Vegetation_T2","","Grassland","Far","Camera Functioning","","No Bait","","Trail, game","Herbaceous","","20","high","","9"
"d65475","T2_Ein Yahav Near 9","","","2018-10-07","2018-10-24","","","30.67239","35.24072","False","p239","HaMaarag Project","sp1711","Hamaarag_Arid_Desert_T2","","Hyper Arid Desert","Near","Camera Functioning","","No Bait","","Trail, game","Arid South","","3","high","","8"
"d65036","T2_Kerem Maharal Far 2","","","2017-08-19","2017-08-21","","","32.67160","35.00500","False","p239","HaMaarag Project","sp1712","Hamaarag_Mediterranean Maquis_Carmel_T2","","Mediterranean Maquis","Far","Camera Functioning","","No Bait","","Trail, game","Mediterranean Maquis Carmel","","5","high","","3"
"d65045","T2_Ofer Near 2","","","2017-05-13","2017-05-21","","","32.61699","34.98277","False","p239","HaMaarag Project","sp1712","Hamaarag_Mediterranean Maquis_Carmel_T2","","Mediterranean Maquis","Near","Camera Functioning","","No Bait","","Trail, game","Mediterranean Maquis Carmel","","5","high","","26"
"d65476","T2_Ein Yahav Far 1","","","2018-10-07","2018-10-24","","","30.64800","35.20246","False","p239","HaMaarag Project","sp1711","Hamaarag_Arid_Desert_T2","","Hyper Arid Desert","Far","Camera Functioning","","No Bait","","Trail, game","Arid South","","5","high","","14"
"d65480","T2_Ein Yahav Far 5","","","2018-10-07","2018-10-23","","","30.64809","35.20020","False","p239","HaMaarag Project","sp1711","Hamaarag_Arid_Desert_T2","","Hyper Arid Desert","Far","Camera Functioning","","No Bait","","Trail, game","Arid South","","10","high","","cam 18"
"d65035","T2_Kerem Maharal Far 1","","","2017-08-12","2017-08-20","","","32.67140","35.00390","False","p239","HaMaarag Project","sp1712","Hamaarag_Mediterranean Maquis_Carmel_T2","","Mediterranean Maquis","Far","Camera Functioning","","No Bait","","Trail, game","Mediterranean Maquis Carmel","","5","high","","5"
"d65484","T2_Ein Yahav Far 9","","","2018-10-07","2018-10-23","","","30.64915","35.19848","False","p239","HaMaarag Project","sp1711","Hamaarag_Arid_Desert_T2","","Hyper Arid Desert","Far","Camera Functioning","","No Bait","","Trail, game","Arid South","","20","high","","cam 13"
"d65243","T2_Eitanim KKL Plantings 2","","","2017-10-01","2017-10-07","","","31.77893","35.10641","False","p239","HaMaarag Project","sp1719","HaMaarag_Planted_Conifer_Forests_Judea_T2","","Conifer Plantation","KKL Plantings","Camera Functioning","","No Bait","","Trail, game","Planted Conifer Forest Judean Highlands","","10","high","","16"
"d65242","T2_Eitanim KKL Plantings 1","","","2017-10-01","2017-10-11","","","31.77865","35.10686","False","p239","HaMaarag Project","sp1719","HaMaarag_Planted_Conifer_Forests_Judea_T2","","Conifer Plantation","KKL Plantings","Camera Functioning","","No Bait","","Trail, game","Planted Conifer Forest Judean Highlands","","5","high","","30"
"d65245","T2_Eitanim KKL Plantings 4","","","2017-10-01","2017-10-11","","","31.77823","35.10642","False","p239","HaMaarag Project","sp1719","HaMaarag_Planted_Conifer_Forests_Judea_T2","","Conifer Plantation","KKL Plantings","Camera Functioning","","No Bait","","Trail, game","Planted Conifer Forest Judean Highlands","","3","high","","20"
"d65247","T2_Eitanim KKL Plantings 6","","","2017-10-01","2017-10-01","","","31.77795","35.10544","False","p239","HaMaarag Project","sp1719","HaMaarag_Planted_Conifer_Forests_Judea_T2","","Conifer Plantation","KKL Plantings","Camera Functioning","","No Bait","","Trail, game","Planted Conifer Forest Judean Highlands","","3","high","","31"
"d65251","T2_Eshtaol KKL Plantings 1","","","2017-10-22","2017-11-01","","","31.78916","35.02036","False","p239","HaMaarag Project","sp1719","HaMaarag_Planted_Conifer_Forests_Judea_T2","","Conifer Plantation","KKL Plantings","Camera Functioning","","No Bait","","Trail, game","Planted Conifer Forest Judean Highlands","","10","high","","O5"
"d65268","T2_Aderet KKL Plantings 9","","","2017-08-21","2017-08-30","","","31.67610","34.98515","False","p239","HaMaarag Project","sp1719","HaMaarag_Planted_Conifer_Forests_Judea_T2","","Conifer Plantation","KKL Plantings","Camera Functioning","","No Bait","","Trail, game","Planted Conifer Forest Judean Highlands","","2","high","","27"
"d65267","T2_Aderet KKL Plantings 8","","","2017-08-22","2017-08-31","","","31.67663","34.98480","False","p239","HaMaarag Project","sp1719","HaMaarag_Planted_Conifer_Forests_Judea_T2","","Conifer Plantation","KKL Plantings","Camera Functioning","","No Bait","","Trail, game","Planted Conifer Forest Judean Highlands","","4","high","","25"
"d65260","T2_Aderet KKL Plantings 1","","","2016-01-01","2017-08-31","","","31.67884","34.98149","False","p239","HaMaarag Project","sp1719","HaMaarag_Planted_Conifer_Forests_Judea_T2","","Conifer Plantation","KKL Plantings","Camera Functioning","","No Bait","","Trail, game","Planted Conifer Forest Judean Highlands","","5","high","","34"
"d65261","T2_Aderet KKL Plantings 2","","","2017-08-21","2017-08-31","","","31.67851","34.98176","False","p239","HaMaarag Project","sp1719","HaMaarag_Planted_Conifer_Forests_Judea_T2","","Conifer Plantation","KKL Plantings","Camera Functioning","","No Bait","","Trail, game","Planted Conifer Forest Judean Highlands","","5","high","","12"
"d65266","T2_Aderet KKL Plantings 7","","","2017-08-21","2017-08-31","","","31.67654","34.98423","False","p239","HaMaarag Project","sp1719","HaMaarag_Planted_Conifer_Forests_Judea_T2","","Conifer Plantation","KKL Plantings","Camera Functioning","damaged ","No Bait","","Trail, game","Planted Conifer Forest Judean Highlands","","10","high","","32"
"d65257","T2_Eshtaol KKL Plantings 7","","","2017-10-22","2017-10-23","","","31.78623","35.02186","False","p239","HaMaarag Project","sp1719","HaMaarag_Planted_Conifer_Forests_Judea_T2","","Conifer Plantation","KKL Plantings","Camera Functioning","","No Bait","","Trail, game","Planted Conifer Forest Judean Highlands","","10","high","","N15"
"d65259","T2_Eshtaol KKL Plantings 9","","","2017-10-22","2017-10-30","","","31.78680","35.02289","False","p239","HaMaarag Project","sp1719","HaMaarag_Planted_Conifer_Forests_Judea_T2","","Conifer Plantation","KKL Plantings","Camera Functioning","","No Bait","","Trail, game","Planted Conifer Forest Judean Highlands","","4","high","","N25"
"d65262","T2_Aderet KKL Plantings 3","","","2017-08-21","2017-08-28","","","31.67802","34.98250","False","p239","HaMaarag Project","sp1719","HaMaarag_Planted_Conifer_Forests_Judea_T2","","Conifer Plantation","KKL Plantings","Camera Functioning","","No Bait","","Trail, game","Planted Conifer Forest Judean Highlands","","2","high","","15"
"d65255","T2_Eshtaol KKL Plantings 5","","","2017-10-22","2017-10-31","","","31.78781","35.02158","False","p239","HaMaarag Project","sp1719","HaMaarag_Planted_Conifer_Forests_Judea_T2","","Conifer Plantation","KKL Plantings","Camera Functioning","Changed angle","No Bait","","Trail, game","Planted Conifer Forest Judean Highlands","","8","high","","O23"
"d65264","T2_Aderet KKL Plantings 5","","","2017-08-21","2017-08-23","","","31.67725","34.98361","False","p239","HaMaarag Project","sp1719","HaMaarag_Planted_Conifer_Forests_Judea_T2","","Conifer Plantation","KKL Plantings","Camera Functioning","","No Bait","","Trail, game","Planted Conifer Forest Judean Highlands","","3","high","","14"
"d65252","T2_Eshtaol KKL Plantings 2","","","2017-10-22","2017-11-01","","","31.79007","35.02041","False","p239","HaMaarag Project","sp1719","HaMaarag_Planted_Conifer_Forests_Judea_T2","","Conifer Plantation","KKL Plantings","Camera Functioning","","No Bait","","Trail, game","Planted Conifer Forest Judean Highlands","","6","high","","N6"
"d65254","T2_Eshtaol KKL Plantings 4","","","2017-10-23","2017-10-23","","","31.78871","35.02111","False","p239","HaMaarag Project","sp1719","HaMaarag_Planted_Conifer_Forests_Judea_T2","","Conifer Plantation","KKL Plantings","Camera Functioning","","No Bait","","Trail, game","Planted Conifer Forest Judean Highlands","","4","high","","N24"
"d65253","T2_Eshtaol KKL Plantings 3","","","2017-10-21","2017-11-01","","","31.79071","35.01984","False","p239","HaMaarag Project","sp1719","HaMaarag_Planted_Conifer_Forests_Judea_T2","","Conifer Plantation","KKL Plantings","Camera Functioning","","No Bait","","Trail, game","Planted Conifer Forest Judean Highlands","","5","high","","N12"
"d65134","T2_Nehusha Near 1","","","2017-09-07","2017-09-16","","","31.63589","34.95151","False","p239","HaMaarag Project","sp1714","Hamaarag_Mediterranean Maquis_Judea_T2","","Mediterranean Maquis","Near","Camera Functioning","","No Bait","","Trail, game","Mediterranean Maquis Judean Highlands","","1","high","","ca4 "
"d65136","T2_Nehusha Near 3","","","2017-09-05","2017-09-16","","","31.63579","34.95199","False","p239","HaMaarag Project","sp1714","Hamaarag_Mediterranean Maquis_Judea_T2","","Mediterranean Maquis","Near","Camera Functioning","","No Bait","","Trail, game","Mediterranean Maquis Judean Highlands","","2","high","","ca21"
"d65137","T2_Nehusha Near 4","","","2017-09-05","2017-09-16","","","31.63576","34.95236","False","p239","HaMaarag Project","sp1714","Hamaarag_Mediterranean Maquis_Judea_T2","","Mediterranean Maquis","Near","Camera Functioning","","No Bait","","Trail, game","Mediterranean Maquis Judean Highlands","","2","high","","ca29"
"d65138","T2_Nehusha Near 5","","","2017-09-16","2017-09-16","","","31.63618","34.95308","False","p239","HaMaarag Project","sp1714","Hamaarag_Mediterranean Maquis_Judea_T2","","Mediterranean Maquis","Near","Camera Functioning","","No Bait","","Trail, game","Mediterranean Maquis Judean Highlands","","0.5","high","","ca1"
"d65147","T2_Nehusha Far 5","","","2017-09-05","2017-09-16","","","31.63690","34.94610","False","p239","HaMaarag Project","sp1714","Hamaarag_Mediterranean Maquis_Judea_T2","","Mediterranean Maquis","Far","Camera Functioning","","No Bait","","Trail, game","Mediterranean Maquis Judean Highlands","","5","high","","Ca18"
"d65141","T2_Nehusha Near 8","","","2017-09-06","2017-09-16","","","31.63488","34.95403","False","p239","HaMaarag Project","sp1714","Hamaarag_Mediterranean Maquis_Judea_T2","","Mediterranean Maquis","Near","Camera Functioning","","No Bait","","Trail, game","Mediterranean Maquis Judean Highlands","","2","high","","ca 16"
"d65144","T2_Nehusha Far 2","","","2017-09-05","2017-09-16","","","31.63820","34.94520","False","p239","HaMaarag Project","sp1714","Hamaarag_Mediterranean Maquis_Judea_T2","","Mediterranean Maquis","Far","Camera Functioning","","No Bait","","Trail, game","Mediterranean Maquis Judean Highlands","","5","high","","Ca6"
"d65143","T2_Nehusha Far 1","","","2017-09-05","2017-09-16","","","31.63880","34.94490","False","p239","HaMaarag Project","sp1714","Hamaarag_Mediterranean Maquis_Judea_T2","","Mediterranean Maquis","Far","Camera Functioning","","No Bait","","Trail, game","Mediterranean Maquis Judean Highlands","","5","high","","Ca3"
"d65146","T2_Nehusha Far 4","","","2017-09-05","2017-09-16","","","31.63720","34.94574","False","p239","HaMaarag Project","sp1714","Hamaarag_Mediterranean Maquis_Judea_T2","","Mediterranean Maquis","Far","Camera Functioning","","No Bait","","Trail, game","Mediterranean Maquis Judean Highlands","","1","high","","my14"
"d65140","T2_Nehusha Near 7","","","2017-09-06","2017-09-16","","","31.63519","34.95385","False","p239","HaMaarag Project","sp1714","Hamaarag_Mediterranean Maquis_Judea_T2","","Mediterranean Maquis","Near","Camera Functioning","","No Bait","","Trail, game","Mediterranean Maquis Judean Highlands","","10","high","","ca35"
"d65135","T2_Nehusha Near 2","","","2017-09-05","2017-09-16","","","31.63572","34.95073","False","p239","HaMaarag Project","sp1714","Hamaarag_Mediterranean Maquis_Judea_T2","","Mediterranean Maquis","Near","Camera Functioning","","No Bait","","Trail, game","Mediterranean Maquis Judean Highlands","","2","high","","my1"
"d65176","T2_Meron KKL Plantings 7","","","2016-12-22","2016-12-30","","","33.02040","35.16380","False","p239","HaMaarag Project","sp1718","Hamaarag_Planted_Conifer_Forests_Galilee_T2","","Conifer Plantation","KKL Plantings","Camera Functioning","","No Bait","","Trail, game","Planted Conifer Forest Galilee","","5","high","","10"
"d65129","T2_Givat Yeshayahu Far 5","","","2017-08-24","2017-09-03","","","31.66175","34.95616","False","p239","HaMaarag Project","sp1714","Hamaarag_Mediterranean Maquis_Judea_T2","","Mediterranean Maquis","Far","Camera Functioning","","No Bait","","Trail, game","Mediterranean Maquis Judean Highlands","","4","high","","my1"
"d65151","T2_Nehusha Far 9","","","2017-09-06","2017-09-16","","","31.63740","34.94770","False","p239","HaMaarag Project","sp1714","Hamaarag_Mediterranean Maquis_Judea_T2","","Mediterranean Maquis","Far","Camera Functioning","","No Bait","","Trail, game","Mediterranean Maquis Judean Highlands","","5","high","","My17"
"d65190","T2_Kabri KKL Plantings 3","","","2017-12-22","2017-12-22","","","33.02110","35.16640","False","p239","HaMaarag Project","sp1718","Hamaarag_Planted_Conifer_Forests_Galilee_T2","","Conifer Plantation","KKL Plantings","Camera Functioning","","No Bait","","Trail, game","Planted Conifer Forest Galilee","","5","high","","8"
"d65191","T2_Kabri KKL Plantings 4","","","2017-12-22","2017-12-30","","","33.02096","35.16589","False","p239","HaMaarag Project","sp1718","Hamaarag_Planted_Conifer_Forests_Galilee_T2","","Conifer Plantation","KKL Plantings","Camera Functioning","","No Bait","","Trail, game","Planted Conifer Forest Galilee","","9","high","","28"
"d65104","T2_Aderet Near 7","","","2017-10-03","2017-10-13","","","31.66321","34.98969","False","p239","HaMaarag Project","sp1714","Hamaarag_Mediterranean Maquis_Judea_T2","","Mediterranean Maquis","Near","Camera Functioning","","No Bait","","Trail, game","Mediterranean Maquis Judean Highlands","","4","high","","ca21"
"d65148","T2_Nehusha Far 6","","","2017-09-05","2017-09-16","","","31.63750","34.94620","False","p239","HaMaarag Project","sp1714","Hamaarag_Mediterranean Maquis_Judea_T2","","Mediterranean Maquis","Far","Camera Functioning","","No Bait","","Trail, game","Mediterranean Maquis Judean Highlands","","5","high","","Ca25"
"d65111","T2_Aderet Far 5","","","2017-10-04","2017-10-13","","","31.66522","34.98054","False","p239","HaMaarag Project","sp1714","Hamaarag_Mediterranean Maquis_Judea_T2","","Mediterranean Maquis","Far","Camera Functioning","","No Bait","","Trail, game","Mediterranean Maquis Judean Highlands","","7","high","","Ca5"
"d65184","T2_Zuriel KKL Plantings 6","","","2017-12-22","2018-01-02","","","33.01164","35.31351","False","p239","HaMaarag Project","sp1718","Hamaarag_Planted_Conifer_Forests_Galilee_T2","","Conifer Plantation","KKL Plantings","Camera Functioning","","No Bait","","Trail, game","Planted Conifer Forest Galilee","","15","high","","27"
"d65183","T2_Zuriel KKL Plantings 5","","","2017-12-24","2018-01-01","","","33.01129","35.31302","False","p239","HaMaarag Project","sp1718","Hamaarag_Planted_Conifer_Forests_Galilee_T2","","Conifer Plantation","KKL Plantings","Camera Functioning","","No Bait","","Trail, game","Planted Conifer Forest Galilee","","5","high","","34"
"d65095","T2_Kisalon Far 7","","","2017-07-02","2017-07-02","","","31.76863","35.03796","False","p239","HaMaarag Project","sp1714","Hamaarag_Mediterranean Maquis_Judea_T2","","Mediterranean Maquis","Far","Camera Functioning","","No Bait","","Trail, game","Mediterranean Maquis Judean Highlands","","5","high","","my16"
"d65071","T2_Givat Yearim Far 1","","","2017-07-29","2017-08-09","","","31.77550","35.08980","False","p239","HaMaarag Project","sp1714","Hamaarag_Mediterranean Maquis_Judea_T2","","Mediterranean Maquis","Far","Camera Functioning","","No Bait","","Trail, game","Mediterranean Maquis Judean Highlands","","5","high","","ca05"
"d65106","T2_Aderet Near 9","","","2017-10-05","2017-10-13","","","31.66192","34.98879","False","p239","HaMaarag Project","sp1714","Hamaarag_Mediterranean Maquis_Judea_T2","","Mediterranean Maquis","Near","Camera Functioning","","No Bait","","Trail, game","Mediterranean Maquis Judean Highlands","","9","high","","cam 6"
"d65092","T2_Kisalon Far 4","","","2017-06-22","2017-07-02","","","31.76825","35.03883","False","p239","HaMaarag Project","sp1714","Hamaarag_Mediterranean Maquis_Judea_T2","","Mediterranean Maquis","Far","Camera Functioning","","No Bait","","Trail, game","Mediterranean Maquis Judean Highlands","","5","high","","ca29"
"d65120","T2_Givat Yeshayahu Near 5","","","2017-08-24","2017-09-03","","","31.67171","34.95222","False","p239","HaMaarag Project","sp1714","Hamaarag_Mediterranean Maquis_Judea_T2","","Mediterranean Maquis","Near","Camera Functioning","","No Bait","","Trail, game","Mediterranean Maquis Judean Highlands","","3","high","","my 17 "
"d65081","T2_Kisalon Near 2","","","2017-06-20","2017-06-20","","","31.77498","35.05180","False","p239","HaMaarag Project","sp1714","Hamaarag_Mediterranean Maquis_Judea_T2","","Mediterranean Maquis","Near","Camera Functioning","","No Bait","","Trail, game","Mediterranean Maquis Judean Highlands","","2","high","","ca4"
"d65097","T2_Kisalon Far 9","","","2017-06-23","2017-07-02","","","31.77443","35.05238","False","p239","HaMaarag Project","sp1714","Hamaarag_Mediterranean Maquis_Judea_T2","","Mediterranean Maquis","Far","Camera Functioning","","No Bait","","Trail, game","Mediterranean Maquis Judean Highlands","","1","high","","ca1"
"d65179","T2_Zuriel KKL Plantings 1","","","2017-12-22","2018-01-02","","","33.00929","35.31378","False","p239","HaMaarag Project","sp1718","Hamaarag_Planted_Conifer_Forests_Galilee_T2","","Conifer Plantation","KKL Plantings","Camera Functioning","","No Bait","","Trail, game","Planted Conifer Forest Galilee","","5","high","","23"
"d65091","T2_Kisalon Far 3","","","2017-06-21","2017-07-02","","","31.76824","35.03913","False","p239","HaMaarag Project","sp1714","Hamaarag_Mediterranean Maquis_Judea_T2","","Mediterranean Maquis","Far","Camera Functioning","","No Bait","","Trail, game","Mediterranean Maquis Judean Highlands","","2","high","","ca5"
"d65122","T2_Givat Yeshayahu Near 7","","","2017-08-24","2017-09-03","","","31.67098","34.95361","False","p239","HaMaarag Project","sp1714","Hamaarag_Mediterranean Maquis_Judea_T2","","Mediterranean Maquis","Near","Camera Functioning","","No Bait","","Trail, game","Mediterranean Maquis Judean Highlands","","4","high","","ca13"
"d65094","T2_Kisalon Far 6","","","2017-06-21","2017-06-21","","","31.76878","35.04085","False","p239","HaMaarag Project","sp1714","Hamaarag_Mediterranean Maquis_Judea_T2","","Mediterranean Maquis","Far","Camera Functioning","","No Bait","","Trail, game","Mediterranean Maquis Judean Highlands","","9","high","","ca20"
"d65068","T2_Givat Yearim Near 7","","","2017-07-29","2017-08-09","","","31.78600","35.09650","False","p239","HaMaarag Project","sp1714","Hamaarag_Mediterranean Maquis_Judea_T2","","Mediterranean Maquis","Near","Camera Functioning","some person changed the camera angle ):","No Bait","","Trail, game","Mediterranean Maquis Judean Highlands","","5","high","","ca25"
"d65150","T2_Nehusha Far 8","","","2017-09-06","2017-09-16","","","31.63750","34.94790","False","p239","HaMaarag Project","sp1714","Hamaarag_Mediterranean Maquis_Judea_T2","","Mediterranean Maquis","Far","Camera Functioning","","No Bait","","Trail, game","Mediterranean Maquis Judean Highlands","","5","high","","Ca20"
"d65109","T2_Aderet Far 3","","","2017-10-04","2017-10-13","","","31.66616","34.98132","False","p239","HaMaarag Project","sp1714","Hamaarag_Mediterranean Maquis_Judea_T2","","Mediterranean Maquis","Far","Camera Functioning","","No Bait","","Trail, game","Mediterranean Maquis Judean Highlands","","4","high","","Ca4"
"d65186","T2_Zuriel KKL Plantings 8","","","2017-12-22","2017-12-31","","","33.01233","35.31435","False","p239","HaMaarag Project","sp1718","Hamaarag_Planted_Conifer_Forests_Galilee_T2","","Conifer Plantation","KKL Plantings","Camera Functioning","","No Bait","","Trail, game","Planted Conifer Forest Galilee","","0.5","high","","35B"
"d65128","T2_Givat Yeshayahu Far 4","","","2017-08-24","2017-09-03","","","31.66130","34.95651","False","p239","HaMaarag Project","sp1714","Hamaarag_Mediterranean Maquis_Judea_T2","","Mediterranean Maquis","Far","Camera Functioning","","No Bait","","Trail, game","Mediterranean Maquis Judean Highlands","","6","high","","ca35"
"d65127","T2_Givat Yeshayahu Far 3","","","2017-08-24","2017-09-03","","","31.66066","34.95694","False","p239","HaMaarag Project","sp1714","Hamaarag_Mediterranean Maquis_Judea_T2","","Mediterranean Maquis","Far","Camera Functioning","","No Bait","","Trail, game","Mediterranean Maquis Judean Highlands","","12","high","","Ca4"
"d65149","T2_Nehusha Far 7","","","2017-09-05","2017-09-16","","","31.63762","34.94687","False","p239","HaMaarag Project","sp1714","Hamaarag_Mediterranean Maquis_Judea_T2","","Mediterranean Maquis","Far","Camera Functioning","","No Bait","","Trail, game","Mediterranean Maquis Judean Highlands","","6","high","","Ca13"
"d65196","T2_Kabri KKL Plantings 9","","","2017-12-22","2017-12-28","","","33.01980","35.16370","False","p239","HaMaarag Project","sp1718","Hamaarag_Planted_Conifer_Forests_Galilee_T2","","Conifer Plantation","KKL Plantings","Camera Functioning","","No Bait","","Trail, game","Planted Conifer Forest Galilee","","5","high","","29"
"d65107","T2_Aderet Far 1","","","2017-10-03","2017-10-04","","","31.66637","34.98303","False","p239","HaMaarag Project","sp1714","Hamaarag_Mediterranean Maquis_Judea_T2","","Mediterranean Maquis","Far","Camera Functioning","","No Bait","","Trail, game","Mediterranean Maquis Judean Highlands","","5","high","","Ca1"
"d65181","T2_Zuriel KKL Plantings 3","","","2017-12-22","2018-01-02","","","33.01017","35.31313","False","p239","HaMaarag Project","sp1718","Hamaarag_Planted_Conifer_Forests_Galilee_T2","","Conifer Plantation","KKL Plantings","Camera Functioning","","No Bait","","Trail, game","Planted Conifer Forest Galilee","","30","high","","11"
"d65131","T2_Givat Yeshayahu Far 7","","","2017-08-24","2017-09-03","","","31.66229","34.95500","False","p239","HaMaarag Project","sp1714","Hamaarag_Mediterranean Maquis_Judea_T2","","Mediterranean Maquis","Far","Camera Functioning","","No Bait","","Trail, game","Mediterranean Maquis Judean Highlands","","1","high","","ca20"
"d65126","T2_Givat Yeshayahu Far 2","","","2017-08-24","2017-09-03","","","31.66083","34.95758","False","p239","HaMaarag Project","sp1714","Hamaarag_Mediterranean Maquis_Judea_T2","","Mediterranean Maquis","Far","Camera Functioning","","No Bait","","Trail, game","Mediterranean Maquis Judean Highlands","","3","high","","ca18"
"d65108","T2_Aderet Far 2","","","2017-10-03","2017-10-13","","","31.66564","34.98074","False","p239","HaMaarag Project","sp1714","Hamaarag_Mediterranean Maquis_Judea_T2","","Mediterranean Maquis","Far","Camera Functioning","","No Bait","","Trail, game","Mediterranean Maquis Judean Highlands","","6","high","","Ca35"
"d65112","T2_Aderet Far 6","","","2017-10-03","2017-10-13","","","31.66456","34.98057","False","p239","HaMaarag Project","sp1714","Hamaarag_Mediterranean Maquis_Judea_T2","","Mediterranean Maquis","Far","Camera Functioning","
","No Bait","","Trail, game","Mediterranean Maquis Judean Highlands","","3","high","","my 1"
"d65032","T2_Kerem Maharal Near 7","","","2017-08-17","2017-08-21","","","32.64498","34.99528","False","p239","HaMaarag Project","sp1712","Hamaarag_Mediterranean Maquis_Carmel_T2","","Mediterranean Maquis","Near","Camera Functioning","","No Bait","","Trail, game","Mediterranean Maquis Carmel","","5","high","","17"
"d65083","T2_Kisalon Near 4","","","2017-06-20","2017-07-02","","","31.77468","35.05252","False","p239","HaMaarag Project","sp1714","Hamaarag_Mediterranean Maquis_Judea_T2","","Mediterranean Maquis","Near","Unknown Failure","","No Bait","","Trail, game","Mediterranean Maquis Judean Highlands","","9","high","","my1"
"d65192","T2_Kabri KKL Plantings 5","","","2017-12-22","2018-01-02","","","33.02089","35.16521","False","p239","HaMaarag Project","sp1718","Hamaarag_Planted_Conifer_Forests_Galilee_T2","","Conifer Plantation","KKL Plantings","Camera Functioning","","No Bait","","Trail, game","Planted Conifer Forest Galilee","","1","high","","18"
"d65105","T2_Aderet Near 8","","","2017-10-03","2017-10-13","","","31.66270","34.98945","False","p239","HaMaarag Project","sp1714","Hamaarag_Mediterranean Maquis_Judea_T2","","Mediterranean Maquis","Near","Camera Functioning","","No Bait","","Trail, game","Mediterranean Maquis Judean Highlands","","5","high","","cam 13"
"d65187","T2_Zuriel KKL Plantings 9","","","2017-12-22","2018-01-02","","","33.01298","35.31506","False","p239","HaMaarag Project","sp1718","Hamaarag_Planted_Conifer_Forests_Galilee_T2","","Conifer Plantation","KKL Plantings","Camera Functioning","","No Bait","","Trail, game","Planted Conifer Forest Galilee","","5","high","","33"
"d65080","T2_Kisalon Near 1","","","2017-06-20","2017-07-02","","","31.77494","35.05093","False","p239","HaMaarag Project","sp1714","Hamaarag_Mediterranean Maquis_Judea_T2","","Mediterranean Maquis","Near","Camera Functioning","","No Bait","","Trail, game","Mediterranean Maquis Judean Highlands","","1","high","","ca7"
"d65117","T2_Givat Yeshayahu Near 2","","","2017-08-24","2017-09-03","","","31.67232","34.95090","False","p239","HaMaarag Project","sp1714","Hamaarag_Mediterranean Maquis_Judea_T2","","Mediterranean Maquis","Near","Camera Functioning","","No Bait","","Trail, game","Mediterranean Maquis Judean Highlands","","1","high","","my14"
"d65113","T2_Aderet Far 7","","","2017-10-03","2017-10-13","","","31.66417","34.98080","False","p239","HaMaarag Project","sp1714","Hamaarag_Mediterranean Maquis_Judea_T2","","Mediterranean Maquis","Far","Camera Functioning","","No Bait","","Trail, game","Mediterranean Maquis Judean Highlands","","4","high","","Ca18"
"d65093","T2_Kisalon Far 5","","","2017-06-21","2017-06-29","","","31.76815","35.03820","False","p239","HaMaarag Project","sp1714","Hamaarag_Mediterranean Maquis_Judea_T2","","Mediterranean Maquis","Far","Camera Functioning","","No Bait","","Trail, game","Mediterranean Maquis Judean Highlands","","2","high","","ca16"
"d65182","T2_Zuriel KKL Plantings 4","","","2017-12-22","2018-01-02","","","33.01078","35.31302","False","p239","HaMaarag Project","sp1718","Hamaarag_Planted_Conifer_Forests_Galilee_T2","","Conifer Plantation","KKL Plantings","Camera Functioning","","No Bait","","Trail, game","Planted Conifer Forest Galilee","","5","high","","35"
"d65067","T2_Givat Yearim Near 6","","","2017-07-29","2017-07-31","","","31.78624","35.09587","False","p239","HaMaarag Project","sp1714","Hamaarag_Mediterranean Maquis_Judea_T2","","Mediterranean Maquis","Near","Unknown Failure","","No Bait","","Trail, game","Mediterranean Maquis Judean Highlands","","5","high","","Ca 07"
"d65066","T2_Givat Yearim Near 5","","","2017-07-29","2017-08-09","","","31.78660","35.09450","False","p239","HaMaarag Project","sp1714","Hamaarag_Mediterranean Maquis_Judea_T2","","Mediterranean Maquis","Near","Camera Functioning","","No Bait","","Trail, game","Mediterranean Maquis Judean Highlands","","5","high","","ca20"
"d65116","T2_Givat Yeshayahu Near 1","","","2017-08-24","2017-09-03","","","31.67254","34.95100","False","p239","HaMaarag Project","sp1714","Hamaarag_Mediterranean Maquis_Judea_T2","","Mediterranean Maquis","Near","Camera Functioning","","No Bait","","Trail, game","Mediterranean Maquis Judean Highlands","","3","high","","ca25"
"d65070","T2_Givat Yearim Near 9","","","2017-07-29","2017-08-09","","","31.78670","35.09400","False","p239","HaMaarag Project","sp1714","Hamaarag_Mediterranean Maquis_Judea_T2","","Mediterranean Maquis","Near","Camera Functioning","","No Bait","","Trail, game","Mediterranean Maquis Judean Highlands","","5","high","","ca04"
"d65359","T2_Beit Yatir Near 1","","","2020-11-16","2020-11-16","","","31.35602","35.10696","False","p239","HaMaarag Project","sp1715","Hamaarag_Mediterranean-Desert_Transition_Zone_T2","","Dry Shrub-steppe","Near","Camera Functioning","","No Bait","","Trail, game","Desert Transition Zone","","6","high","","7"
"d65508","T2_Paran Near 6","","","2018-09-19","2018-09-19","","","30.38892","35.16037","False","p239","HaMaarag Project","sp1711","Hamaarag_Arid_Desert_T2","","Hyper Arid Desert","Near","Camera Functioning","","No Bait","","Trail, game","Arid South","","3","high","","17"
"d65507","T2_Paran Near 5","","","2018-09-14","2018-09-20","","","30.38947","35.15990","False","p239","HaMaarag Project","sp1711","Hamaarag_Arid_Desert_T2","","Hyper Arid Desert","Near","Camera Functioning","","No Bait","","Trail, game","Arid South","","8","high","","19"
"d65539","T2_Yotveta Near 1","","","2018-10-06","2018-10-24","","","29.88823","35.06266","False","p239","HaMaarag Project","sp1711","Hamaarag_Arid_Desert_T2","","Hyper Arid Desert","Near","Camera Functioning","","No Bait","","Trail, game","Arid South","","10","high","","35"
"d65514","T2_Paran Far 3","","","2018-09-11","2018-09-21","","","30.35146","35.13963","False","p239","HaMaarag Project","sp1711","Hamaarag_Arid_Desert_T2","","Hyper Arid Desert","Far","Camera Functioning","","No Bait","","Trail, game","Arid South","","20","high","","33"
"d65541","T2_Yotveta Near 3","","","2018-10-06","2018-10-24","","","29.88694","35.06266","False","p239","HaMaarag Project","sp1711","Hamaarag_Arid_Desert_T2","","Hyper Arid Desert","Near","Camera Functioning","","No Bait","","Trail, game","Arid South","","2","high","","34"
"d65509","T2_Paran Near 7","","","2018-09-15","2018-09-19","","","30.38892","35.16037","False","p239","HaMaarag Project","sp1711","Hamaarag_Arid_Desert_T2","","Hyper Arid Desert","Near","Camera Functioning","","No Bait","","Trail, game","Arid South","","10","high","","14"
"d65542","T2_Yotveta Near 4","","","2018-10-06","2018-10-24","","","29.88762","35.06278","False","p239","HaMaarag Project","sp1711","Hamaarag_Arid_Desert_T2","","Hyper Arid Desert","Near","Camera Functioning","","No Bait","","Trail, game","Arid South","","2","high","","36"
"d65540","T2_Yotveta Near 2","","","2018-10-06","2018-10-24","","","29.88792","35.06315","False","p239","HaMaarag Project","sp1711","Hamaarag_Arid_Desert_T2","","Hyper Arid Desert","Near","Camera Functioning","","No Bait","","Trail, game","Arid South","","15","high","","31"
"d65544","T2_Yotveta Near 6","","","2018-10-06","2018-10-24","","","29.88809","35.06205","False","p239","HaMaarag Project","sp1711","Hamaarag_Arid_Desert_T2","","Hyper Arid Desert","Near","Camera Functioning","","No Bait","","Trail, game","Arid South","","5","high","","38"
"d65543","T2_Yotveta Near 5","","","2018-10-06","2018-10-24","","","29.88873","35.06231","False","p239","HaMaarag Project","sp1711","Hamaarag_Arid_Desert_T2","","Hyper Arid Desert","Near","Camera Functioning","Changed angle 0121","No Bait","","Trail, game","Arid South","","10","high","","33"
"d65547","T2_Yotveta Near 9","","","2018-10-06","2018-10-24","","","29.88654","35.06117","False","p239","HaMaarag Project","sp1711","Hamaarag_Arid_Desert_T2","","Hyper Arid Desert","Near","Camera Functioning","","No Bait","","Trail, game","Arid South","","6","high","","39"
"d65546","T2_Yotveta Near 8","","","2018-10-06","2018-10-24","","","29.88718","35.06183","False","p239","HaMaarag Project","sp1711","Hamaarag_Arid_Desert_T2","","Hyper Arid Desert","Near","Camera Functioning","","No Bait","","Trail, game","Arid South","","10","high","","32"
"d65545","T2_Yotveta Near 7","","","2018-10-07","2018-10-24","","","29.88773","35.06179","False","p239","HaMaarag Project","sp1711","Hamaarag_Arid_Desert_T2","","Hyper Arid Desert","Near","Camera Functioning","","No Bait","","Trail, game","Arid South","","15","high","","37"
"d65250","T2_Eitanim KKL Plantings 9","","","2017-10-01","2017-10-04","","","31.77846","35.10418","False","p239","HaMaarag Project","sp1719","HaMaarag_Planted_Conifer_Forests_Judea_T2","","Conifer Plantation","KKL Plantings","Camera Functioning","","No Bait","","Trail, game","Planted Conifer Forest Judean Highlands","","5","high","","19"
"d65423","T2_Merhav Am Far 2","","","2019-01-20","2019-01-30","","","30.89670","34.83816","False","p239","HaMaarag Project","sp1716","Hamaarag_Negev_Highlands_T2","","Highland Desert","Far","Camera Functioning","","No Bait","","Trail, game","Negev Highlands","","10","high","","Spni 7"
"d65429","T2_Merhav Am Far 8","","","2019-01-19","2019-01-29","","","30.89812","34.83371","False","p239","HaMaarag Project","sp1716","Hamaarag_Negev_Highlands_T2","","Highland Desert","Far","Camera Functioning","","No Bait","","Trail, game","Negev Highlands","","7","high","","7"
"d65422","T2_Merhav Am Far 1","","","2019-01-20","2019-01-30","","","30.89628","34.83890","False","p239","HaMaarag Project","sp1716","Hamaarag_Negev_Highlands_T2","","Highland Desert","Far","Camera Functioning","","No Bait","","Trail, game","Negev Highlands","","30","high","","Spni 15"
"d65425","T2_Merhav Am Far 4","","","2019-01-20","2019-01-25","","","30.89745","34.83662","False","p239","HaMaarag Project","sp1716","Hamaarag_Negev_Highlands_T2","","Highland Desert","Far","Unknown Failure","","No Bait","","Trail, game","Negev Highlands","","30","high","","22"
"d40654","T2_Elyakim KKL Plantings 7","","","2017-11-07","2017-11-14","","","32.66593","35.05747","False","p239","HaMaarag Project","sp1379","HaMaarag Long Term Biodiversity","","Conifer Plantation","KKL Plantings","Camera Functioning","","No Bait","","Trail, game","Planted Conifer Forest   Carmel","","5","high","","28"
"d65428","T2_Yeruham Far 7","","","2018-12-11","2018-12-22","","","30.97627","34.89580","False","p239","HaMaarag Project","sp1716","Hamaarag_Negev_Highlands_T2","","Highland Desert","Far","Camera Functioning","","No Bait","","Trail, game","Negev Highlands","","20","high","","8"
"d65436","T2_Sde Boker Near 6","","","2018-12-30","2019-01-09","","","30.87769","34.79147","False","p239","HaMaarag Project","sp1716","Hamaarag_Negev_Highlands_T2","","Highland Desert","Near","Camera Functioning","","No Bait","","Trail, game","Negev Highlands","","10","high","","31"
"d65417","T2_Merhav Am Near 5","","","2019-01-20","2019-01-30","","","30.88366","34.82848","False","p239","HaMaarag Project","sp1716","Hamaarag_Negev_Highlands_T2","","Highland Desert","Near","Camera Functioning","","No Bait","","Trail, game","Negev Highlands","","5","high","","31"
"d65189","T2_Kabri KKL Plantings 2","","","2017-12-22","2017-12-31","","","33.02100","35.16690","False","p239","HaMaarag Project","sp1718","Hamaarag_Planted_Conifer_Forests_Galilee_T2","","Conifer Plantation","KKL Plantings","Camera Functioning","","No Bait","","Trail, game","Planted Conifer Forest Galilee","","5","high","","B"
"d65426","T2_Merhav Am Far 5","","","2019-01-20","2019-01-30","","","30.89733","34.83595","False","p239","HaMaarag Project","sp1716","Hamaarag_Negev_Highlands_T2","","Highland Desert","Far","Camera Functioning","","No Bait","","Trail, game","Negev Highlands","","30","high","","35"
"d65421","T2_Merhav Am Near 9","","","2019-01-20","2019-01-30","","","30.88546","34.82675","False","p239","HaMaarag Project","sp1716","Hamaarag_Negev_Highlands_T2","","Highland Desert","Near","Camera Functioning","","No Bait","","Trail, game","Negev Highlands","","30","high","","3"
"d65297","T2_Mirsham Far 2","","","2018-10-29","2018-11-08","","","31.46319","34.90532","False","p239","HaMaarag Project","sp1715","Hamaarag_Mediterranean-Desert_Transition_Zone_T2","","Dry Shrub-steppe","Far","Camera Functioning","","No Bait","","Trail, game","Desert Transition Zone","","5","high","","5"
"d65518","T2_Paran Far 7","","","2018-09-13","2018-09-20","","","30.34881","35.14043","False","p239","HaMaarag Project","sp1711","Hamaarag_Arid_Desert_T2","","Hyper Arid Desert","Far","Camera Functioning","","No Bait","","Trail, game","Arid South","","20","high","","35"
"d65432","T2_Sde Boker Near 2","","","2018-12-30","2019-01-09","","","30.87934","34.79331","False","p239","HaMaarag Project","sp1716","Hamaarag_Negev_Highlands_T2","","Highland Desert","Near","Camera Functioning","","No Bait","","Trail, game","Negev Highlands","","50","high","","23"
"d65519","T2_Paran Far 8","","","2018-09-19","2018-09-21","","","30.34829","35.14103","False","p239","HaMaarag Project","sp1711","Hamaarag_Arid_Desert_T2","","Hyper Arid Desert","Far","Camera Functioning","","No Bait","","Trail, game","Arid South","","20","high","","36"
"d65446","T2_Sde Boker Far 7","","","2018-12-31","2019-01-03","","","30.88732","34.77624","False","p239","HaMaarag Project","sp1716","Hamaarag_Negev_Highlands_T2","","Highland Desert","Far","Camera Functioning","","No Bait","","Trail, game","Negev Highlands","","30","high","","14"
"d65185","T2_Zuriel KKL Plantings 7","","","2017-12-22","2017-12-30","","","33.01208","33.01208","False","p239","HaMaarag Project","sp1718","Hamaarag_Planted_Conifer_Forests_Galilee_T2","","Conifer Plantation","KKL Plantings","Camera Functioning","","No Bait","","Trail, game","Planted Conifer Forest Galilee","","2","high","","6"
"d65177","T2_Meron KKL Plantings 8","","","2016-12-09","2016-12-18","","","32.98580","35.46200","False","p239","HaMaarag Project","sp1718","Hamaarag_Planted_Conifer_Forests_Galilee_T2","","Conifer Plantation","KKL Plantings","Camera Functioning","","No Bait","","Trail, game","Planted Conifer Forest Galilee","","5","high","","10"
"d65443","T2_Sde Boker Far 4","","","2018-12-30","2019-01-09","","","30.88502","34.77424","False","p239","HaMaarag Project","sp1716","Hamaarag_Negev_Highlands_T2","","Highland Desert","Far","Camera Functioning","","No Bait","","Trail, game","Negev Highlands","","5","high","","25"
"d65246","T2_Eitanim KKL Plantings 5","","","2017-10-01","2017-10-08","","","31.77790","35.10593","False","p239","HaMaarag Project","sp1719","HaMaarag_Planted_Conifer_Forests_Judea_T2","","Conifer Plantation","KKL Plantings","Camera Functioning","","No Bait","","Trail, game","Planted Conifer Forest Judean Highlands","","1.5","high","","white 35"
"d65424","T2_Merhav Am Far 3","","","2019-01-20","2019-01-30","","","30.89716","34.83742","False","p239","HaMaarag Project","sp1716","Hamaarag_Negev_Highlands_T2","","Highland Desert","Far","Camera Functioning","","No Bait","","Trail, game","Negev Highlands","","30","high","","21"
"d65511","T2_Paran Near 9","","","2018-09-11","2018-09-14","","","30.38950","35.16248","False","p239","HaMaarag Project","sp1711","Hamaarag_Arid_Desert_T2","","Hyper Arid Desert","Near","Camera Functioning","","No Bait","","Trail, game","Arid South","","2","high","","16"
"d65444","T2_Sde Boker Far 5","","","2018-12-31","2019-01-09","","","30.88625","34.77451","False","p239","HaMaarag Project","sp1716","Hamaarag_Negev_Highlands_T2","","Highland Desert","Far","Camera Functioning","","No Bait","","Trail, game","Negev Highlands","","30","high","","7spni"
"d65052","T2_Ofer Near 9","","","2017-05-14","2017-05-22","","","32.61819","34.98662","False","p239","HaMaarag Project","sp1712","Hamaarag_Mediterranean Maquis_Carmel_T2","","Mediterranean Maquis","Near","Camera Functioning","","No Bait","","Trail, game","Mediterranean Maquis Carmel","","5","high","","34"
"d64928","T2_Margaliot Far 2","","","2017-11-04","2017-11-14","","","33.20402","35.54395","False","p239","HaMaarag Project","sp1713","Hamaarag_Mediterranean Maquis_Galilee_T2","","Mediterranean Maquis","Far","Camera Functioning","","No Bait","","Trail, game","Mediterranean Maquis Galilee","","2","high","","8"
"d65084","T2_Kisalon Near 5","","","2017-06-20","2017-07-02","","","31.77440","35.05268","False","p239","HaMaarag Project","sp1714","Hamaarag_Mediterranean Maquis_Judea_T2","","Mediterranean Maquis","Near","Camera Functioning","","No Bait","","Trail, game","Mediterranean Maquis Judean Highlands","","5","high","","ca35"
"d65431","T2_Sde Boker Near 1","","","2018-12-30","2019-01-09","","","30.87963","34.79400","False","p239","HaMaarag Project","sp1716","Hamaarag_Negev_Highlands_T2","","Highland Desert","Near","Camera Functioning","","No Bait","","Trail, game","Negev Highlands","","7","high","","36"
"d65419","T2_Merhav Am Near 7","","","2019-01-21","2019-01-31","","","30.88438","34.82763","False","p239","HaMaarag Project","sp1716","Hamaarag_Negev_Highlands_T2","","Highland Desert","Near","Camera Functioning","","No Bait","","Trail, game","Negev Highlands","","15","high","","37"
"d65515","T2_Paran Far 4","","","2018-09-12","2018-09-20","","","30.35083","35.13986","False","p239","HaMaarag Project","sp1711","Hamaarag_Arid_Desert_T2","","Hyper Arid Desert","Far","Camera Functioning","","No Bait","","Trail, game","Arid South","","5","high","","34"
"d65248","T2_Eitanim KKL Plantings 7","","","2017-10-01","2017-10-11","","","31.77807","35.10495","False","p239","HaMaarag Project","sp1719","HaMaarag_Planted_Conifer_Forests_Judea_T2","","Conifer Plantation","KKL Plantings","Camera Functioning","","No Bait","","Trail, game","Planted Conifer Forest Judean Highlands","","10","high","","25"
"d65445","T2_Sde Boker Far 6","","","2018-12-30","2019-01-08","","","30.88735","34.77465","False","p239","HaMaarag Project","sp1716","Hamaarag_Negev_Highlands_T2","","Highland Desert","Far","Camera Functioning","","No Bait","","Trail, game","Negev Highlands","","5","high","","11spni"
"d65513","T2_Paran Far 2","","","2018-09-12","2018-09-21","","","30.35203","35.13934","False","p239","HaMaarag Project","sp1711","Hamaarag_Arid_Desert_T2","","Hyper Arid Desert","Far","Camera Functioning","","No Bait","","Trail, game","Arid South","","5","high","","32"
"d65439","T2_Sde Boker Near 9","","","2018-12-30","2019-01-09","","","30.88069","34.79467","False","p239","HaMaarag Project","sp1716","Hamaarag_Negev_Highlands_T2","","Highland Desert","Near","Camera Functioning","","No Bait","","Trail, game","Negev Highlands","","15","high","","34"
"d65448","T2_Sde Boker Far 9","","","2018-12-30","2019-01-09","","","30.88605","34.77718","False","p239","HaMaarag Project","sp1716","Hamaarag_Negev_Highlands_T2","","Highland Desert","Far","Camera Functioning","","No Bait","","Trail, game","Negev Highlands","","20","high","","24"
"d65435","T2_Sde Boker Near 5","","","2018-12-30","2019-01-09","","","30.87786","34.79218","False","p239","HaMaarag Project","sp1716","Hamaarag_Negev_Highlands_T2","","Highland Desert","Near","Camera Functioning","","No Bait","","Trail, game","Negev Highlands","","20","high","","18spni"
"d65175","T2_Meron KKL Plantings 6","","","2017-12-08","2017-12-19","","","32.98682","35.46115","False","p239","HaMaarag Project","sp1718","Hamaarag_Planted_Conifer_Forests_Galilee_T2","","Conifer Plantation","KKL Plantings","Camera Functioning","","No Bait","","Trail, game","Planted Conifer Forest Galilee","","5","high","","32"
"d65172","T2_Meron KKL Plantings 3","","","2017-12-08","2017-12-19","","","32.98874","35.46216","False","p239","HaMaarag Project","sp1718","Hamaarag_Planted_Conifer_Forests_Galilee_T2","","Conifer Plantation","KKL Plantings","Camera Functioning","","No Bait","","Trail, game","Planted Conifer Forest Galilee","","5","high","","27"
"d65170","T2_Meron KKL Plantings 1","","","2017-12-08","2017-12-19","","","32.98974","35.46234","False","p239","HaMaarag Project","sp1718","Hamaarag_Planted_Conifer_Forests_Galilee_T2","","Conifer Plantation","KKL Plantings","Camera Functioning","","No Bait","","Trail, game","Planted Conifer Forest Galilee","","30","high","","7"
"d65420","T2_Merhav Am Near 8","","","2019-01-20","2019-01-30","","","30.88487","34.82693","False","p239","HaMaarag Project","sp1716","Hamaarag_Negev_Highlands_T2","","Highland Desert","Near","Camera Functioning","","No Bait","","Trail, game","Negev Highlands","","10","high","","39"
"d65142","T2_Nehusha Near 9","","","2017-09-06","2017-09-16","","","31.63453","34.95439","False","p239","HaMaarag Project","sp1714","Hamaarag_Mediterranean Maquis_Judea_T2","","Mediterranean Maquis","Near","Camera Functioning","","No Bait","","Trail, game","Mediterranean Maquis Judean Highlands","","2","high","","Ca7"
"d65427","T2_Merhav Am Far 6","","","2019-01-20","2019-01-30","","","30.89761","34.83547","False","p239","HaMaarag Project","sp1716","Hamaarag_Negev_Highlands_T2","","Highland Desert","Far","Camera Functioning","","No Bait","","Trail, game","Negev Highlands","","50","high","","11"
"d65088","T2_Kisalon Near 9","","","2017-06-21","2017-07-02","","","31.77443","35.05238","False","p239","HaMaarag Project","sp1714","Hamaarag_Mediterranean Maquis_Judea_T2","","Mediterranean Maquis","Near","Camera Functioning","","No Bait","","Trail, game","Mediterranean Maquis Judean Highlands","","6","high","","ca1"
"d65205","T2_Elyakim KKL Plantings 9","","","2017-11-08","2017-11-17","","","32.66609","35.05695","False","p239","HaMaarag Project","sp1717","Hamaarag_Planted_Conifer_Forests_Carmel_T2","","Conifer Plantation","KKL Plantings","Camera Functioning","","No Bait","","Trail, game","Planted Conifer Forest Carmel","","5","high","","27"
"d65225","T2_Kerem Maharal KKL Plantings 2","","","2017-11-11","2017-11-14","","","32.65950","34.98162","False","p239","HaMaarag Project","sp1717","Hamaarag_Planted_Conifer_Forests_Carmel_T2","","Conifer Plantation","KKL Plantings","Camera Functioning","","No Bait","","Trail, game","Planted Conifer Forest Carmel","","5","high","","1"
"d65447","T2_Sde Boker Far 8","","","2017-01-20","2017-01-29","","","30.88614","34.77622","False","p239","HaMaarag Project","sp1716","Hamaarag_Negev_Highlands_T2","","Highland Desert","Far","Camera Functioning","","No Bait","","Trail, game","Negev Highlands","","20","high","","22"
"d65224","T2_Kerem Maharal KKL Plantings 1","","","2017-11-13","2017-11-14","","","32.65957","34.98194","False","p239","HaMaarag Project","sp1717","Hamaarag_Planted_Conifer_Forests_Carmel_T2","","Conifer Plantation","KKL Plantings","Camera Functioning","","No Bait","","Trail, game","Planted Conifer Forest Carmel","","10","high","","25"
"d65295","T2_Mirsham Near 9","","","2018-10-30","2018-11-08","","","31.48194","34.92792","False","p239","HaMaarag Project","sp1715","Hamaarag_Mediterranean-Desert_Transition_Zone_T2","","Dry Shrub-steppe","Near","Camera Functioning","","No Bait","","Trail, game","Desert Transition Zone","","15","high","","14"
"d65299","T2_Mirsham Far 4","","","2018-10-29","2018-11-08","","","31.46346","34.90441","False","p239","HaMaarag Project","sp1715","Hamaarag_Mediterranean-Desert_Transition_Zone_T2","","Dry Shrub-steppe","Far","Camera Functioning","","No Bait","","Trail, game","Desert Transition Zone","","15","high","","9"
"d65232","T2_Kerem Maharal KKL Plantings 9","","","2017-11-07","2017-11-10","","","32.65690","34.97813","False","p239","HaMaarag Project","sp1717","Hamaarag_Planted_Conifer_Forests_Carmel_T2","","Conifer Plantation","KKL Plantings","Camera Functioning","","No Bait","","Trail, game","Planted Conifer Forest Carmel","","5","high","","18"
"d65298","T2_Mirsham Far 3","","","2018-10-29","2018-11-08","","","31.46338","34.90487","False","p239","HaMaarag Project","sp1715","Hamaarag_Mediterranean-Desert_Transition_Zone_T2","","Dry Shrub-steppe","Far","Camera Functioning","","No Bait","","Trail, game","Desert Transition Zone","","5","high","","3"
"d65215","T2_Bat Shlomo KKL Plantings 1","","","2017-11-18","2017-12-01","","","32.58815","35.00779","False","p239","HaMaarag Project","sp1717","Hamaarag_Planted_Conifer_Forests_Carmel_T2","","Conifer Plantation","KKL Plantings","Camera Functioning","","No Bait","","Trail, game","Planted Conifer Forest Carmel","","30","high","","29"
"d65230","T2_Kerem Maharal KKL Plantings 7","","","2017-11-09","2017-11-15","","","32.65682","34.97974","False","p239","HaMaarag Project","sp1717","Hamaarag_Planted_Conifer_Forests_Carmel_T2","","Conifer Plantation","KKL Plantings","Camera Functioning","","No Bait","","Trail, game","Planted Conifer Forest Carmel","","5","high","","26"
"d65521","T2_Zofar Near 9","","","2018-09-11","2018-09-21","","","30.56816","35.19317","False","p239","HaMaarag Project","sp1711","Hamaarag_Arid_Desert_T2","","Hyper Arid Desert","Near","Camera Functioning","","No Bait","","Trail, game","Arid South","","5","high","","9"
"d65437","T2_Sde Boker Near 7","","","2018-12-30","2019-01-09","","","30.87760","34.79100","False","p239","HaMaarag Project","sp1716","Hamaarag_Negev_Highlands_T2","","Highland Desert","Near","Camera Functioning","","No Bait","","Trail, game","Negev Highlands","","100","high","","38"
"d65198","T2_Elyakim KKL Plantings 2","","","2017-11-08","2017-11-17","","","32.66623","35.05944","False","p239","HaMaarag Project","sp1717","Hamaarag_Planted_Conifer_Forests_Carmel_T2","","Conifer Plantation","KKL Plantings","Camera Functioning","","No Bait","","Trail, game","Planted Conifer Forest Carmel","","5","high","","B"
"d65300","T2_Mirsham Far 5","","","2018-10-29","2018-11-03","","","31.46340","34.90327","False","p239","HaMaarag Project","sp1715","Hamaarag_Mediterranean-Desert_Transition_Zone_T2","","Dry Shrub-steppe","Far","Camera Functioning","","No Bait","","Trail, game","Desert Transition Zone","","5","high","","1"
"d65418","T2_Merhav Am Near 6","","","2019-01-20","2019-01-30","","","30.88404","34.82795","False","p239","HaMaarag Project","sp1716","Hamaarag_Negev_Highlands_T2","","Highland Desert","Near","Camera Functioning","","No Bait","","Trail, game","Negev Highlands","","15","high","","36"
"d65203","T2_Elyakim KKL Plantings 7","","","2017-11-08","2017-11-17","","","32.66593","35.05747","False","p239","HaMaarag Project","sp1717","Hamaarag_Planted_Conifer_Forests_Carmel_T2","","Conifer Plantation","KKL Plantings","Camera Functioning","","No Bait","","Trail, game","Planted Conifer Forest Carmel","","8","high","","28"
"d65308","T2_Lahav Near 4","","","2018-10-30","2018-11-10","","","31.38459","34.86398","False","p239","HaMaarag Project","sp1715","Hamaarag_Mediterranean-Desert_Transition_Zone_T2","","Dry Shrub-steppe","Near","Camera Functioning","","No Bait","","Trail, game","Desert Transition Zone","","15","high","","38"
"d65204","T2_Elyakim KKL Plantings 8","","","2017-11-07","2017-11-16","","","32.66585","35.05704","False","p239","HaMaarag Project","sp1717","Hamaarag_Planted_Conifer_Forests_Carmel_T2","","Conifer Plantation","KKL Plantings","Unknown Failure","","No Bait","","Trail, game","Planted Conifer Forest Carmel","","8","high","","25"
"d65433","T2_Sde Boker Near 3","","","2018-12-31","2019-01-10","","","30.87879","34.79297","False","p239","HaMaarag Project","sp1716","Hamaarag_Negev_Highlands_T2","","Highland Desert","Near","Camera Functioning","","No Bait","","Trail, game","Negev Highlands","","15","high","","37"
"d65229","T2_Kerem Maharal KKL Plantings 6","","","2017-11-10","2017-11-10","","","32.65743","34.97980","False","p239","HaMaarag Project","sp1717","Hamaarag_Planted_Conifer_Forests_Carmel_T2","","Conifer Plantation","KKL Plantings","Camera Functioning","","No Bait","","Trail, game","Planted Conifer Forest Carmel","","5","high","","35"
"d65228","T2_Kerem Maharal KKL Plantings 5","","","2017-11-09","2017-11-15","","","32.65807","34.98008","False","p239","HaMaarag Project","sp1717","Hamaarag_Planted_Conifer_Forests_Carmel_T2","","Conifer Plantation","KKL Plantings","Camera Functioning","","No Bait","","Trail, game","Planted Conifer Forest Carmel","","10","high","","11"
"d65188","T2_Kabri KKL Plantings 1","","","2017-12-22","2018-01-02","","","33.02073","35.16758","False","p239","HaMaarag Project","sp1718","Hamaarag_Planted_Conifer_Forests_Galilee_T2","","Conifer Plantation","KKL Plantings","Camera Functioning","","No Bait","","Trail, game","Planted Conifer Forest Galilee","","5","high","","26"
"d65231","T2_Kerem Maharal KKL Plantings 8","","","2017-11-13","2017-11-13","","","32.65635","34.97930","False","p239","HaMaarag Project","sp1717","Hamaarag_Planted_Conifer_Forests_Carmel_T2","","Conifer Plantation","KKL Plantings","Camera Functioning","","No Bait","","Trail, game","Planted Conifer Forest Carmel","","5","high","","8"
"d65312","T2_Lahav Near 8","","","2018-10-30","2018-11-10","","","31.38376","34.86625","False","p239","HaMaarag Project","sp1715","Hamaarag_Mediterranean-Desert_Transition_Zone_T2","","Dry Shrub-steppe","Near","Camera Functioning","fire. the camera was taken and the person who took it returen it to the same spot","No Bait","","Trail, game","Desert Transition Zone","","25","high","","33"
"d65202","T2_Elyakim KKL Plantings 6","","","2017-11-07","2017-11-08","","","32.66588","35.05795","False","p239","HaMaarag Project","sp1717","Hamaarag_Planted_Conifer_Forests_Carmel_T2","","Conifer Plantation","KKL Plantings","Camera Functioning","","No Bait","","Trail, game","Planted Conifer Forest Carmel","","5","high","","6"
"d65226","T2_Kerem Maharal KKL Plantings 3","","","2017-11-13","2017-11-14","","","32.65890","34.98117","False","p239","HaMaarag Project","sp1717","Hamaarag_Planted_Conifer_Forests_Carmel_T2","","Conifer Plantation","KKL Plantings","Camera Functioning","","No Bait","","Trail, game","Planted Conifer Forest Carmel","","10","high","","A"
"d65307","T2_Lahav Near 3","","","2018-10-30","2018-11-10","","","31.38467","34.86345","False","p239","HaMaarag Project","sp1715","Hamaarag_Mediterranean-Desert_Transition_Zone_T2","","Dry Shrub-steppe","Near","Camera Functioning","","No Bait","","Trail, game","Desert Transition Zone","","7","high","","39"
"d65434","T2_Sde Boker Near 4","","","2018-12-30","2019-01-09","","","30.87832","34.79232","False","p239","HaMaarag Project","sp1716","Hamaarag_Negev_Highlands_T2","","Highland Desert","Near","Camera Functioning","","No Bait","","Trail, game","Negev Highlands","","3","high","","2"
"d65199","T2_Elyakim KKL Plantings 3","","","2017-11-07","2017-11-17","","","32.66595","35.05927","False","p239","HaMaarag Project","sp1717","Hamaarag_Planted_Conifer_Forests_Carmel_T2","","Conifer Plantation","KKL Plantings","Camera Functioning","half blurry","No Bait","","Trail, game","Planted Conifer Forest Carmel","","20","high","","7"
"d65244","T2_Eitanim KKL Plantings 3","","","2017-10-01","2017-10-11","","","31.77866","35.10638","False","p239","HaMaarag Project","sp1719","HaMaarag_Planted_Conifer_Forests_Judea_T2","","Conifer Plantation","KKL Plantings","Camera Functioning","","No Bait","","Trail, game","Planted Conifer Forest Judean Highlands","","2","high","","26"
"d65319","T2_Lahav Far 6","","","2018-10-30","2018-11-10","","","31.37345","34.86006","False","p239","HaMaarag Project","sp1715","Hamaarag_Mediterranean-Desert_Transition_Zone_T2","","Dry Shrub-steppe","Far","Camera Functioning","","No Bait","","Trail, game","Desert Transition Zone","","5","high","","21"
"d65096","T2_Kisalon Far 8","","","2017-10-03","2017-10-13","","","31.66365","34.98114","False","p239","HaMaarag Project","sp1714","Hamaarag_Mediterranean Maquis_Judea_T2","","Mediterranean Maquis","Far","Camera Functioning","","No Bait","","Trail, game","Mediterranean Maquis Judean Highlands","","3","high","","8"
"d64920","T2_Margaliot Near 3","","","2017-11-05","2017-11-09","","","33.21505","35.54133","False","p239","HaMaarag Project","sp1713","Hamaarag_Mediterranean Maquis_Galilee_T2","","Mediterranean Maquis","Near","Camera Functioning","","No Bait","","Trail, game","Mediterranean Maquis Galilee","","2","high","","4"
"d65304","T2_Mirsham Far 9","","","2018-10-29","2018-11-08","","","31.46413","34.90098","False","p239","HaMaarag Project","sp1715","Hamaarag_Mediterranean-Desert_Transition_Zone_T2","","Dry Shrub-steppe","Far","Camera Functioning","","No Bait","","Trail, game","Desert Transition Zone","","5","high","","8"
"d65057","T2_Ofer Far 5","","","2017-05-13","2017-05-21","","","32.61567","34.99287","False","p239","HaMaarag Project","sp1712","Hamaarag_Mediterranean Maquis_Carmel_T2","","Mediterranean Maquis","Far","Camera Functioning","","No Bait","","Trail, game","Mediterranean Maquis Carmel","","5","high","","33"
"d65263","T2_Aderet KKL Plantings 4","","","2017-08-21","2017-08-31","","","31.67851","34.98176","False","p239","HaMaarag Project","sp1719","HaMaarag_Planted_Conifer_Forests_Judea_T2","","Conifer Plantation","KKL Plantings","Camera Functioning","","No Bait","","Trail, game","Planted Conifer Forest Judean Highlands","","5","high","","12"
"d40361","T2_Kfar Shamai Far 2","","","2017-09-28","2017-10-15","32.96627","35.45975","32.96627","35.45975","False","p239","HaMaarag Project","sp1379","HaMaarag Long Term Biodiversity","","Mediterranean Maquis","Far","Camera Functioning","","No Bait","","Trail, game","Mediterranean Maquis   Galilee","","15","high","","2"
"d40804","T2_Har Amasa Far 4","","","2018-11-24","2018-12-04","","","31.33354","35.09240","False","p239","HaMaarag Project","sp1379","HaMaarag Long Term Biodiversity","","Dry Shrub-steppe","Far","Camera Functioning","","No Bait","","Trail, game","Desert Transition Zone","","10","high","","13"
"d64935","T2_Margaliot Far 9","","","2017-11-05","2017-11-11","","","33.20583","35.54328","False","p239","HaMaarag Project","sp1713","Hamaarag_Mediterranean Maquis_Galilee_T2","","Mediterranean Maquis","Far","Camera Functioning","","No Bait","","Trail, game","Mediterranean Maquis Galilee","","0.5","high","","8A"
"d65044","T2_Ofer Near 1","","","2017-05-17","2017-05-20","","","32.61693","34.98250","False","p239","HaMaarag Project","sp1712","Hamaarag_Mediterranean Maquis_Carmel_T2","","Mediterranean Maquis","Near","Camera Functioning","","No Bait","","Trail, game","Mediterranean Maquis Carmel","","5","high","","30"
"d40803","T2_Har Amasa Far 3","","","2018-11-24","2018-12-04","","","31.33409","35.09240","False","p239","HaMaarag Project","sp1379","HaMaarag Long Term Biodiversity","","Dry Shrub-steppe","Far","Camera Functioning","","No Bait","","Trail, game","Desert Transition Zone","","10","high","","33"
"d40306","T2_Gamla Far 1","","","2018-10-10","2018-10-20","","","32.92139","35.74494","False","p239","HaMaarag Project","sp1379","HaMaarag Long Term Biodiversity","","Grassland","Far","Camera Functioning","","No Bait","","Trail, game","Herbaceous ","","10","high","","8"
"d40614","T2_Ramot Naftali KKL Plantings 3","","","2017-12-08","2017-12-19","33.09525","35.56132","33.09525","35.56132","False","p239","HaMaarag Project","sp1379","HaMaarag Long Term Biodiversity","","Conifer Plantation","KKL Plantings","Camera Functioning","","No Bait","","Trail, game","Planted Conifer Forest   Galilee","","15","high","","3"
"d40802","T2_Har Amasa Far 2","","","2018-11-24","2018-12-04","","","31.33426","35.09274","False","p239","HaMaarag Project","sp1379","HaMaarag Long Term Biodiversity","","Dry Shrub-steppe","Far","Camera Functioning","","No Bait","","Trail, game","Desert Transition Zone","","10","high","","36"
"d65002","T2_Nir Etzion Far 4","","","2017-06-19","2017-06-19","","","32.69730","35.00781","False","p239","HaMaarag Project","sp1712","Hamaarag_Mediterranean Maquis_Carmel_T2","","Mediterranean Maquis","Far","Camera Functioning","","No Bait","","Trail, game","Mediterranean Maquis Carmel","","1","high","","4"
"d65321","T2_Lahav Far 8","","","2018-10-30","2018-11-10","","","31.37326","34.86130","False","p239","HaMaarag Project","sp1715","Hamaarag_Mediterranean-Desert_Transition_Zone_T2","","Dry Shrub-steppe","Far","Camera Functioning","","No Bait","","Trail, game","Desert Transition Zone","","5","high","","29"
"d65325","T2_Lehavim Near 3","","","2018-12-08","2018-12-17","","","31.36440","34.82260","False","p239","HaMaarag Project","sp1715","Hamaarag_Mediterranean-Desert_Transition_Zone_T2","","Dry Shrub-steppe","Near","Camera Functioning","","No Bait","","Trail, game","Desert Transition Zone","","5","high","","23"
"d64932","T2_Margaliot Far 6","","","2017-11-04","2017-11-14","","","33.20454","35.54428","False","p239","HaMaarag Project","sp1713","Hamaarag_Mediterranean Maquis_Galilee_T2","","Mediterranean Maquis","Far","Camera Functioning","","No Bait","","Trail, game","Mediterranean Maquis Galilee","","2","high","","12A"
"d65438","T2_Sde Boker Near 8","","","2017-01-20","2017-01-30","","","30.88094","34.79546","False","p239","HaMaarag Project","sp1716","Hamaarag_Negev_Highlands_T2","","Highland Desert","Near","Camera Functioning","","No Bait","","Trail, game","Negev Highlands","","50","high","","39"
"d65016","T2_Beit Oren Near 9","","","2017-07-09","2017-07-21","","","32.73286","35.00435","False","p239","HaMaarag Project","sp1712","Hamaarag_Mediterranean Maquis_Carmel_T2","","Mediterranean Maquis","Near","Camera Functioning","","No Bait","","Trail, game","Mediterranean Maquis Carmel","","1","high","","13"
"d65249","T2_Eitanim KKL Plantings 8","","","2017-10-01","2017-10-10","","","31.77827","35.10442","False","p239","HaMaarag Project","sp1719","HaMaarag_Planted_Conifer_Forests_Judea_T2","","Conifer Plantation","KKL Plantings","Camera Functioning","","No Bait","","Trail, game","Planted Conifer Forest Judean Highlands","","1.5","high",""," 35 yellow"
"d64926","T2_Margaliot Near 9","","","2017-11-04","2017-11-13","","","33.21188","35.54105","False","p239","HaMaarag Project","sp1713","Hamaarag_Mediterranean Maquis_Galilee_T2","","Mediterranean Maquis","Near","Camera Functioning","","No Bait","","Trail, game","Mediterranean Maquis Galilee","","5","high","","18"
"d65612","T2_Secher Far Semi-Shifting 1_2","","","2017-10-06","2017-10-12","","","31.08331","34.76557","False","p239","HaMaarag Project","sp1720","HaMaarag_West_Negev_Inner_Sands_T2","","Sand Dune","Far","Camera Functioning","","No Bait","","Trail, game","Inland Sands","","15","high","","N25"
"d65594","T2_Shunra 1 Far 2","","","2017-10-03","2017-10-03","","","30.95720","34.60671","False","p239","HaMaarag Project","sp1720","HaMaarag_West_Negev_Inner_Sands_T2","","Sand Dune","Far","Camera Functioning","","No Bait","","Trail, game","Inland Sands","","10","high","","O26"
"d65613","T2_Secher Far Semi-Shifting 1_3","","","2017-10-02","2017-10-08","","","31.08378","34.76636","False","p239","HaMaarag Project","sp1720","HaMaarag_West_Negev_Inner_Sands_T2","","Sand Dune","Far","Camera Functioning","","No Bait","","Trail, game","Inland Sands","","10","high","","N27"
"d65623","T2_Secher Far Shifting 1_4","","","2017-10-02","2017-10-04","","","31.09987","34.77620","False","p239","HaMaarag Project","sp1720","HaMaarag_West_Negev_Inner_Sands_T2","","Sand Dune","Far","Camera Functioning","","No Bait","","Trail, game","Inland Sands","","15","high","","O5"
"d65614","T2_Secher Far Semi-Shifting 1_4","","","2017-10-02","2017-10-03","","","31.08421","34.76542","False","p239","HaMaarag Project","sp1720","HaMaarag_West_Negev_Inner_Sands_T2","","Sand Dune","Far","Camera Functioning","","No Bait","","Trail, game","Inland Sands","","15","high","","N12"
"d65608","T2_Beer Milka Far Shifting 3_7","","","2018-02-02","2018-02-06","","","30.91641","34.44760","False","p239","HaMaarag Project","sp1720","HaMaarag_West_Negev_Inner_Sands_T2","","Sand Dune","Far","Camera Functioning","","No Bait","","Trail, game","Inland Sands","","10","high","","13"
"d65610","T2_Beer Milka Far Shifting 3_9","","","2018-02-02","2018-02-12","","","30.91678","34.44803","False","p239","HaMaarag Project","sp1720","HaMaarag_West_Negev_Inner_Sands_T2","","Sand Dune","Far","Camera Functioning","","No Bait","","Trail, game","Inland Sands","","15","high","","N28"
"d65609","T2_Beer Milka Far Shifting 3_8","","","2018-02-08","2018-02-11","","","30.91648","34.44896","False","p239","HaMaarag Project","sp1720","HaMaarag_West_Negev_Inner_Sands_T2","","Sand Dune","Far","Camera Functioning","","No Bait","","Trail, game","Inland Sands","","5","high","","10"
"d65619","T2_Secher Far Semi-Shifting 1_9","","","2017-10-05","2017-10-08","","","31.08474","34.76347","False","p239","HaMaarag Project","sp1720","HaMaarag_West_Negev_Inner_Sands_T2","","Sand Dune","Far","Camera Functioning","","No Bait","","Trail, game","Inland Sands","","15","high","","N28"
"d65615","T2_Secher Far Semi-Shifting 1_5","","","2017-10-02","2017-10-02","","","31.08369","34.76322","False","p239","HaMaarag Project","sp1720","HaMaarag_West_Negev_Inner_Sands_T2","","Sand Dune","Far","Camera Functioning","","No Bait","","Trail, game","Inland Sands","","30","high","","O3"
"d65606","T2_Beer Milka Far Shifting 3_5","","","2018-02-02","2018-02-11","","","30.91620","34.44526","False","p239","HaMaarag Project","sp1720","HaMaarag_West_Negev_Inner_Sands_T2","","Sand Dune","Far","Camera Functioning","","No Bait","","Trail, game","Inland Sands","","5","high","","N26"
"d65577","T2_Beer Milka Near Shifting 1_3","","","2017-09-19","2017-09-23","","","30.92907","34.42005","False","p239","HaMaarag Project","sp1720","HaMaarag_West_Negev_Inner_Sands_T2","","Sand Dune","Near","Camera Functioning","","No Bait","","Trail, game","Inland Sands","","20","high","","N15"
"d65626","T2_Secher Far Shifting 1_7","","","2017-10-02","2017-10-10","","","31.10212","34.77930","False","p239","HaMaarag Project","sp1720","HaMaarag_West_Negev_Inner_Sands_T2","","Sand Dune","Far","Camera Functioning","","No Bait","","Trail, game","Inland Sands","","15","high","","O29"
"d65607","T2_Beer Milka Far Shifting 3_6","","","2018-02-06","2018-02-12","","","30.91611","34.44743","False","p239","HaMaarag Project","sp1720","HaMaarag_West_Negev_Inner_Sands_T2","","Sand Dune","Far","Camera Functioning","","No Bait","","Trail, game","Inland Sands","","20","high","","25"
"d65616","T2_Secher Far Semi-Shifting 1_6","","","2017-10-02","2017-10-09","","","31.08342","34.76268","False","p239","HaMaarag Project","sp1720","HaMaarag_West_Negev_Inner_Sands_T2","","Sand Dune","Far","Camera Functioning","","No Bait","","Trail, game","Inland Sands","","13","high","","N24"
"d65592","T2_Beer Milka 2 Far 9","","","2018-02-09","2018-02-12","","","30.98198","34.37800","False","p239","HaMaarag Project","sp1720","HaMaarag_West_Negev_Inner_Sands_T2","","Sand Dune","Far","Camera Functioning","","No Bait","","Trail, game","Inland Sands","","30","high","","5"
"d65622","T2_Secher Far Shifting 1_3","","","2017-10-02","2017-10-02","","","31.10121","34.77609","False","p239","HaMaarag Project","sp1720","HaMaarag_West_Negev_Inner_Sands_T2","","Sand Dune","Far","Camera Functioning","","No Bait","","Trail, game","Inland Sands","","1","high","","N6"
"d65579","T2_Beer Milka Near Shifting 1_5","","","2017-09-18","2017-09-18","","","30.92928","34.42165","False","p239","HaMaarag Project","sp1720","HaMaarag_West_Negev_Inner_Sands_T2","","Sand Dune","Near","Camera Functioning","","No Bait","","Trail, game","Inland Sands","","5","high","","N25"
"d65580","T2_Beer Milka Near Shifting 1_6","","","2017-09-18","2017-09-27","","","30.92874","34.42205","False","p239","HaMaarag Project","sp1720","HaMaarag_West_Negev_Inner_Sands_T2","","Sand Dune","Near","Camera Functioning","","No Bait","","Trail, game","Inland Sands","","20","high","","N12"
"d65581","T2_Beer Milka Near Shifting 1_7","","","2017-09-19","2017-09-28","","","30.92948","34.42254","False","p239","HaMaarag Project","sp1720","HaMaarag_West_Negev_Inner_Sands_T2","","Sand Dune","Near","Camera Functioning","","No Bait","","Trail, game","Inland Sands","","5","high","","OAA"
"d65583","T2_Beer Milka Near Shifting 1_9","","","2017-09-18","2017-09-27","","","30.92895","34.42351","False","p239","HaMaarag Project","sp1720","HaMaarag_West_Negev_Inner_Sands_T2","","Sand Dune","Near","Camera Functioning","","No Bait","","Trail, game","Inland Sands","","20","high","","N24"
"d65582","T2_Beer Milka Near Shifting 1_8","","","2017-09-18","2017-09-23","","","30.92935","34.42313","False","p239","HaMaarag Project","sp1720","HaMaarag_West_Negev_Inner_Sands_T2","","Sand Dune","Near","Camera Functioning","","No Bait","","Trail, game","Inland Sands","","20","high","","N34"
"d65584","T2_Beer Milka Far Shifting 2_1","","","2018-02-02","2018-02-12","","","30.98140","34.37976","False","p239","HaMaarag Project","sp1720","HaMaarag_West_Negev_Inner_Sands_T2","","Sand Dune","Far","Camera Functioning","","No Bait","","Trail, game","Inland Sands","","5","high","","N25"
"d65578","T2_Beer Milka Near Shifting 1_4","","","2017-09-18","2017-09-24","","","30.92916","34.42095","False","p239","HaMaarag Project","sp1720","HaMaarag_West_Negev_Inner_Sands_T2","","Sand Dune","Near","Camera Functioning","","No Bait","","Trail, game","Inland Sands","","20","high","","N14"
"d65602","T2_Beer Milka Far Shifting 3_1","","","2018-02-02","2018-02-12","","","30.91571","34.44537","False","p239","HaMaarag Project","sp1720","HaMaarag_West_Negev_Inner_Sands_T2","","Sand Dune","Far","Camera Functioning","","No Bait","","Trail, game","Inland Sands","","20","high","","11"
"d65617","T2_Secher Far Semi-Shifting 1_7","","","2017-10-02","2017-10-11","","","31.08419","34.76220","False","p239","HaMaarag Project","sp1720","HaMaarag_West_Negev_Inner_Sands_T2","","Sand Dune","Far","Camera Functioning","","No Bait","","Trail, game","Inland Sands","","10","high","","N18"
"d65611","T2_Secher Far Semi-Shifting 1_1","","","2017-10-02","2017-10-03","","","31.08331","34.76489","False","p239","HaMaarag Project","sp1720","HaMaarag_West_Negev_Inner_Sands_T2","","Sand Dune","Far","Camera Functioning","","No Bait","","Trail, game","Inland Sands","","10","high","","N20"
"d65601","T2_Shunra 1 Far 9","","","2017-10-02","2017-10-10","","","30.95820","34.60886","False","p239","HaMaarag Project","sp1720","HaMaarag_West_Negev_Inner_Sands_T2","","Sand Dune","Far","Camera Functioning","","No Bait","","Trail, game","Inland Sands","","10","high","","A"
"d65605","T2_Beer Milka Far Shifting 3_4","","","2018-02-02","2018-02-10","","","30.91603","34.44402","False","p239","HaMaarag Project","sp1720","HaMaarag_West_Negev_Inner_Sands_T2","","Sand Dune","Far","Camera Functioning","","No Bait","","Trail, game","Inland Sands","","30","high","","N27"
"d65627","T2_Secher Far Shifting 1_8","","","2017-09-18","2017-09-24","","","31.10239","34.77837","False","p239","HaMaarag Project","sp1720","HaMaarag_West_Negev_Inner_Sands_T2","","Sand Dune","Far","Camera Functioning","","No Bait","","Trail, game","Inland Sands","","20","high","","N14"
"d65603","T2_Beer Milka Far Shifting 3_2","","","2018-02-08","2018-02-12","","","30.91571","34.44444","False","p239","HaMaarag Project","sp1720","HaMaarag_West_Negev_Inner_Sands_T2","","Sand Dune","Far","Camera Functioning","","No Bait","","Trail, game","Inland Sands","","15","high","","8"
"d65600","T2_Shunra 1 Far 8","","","2017-10-02","2017-10-10","","","30.95916","34.60737","False","p239","HaMaarag Project","sp1720","HaMaarag_West_Negev_Inner_Sands_T2","","Sand Dune","Far","Camera Functioning","","No Bait","","Trail, game","Inland Sands","","10","high","","O11"
"d65618","T2_Secher Far Semi-Shifting 1_8","","","2017-10-02","2017-10-11","","","31.08469","34.76276","False","p239","HaMaarag Project","sp1720","HaMaarag_West_Negev_Inner_Sands_T2","","Sand Dune","Far","Camera Functioning","","No Bait","","Trail, game","Inland Sands","","15","high","","N15"
"d65587","T2_Beer Milka Far Shifting 2_4","","","2018-02-02","2018-02-12","","","30.98116","34.37835","False","p239","HaMaarag Project","sp1720","HaMaarag_West_Negev_Inner_Sands_T2","","Sand Dune","Far","Camera Functioning","","No Bait","","Trail, game","Inland Sands","","20","high","","N7"
"d65272","T2_Givat Yeshayahu KKL Plantings 4","","","2017-08-23","2017-08-30","","","31.66943","34.92136","False","p239","HaMaarag Project","sp1719","HaMaarag_Planted_Conifer_Forests_Judea_T2","","Conifer Plantation","KKL Plantings","Unknown Failure","","No Bait","","Trail, game","Planted Conifer Forest Judean Highlands","","3","high","","cam 26"
"d65274","T2_Givat Yeshayahu KKL Plantings 6","","","2017-08-23","2017-09-02","","","31.66884","34.92021","False","p239","HaMaarag Project","sp1719","HaMaarag_Planted_Conifer_Forests_Judea_T2","","Conifer Plantation","KKL Plantings","Unknown Failure","","No Bait","","Trail, game","Planted Conifer Forest Judean Highlands","","5","high","","cam 7"
"d65591","T2_Beer Milka Far Shifting 2_8","","","2018-02-08","2018-02-12","","","30.98175","34.37631","False","p239","HaMaarag Project","sp1720","HaMaarag_West_Negev_Inner_Sands_T2","","Sand Dune","Far","Camera Functioning","","No Bait","","Trail, game","Inland Sands","","5","high","","35"
"d65053","T2_Ofer Far 1","","","2017-05-13","2017-05-22","","","32.61497","34.99040","False","p239","HaMaarag Project","sp1712","Hamaarag_Mediterranean Maquis_Carmel_T2","","Mediterranean Maquis","Far","Camera Functioning","","No Bait","","Trail, game","Mediterranean Maquis Carmel","","5","high","","32"
"d65055","T2_Ofer Far 3","","","2017-05-14","2017-05-23","","","32.61539","34.99153","False","p239","HaMaarag Project","sp1712","Hamaarag_Mediterranean Maquis_Carmel_T2","","Mediterranean Maquis","Far","Camera Functioning","","No Bait","","Trail, game","Mediterranean Maquis Carmel","","5","high","","23"
"d64847","T2_Natur Far 2","","","2018-10-10","2018-10-20","","","32.84152","35.73849","False","p239","HaMaarag Project","sp1710","HaMaarag_Herbaceous_and_Dwarf-Shrub_Vegetation_T2","","Grassland","Far","Camera Functioning","","No Bait","","Trail, game","Herbaceous","","5","high","","24"
"d64852","T2_Natur Far 7","","","2018-10-10","2018-10-20","","","32.84537","35.73716","False","p239","HaMaarag Project","sp1710","HaMaarag_Herbaceous_and_Dwarf-Shrub_Vegetation_T2","","Grassland","Far","Camera Functioning","","No Bait","","Trail, game","Herbaceous","","5","high","","12"
"d64864","T2_Karei Deshe Far 1","","","2018-09-12","2018-09-22","","","32.92380","35.58046","False","p239","HaMaarag Project","sp1710","HaMaarag_Herbaceous_and_Dwarf-Shrub_Vegetation_T2","","Grassland","Far","Camera Functioning","","No Bait","","Trail, game","Herbaceous","","5","high","","2"
"d64857","T2_Gamla Far 3","","","2018-10-10","2018-10-17","","","32.91978","35.74611","False","p239","HaMaarag Project","sp1710","HaMaarag_Herbaceous_and_Dwarf-Shrub_Vegetation_T2","","Grassland","Far","Camera Functioning","","No Bait","","Trail, game","Herbaceous","","30","high","","1"
"d64853","T2_Natur Far 8","","","2018-10-10","2018-10-20","","","32.84612","35.73725","False","p239","HaMaarag Project","sp1710","HaMaarag_Herbaceous_and_Dwarf-Shrub_Vegetation_T2","","Grassland","Far","Camera Functioning","moved by cow","No Bait","","Trail, game","Herbaceous","","20","high","","11"
"d64868","T2_Karei Deshe Far 5","","","2018-09-12","2018-09-22","","","32.92457","35.58369","False","p239","HaMaarag Project","sp1710","HaMaarag_Herbaceous_and_Dwarf-Shrub_Vegetation_T2","","Grassland","Far","Camera Functioning","","No Bait","","Trail, game","Herbaceous","","10","high","","17"
"d65276","T2_Givat Yeshayahu KKL Plantings 8","","","2017-08-23","2017-08-24","","","31.66773","34.91968","False","p239","HaMaarag Project","sp1719","HaMaarag_Planted_Conifer_Forests_Judea_T2","","Conifer Plantation","KKL Plantings","Unknown Failure","","No Bait","","Trail, game","Planted Conifer Forest Judean Highlands","","3","high","","cam 6"
"d65115","T2_Aderet Far 9","","","2017-10-03","2017-10-13","","","31.66299","34.98190","False","p239","HaMaarag Project","sp1714","Hamaarag_Mediterranean Maquis_Judea_T2","","Mediterranean Maquis","Far","Camera Functioning","","No Bait","","Trail, game","Mediterranean Maquis Judean Highlands","","10","high","","Ca7"
"d65277","T2_Givat Yeshayahu KKL Plantings 9","","","2017-08-23","2017-08-30","","","31.66778","34.92005","False","p239","HaMaarag Project","sp1719","HaMaarag_Planted_Conifer_Forests_Judea_T2","","Conifer Plantation","KKL Plantings","Unknown Failure","","No Bait","","Trail, game","Planted Conifer Forest Judean Highlands","","5","high","","cam 28"
"d72265","T2_Givat Yeshayahu KKL Plantings 3","","","2017-08-24","2017-09-01","","","31.66951","34.92228","False","p239","HaMaarag Project","sp1719","HaMaarag_Planted_Conifer_Forests_Judea_T2","","","","Unknown Failure","","No Bait","","Not Entered","","","4","","","cam 18"
"d65467","T2_Ein Yahav Near 1","","","2018-10-07","2018-10-24","","","30.67081","35.24105","False","p239","HaMaarag Project","sp1711","Hamaarag_Arid_Desert_T2","","Hyper Arid Desert","Near","Camera Functioning","","No Bait","","Trail, game","Arid South","","5","high","","7"
"d72263","T2_Givat Yeshayahu KKL Plantings 1","","","2017-08-23","2017-09-02","","","31.66910","34.92355","False","p239","HaMaarag Project","sp1719","HaMaarag_Planted_Conifer_Forests_Judea_T2","","","","Unknown Failure","","No Bait","","Not Entered","","","2","","","cam 37"
"d65313","T2_Lahav Near 9","","","2018-10-31","2018-11-11","","","31.38364","34.86690","False","p239","HaMaarag Project","sp1715","Hamaarag_Mediterranean-Desert_Transition_Zone_T2","","Dry Shrub-steppe","Near","Camera Functioning","there was a fire near the camera with it was in the field","No Bait","","Trail, game","Desert Transition Zone","","10","high","","37"
"d65077","T2_Givat Yearim Far 7","","","2017-07-29","2017-08-09","","","31.77377","35.09296","False","p239","HaMaarag Project","sp1714","Hamaarag_Mediterranean Maquis_Judea_T2","","Mediterranean Maquis","Far","Camera Functioning","","No Bait","","Trail, game","Mediterranean Maquis Judean Highlands","","2","high","","My17"
"d65593","T2_Shunra 1 Far 1","","","2013-01-03","2017-10-04","","","30.95667","34.60658","False","p239","HaMaarag Project","sp1720","HaMaarag_West_Negev_Inner_Sands_T2","","Sand Dune","Far","Camera Functioning","","No Bait","","Trail, game","Inland Sands","","4","high","","O25"
"d65596","T2_Shunra 1 Far 4","","","2017-10-02","2017-10-11","","","30.95854","34.60684","False","p239","HaMaarag Project","sp1720","HaMaarag_West_Negev_Inner_Sands_T2","","Sand Dune","Far","Camera Functioning","","No Bait","","Trail, game","Inland Sands","","15","high","","N26"
"d65576","T2_Beer Milka Near Shifting 1_2","","","2017-09-18","2017-09-28","","","30.92883","34.41954","False","p239","HaMaarag Project","sp1720","HaMaarag_West_Negev_Inner_Sands_T2","","Sand Dune","Near","Camera Functioning","","No Bait","","Trail, game","Inland Sands","","20","high","","N27"
"d65125","T2_Givat Yeshayahu Far 1","","","2017-08-24","2017-08-27","","","31.66059","34.95830","False","p239","HaMaarag Project","sp1714","Hamaarag_Mediterranean Maquis_Judea_T2","","Mediterranean Maquis","Far","Camera Functioning","","No Bait","","Trail, game","Mediterranean Maquis Judean Highlands","","10","high","","Ca3"
"d65076","T2_Givat Yearim Far 6","","","2017-08-09","2017-08-09","","","31.77313","35.09274","False","p239","HaMaarag Project","sp1714","Hamaarag_Mediterranean Maquis_Judea_T2","","Mediterranean Maquis","Far","Camera Functioning","took only blank photos","No Bait","","Trail, game","Mediterranean Maquis Judean Highlands","","1","high","","Ca29"
"d65133","T2_Givat Yeshayahu Far 9","","","2017-08-24","2017-09-03","","","31.66029","34.95896","False","p239","HaMaarag Project","sp1714","Hamaarag_Mediterranean Maquis_Judea_T2","","Mediterranean Maquis","Far","Camera Functioning","","No Bait","","Trail, game","Mediterranean Maquis Judean Highlands","","10","high","","ca6"
"d65234","T2_Ofer KKL Plantings 2","","","2017-11-07","2017-11-16","","","32.61285","34.97030","False","p239","HaMaarag Project","sp1717","Hamaarag_Planted_Conifer_Forests_Carmel_T2","","Conifer Plantation","KKL Plantings","Camera Functioning","","No Bait","","Trail, game","Planted Conifer Forest Carmel","","10","high","","34"
"d65102","T2_Aderet Near 5","","","2017-10-04","2017-10-13","","","31.65865","34.98968","False","p239","HaMaarag Project","sp1714","Hamaarag_Mediterranean Maquis_Judea_T2","","Mediterranean Maquis","Near","Camera Functioning","","No Bait","","Trail, game","Mediterranean Maquis Judean Highlands","","1","high","","my14"
"d40388","T2_Ein Yaakov Near 2","","","2017-10-20","2017-10-31","","","33.00551","35.22600","False","p239","HaMaarag Project","sp1379","HaMaarag Long Term Biodiversity","","Mediterranean Maquis","Near","Camera Functioning","camera changed the position during the 10 days","No Bait","","Trail, game","Mediterranean Maquis   Galilee","","15","high","","1"
"d64851","T2_Natur Far 6","","","2018-10-10","2018-10-20","","","32.84449","35.73713","False","p239","HaMaarag Project","sp1710","HaMaarag_Herbaceous_and_Dwarf-Shrub_Vegetation_T2","","Grassland","Far","Camera Functioning","moved by uknown animal","No Bait","","Trail, game","Herbaceous","","10","high","","20"
"d65621","T2_Secher Far Shifting 1_2","","","2017-10-02","2017-10-11","","","31.10118","34.77709","False","p239","HaMaarag Project","sp1720","HaMaarag_West_Negev_Inner_Sands_T2","","Sand Dune","Far","Camera Functioning","Camera changed angle
","No Bait","","Trail, game","Inland Sands","","5","high","","O6"
"d40400","T2_Ein Yaakov Far 5","","","2017-10-20","2017-10-31","","","33.00268","35.22908","False","p239","HaMaarag Project","sp1379","HaMaarag Long Term Biodiversity","","Mediterranean Maquis","Far","Camera Functioning","","No Bait","","Trail, game","Mediterranean Maquis   Galilee","","5","high","","13A"
"d65051","T2_Ofer Near 8","","","2017-05-13","2017-05-23","","","32.61793","34.98629","False","p239","HaMaarag Project","sp1712","Hamaarag_Mediterranean Maquis_Carmel_T2","","Mediterranean Maquis","Near","Camera Functioning","","No Bait","","Trail, game","Mediterranean Maquis Carmel","","5","high","","8"
"d40809","T2_Har Amasa Far 9","","","2018-11-24","2018-12-04","","","31.33186","35.09060","False","p239","HaMaarag Project","sp1379","HaMaarag Long Term Biodiversity","","Dry Shrub-steppe","Far","Camera Functioning","","No Bait","","Trail, game","Desert Transition Zone","","10","high","","34"
"d40390","T2_Ein Yaakov Near 4","","","2017-10-20","2017-10-25","","","33.00564","35.22655","False","p239","HaMaarag Project","sp1379","HaMaarag Long Term Biodiversity","","Mediterranean Maquis","Near","Camera Functioning","","No Bait","","Trail, game","Mediterranean Maquis   Galilee","","5","high","","17"
"d65079","T2_Givat Yearim Far 9","","","2017-07-31","2017-08-09","","","31.77499","35.09097","False","p239","HaMaarag Project","sp1714","Hamaarag_Mediterranean Maquis_Judea_T2","","Mediterranean Maquis","Far","Camera Functioning","","No Bait","","Trail, game","Mediterranean Maquis Judean Highlands","","5","high","","Ca21"
"d65211","T2_Ramat Hashofet KKL Plantings 6","","","2017-11-18","2017-11-30","","","32.61583","35.11412","False","p239","HaMaarag Project","sp1717","Hamaarag_Planted_Conifer_Forests_Carmel_T2","","Conifer Plantation","KKL Plantings","Camera Functioning","","No Bait","","Trail, game","Planted Conifer Forest Carmel","","10","high","","A"
"d65037","T2_Kerem Maharal Far 3","","","2017-08-12","2017-08-20","","","32.67185","35.00561","False","p239","HaMaarag Project","sp1712","Hamaarag_Mediterranean Maquis_Carmel_T2","","Mediterranean Maquis","Far","Camera Functioning","","No Bait","","Trail, game","Mediterranean Maquis Carmel","","5","high","","10"
"d65154","T2_Manara KKL Plantings 3","","","2017-12-09","2017-12-17","","","33.17169","35.55073","False","p239","HaMaarag Project","sp1718","Hamaarag_Planted_Conifer_Forests_Galilee_T2","","Conifer Plantation","KKL Plantings","Camera Functioning","","No Bait","","Trail, game","Planted Conifer Forest Galilee","","5","high","","A"
"d65073","T2_Givat Yearim Far 3","","","2017-07-29","2017-08-09","","","31.77490","35.09320","False","p239","HaMaarag Project","sp1714","Hamaarag_Mediterranean Maquis_Judea_T2","","Mediterranean Maquis","Far","Camera Functioning","NO CAMERA TREAPER IN THE BEGINING","No Bait","","Trail, game","Mediterranean Maquis Judean Highlands","","5","high","","My14"
"d65589","T2_Beer Milka Far Shifting 2_6","","","2018-02-02","2018-02-10","","","30.98171","34.37752","False","p239","HaMaarag Project","sp1720","HaMaarag_West_Negev_Inner_Sands_T2","","Sand Dune","Far","Camera Functioning","","No Bait","","Trail, game","Inland Sands","","5","high","","N32"
"d65590","T2_Beer Milka Far Shifting 2_7","","","2018-02-02","2018-02-12","","","30.98176","34.37704","False","p239","HaMaarag Project","sp1720","HaMaarag_West_Negev_Inner_Sands_T2","","Sand Dune","Far","Camera Functioning","","No Bait","","Trail, game","Inland Sands","","20","high","","18"
"d40414","T2_Goren Far 1","","","2017-10-20","2017-10-31","","","33.05409","35.23149","False","p239","HaMaarag Project","sp1379","HaMaarag Long Term Biodiversity","","Mediterranean Maquis","Far","Unknown Failure","","No Bait","","Trail, game","Mediterranean Maquis   Galilee","","15","high","","2A"
"d40334","T2_Iftach Near 2","","","2017-11-09","2017-11-13","","","33.13109","35.55460","False","p239","HaMaarag Project","sp1379","HaMaarag Long Term Biodiversity","","Mediterranean Maquis","Near","Unknown Failure","","No Bait","","Trail, game","Mediterranean Maquis   Galilee","","50","high","","15A"
"d40333","T2_Iftach Near 1","","","2017-11-09","2017-11-14","","","33.13142","35.55440","False","p239","HaMaarag Project","sp1379","HaMaarag Long Term Biodiversity","","Mediterranean Maquis","Near","Unknown Failure","","No Bait","","Trail, game","Mediterranean Maquis   Galilee","","50","high","","16A"
"d40335","T2_Iftach Near 3","","","2017-11-05","2017-11-14","","","33.13090","35.55502","False","p239","HaMaarag Project","sp1379","HaMaarag Long Term Biodiversity","","Mediterranean Maquis","Near","Unknown Failure","","No Bait","","Trail, game","Mediterranean Maquis   Galilee","","50","high","","3A"
"d44371","Shilo_1","","","2018-05-17","2018-06-13","","","32.05134","34.97266","False","p239","HaMaarag Project","sp1410","HaMaarag Shilo Reserve 2018","","Grassland","Far","Camera Functioning","","No Bait","","Trail, game","Shilo reserve","","10","","","6"
"d44393","Shilo_23","","","2018-05-17","2018-06-13","","","32.04518","35.00046","False","p239","HaMaarag Project","sp1410","HaMaarag Shilo Reserve 2018","","Grassland","Far","Unknown Failure","","No Bait","","Trail, game","Shilo reserve","","10","","","9"
"d44378","Shilo_8","","","2018-06-17","2018-06-29","","","32.05571","34.97759","False","p239","HaMaarag Project","sp1410","HaMaarag Shilo Reserve 2018","","Grassland","Far","Unknown Failure","","No Bait","","Trail, game","Shilo reserve","","10","Low","","4"
"d44373","Shilo_3","","","2018-05-17","2018-06-13","","","32.04668","34.97232","False","p239","HaMaarag Project","sp1410","HaMaarag Shilo Reserve 2018","","Grassland","Far","Camera Functioning","","No Bait","","Trail, game","Shilo reserve","","10","Low","","13"
"d44372","Shilo_2","","","2018-05-17","2018-06-13","","","32.05560","34.97226","False","p239","HaMaarag Project","sp1410","HaMaarag Shilo Reserve 2018","","Grassland","Far","Unknown Failure","","No Bait","","Trail, game","Shilo reserve","","10","","","11"
"d44396","Shilo_26","","","2018-05-17","2018-06-13","","","32.06908","34.98816","False","p239","HaMaarag Project","sp1410","HaMaarag Shilo Reserve 2018","","Grassland","Far","Unknown Failure","","No Bait","","Trail, game","Shilo reserve","","10","","","24"
"d44377","Shilo_7","","","2018-05-17","2018-05-31","","","32.04225","34.97235","False","p239","HaMaarag Project","sp1410","HaMaarag Shilo Reserve 2018","","Grassland","Far","Unknown Failure","","No Bait","","Trail, game","Shilo reserve","","10","Low","","14"
"d44389","Shilo_19","","","2018-05-17","2018-06-13","","","32.06306","34.97808","False","p239","HaMaarag Project","sp1410","HaMaarag Shilo Reserve 2018","","Grassland","Far","Camera Functioning","","No Bait","","Trail, game","Shilo reserve","","10","","","27"
"d44374","Shilo_4","","","2018-05-17","2018-06-13","","","32.05077","34.99869","False","p239","HaMaarag Project","sp1410","HaMaarag Shilo Reserve 2018","","Grassland","Far","Camera Functioning","","No Bait","","Trail, game","Shilo reserve","","10","","","15"
"d44380","Shilo_10","","","2018-05-17","2018-06-13","","","32.05573","34.98818","False","p239","HaMaarag Project","sp1410","HaMaarag Shilo Reserve 2018","","Grassland","Far","Unknown Failure","","No Bait","","Trail, game","Shilo reserve","","10","","","10"
"d44382","Shilo_12","","","2018-05-17","2018-06-13","","","32.06021","34.97228","False","p239","HaMaarag Project","sp1410","HaMaarag Shilo Reserve 2018","","Grassland","Far","Camera Functioning","","No Bait","","Trail, game","Shilo reserve","","10","","","3"
"d44387","Shilo_17","","","2018-05-17","2018-06-13","","","32.06028","34.99870","False","p239","HaMaarag Project","sp1410","HaMaarag Shilo Reserve 2018","","Grassland","Far","Camera Functioning","","No Bait","","Trail, game","Shilo reserve","","10","Low","","Shilo17"
"d44390","Shilo_20","","","2018-05-17","2018-06-13","","","32.06620","34.98331","False","p239","HaMaarag Project","sp1410","HaMaarag Shilo Reserve 2018","","Grassland","Far","Camera Functioning","","No Bait","","Trail, game","Shilo reserve","","10","","","29"
"d44388","Shilo_18","","","2018-05-17","2018-06-13","","","32.06509","34.97224","False","p239","HaMaarag Project","sp1410","HaMaarag Shilo Reserve 2018","","Grassland","Far","Unknown Failure","","No Bait","","Trail, game","Shilo reserve","","10","","","23"
"d44394","Shilo_24","","","2018-05-17","2018-06-13","","","32.06912","34.97817","False","p239","HaMaarag Project","sp1410","HaMaarag Shilo Reserve 2018","","Grassland","Far","Camera Functioning","","No Bait","","Trail, game","Shilo reserve","","10","","","21"
"d46247","Shilo_1a","","","2018-05-17","2018-06-13","","","32.05134","34.97266","False","p239","HaMaarag Project","sp1410","HaMaarag Shilo Reserve 2018","","Grassland","","Unknown Failure","","No Bait","","Trail, game","","","10","","","6"
"d44391","Shilo_21","","","2018-05-17","2018-06-13","","","32.06385","34.98852","False","p239","HaMaarag Project","sp1410","HaMaarag Shilo Reserve 2018","","Grassland","Far","Camera Functioning","","No Bait","","Trail, game","Shilo reserve","","10","","","20"
"d44383","Shilo_13","","","2018-05-17","2018-06-13","","","32.06022","34.97758","False","p239","HaMaarag Project","sp1410","HaMaarag Shilo Reserve 2018","","Grassland","Far","Unknown Failure","","No Bait","","Trail, game","Shilo reserve","","10","","","16"
"d44395","Shilo_25","","","2018-05-17","2018-06-13","","","32.07131","34.98385","False","p239","HaMaarag Project","sp1410","HaMaarag Shilo Reserve 2018","","Grassland","Far","Unknown Failure","","No Bait","","Trail, game","Shilo reserve","","10","","","18"
"d44375","Shilo_5","","","2018-05-17","2018-06-13","","","32.05123","34.99348","False","p239","HaMaarag Project","sp1410","HaMaarag Shilo Reserve 2018","","Grassland","Far","Unknown Failure","","No Bait","","Trail, game","Shilo reserve","","10","","","7"
"d44376","Shilo_6","","","2018-05-17","2018-06-13","","","32.04219","34.97728","False","p239","HaMaarag Project","sp1410","HaMaarag Shilo Reserve 2018","","Grassland","Far","Unknown Failure","","No Bait","","Trail, game","Shilo reserve","","10","","","12"
"d44379","Shilo_9","","","2018-05-17","2018-05-20","","","32.05572","34.98288","False","p239","HaMaarag Project","sp1410","HaMaarag Shilo Reserve 2018","","Grassland","Far","Unknown Failure","","No Bait","","Trail, game","Shilo reserve","","10","","","5"
"d44392","Shilo_22","","","2018-05-17","2018-06-13","","","32.06444","34.99389","False","p239","HaMaarag Project","sp1410","HaMaarag Shilo Reserve 2018","","Grassland","Far","Unknown Failure","","No Bait","","Trail, game","Shilo reserve","","10","","","8"
"d44384","Shilo_14","","","2018-05-17","2018-06-13","","","32.06145","34.98022","False","p239","HaMaarag Project","sp1410","HaMaarag Shilo Reserve 2018","","Grassland","Far","Camera Functioning","","No Bait","","Trail, game","Shilo reserve","","10","","","22"
"d40336","T2_Iftach Near 4","","","2017-11-05","2017-11-14","","","33.13017","35.55523","False","p239","HaMaarag Project","sp1379","HaMaarag Long Term Biodiversity","","Mediterranean Maquis","Near","Camera Functioning","","No Bait","","Trail, game","Mediterranean Maquis   Galilee","","50","high","","14A"
"d40338","T2_Iftach Near 6","","","2017-11-06","2017-11-12","","","33.12901","35.55560","False","p239","HaMaarag Project","sp1379","HaMaarag Long Term Biodiversity","","Mediterranean Maquis","Near","Unknown Failure","","No Bait","","Trail, game","Mediterranean Maquis   Galilee","","50","high","","2A"
"d40344","T2_Iftach Far 3","","","2017-11-04","2017-11-12","","","33.12443","35.55769","False","p239","HaMaarag Project","sp1379","HaMaarag Long Term Biodiversity","","Mediterranean Maquis","Far","Camera Functioning","","No Bait","","Trail, game","Mediterranean Maquis   Galilee","","50","high","","3"
"d40345","T2_Iftach Far 4","","","2017-11-04","2017-11-13","","","33.12418","35.55754","False","p239","HaMaarag Project","sp1379","HaMaarag Long Term Biodiversity","","Mediterranean Maquis","Far","Unknown Failure","","No Bait","","Trail, game","Mediterranean Maquis   Galilee","","50","high","","11"
"d40342","T2_Iftach Far 1","","","2017-11-04","2017-11-14","","","33.12481","35.55673","False","p239","HaMaarag Project","sp1379","HaMaarag Long Term Biodiversity","","Mediterranean Maquis","Far","Camera Functioning","","No Bait","","Trail, game","Mediterranean Maquis   Galilee","","15","high","","1"
"d40339","T2_Iftach Near 7","","","2017-11-06","2017-11-14","","","33.12833","35.55566","False","p239","HaMaarag Project","sp1379","HaMaarag Long Term Biodiversity","","Mediterranean Maquis","Near","Unknown Failure","","No Bait","","Trail, game","Mediterranean Maquis   Galilee","","50","high","","4A"
"d40346","T2_Iftach Far 5","","","2017-11-06","2017-11-14","","","33.12472","35.55814","False","p239","HaMaarag Project","sp1379","HaMaarag Long Term Biodiversity","","Mediterranean Maquis","Far","Camera Functioning","","No Bait","","Trail, game","Mediterranean Maquis   Galilee","","50","high","","5"
"d40350","T2_Iftach Far 9","","","2017-11-04","2017-11-07","","","33.12307","35.55790","False","p239","HaMaarag Project","sp1379","HaMaarag Long Term Biodiversity","","Mediterranean Maquis","Far","Unknown Failure","","No Bait","","Trail, game","Mediterranean Maquis   Galilee","","50","high","","17"
"d40347","T2_Iftach Far 6","","","2017-11-04","2017-11-14","","","33.12432","35.55812","False","p239","HaMaarag Project","sp1379","HaMaarag Long Term Biodiversity","","Mediterranean Maquis","Far","Camera Functioning","","No Bait","","Trail, game","Mediterranean Maquis   Galilee","","50","high","","6"
"d40343","T2_Iftach Far 2","","","2017-11-05","2017-11-14","","","33.12430","35.55666","False","p239","HaMaarag Project","sp1379","HaMaarag Long Term Biodiversity","","Mediterranean Maquis","Far","Camera Functioning","","No Bait","","Trail, game","Mediterranean Maquis   Galilee","","50","high","","2"
"d40337","T2_Iftach Near 5","","","2017-11-04","2017-11-13","","","33.12958","35.55553","False","p239","HaMaarag Project","sp1379","HaMaarag Long Term Biodiversity","","Mediterranean Maquis","Near","Unknown Failure","","No Bait","","Trail, game","Mediterranean Maquis   Galilee","","50","high","","18A"
"d40418","T2_Goren Far 5","","","2017-10-20","2017-10-20","33.04982","35.25575","33.04982","35.25575","False","p239","HaMaarag Project","sp1379","HaMaarag Long Term Biodiversity","","Mediterranean Maquis","Far","Camera Hardware Failure","only one day deployment","No Bait","","Trail, game","Mediterranean Maquis   Galilee","","15","high","","5"
"d40421","T2_Goren Far 8","","","2017-10-20","2017-10-31","33.05289","35.25460","33.05289","35.25460","False","p239","HaMaarag Project","sp1379","HaMaarag Long Term Biodiversity","","Mediterranean Maquis","Far","Camera Functioning","","No Bait","","Trail, game","Mediterranean Maquis   Galilee","","15","high","","8"
"d40408","T2_Goren Near 4","","","2017-10-20","2017-10-31","","","33.05449","35.23105","False","p239","HaMaarag Project","sp1379","HaMaarag Long Term Biodiversity","","Mediterranean Maquis","Near","Unknown Failure","","No Bait","","Trail, game","Mediterranean Maquis   Galilee","","15","high","","3A"
"d40416","T2_Goren Far 3","","","2017-10-20","2017-10-31","33.04858","35.25518","33.04858","35.25518","False","p239","HaMaarag Project","sp1379","HaMaarag Long Term Biodiversity","","Mediterranean Maquis","Far","Camera Functioning","","No Bait","","Trail, game","Mediterranean Maquis   Galilee","","15","high","","3"
"d40410","T2_Goren Near 6","","","2017-10-20","2017-10-31","","","33.05449","35.23105","False","p239","HaMaarag Project","sp1379","HaMaarag Long Term Biodiversity","","Mediterranean Maquis","Near","Camera Functioning","","No Bait","","Trail, game","Mediterranean Maquis   Galilee","","15","high","","7A"
"d40355","T2_Kfar Shamai Near 5","","","2017-09-28","2017-10-15","32.96422","35.45882","32.96422","35.45882","False","p239","HaMaarag Project","sp1379","HaMaarag Long Term Biodiversity","","Mediterranean Maquis","Near","Camera Functioning","","No Bait","","Trail, game","Mediterranean Maquis   Galilee","","15","high","","5"
"d40617","T2_Ramot Naftali KKL Plantings 6","","","2017-12-11","2017-12-15","33.09683","35.56270","33.09683","35.56270","False","p239","HaMaarag Project","sp1379","HaMaarag Long Term Biodiversity","","Conifer Plantation","KKL Plantings","Camera Functioning","","No Bait","","Trail, game","Planted Conifer Forest   Galilee","","15","high","","6"
"d40420","T2_Goren Far 7","","","2017-10-22","2017-10-31","33.05185","35.25492","33.05185","35.25492","False","p239","HaMaarag Project","sp1379","HaMaarag Long Term Biodiversity","","Mediterranean Maquis","Far","Camera Functioning","","No Bait","","Trail, game","Mediterranean Maquis   Galilee","","15","high","","7"
"d40351","T2_Kfar Shamai Near 1","","","2017-09-28","2017-10-15","32.96618","35.45995","32.96618","35.45995","False","p239","HaMaarag Project","sp1379","HaMaarag Long Term Biodiversity","","Mediterranean Maquis","Near","Camera Functioning","","No Bait","","Trail, game","Mediterranean Maquis   Galilee","","15","high","","1"
"d40413","T2_Goren Near 9","","","2017-10-20","2017-10-31","33.05264","35.23153","33.05264","35.23153","False","p239","HaMaarag Project","sp1379","HaMaarag Long Term Biodiversity","","Mediterranean Maquis","Near","Camera Functioning","","No Bait","","Trail, game","Mediterranean Maquis   Galilee","","15","high","","9"
"d40357","T2_Kfar Shamai Near 7","","","2017-09-28","2017-10-15","32.96372","35.45860","32.96372","35.45860","False","p239","HaMaarag Project","sp1379","HaMaarag Long Term Biodiversity","","Mediterranean Maquis","Near","Camera Functioning","","No Bait","","Trail, game","Mediterranean Maquis   Galilee","","15","high","","7"
"d40619","T2_Ramot Naftali KKL Plantings 8","","","2017-12-08","2017-12-18","33.09756","35.56212","33.09756","35.56212","False","p239","HaMaarag Project","sp1379","HaMaarag Long Term Biodiversity","","Conifer Plantation","KKL Plantings","Camera Functioning","","No Bait","","Trail, game","Planted Conifer Forest   Galilee","","15","high","","8"
"d40397","T2_Ein Yaakov Far 2","","","2017-10-20","2017-10-31","","","33.00326","35.22754","False","p239","HaMaarag Project","sp1379","HaMaarag Long Term Biodiversity","","Mediterranean Maquis","Far","Camera Functioning","","No Bait","","Trail, game","Mediterranean Maquis   Galilee","","50","high","","5A"
"d40403","T2_Ein Yaakov Far 8","","","2017-10-20","2017-10-31","","","33.00275","35.23071","False","p239","HaMaarag Project","sp1379","HaMaarag Long Term Biodiversity","","Mediterranean Maquis","Far","Camera Functioning","","No Bait","","Trail, game","Mediterranean Maquis   Galilee","","50","high","","1A"
"d40398","T2_Ein Yaakov Far 3","","","2017-10-20","2017-10-29","","","33.00306","35.22790","False","p239","HaMaarag Project","sp1379","HaMaarag Long Term Biodiversity","","Mediterranean Maquis","Far","Unknown Failure","","No Bait","","Trail, game","Mediterranean Maquis   Galilee","","50","high","","9A"
"d40409","T2_Goren Near 5","","","2017-10-20","2017-10-30","","","33.05449","35.23105","False","p239","HaMaarag Project","sp1379","HaMaarag Long Term Biodiversity","","Mediterranean Maquis","Near","Unknown Failure","","No Bait","","Trail, game","Mediterranean Maquis   Galilee","","15","high","","4A"
"d40419","T2_Goren Far 6","","","2017-10-20","2017-10-27","33.05049","35.25536","33.05049","35.25536","False","p239","HaMaarag Project","sp1379","HaMaarag Long Term Biodiversity","","Mediterranean Maquis","Far","Camera Functioning","","No Bait","","Trail, game","Mediterranean Maquis   Galilee","","15","high","","6"
"d40412","T2_Goren Near 8","","","2017-10-20","2017-10-31","33.05306","35.23207","33.05306","35.23207","False","p239","HaMaarag Project","sp1379","HaMaarag Long Term Biodiversity","","Mediterranean Maquis","Near","Camera Functioning","","No Bait","","Trail, game","Mediterranean Maquis   Galilee","","15","high","","8"
"d40406","T2_Goren Near 2","","","2017-10-20","2017-10-31","","","33.05449","35.23105","False","p239","HaMaarag Project","sp1379","HaMaarag Long Term Biodiversity","","Mediterranean Maquis","Near","Camera Functioning","","No Bait","","Trail, game","Mediterranean Maquis   Galilee","","15","high","","8A"
"d40618","T2_Ramot Naftali KKL Plantings 7","","","2017-12-09","2017-12-17","33.09758","35.56279","33.09758","35.56279","False","p239","HaMaarag Project","sp1379","HaMaarag Long Term Biodiversity","","Conifer Plantation","KKL Plantings","Camera Functioning","","No Bait","","Trail, game","Planted Conifer Forest   Galilee","","15","high","","7"
"d40356","T2_Kfar Shamai Near 6","","","2017-09-28","2017-10-15","32.96382","35.45853","32.96382","35.45853","False","p239","HaMaarag Project","sp1379","HaMaarag Long Term Biodiversity","","Mediterranean Maquis","Near","Camera Functioning","","No Bait","","Trail, game","Mediterranean Maquis   Galilee","","15","high","","6"
"d40415","T2_Goren Far 2","","","2017-10-20","2017-10-28","33.04794","35.25433","33.04794","35.25433","False","p239","HaMaarag Project","sp1379","HaMaarag Long Term Biodiversity","","Mediterranean Maquis","Far","Camera Functioning","","No Bait","","Trail, game","Mediterranean Maquis   Galilee","","15","high","","2"
"d40411","T2_Goren Near 7","","","2017-10-20","2017-10-31","33.05364","35.23157","33.05364","35.23157","False","p239","HaMaarag Project","sp1379","HaMaarag Long Term Biodiversity","","Mediterranean Maquis","Near","Camera Functioning","","No Bait","","Trail, game","Mediterranean Maquis   Galilee","","15","high","","7"
"d40620","T2_Ramot Naftali KKL Plantings 9","","","2017-12-14","2017-12-17","","","33.09670","35.56125","False","p239","HaMaarag Project","sp1379","HaMaarag Long Term Biodiversity","","Conifer Plantation","KKL Plantings","Camera Functioning","","No Bait","","Trail, game","Planted Conifer Forest   Galilee","","15","high","","9"
"d40348","T2_Iftach Far 7","","","2017-11-05","2017-11-14","","","33.12390","35.55818","False","p239","HaMaarag Project","sp1379","HaMaarag Long Term Biodiversity","","Mediterranean Maquis","Far","Camera Functioning","","No Bait","","Trail, game","Mediterranean Maquis   Galilee","","50","high","","10"
"d40352","T2_Kfar Shamai Near 2","","","2017-09-28","2017-10-15","32.96943","35.46903","32.96627","35.45975","False","p239","HaMaarag Project","sp1379","HaMaarag Long Term Biodiversity","","Mediterranean Maquis","Near","Camera Functioning","","No Bait","","Trail, game","Mediterranean Maquis   Galilee","","10","high","","18"
"d40737","T2_Amatzia KKL Plantings 9","","","2018-02-12","2018-03-02","","","31.51093","34.89243","False","p239","HaMaarag Project","sp1379","HaMaarag Long Term Biodiversity","","Conifer Plantation","KKL Plantings","Camera Functioning","","No Bait","","Trail, game","Planted Conifer Forest   Judean Highlands","","10","high","","N7"
"d40360","T2_Kfar Shamai Far 1","","","2017-09-28","2017-10-15","32.96618","35.45995","32.96618","35.45995","False","p239","HaMaarag Project","sp1379","HaMaarag Long Term Biodiversity","","Mediterranean Maquis","Far","Camera Functioning","","No Bait","","Trail, game","Mediterranean Maquis   Galilee","","15","high","","1"
"d40353","T2_Kfar Shamai Near 3","","","2017-09-28","2017-10-15","32.96587","35.45915","32.96587","35.45915","False","p239","HaMaarag Project","sp1379","HaMaarag Long Term Biodiversity","","Mediterranean Maquis","Near","","","No Bait","","Trail, game","Mediterranean Maquis   Galilee","","","high","",""
"d40340","T2_Iftach Near 8","","","2017-11-04","2017-11-14","","","33.12773","35.55517","False","p239","HaMaarag Project","sp1379","HaMaarag Long Term Biodiversity","","Mediterranean Maquis","Near","Camera Functioning","","No Bait","","Trail, game","Mediterranean Maquis   Galilee","","50","high","","7A"
"d40349","T2_Iftach Far 8","","","2017-11-05","2017-11-14","","","33.12336","35.55813","False","p239","HaMaarag Project","sp1379","HaMaarag Long Term Biodiversity","","Mediterranean Maquis","Far","Unknown Failure","","No Bait","","Trail, game","Mediterranean Maquis   Galilee","","50","high","","13"
"d40354","T2_Kfar Shamai Near 4","","","2017-09-28","2017-10-15","32.96518","35.45891","32.96518","35.45891","False","p239","HaMaarag Project","sp1379","HaMaarag Long Term Biodiversity","","Mediterranean Maquis","Near","Camera Functioning","","No Bait","","Trail, game","Mediterranean Maquis   Galilee","","15","high","","4"
