"","Project.ID","year","Deployment.id_new","Unit","Subunit","Site","Settlements","Agriculture","Dunes","Lon","Lat","Start.date","Time.Diff","rescaled_Time.Diff_new","Monitoring.Time.Diff_numeric","sinus_Monitoring.Time.Diff","cosinus_Monitoring.Time.Diff","Distance","Transect","Distance.Agri","Transect_date","Canis aureus","Canis lupus","Capra nubiana","Dama mesopotamica","Equus hemionus","Gazella dorcas","Gazella gazella","Hyaena hyaena","Hystrix indica","Lepus capensis","Meles meles","Oryx leucoryx","Sus scrofa","Vulpes vulpes"
"1","T0",2014,"Ein Yahav Far 46","Arid Desert",NA,"Ein Yahav",NA,"Far",NA,35.199492,30.646855,12/06/14, 774,-1.14490434,-9,-0.412118485241757,-0.911130261884677,3198.840292,"Ein Yahav Far",1714.493558,"Ein Yahav Far 12/06/14",0,0,0,0,0,0,0,0,0,1,0,0,0,0
"2","T0",2014,"Ein Yahav Far 47","Arid Desert",NA,"Ein Yahav",NA,"Far",NA,35.199492,30.646855,12/06/14, 774,-1.14490434,-9,-0.412118485241757,-0.911130261884677,3198.840292,"Ein Yahav Far",1714.493558,"Ein Yahav Far 12/06/14",0,0,0,0,0,1,0,0,0,2,0,0,0,0
"3","T0",2014,"Ein Yahav Far 48","Arid Desert",NA,"Ein Yahav",NA,"Far",NA,35.199492,30.646855,12/06/14, 774,-1.14490434,-9,-0.412118485241757,-0.911130261884677,3198.840292,"Ein Yahav Far",1714.493558,"Ein Yahav Far 12/06/14",0,0,0,0,0,4,0,0,0,0,0,0,0,0
"4","T0",2014,"Ein Yahav Far 50","Arid Desert",NA,"Ein Yahav",NA,"Far",NA,35.199492,30.646855,12/06/14, 774,-1.14490434,-9,-0.412118485241757,-0.911130261884677,3198.840292,"Ein Yahav Far",1714.493558,"Ein Yahav Far 12/06/14",0,0,0,0,0,2,0,0,0,0,0,0,0,0
"5","T0",2014,"Ein Yahav Far 53","Arid Desert",NA,"Ein Yahav",NA,"Far",NA,35.199492,30.646855,12/06/14, 774,-1.14490434,-9,-0.412118485241757,-0.911130261884677,3198.840292,"Ein Yahav Far",1714.493558,"Ein Yahav Far 12/06/14",0,0,0,0,0,0,0,0,0,1,0,0,0,0
"6","T0",2014,"Ein Yahav Near 20","Arid Desert",NA,"Ein Yahav",NA,"Near",NA,35.244327,30.671342,12/06/14, 774,-1.14490434,-9,-0.412118485241757,-0.911130261884677,1096.898329,"Ein Yahav Near",172.455533,"Ein Yahav Near 12/06/14",0,0,0,0,0,0,0,0,0,1,0,0,0,0
"7","T0",2014,"Ein Yahav Near 23","Arid Desert",NA,"Ein Yahav",NA,"Near",NA,35.244327,30.671342,12/06/14, 774,-1.14490434,-9,-0.412118485241757,-0.911130261884677,1096.898329,"Ein Yahav Near",172.455533,"Ein Yahav Near 12/06/14",0,0,0,0,0,0,0,1,0,0,0,0,0,0
"8","T0",2014,"Ein Yahav Near 24","Arid Desert",NA,"Ein Yahav",NA,"Near",NA,35.244327,30.671342,12/06/14, 774,-1.14490434,-9,-0.412118485241757,-0.911130261884677,1096.898329,"Ein Yahav Near",172.455533,"Ein Yahav Near 12/06/14",0,0,0,0,0,0,0,0,0,1,0,0,0,0
"9","T0",2014,"Lotan Far 28","Arid Desert",NA,"Lotan",NA,"Far",NA,35.068248,29.992544,22/05/14, 753,-1.16178315,-30,0.988031624092862,0.154251449887584,1527.627305,"Lotan Far",1640.842161,"Lotan Far 22/05/14",0,0,17,0,0,0,0,1,0,0,0,0,0,0
"10","T0",2014,"Lotan Far 29","Arid Desert",NA,"Lotan",NA,"Far",NA,35.068248,29.992544,22/05/14, 753,-1.16178315,-30,0.988031624092862,0.154251449887584,1527.627305,"Lotan Far",1640.842161,"Lotan Far 22/05/14",1,0,13,0,0,0,0,1,0,0,0,0,0,0
"11","T0",2014,"Lotan Far 30","Arid Desert",NA,"Lotan",NA,"Far",NA,35.068248,29.992544,22/05/14, 753,-1.16178315,-30,0.988031624092862,0.154251449887584,1527.627305,"Lotan Far",1640.842161,"Lotan Far 22/05/14",1,0,1,0,0,0,0,0,0,0,0,0,0,0
"12","T0",2014,"Lotan Far 31","Arid Desert",NA,"Lotan",NA,"Far",NA,35.068248,29.992544,22/05/14, 753,-1.16178315,-30,0.988031624092862,0.154251449887584,1527.627305,"Lotan Far",1640.842161,"Lotan Far 22/05/14",0,0,55,0,0,0,0,2,0,0,0,0,0,0
"13","T0",2014,"Lotan Far 32","Arid Desert",NA,"Lotan",NA,"Far",NA,35.068248,29.992544,22/05/14, 753,-1.16178315,-30,0.988031624092862,0.154251449887584,1527.627305,"Lotan Far",1640.842161,"Lotan Far 22/05/14",0,0,32,0,0,0,0,0,0,0,0,0,0,0
"14","T0",2014,"Lotan Far 34","Arid Desert",NA,"Lotan",NA,"Far",NA,35.068248,29.992544,22/05/14, 753,-1.16178315,-30,0.988031624092862,0.154251449887584,1527.627305,"Lotan Far",1640.842161,"Lotan Far 22/05/14",0,0,17,0,0,0,0,1,0,0,0,0,0,0
"15","T0",2014,"Lotan Far 35","Arid Desert",NA,"Lotan",NA,"Far",NA,35.068248,29.992544,22/05/14, 753,-1.16178315,-30,0.988031624092862,0.154251449887584,1527.627305,"Lotan Far",1640.842161,"Lotan Far 22/05/14",0,0,20,0,0,0,0,0,0,0,0,0,0,0
"16","T0",2014,"Lotan Far 36","Arid Desert",NA,"Lotan",NA,"Far",NA,35.068248,29.992544,22/05/14, 753,-1.16178315,-30,0.988031624092862,0.154251449887584,1527.627305,"Lotan Far",1640.842161,"Lotan Far 22/05/14",0,0,9,0,0,0,0,0,0,0,0,0,0,0
"17","T0",2014,"Lotan Near 24","Arid Desert",NA,"Lotan",NA,"Near",NA,35.078905,29.974382,22/05/14, 753,-1.16178315,-30,0.988031624092862,0.154251449887584,1067.502571,"Lotan Near",0,"Lotan Near 22/05/14",0,0,0,0,0,0,0,1,0,0,0,0,0,0
"18","T0",2014,"Paran Far 50","Arid Desert",NA,"Paran",NA,"Far",NA,35.131286,30.344311,26/05/14, 757,-1.15856814,-26,-0.762558450479603,0.64691932232864,2452.388356,"Paran Far",1804.614774,"Paran Far 26/05/14",0,0,0,0,0,0,0,0,0,1,0,0,0,0
"19","T0",2014,"Paran Far 53","Arid Desert",NA,"Paran",NA,"Far",NA,35.131286,30.344311,26/05/14, 757,-1.15856814,-26,-0.762558450479603,0.64691932232864,2452.388356,"Paran Far",1804.614774,"Paran Far 26/05/14",1,0,0,0,0,0,0,0,0,0,0,0,0,0
"20","T0",2014,"Yotvata Far 11","Arid Desert",NA,"Yotvata",NA,"Far",NA,35.046068,29.884492,22/05/14, 753,-1.16178315,-30,0.988031624092862,0.154251449887584,1349.998495,"Yotvata Far",1832.984365,"Yotvata Far 22/05/14",0,0,4,0,0,0,0,0,0,0,0,0,0,0
"21","T0",2014,"Yotvata Far 12","Arid Desert",NA,"Yotvata",NA,"Far",NA,35.046068,29.884492,22/05/14, 753,-1.16178315,-30,0.988031624092862,0.154251449887584,1349.998495,"Yotvata Far",1832.984365,"Yotvata Far 22/05/14",0,0,3,0,0,0,0,0,0,0,0,0,0,0
"22","T0",2014,"Yotvata Far 13","Arid Desert",NA,"Yotvata",NA,"Far",NA,35.046068,29.884492,22/05/14, 753,-1.16178315,-30,0.988031624092862,0.154251449887584,1349.998495,"Yotvata Far",1832.984365,"Yotvata Far 22/05/14",0,0,7,0,0,0,0,0,0,0,0,0,0,0
"23","T0",2014,"Yotvata Far 15","Arid Desert",NA,"Yotvata",NA,"Far",NA,35.046068,29.884492,22/05/14, 753,-1.16178315,-30,0.988031624092862,0.154251449887584,1349.998495,"Yotvata Far",1832.984365,"Yotvata Far 22/05/14",0,0,3,0,0,0,0,0,0,0,0,0,0,0
"24","T0",2014,"Yotvata Far 16","Arid Desert",NA,"Yotvata",NA,"Far",NA,35.046068,29.884492,22/05/14, 753,-1.16178315,-30,0.988031624092862,0.154251449887584,1349.998495,"Yotvata Far",1832.984365,"Yotvata Far 22/05/14",0,0,6,0,0,1,0,0,0,0,0,0,0,0
"25","T0",2014,"Yotvata Far 18","Arid Desert",NA,"Yotvata",NA,"Far",NA,35.046068,29.884492,22/05/14, 753,-1.16178315,-30,0.988031624092862,0.154251449887584,1349.998495,"Yotvata Far",1832.984365,"Yotvata Far 22/05/14",0,0,3,0,0,0,0,0,0,0,0,0,0,0
"26","T0",2014,"Yotvata Near 3","Arid Desert",NA,"Yotvata",NA,"Near",NA,35.067509,29.889448,16/05/14, 747,-1.16660567,-36,0.991778853443116,-0.127963689627405,232.7139415,"Yotvata Near",137.826558,"Yotvata Near 16/05/14",3,0,0,0,0,0,0,2,0,1,0,0,0,1
"27","T0",2014,"Yotvata Near 7","Arid Desert",NA,"Yotvata",NA,"Near",NA,35.067509,29.889448,16/05/14, 747,-1.16660567,-36,0.991778853443116,-0.127963689627405,232.7139415,"Yotvata Near",137.826558,"Yotvata Near 16/05/14",1,0,0,0,0,0,0,0,0,0,0,0,0,0
"28","T0",2014,"Zofar Far 37","Arid Desert",NA,"Zofar",NA,"Far",NA,35.17713,30.547329,12/06/14, 774,-1.14490434,-9,-0.412118485241757,-0.911130261884677,803.6579307,"Zofar Far",829.564938,"Zofar Far 12/06/14",0,0,0,0,0,0,0,0,1,0,0,0,0,0
"29","T0",2014,"Zofar Far 39","Arid Desert",NA,"Zofar",NA,"Far",NA,35.17713,30.547329,12/06/14, 774,-1.14490434,-9,-0.412118485241757,-0.911130261884677,803.6579307,"Zofar Far",829.564938,"Zofar Far 12/06/14",0,0,0,0,0,0,0,0,3,0,0,0,0,0
"30","T0",2014,"Zofar Far 40","Arid Desert",NA,"Zofar",NA,"Far",NA,35.17713,30.547329,12/06/14, 774,-1.14490434,-9,-0.412118485241757,-0.911130261884677,803.6579307,"Zofar Far",829.564938,"Zofar Far 12/06/14",0,0,0,0,0,0,0,0,2,1,0,0,0,0
"31","T0",2014,"Zofar Far 41","Arid Desert",NA,"Zofar",NA,"Far",NA,35.17713,30.547329,12/06/14, 774,-1.14490434,-9,-0.412118485241757,-0.911130261884677,803.6579307,"Zofar Far",829.564938,"Zofar Far 12/06/14",1,0,0,0,0,0,0,0,0,1,0,0,0,0
"32","T0",2014,"Zofar Far 42","Arid Desert",NA,"Zofar",NA,"Far",NA,35.17713,30.547329,12/06/14, 774,-1.14490434,-9,-0.412118485241757,-0.911130261884677,803.6579307,"Zofar Far",829.564938,"Zofar Far 12/06/14",1,0,0,0,0,0,0,0,0,0,0,0,0,0
"33","T0",2014,"Zofar Near 11","Arid Desert",NA,"Zofar",NA,"Near",NA,35.192205,30.568179,12/06/14, 774,-1.14490434,-9,-0.412118485241757,-0.911130261884677,666.6563752,"Zofar Near",236.854778,"Zofar Near 12/06/14",0,0,0,0,0,0,0,0,0,5,0,0,0,0
"34","T0",2014,"Zofar Near 13","Arid Desert",NA,"Zofar",NA,"Near",NA,35.192205,30.568179,12/06/14, 774,-1.14490434,-9,-0.412118485241757,-0.911130261884677,666.6563752,"Zofar Near",236.854778,"Zofar Near 12/06/14",0,0,0,0,0,0,0,1,0,0,0,0,0,0
"35","T0",2014,"Zofar Near 15","Arid Desert",NA,"Zofar",NA,"Near",NA,35.192205,30.568179,12/06/14, 774,-1.14490434,-9,-0.412118485241757,-0.911130261884677,666.6563752,"Zofar Near",236.854778,"Zofar Near 12/06/14",0,0,0,0,0,0,0,1,0,0,0,0,0,0
"36","T0",2014,"Zofar Near 17","Arid Desert",NA,"Zofar",NA,"Near",NA,35.192205,30.568179,12/06/14, 774,-1.14490434,-9,-0.412118485241757,-0.911130261884677,666.6563752,"Zofar Near",236.854778,"Zofar Near 12/06/14",1,0,0,0,0,0,0,0,0,0,0,0,0,0
"37","T0",2014,"Gamla Far CA11","Herbaceous and Dwarf Shrub Vegetation",NA,"Gamla","Far",NA,NA,35.74769,32.917469,25/06/14, 787,-1.13445555,4,-0.756802495307928,-0.653643620863612,4159.040426,"Gamla Far",2763.614907,"Gamla Far 25/06/14",0,4,0,0,0,0,2,0,0,0,0,0,7,0
"38","T0",2014,"Gamla Far CA21","Herbaceous and Dwarf Shrub Vegetation",NA,"Gamla","Far",NA,NA,35.74769,32.917469,25/06/14, 787,-1.13445555,4,-0.756802495307928,-0.653643620863612,4159.040426,"Gamla Far",2763.614907,"Gamla Far 25/06/14",0,0,0,0,0,0,6,0,0,0,0,0,6,0
"39","T0",2014,"Gamla Far CA22","Herbaceous and Dwarf Shrub Vegetation",NA,"Gamla","Far",NA,NA,35.74769,32.917469,25/06/14, 787,-1.13445555,4,-0.756802495307928,-0.653643620863612,4159.040426,"Gamla Far",2763.614907,"Gamla Far 25/06/14",0,0,0,0,0,0,1,0,0,0,0,0,0,0
"40","T0",2014,"Gamla Far CA23","Herbaceous and Dwarf Shrub Vegetation",NA,"Gamla","Far",NA,NA,35.74769,32.917469,25/06/14, 787,-1.13445555,4,-0.756802495307928,-0.653643620863612,4159.040426,"Gamla Far",2763.614907,"Gamla Far 25/06/14",1,0,0,0,0,0,0,0,0,0,0,0,0,0
"41","T0",2014,"Gamla Far CA25","Herbaceous and Dwarf Shrub Vegetation",NA,"Gamla","Far",NA,NA,35.74769,32.917469,25/06/14, 787,-1.13445555,4,-0.756802495307928,-0.653643620863612,4159.040426,"Gamla Far",2763.614907,"Gamla Far 25/06/14",2,0,0,0,0,0,0,0,3,0,0,0,0,0
"42","T0",2014,"Gamla Far CA30","Herbaceous and Dwarf Shrub Vegetation",NA,"Gamla","Far",NA,NA,35.74769,32.917469,25/06/14, 787,-1.13445555,4,-0.756802495307928,-0.653643620863612,4159.040426,"Gamla Far",2763.614907,"Gamla Far 25/06/14",0,0,0,0,0,0,0,0,0,0,0,0,0,1
"43","T0",2014,"Gamla Far CA31","Herbaceous and Dwarf Shrub Vegetation",NA,"Gamla","Far",NA,NA,35.74769,32.917469,25/06/14, 787,-1.13445555,4,-0.756802495307928,-0.653643620863612,4159.040426,"Gamla Far",2763.614907,"Gamla Far 25/06/14",0,0,0,0,0,0,44,0,0,0,0,0,7,0
"44","T0",2014,"Gamla Far CA34","Herbaceous and Dwarf Shrub Vegetation",NA,"Gamla","Far",NA,NA,35.74769,32.917469,25/06/14, 787,-1.13445555,4,-0.756802495307928,-0.653643620863612,4159.040426,"Gamla Far",2763.614907,"Gamla Far 25/06/14",3,0,0,0,0,0,1,0,0,0,0,0,12,0
"45","T0",2014,"Gamla Far CA7","Herbaceous and Dwarf Shrub Vegetation",NA,"Gamla","Far",NA,NA,35.74769,32.917469,25/06/14, 787,-1.13445555,4,-0.756802495307928,-0.653643620863612,4159.040426,"Gamla Far",2763.614907,"Gamla Far 25/06/14",0,0,0,0,0,0,7,2,0,0,2,0,17,1
"46","T0",2014,"Karei Deshe Far CA10","Herbaceous and Dwarf Shrub Vegetation",NA,"Karei Deshe","Far",NA,NA,35.58239,32.92394,06/07/14, 798,-1.12561426,15,0.650287840157117,-0.759687912858821,1603.862858,"Karei Deshe Far",745.790268,"Karei Deshe Far 06/07/14",1,0,0,0,0,0,9,0,0,0,0,0,0,1
"47","T0",2014,"Karei Deshe Far CA12","Herbaceous and Dwarf Shrub Vegetation",NA,"Karei Deshe","Far",NA,NA,35.58239,32.92394,06/07/14, 798,-1.12561426,15,0.650287840157117,-0.759687912858821,1603.862858,"Karei Deshe Far",745.790268,"Karei Deshe Far 06/07/14",0,0,0,0,0,0,2,0,1,0,0,0,0,0
"48","T0",2014,"Karei Deshe Far CA26","Herbaceous and Dwarf Shrub Vegetation",NA,"Karei Deshe","Far",NA,NA,35.58239,32.92394,06/07/14, 798,-1.12561426,15,0.650287840157117,-0.759687912858821,1603.862858,"Karei Deshe Far",745.790268,"Karei Deshe Far 06/07/14",7,0,0,0,0,0,1,0,3,0,0,0,2,0
"49","T0",2014,"Karei Deshe Far CA29","Herbaceous and Dwarf Shrub Vegetation",NA,"Karei Deshe","Far",NA,NA,35.58239,32.92394,06/07/14, 798,-1.12561426,15,0.650287840157117,-0.759687912858821,1603.862858,"Karei Deshe Far",745.790268,"Karei Deshe Far 06/07/14",2,0,0,0,0,0,2,0,0,0,0,0,0,1
"50","T0",2014,"Karei Deshe Far CA3","Herbaceous and Dwarf Shrub Vegetation",NA,"Karei Deshe","Far",NA,NA,35.58239,32.92394,06/07/14, 798,-1.12561426,15,0.650287840157117,-0.759687912858821,1603.862858,"Karei Deshe Far",745.790268,"Karei Deshe Far 06/07/14",0,0,0,0,0,0,1,0,0,0,0,0,0,0
"51","T0",2014,"Karei Deshe Far CA35","Herbaceous and Dwarf Shrub Vegetation",NA,"Karei Deshe","Far",NA,NA,35.58239,32.92394,06/07/14, 798,-1.12561426,15,0.650287840157117,-0.759687912858821,1603.862858,"Karei Deshe Far",745.790268,"Karei Deshe Far 06/07/14",3,0,0,0,0,0,4,0,0,0,0,0,0,0
"52","T0",2014,"Karei Deshe Far CA36","Herbaceous and Dwarf Shrub Vegetation",NA,"Karei Deshe","Far",NA,NA,35.58239,32.92394,06/07/14, 798,-1.12561426,15,0.650287840157117,-0.759687912858821,1603.862858,"Karei Deshe Far",745.790268,"Karei Deshe Far 06/07/14",0,0,0,0,0,0,1,0,0,0,0,0,0,0
"53","T0",2014,"Karei Deshe Far CA4","Herbaceous and Dwarf Shrub Vegetation",NA,"Karei Deshe","Far",NA,NA,35.58239,32.92394,06/07/14, 798,-1.12561426,15,0.650287840157117,-0.759687912858821,1603.862858,"Karei Deshe Far",745.790268,"Karei Deshe Far 06/07/14",2,0,0,0,0,0,1,0,0,0,0,0,0,1
"54","T0",2014,"Natur Far CA13","Herbaceous and Dwarf Shrub Vegetation",NA,"Natur","Far",NA,NA,35.737387,32.844674,25/06/14, 787,-1.13445555,4,-0.756802495307928,-0.653643620863612,1561.015734,"Natur Far",1515.624005,"Natur Far 25/06/14",2,0,0,0,0,0,1,0,0,0,0,0,6,0
"55","T0",2014,"Natur Far CA14","Herbaceous and Dwarf Shrub Vegetation",NA,"Natur","Far",NA,NA,35.737387,32.844674,25/06/14, 787,-1.13445555,4,-0.756802495307928,-0.653643620863612,1561.015734,"Natur Far",1515.624005,"Natur Far 25/06/14",0,0,0,0,0,0,3,0,0,0,0,0,2,0
"56","T0",2014,"Natur Far CA16","Herbaceous and Dwarf Shrub Vegetation",NA,"Natur","Far",NA,NA,35.737387,32.844674,25/06/14, 787,-1.13445555,4,-0.756802495307928,-0.653643620863612,1561.015734,"Natur Far",1515.624005,"Natur Far 25/06/14",1,0,0,0,0,0,1,0,0,0,0,0,1,1
"57","T0",2014,"Natur Far CA28","Herbaceous and Dwarf Shrub Vegetation",NA,"Natur","Far",NA,NA,35.737387,32.844674,25/06/14, 787,-1.13445555,4,-0.756802495307928,-0.653643620863612,1561.015734,"Natur Far",1515.624005,"Natur Far 25/06/14",6,0,0,0,0,0,4,0,0,0,0,0,0,0
"58","T0",2014,"Natur Far CA33","Herbaceous and Dwarf Shrub Vegetation",NA,"Natur","Far",NA,NA,35.737387,32.844674,25/06/14, 787,-1.13445555,4,-0.756802495307928,-0.653643620863612,1561.015734,"Natur Far",1515.624005,"Natur Far 25/06/14",1,0,0,0,0,0,2,0,0,0,0,0,6,0
"59","T0",2014,"Natur Far CA6","Herbaceous and Dwarf Shrub Vegetation",NA,"Natur","Far",NA,NA,35.737387,32.844674,25/06/14, 787,-1.13445555,4,-0.756802495307928,-0.653643620863612,1561.015734,"Natur Far",1515.624005,"Natur Far 25/06/14",11,0,0,0,0,0,1,0,0,0,1,0,0,7
"60","T0",2014,"Natur Far CA9","Herbaceous and Dwarf Shrub Vegetation",NA,"Natur","Far",NA,NA,35.737387,32.844674,25/06/14, 787,-1.13445555,4,-0.756802495307928,-0.653643620863612,1561.015734,"Natur Far",1515.624005,"Natur Far 25/06/14",2,0,0,0,0,0,4,0,0,0,0,0,0,1
"61","T0",2014,"Shaal Far CA1","Herbaceous and Dwarf Shrub Vegetation",NA,"Shaal","Far",NA,NA,35.750144,33.087734,24/06/14, 786,-1.13525930,3,0.141120008059867,-0.989992496600445,635.8477538,"Shaal Far",839.221023,"Shaal Far 24/06/14",1,0,0,0,0,0,1,0,0,0,0,0,0,1
"62","T0",2014,"Shaal Far CA17","Herbaceous and Dwarf Shrub Vegetation",NA,"Shaal","Far",NA,NA,35.750144,33.087734,24/06/14, 786,-1.13525930,3,0.141120008059867,-0.989992496600445,635.8477538,"Shaal Far",839.221023,"Shaal Far 24/06/14",0,0,0,0,0,0,2,0,0,0,0,0,1,0
"63","T0",2014,"Shaal Far CA18","Herbaceous and Dwarf Shrub Vegetation",NA,"Shaal","Far",NA,NA,35.750144,33.087734,24/06/14, 786,-1.13525930,3,0.141120008059867,-0.989992496600445,635.8477538,"Shaal Far",839.221023,"Shaal Far 24/06/14",0,0,0,0,0,0,1,0,0,0,0,0,0,0
"64","T0",2014,"Shaal Far CA20","Herbaceous and Dwarf Shrub Vegetation",NA,"Shaal","Far",NA,NA,35.750144,33.087734,24/06/14, 786,-1.13525930,3,0.141120008059867,-0.989992496600445,635.8477538,"Shaal Far",839.221023,"Shaal Far 24/06/14",1,1,0,0,0,0,10,0,0,0,0,0,1,3
"65","T0",2014,"Shaal Far CA5","Herbaceous and Dwarf Shrub Vegetation",NA,"Shaal","Far",NA,NA,35.750144,33.087734,24/06/14, 786,-1.13525930,3,0.141120008059867,-0.989992496600445,635.8477538,"Shaal Far",839.221023,"Shaal Far 24/06/14",2,0,0,0,0,0,4,0,2,0,0,0,0,0
"66","T0",2014,"Shaal Far CA8","Herbaceous and Dwarf Shrub Vegetation",NA,"Shaal","Far",NA,NA,35.750144,33.087734,24/06/14, 786,-1.13525930,3,0.141120008059867,-0.989992496600445,635.8477538,"Shaal Far",839.221023,"Shaal Far 24/06/14",1,0,0,0,0,0,35,0,0,0,0,0,1,2
"67","T0",2014,"Yavneel Far CA13","Herbaceous and Dwarf Shrub Vegetation",NA,"Yavneel","Far",NA,NA,35.512391,32.678852,16/07/14, 808,-1.11757673,25,-0.132351750097773,0.991202811863474,1924.414627,"Yavneel Far",174.417643,"Yavneel Far 16/07/14",10,0,0,0,0,0,3,0,0,0,0,0,14,2
"68","T0",2014,"Yavneel Far CA14","Herbaceous and Dwarf Shrub Vegetation",NA,"Yavneel","Far",NA,NA,35.512391,32.678852,16/07/14, 808,-1.11757673,25,-0.132351750097773,0.991202811863474,1924.414627,"Yavneel Far",174.417643,"Yavneel Far 16/07/14",0,0,0,0,0,0,3,0,0,0,0,0,0,0
"69","T0",2014,"Yavneel Far CA16","Herbaceous and Dwarf Shrub Vegetation",NA,"Yavneel","Far",NA,NA,35.512391,32.678852,16/07/14, 808,-1.11757673,25,-0.132351750097773,0.991202811863474,1924.414627,"Yavneel Far",174.417643,"Yavneel Far 16/07/14",6,0,0,0,0,0,4,0,1,0,2,0,3,1
"70","T0",2014,"Yavneel Far CA19","Herbaceous and Dwarf Shrub Vegetation",NA,"Yavneel","Far",NA,NA,35.512391,32.678852,16/07/14, 808,-1.11757673,25,-0.132351750097773,0.991202811863474,1924.414627,"Yavneel Far",174.417643,"Yavneel Far 16/07/14",1,0,0,0,0,0,9,0,0,0,0,0,6,1
"71","T0",2014,"Yavneel Far CA28","Herbaceous and Dwarf Shrub Vegetation",NA,"Yavneel","Far",NA,NA,35.512391,32.678852,16/07/14, 808,-1.11757673,25,-0.132351750097773,0.991202811863474,1924.414627,"Yavneel Far",174.417643,"Yavneel Far 16/07/14",5,1,0,0,0,0,10,0,3,0,0,0,0,0
"72","T0",2014,"Yavneel Far CA33","Herbaceous and Dwarf Shrub Vegetation",NA,"Yavneel","Far",NA,NA,35.512391,32.678852,16/07/14, 808,-1.11757673,25,-0.132351750097773,0.991202811863474,1924.414627,"Yavneel Far",174.417643,"Yavneel Far 16/07/14",2,0,0,0,0,0,3,0,0,0,0,0,2,1
"73","T0",2014,"Yavneel Far CA6","Herbaceous and Dwarf Shrub Vegetation",NA,"Yavneel","Far",NA,NA,35.512391,32.678852,16/07/14, 808,-1.11757673,25,-0.132351750097773,0.991202811863474,1924.414627,"Yavneel Far",174.417643,"Yavneel Far 16/07/14",2,0,0,0,0,0,1,0,1,0,0,0,3,0
"74","T0",2014,"Yavneel Far CA9","Herbaceous and Dwarf Shrub Vegetation",NA,"Yavneel","Far",NA,NA,35.512391,32.678852,16/07/14, 808,-1.11757673,25,-0.132351750097773,0.991202811863474,1924.414627,"Yavneel Far",174.417643,"Yavneel Far 16/07/14",1,0,0,0,0,0,1,0,0,0,0,0,0,1
"75","T0",2014,"Beit Yatir Far 19","Mediterranean Desert Transition Zone",NA,"Beit Yatir","Far",NA,NA,35.124834,31.369949,13/07/14, 805,-1.11998799,22,-0.00885130929040388,-0.999960826394637,1091.636177,"Beit Yatir Far",1445.22705,"Beit Yatir Far 13/07/14",31,0,0,0,0,0,0,0,0,0,0,0,0,0
"76","T0",2014,"Beit Yatir Far 20","Mediterranean Desert Transition Zone",NA,"Beit Yatir","Far",NA,NA,35.124834,31.369949,13/07/14, 805,-1.11998799,22,-0.00885130929040388,-0.999960826394637,1091.636177,"Beit Yatir Far",1445.22705,"Beit Yatir Far 13/07/14",0,0,0,0,0,0,1,0,0,0,0,0,0,0
"77","T0",2014,"Beit Yatir Far 23","Mediterranean Desert Transition Zone",NA,"Beit Yatir","Far",NA,NA,35.124834,31.369949,13/07/14, 805,-1.11998799,22,-0.00885130929040388,-0.999960826394637,1091.636177,"Beit Yatir Far",1445.22705,"Beit Yatir Far 13/07/14",0,0,0,0,0,0,1,0,0,0,0,0,0,0
"78","T0",2014,"Beit Yatir Far 24","Mediterranean Desert Transition Zone",NA,"Beit Yatir","Far",NA,NA,35.124834,31.369949,13/07/14, 805,-1.11998799,22,-0.00885130929040388,-0.999960826394637,1091.636177,"Beit Yatir Far",1445.22705,"Beit Yatir Far 13/07/14",2,0,0,0,0,0,6,0,0,0,0,0,0,0
"79","T0",2014,"Beit Yatir Far 26","Mediterranean Desert Transition Zone",NA,"Beit Yatir","Far",NA,NA,35.124834,31.369949,13/07/14, 805,-1.11998799,22,-0.00885130929040388,-0.999960826394637,1091.636177,"Beit Yatir Far",1445.22705,"Beit Yatir Far 13/07/14",1,0,0,0,0,0,5,0,0,0,0,0,0,0
"80","T0",2014,"Beit Yatir Far 27","Mediterranean Desert Transition Zone",NA,"Beit Yatir","Far",NA,NA,35.124834,31.369949,13/07/14, 805,-1.11998799,22,-0.00885130929040388,-0.999960826394637,1091.636177,"Beit Yatir Far",1445.22705,"Beit Yatir Far 13/07/14",0,0,0,0,0,0,2,0,0,0,0,0,0,0
"81","T0",2014,"Beit Yatir Near 11","Mediterranean Desert Transition Zone",NA,"Beit Yatir","Near",NA,NA,35.109329,31.358183,13/07/14, 805,-1.11998799,22,-0.00885130929040388,-0.999960826394637,325.3939607,"Beit Yatir Near",190.564815,"Beit Yatir Near 13/07/14",6,0,0,0,0,0,0,0,0,1,0,0,0,0
"82","T0",2014,"Beit Yatir Near 16","Mediterranean Desert Transition Zone",NA,"Beit Yatir","Near",NA,NA,35.109329,31.358183,13/07/14, 805,-1.11998799,22,-0.00885130929040388,-0.999960826394637,325.3939607,"Beit Yatir Near",190.564815,"Beit Yatir Near 13/07/14",1,0,0,0,0,0,0,0,0,0,0,0,0,0
"83","T0",2014,"Beit Yatir Near 17","Mediterranean Desert Transition Zone",NA,"Beit Yatir","Near",NA,NA,35.109329,31.358183,13/07/14, 805,-1.11998799,22,-0.00885130929040388,-0.999960826394637,325.3939607,"Beit Yatir Near",190.564815,"Beit Yatir Near 13/07/14",1,0,0,0,0,0,0,0,0,0,0,0,0,0
"84","T0",2014,"Har Amasa Far 3","Mediterranean Desert Transition Zone",NA,"Har Amasa","Far",NA,NA,35.093329,31.330906,17/07/14, 809,-1.11677298,26,0.762558450479603,0.64691932232864,1451.458448,"Har Amasa Far",361.145193,"Har Amasa Far 17/07/14",0,0,0,0,0,0,2,0,0,0,0,0,0,0
"85","T0",2014,"Har Amasa Far 5","Mediterranean Desert Transition Zone",NA,"Har Amasa","Far",NA,NA,35.093329,31.330906,17/07/14, 809,-1.11677298,26,0.762558450479603,0.64691932232864,1451.458448,"Har Amasa Far",361.145193,"Har Amasa Far 17/07/14",0,0,0,0,0,0,0,1,0,0,0,0,0,0
"86","T0",2014,"Har Amasa Far 9","Mediterranean Desert Transition Zone",NA,"Har Amasa","Far",NA,NA,35.093329,31.330906,17/07/14, 809,-1.11677298,26,0.762558450479603,0.64691932232864,1451.458448,"Har Amasa Far",361.145193,"Har Amasa Far 17/07/14",0,0,0,0,0,0,0,0,1,0,0,0,0,0
"87","T0",2014,"Har Amasa Near 29","Mediterranean Desert Transition Zone",NA,"Har Amasa","Near",NA,NA,35.100175,31.3435,17/07/14, 809,-1.11677298,26,0.762558450479603,0.64691932232864,7.591111871,"Har Amasa Near",47.44978,"Har Amasa Near 17/07/14",0,0,0,0,0,0,0,1,0,0,0,0,0,0
"88","T0",2014,"Har Amasa Near 33","Mediterranean Desert Transition Zone",NA,"Har Amasa","Near",NA,NA,35.100175,31.3435,17/07/14, 809,-1.11677298,26,0.762558450479603,0.64691932232864,7.591111871,"Har Amasa Near",47.44978,"Har Amasa Near 17/07/14",0,0,0,0,0,0,0,0,1,0,0,0,0,0
"89","T0",2014,"Har Amasa Near 34","Mediterranean Desert Transition Zone",NA,"Har Amasa","Near",NA,NA,35.100175,31.3435,17/07/14, 809,-1.11677298,26,0.762558450479603,0.64691932232864,7.591111871,"Har Amasa Near",47.44978,"Har Amasa Near 17/07/14",0,0,0,0,0,0,0,1,0,0,0,0,0,0
"90","T0",2014,"Lahav Far 27","Mediterranean Desert Transition Zone",NA,"Lahav","Far",NA,NA,34.857092,31.374745,30/07/14, 822,-1.10632419,39,0.963795386284088,0.266642932359937,854.647897,"Lahav Far",0,"Lahav Far 30/07/14",3,0,0,0,0,0,0,1,0,1,0,0,0,0
"91","T0",2014,"Lahav Near 11","Mediterranean Desert Transition Zone",NA,"Lahav","Near",NA,NA,34.86739,31.381659,30/07/14, 822,-1.10632419,39,0.963795386284088,0.266642932359937,59.14656958,"Lahav Near",484.348022,"Lahav Near 30/07/14",1,0,0,0,0,0,0,0,0,0,0,0,0,0
"92","T0",2014,"Lahav Near 12","Mediterranean Desert Transition Zone",NA,"Lahav","Near",NA,NA,34.86739,31.381659,30/07/14, 822,-1.10632419,39,0.963795386284088,0.266642932359937,59.14656958,"Lahav Near",484.348022,"Lahav Near 30/07/14",3,0,0,0,0,0,0,0,10,0,0,0,0,0
"93","T0",2014,"Lahav Near 14","Mediterranean Desert Transition Zone",NA,"Lahav","Near",NA,NA,34.86739,31.381659,30/07/14, 822,-1.10632419,39,0.963795386284088,0.266642932359937,59.14656958,"Lahav Near",484.348022,"Lahav Near 30/07/14",1,0,0,0,0,0,0,0,2,0,0,0,0,0
"94","T0",2014,"Lahav Near 18","Mediterranean Desert Transition Zone",NA,"Lahav","Near",NA,NA,34.86739,31.381659,30/07/14, 822,-1.10632419,39,0.963795386284088,0.266642932359937,59.14656958,"Lahav Near",484.348022,"Lahav Near 30/07/14",1,0,0,0,0,0,0,0,0,0,0,0,0,0
"95","T0",2014,"Lehavim Far 2","Mediterranean Desert Transition Zone",NA,"Lehavim","Far",NA,NA,34.835428,31.368971,31/07/14, 823,-1.10552044,40,0.745113160479349,-0.666938061652262,948.1151207,"Lehavim Far",72.632959,"Lehavim Far 31/07/14",0,0,0,0,0,0,0,0,0,3,0,0,0,0
"96","T0",2014,"Lehavim Far 3","Mediterranean Desert Transition Zone",NA,"Lehavim","Far",NA,NA,34.835428,31.368971,31/07/14, 823,-1.10552044,40,0.745113160479349,-0.666938061652262,948.1151207,"Lehavim Far",72.632959,"Lehavim Far 31/07/14",2,0,0,0,0,0,0,0,0,0,0,0,0,0
"97","T0",2014,"Lehavim Far 4","Mediterranean Desert Transition Zone",NA,"Lehavim","Far",NA,NA,34.835428,31.368971,31/07/14, 823,-1.10552044,40,0.745113160479349,-0.666938061652262,948.1151207,"Lehavim Far",72.632959,"Lehavim Far 31/07/14",0,0,0,0,0,0,0,0,0,1,0,0,0,0
"98","T0",2014,"Lehavim Far 7","Mediterranean Desert Transition Zone",NA,"Lehavim","Far",NA,NA,34.835428,31.368971,31/07/14, 823,-1.10552044,40,0.745113160479349,-0.666938061652262,948.1151207,"Lehavim Far",72.632959,"Lehavim Far 31/07/14",4,0,0,0,0,0,0,0,0,0,0,0,0,0
"99","T0",2014,"Lehavim Near 29","Mediterranean Desert Transition Zone",NA,"Lehavim","Near",NA,NA,34.806506,31.370853,31/07/14, 823,-1.10552044,40,0.745113160479349,-0.666938061652262,0,"Lehavim Near",305.301351,"Lehavim Near 31/07/14",1,0,0,0,0,0,0,0,0,2,0,0,0,0
"100","T0",2014,"Lehavim Near 31","Mediterranean Desert Transition Zone",NA,"Lehavim","Near",NA,NA,34.806506,31.370853,31/07/14, 823,-1.10552044,40,0.745113160479349,-0.666938061652262,0,"Lehavim Near",305.301351,"Lehavim Near 31/07/14",1,0,0,0,0,0,0,0,0,0,0,0,0,0
"101","T0",2014,"Mirsham Far 47","Mediterranean Desert Transition Zone",NA,"Mirsham","Far",NA,NA,34.904341,31.46315,04/08/14, 827,-1.10230543,44,0.0177019251054136,0.999843308647691,2032.324721,"Mirsham Far",203.702592,"Mirsham Far 04/08/14",0,0,0,0,0,0,0,1,0,0,0,0,0,0
"102","T0",2014,"Mirsham Far 49","Mediterranean Desert Transition Zone",NA,"Mirsham","Far",NA,NA,34.904341,31.46315,04/08/14, 827,-1.10230543,44,0.0177019251054136,0.999843308647691,2032.324721,"Mirsham Far",203.702592,"Mirsham Far 04/08/14",1,0,0,0,0,0,0,0,0,0,0,0,0,0
"103","T0",2014,"Mirsham Far 53","Mediterranean Desert Transition Zone",NA,"Mirsham","Far",NA,NA,34.904341,31.46315,04/08/14, 827,-1.10230543,44,0.0177019251054136,0.999843308647691,2032.324721,"Mirsham Far",203.702592,"Mirsham Far 04/08/14",0,0,0,0,0,0,2,0,0,0,0,0,0,0
"104","T0",2012,"Aderet Far CA28","Mediterranean Maquis","Judea","Aderet","Far",NA,NA,34.98161,31.665262,17/07/12,  79,-1.70351265,26,0.762558450479603,0.64691932232864,1018.218479,"Aderet Far",712.62274,"Aderet Far 17/07/12",0,0,0,0,0,0,0,1,0,0,0,0,0,0
"105","T0",2012,"Aderet Far CA30","Mediterranean Maquis","Judea","Aderet","Far",NA,NA,34.98161,31.665262,17/07/12,  79,-1.70351265,26,0.762558450479603,0.64691932232864,1018.218479,"Aderet Far",712.62274,"Aderet Far 17/07/12",0,0,0,0,0,0,0,0,3,0,0,0,0,0
"106","T0",2012,"Aderet Far CA31","Mediterranean Maquis","Judea","Aderet","Far",NA,NA,34.98161,31.665262,17/07/12,  79,-1.70351265,26,0.762558450479603,0.64691932232864,1018.218479,"Aderet Far",712.62274,"Aderet Far 17/07/12",0,0,0,0,0,0,3,0,1,0,0,0,0,0
"107","T0",2012,"Aderet Far CA33","Mediterranean Maquis","Judea","Aderet","Far",NA,NA,34.98161,31.665262,17/07/12,  79,-1.70351265,26,0.762558450479603,0.64691932232864,1018.218479,"Aderet Far",712.62274,"Aderet Far 17/07/12",0,0,0,0,0,0,1,0,3,0,0,0,0,0
"108","T0",2012,"Aderet Far CA34","Mediterranean Maquis","Judea","Aderet","Far",NA,NA,34.98161,31.665262,17/07/12,  79,-1.70351265,26,0.762558450479603,0.64691932232864,1018.218479,"Aderet Far",712.62274,"Aderet Far 17/07/12",0,0,0,0,0,0,0,0,0,0,0,0,0,1
"109","T0",2012,"Aderet Far CA36","Mediterranean Maquis","Judea","Aderet","Far",NA,NA,34.98161,31.665262,17/07/12,  79,-1.70351265,26,0.762558450479603,0.64691932232864,1018.218479,"Aderet Far",712.62274,"Aderet Far 17/07/12",0,0,0,0,0,0,0,0,2,0,1,0,0,0
"110","T0",2012,"Aderet Near CA2","Mediterranean Maquis","Judea","Aderet","Near",NA,NA,34.988968,31.661694,17/07/12,  79,-1.70351265,26,0.762558450479603,0.64691932232864,309.2722968,"Aderet Near",584.722426,"Aderet Near 17/07/12",0,0,0,0,0,0,0,0,0,0,0,0,0,1
"111","T0",2012,"Aderet Near CA3","Mediterranean Maquis","Judea","Aderet","Near",NA,NA,34.988968,31.661694,17/07/12,  79,-1.70351265,26,0.762558450479603,0.64691932232864,309.2722968,"Aderet Near",584.722426,"Aderet Near 17/07/12",0,0,0,0,0,0,4,1,0,0,0,0,0,7
"112","T0",2012,"Aderet Near CA4","Mediterranean Maquis","Judea","Aderet","Near",NA,NA,34.988968,31.661694,17/07/12,  79,-1.70351265,26,0.762558450479603,0.64691932232864,309.2722968,"Aderet Near",584.722426,"Aderet Near 17/07/12",2,0,0,0,0,0,0,0,0,0,0,0,0,9
"113","T0",2012,"Aderet Near CA5","Mediterranean Maquis","Judea","Aderet","Near",NA,NA,34.988968,31.661694,17/07/12,  79,-1.70351265,26,0.762558450479603,0.64691932232864,309.2722968,"Aderet Near",584.722426,"Aderet Near 17/07/12",0,0,0,0,0,0,5,0,0,0,0,0,0,0
"114","T0",2012,"Aderet Near CA6","Mediterranean Maquis","Judea","Aderet","Near",NA,NA,34.988968,31.661694,17/07/12,  79,-1.70351265,26,0.762558450479603,0.64691932232864,309.2722968,"Aderet Near",584.722426,"Aderet Near 17/07/12",3,0,0,0,0,0,0,0,1,0,0,0,0,13
"115","T0",2012,"Aderet Near CA7","Mediterranean Maquis","Judea","Aderet","Near",NA,NA,34.988968,31.661694,17/07/12,  79,-1.70351265,26,0.762558450479603,0.64691932232864,309.2722968,"Aderet Near",584.722426,"Aderet Near 17/07/12",4,0,0,0,0,0,0,1,2,0,0,0,0,11
"116","T0",2012,"Aderet Near CA8","Mediterranean Maquis","Judea","Aderet","Near",NA,NA,34.988968,31.661694,17/07/12,  79,-1.70351265,26,0.762558450479603,0.64691932232864,309.2722968,"Aderet Near",584.722426,"Aderet Near 17/07/12",0,0,0,0,0,0,0,0,1,0,0,0,0,0
"117","T0",2012,"Aderet Near CA9","Mediterranean Maquis","Judea","Aderet","Near",NA,NA,34.988968,31.661694,17/07/12,  79,-1.70351265,26,0.762558450479603,0.64691932232864,309.2722968,"Aderet Near",584.722426,"Aderet Near 17/07/12",1,0,0,0,0,0,0,0,1,0,0,0,0,0
"118","T0",2012,"Beit Oren Far CA28","Mediterranean Maquis","Carmel","Beit Oren","Far",NA,NA,35.005342,32.725554,18/06/12,  50,-1.72682149,-3,-0.141120008059867,-0.989992496600445,437.5441632,"Beit Oren Far",695.115241,"Beit Oren Far 18/06/12",11,0,0,0,0,0,0,0,0,0,0,0,1,0
"119","T0",2012,"Beit Oren Far CA29","Mediterranean Maquis","Carmel","Beit Oren","Far",NA,NA,35.005342,32.725554,18/06/12,  50,-1.72682149,-3,-0.141120008059867,-0.989992496600445,437.5441632,"Beit Oren Far",695.115241,"Beit Oren Far 18/06/12",5,0,0,0,0,0,0,0,2,0,1,0,3,0
"120","T0",2012,"Beit Oren Far CA30","Mediterranean Maquis","Carmel","Beit Oren","Far",NA,NA,35.005342,32.725554,18/06/12,  50,-1.72682149,-3,-0.141120008059867,-0.989992496600445,437.5441632,"Beit Oren Far",695.115241,"Beit Oren Far 18/06/12",8,0,0,0,0,0,0,2,4,0,1,0,0,0
"121","T0",2012,"Beit Oren Far CA31","Mediterranean Maquis","Carmel","Beit Oren","Far",NA,NA,35.005342,32.725554,18/06/12,  50,-1.72682149,-3,-0.141120008059867,-0.989992496600445,437.5441632,"Beit Oren Far",695.115241,"Beit Oren Far 18/06/12",2,0,0,0,0,0,0,0,1,0,0,0,3,0
"122","T0",2012,"Beit Oren Far CA32","Mediterranean Maquis","Carmel","Beit Oren","Far",NA,NA,35.005342,32.725554,18/06/12,  50,-1.72682149,-3,-0.141120008059867,-0.989992496600445,437.5441632,"Beit Oren Far",695.115241,"Beit Oren Far 18/06/12",0,0,0,0,0,0,0,0,0,0,0,0,1,0
"123","T0",2012,"Beit Oren Far CA33","Mediterranean Maquis","Carmel","Beit Oren","Far",NA,NA,35.005342,32.725554,18/06/12,  50,-1.72682149,-3,-0.141120008059867,-0.989992496600445,437.5441632,"Beit Oren Far",695.115241,"Beit Oren Far 18/06/12",0,0,0,0,0,0,0,0,0,0,0,0,1,0
"124","T0",2012,"Beit Oren Far CA35","Mediterranean Maquis","Carmel","Beit Oren","Far",NA,NA,35.005342,32.725554,18/06/12,  50,-1.72682149,-3,-0.141120008059867,-0.989992496600445,437.5441632,"Beit Oren Far",695.115241,"Beit Oren Far 18/06/12",0,0,0,0,0,0,0,0,2,0,0,0,0,0
"125","T0",2012,"Beit Oren Far CA36","Mediterranean Maquis","Carmel","Beit Oren","Far",NA,NA,35.005342,32.725554,18/06/12,  50,-1.72682149,-3,-0.141120008059867,-0.989992496600445,437.5441632,"Beit Oren Far",695.115241,"Beit Oren Far 18/06/12",2,0,0,0,0,0,0,1,0,0,0,0,2,0
"126","T0",2012,"Beit Oren Near CA21","Mediterranean Maquis","Carmel","Beit Oren","Near",NA,NA,35.003002,32.734064,18/06/12,  50,-1.72682149,-3,-0.141120008059867,-0.989992496600445,0,"Beit Oren Near",208.515008,"Beit Oren Near 18/06/12",1,0,0,0,0,0,0,0,0,0,0,0,2,0
"127","T0",2012,"Beit Oren Near CA22","Mediterranean Maquis","Carmel","Beit Oren","Near",NA,NA,35.003002,32.734064,18/06/12,  50,-1.72682149,-3,-0.141120008059867,-0.989992496600445,0,"Beit Oren Near",208.515008,"Beit Oren Near 18/06/12",3,0,0,0,0,0,0,0,0,0,0,0,0,0
"128","T0",2012,"Beit Oren Near CA23","Mediterranean Maquis","Carmel","Beit Oren","Near",NA,NA,35.003002,32.734064,18/06/12,  50,-1.72682149,-3,-0.141120008059867,-0.989992496600445,0,"Beit Oren Near",208.515008,"Beit Oren Near 18/06/12",18,0,0,0,0,0,0,0,4,0,0,0,5,0
"129","T0",2012,"Beit Oren Near CA24","Mediterranean Maquis","Carmel","Beit Oren","Near",NA,NA,35.003002,32.734064,18/06/12,  50,-1.72682149,-3,-0.141120008059867,-0.989992496600445,0,"Beit Oren Near",208.515008,"Beit Oren Near 18/06/12",0,0,0,0,0,0,0,0,0,0,0,0,1,0
"130","T0",2012,"Beit Oren Near CA25","Mediterranean Maquis","Carmel","Beit Oren","Near",NA,NA,35.003002,32.734064,18/06/12,  50,-1.72682149,-3,-0.141120008059867,-0.989992496600445,0,"Beit Oren Near",208.515008,"Beit Oren Near 18/06/12",18,0,0,0,0,0,0,0,1,0,0,0,3,0
"131","T0",2012,"Beit Oren Near CA26","Mediterranean Maquis","Carmel","Beit Oren","Near",NA,NA,35.003002,32.734064,18/06/12,  50,-1.72682149,-3,-0.141120008059867,-0.989992496600445,0,"Beit Oren Near",208.515008,"Beit Oren Near 18/06/12",1,0,0,0,0,0,0,0,0,0,0,0,1,0
"132","T0",2012,"Beit Oren Near CA27","Mediterranean Maquis","Carmel","Beit Oren","Near",NA,NA,35.003002,32.734064,18/06/12,  50,-1.72682149,-3,-0.141120008059867,-0.989992496600445,0,"Beit Oren Near",208.515008,"Beit Oren Near 18/06/12",10,0,0,0,0,0,0,0,4,0,0,0,15,0
"133","T0",2012,"Ein Yaakov Far CA20","Mediterranean Maquis","Galilee","Ein Yaakov","Far",NA,NA,35.229275,33.003018,03/06/12,  35,-1.73887778,-18,0.750987246771676,0.66031670824408,398.2677455,"Ein Yaakov Far",541.609247,"Ein Yaakov Far 03/06/12",0,0,0,0,0,0,0,0,1,0,0,0,18,0
"134","T0",2012,"Ein Yaakov Far CA21","Mediterranean Maquis","Galilee","Ein Yaakov","Far",NA,NA,35.229275,33.003018,03/06/12,  35,-1.73887778,-18,0.750987246771676,0.66031670824408,398.2677455,"Ein Yaakov Far",541.609247,"Ein Yaakov Far 03/06/12",2,0,0,0,0,0,0,0,2,0,0,0,3,0
"135","T0",2012,"Ein Yaakov Far CA22","Mediterranean Maquis","Galilee","Ein Yaakov","Far",NA,NA,35.229275,33.003018,03/06/12,  35,-1.73887778,-18,0.750987246771676,0.66031670824408,398.2677455,"Ein Yaakov Far",541.609247,"Ein Yaakov Far 03/06/12",4,0,0,0,0,0,0,0,2,0,0,0,8,1
"136","T0",2012,"Ein Yaakov Far CA23","Mediterranean Maquis","Galilee","Ein Yaakov","Far",NA,NA,35.229275,33.003018,03/06/12,  35,-1.73887778,-18,0.750987246771676,0.66031670824408,398.2677455,"Ein Yaakov Far",541.609247,"Ein Yaakov Far 03/06/12",3,0,0,0,0,0,0,0,0,0,0,0,5,0
"137","T0",2012,"Ein Yaakov Far CA24","Mediterranean Maquis","Galilee","Ein Yaakov","Far",NA,NA,35.229275,33.003018,03/06/12,  35,-1.73887778,-18,0.750987246771676,0.66031670824408,398.2677455,"Ein Yaakov Far",541.609247,"Ein Yaakov Far 03/06/12",1,1,0,0,0,0,0,0,1,0,0,0,15,1
"138","T0",2012,"Ein Yaakov Far CA25","Mediterranean Maquis","Galilee","Ein Yaakov","Far",NA,NA,35.229275,33.003018,03/06/12,  35,-1.73887778,-18,0.750987246771676,0.66031670824408,398.2677455,"Ein Yaakov Far",541.609247,"Ein Yaakov Far 03/06/12",0,1,0,0,0,0,0,0,0,0,1,0,2,0
"139","T0",2012,"Ein Yaakov Far CA26","Mediterranean Maquis","Galilee","Ein Yaakov","Far",NA,NA,35.229275,33.003018,03/06/12,  35,-1.73887778,-18,0.750987246771676,0.66031670824408,398.2677455,"Ein Yaakov Far",541.609247,"Ein Yaakov Far 03/06/12",10,0,0,0,0,0,0,0,3,0,0,0,5,0
"140","T0",2012,"Ein Yaakov Near CA10","Mediterranean Maquis","Galilee","Ein Yaakov","Near",NA,NA,35.228332,33.006337,03/06/12,  35,-1.73887778,-18,0.750987246771676,0.66031670824408,25.22243808,"Ein Yaakov Near",286.785281,"Ein Yaakov Near 03/06/12",9,0,0,0,0,0,0,0,3,0,0,0,17,1
"141","T0",2012,"Ein Yaakov Near CA11","Mediterranean Maquis","Galilee","Ein Yaakov","Near",NA,NA,35.228332,33.006337,03/06/12,  35,-1.73887778,-18,0.750987246771676,0.66031670824408,25.22243808,"Ein Yaakov Near",286.785281,"Ein Yaakov Near 03/06/12",7,0,0,0,0,0,0,0,2,0,0,0,5,0
"142","T0",2012,"Ein Yaakov Near CA12","Mediterranean Maquis","Galilee","Ein Yaakov","Near",NA,NA,35.228332,33.006337,03/06/12,  35,-1.73887778,-18,0.750987246771676,0.66031670824408,25.22243808,"Ein Yaakov Near",286.785281,"Ein Yaakov Near 03/06/12",11,0,0,0,0,0,0,0,1,0,0,0,37,0
"143","T0",2012,"Ein Yaakov Near CA13","Mediterranean Maquis","Galilee","Ein Yaakov","Near",NA,NA,35.228332,33.006337,03/06/12,  35,-1.73887778,-18,0.750987246771676,0.66031670824408,25.22243808,"Ein Yaakov Near",286.785281,"Ein Yaakov Near 03/06/12",0,0,0,0,0,0,0,0,0,0,0,0,11,0
"144","T0",2012,"Ein Yaakov Near CA14","Mediterranean Maquis","Galilee","Ein Yaakov","Near",NA,NA,35.228332,33.006337,03/06/12,  35,-1.73887778,-18,0.750987246771676,0.66031670824408,25.22243808,"Ein Yaakov Near",286.785281,"Ein Yaakov Near 03/06/12",16,0,0,0,0,0,0,0,5,0,1,0,58,1
"145","T0",2012,"Ein Yaakov Near CA15","Mediterranean Maquis","Galilee","Ein Yaakov","Near",NA,NA,35.228332,33.006337,03/06/12,  35,-1.73887778,-18,0.750987246771676,0.66031670824408,25.22243808,"Ein Yaakov Near",286.785281,"Ein Yaakov Near 03/06/12",13,0,0,0,0,0,0,0,2,0,0,0,16,0
"146","T0",2012,"Ein Yaakov Near CA16","Mediterranean Maquis","Galilee","Ein Yaakov","Near",NA,NA,35.228332,33.006337,03/06/12,  35,-1.73887778,-18,0.750987246771676,0.66031670824408,25.22243808,"Ein Yaakov Near",286.785281,"Ein Yaakov Near 03/06/12",21,0,0,0,0,0,0,0,0,0,0,0,12,1
"147","T0",2012,"Ein Yaakov Near CA17","Mediterranean Maquis","Galilee","Ein Yaakov","Near",NA,NA,35.228332,33.006337,03/06/12,  35,-1.73887778,-18,0.750987246771676,0.66031670824408,25.22243808,"Ein Yaakov Near",286.785281,"Ein Yaakov Near 03/06/12",0,0,0,0,0,0,0,0,1,0,0,0,23,2
"148","T0",2012,"Ein Yaakov Near CA18","Mediterranean Maquis","Galilee","Ein Yaakov","Near",NA,NA,35.228332,33.006337,03/06/12,  35,-1.73887778,-18,0.750987246771676,0.66031670824408,25.22243808,"Ein Yaakov Near",286.785281,"Ein Yaakov Near 03/06/12",3,0,0,0,0,0,0,0,0,0,0,0,1,0
"149","T0",2012,"Givat Yearim Far CA20","Mediterranean Maquis","Judea","Givat Yearim","Far",NA,NA,35.092326,31.775273,31/07/12,  93,-1.69226011,40,0.745113160479349,-0.666938061652262,396.3905249,"Givat Yearim Far",397.955471,"Givat Yearim Far 31/07/12",2,0,0,0,0,0,0,0,0,0,0,0,0,0
"150","T0",2012,"Givat Yearim Far CA21","Mediterranean Maquis","Judea","Givat Yearim","Far",NA,NA,35.092326,31.775273,31/07/12,  93,-1.69226011,40,0.745113160479349,-0.666938061652262,396.3905249,"Givat Yearim Far",397.955471,"Givat Yearim Far 31/07/12",6,0,0,0,0,0,0,0,1,0,0,0,0,0
"151","T0",2012,"Givat Yearim Far CA23","Mediterranean Maquis","Judea","Givat Yearim","Far",NA,NA,35.092326,31.775273,31/07/12,  93,-1.69226011,40,0.745113160479349,-0.666938061652262,396.3905249,"Givat Yearim Far",397.955471,"Givat Yearim Far 31/07/12",1,0,0,0,0,0,0,0,0,0,0,0,0,0
"152","T0",2012,"Givat Yearim Far CA24","Mediterranean Maquis","Judea","Givat Yearim","Far",NA,NA,35.092326,31.775273,31/07/12,  93,-1.69226011,40,0.745113160479349,-0.666938061652262,396.3905249,"Givat Yearim Far",397.955471,"Givat Yearim Far 31/07/12",6,0,0,0,0,0,0,0,0,0,0,0,0,0
"153","T0",2012,"Givat Yearim Far CA25","Mediterranean Maquis","Judea","Givat Yearim","Far",NA,NA,35.092326,31.775273,31/07/12,  93,-1.69226011,40,0.745113160479349,-0.666938061652262,396.3905249,"Givat Yearim Far",397.955471,"Givat Yearim Far 31/07/12",3,0,0,0,0,0,0,0,0,0,0,0,0,0
"154","T0",2012,"Givat Yearim Far CA27","Mediterranean Maquis","Judea","Givat Yearim","Far",NA,NA,35.092326,31.775273,31/07/12,  93,-1.69226011,40,0.745113160479349,-0.666938061652262,396.3905249,"Givat Yearim Far",397.955471,"Givat Yearim Far 31/07/12",0,0,0,0,0,0,1,0,0,0,0,0,0,0
"155","T0",2012,"Givat Yearim Near CA11","Mediterranean Maquis","Judea","Givat Yearim","Near",NA,NA,35.094864,31.786766,31/07/12,  93,-1.69226011,40,0.745113160479349,-0.666938061652262,72.96258033,"Givat Yearim Near",62.324738,"Givat Yearim Near 31/07/12",0,0,0,0,0,0,0,0,3,0,0,0,0,0
"156","T0",2012,"Givat Yearim Near CA12","Mediterranean Maquis","Judea","Givat Yearim","Near",NA,NA,35.094864,31.786766,31/07/12,  93,-1.69226011,40,0.745113160479349,-0.666938061652262,72.96258033,"Givat Yearim Near",62.324738,"Givat Yearim Near 31/07/12",0,0,0,0,0,0,0,0,1,0,1,0,0,0
"157","T0",2012,"Givat Yearim Near CA13","Mediterranean Maquis","Judea","Givat Yearim","Near",NA,NA,35.094864,31.786766,31/07/12,  93,-1.69226011,40,0.745113160479349,-0.666938061652262,72.96258033,"Givat Yearim Near",62.324738,"Givat Yearim Near 31/07/12",1,0,0,0,0,0,0,0,2,0,1,0,0,1
"158","T0",2012,"Givat Yearim Near CA14","Mediterranean Maquis","Judea","Givat Yearim","Near",NA,NA,35.094864,31.786766,31/07/12,  93,-1.69226011,40,0.745113160479349,-0.666938061652262,72.96258033,"Givat Yearim Near",62.324738,"Givat Yearim Near 31/07/12",0,0,0,0,0,0,2,0,3,0,1,0,0,0
"159","T0",2012,"Givat Yearim Near CA16","Mediterranean Maquis","Judea","Givat Yearim","Near",NA,NA,35.094864,31.786766,31/07/12,  93,-1.69226011,40,0.745113160479349,-0.666938061652262,72.96258033,"Givat Yearim Near",62.324738,"Givat Yearim Near 31/07/12",1,0,0,0,0,0,0,0,6,0,1,0,0,0
"160","T0",2012,"Givat Yearim Near CA17","Mediterranean Maquis","Judea","Givat Yearim","Near",NA,NA,35.094864,31.786766,31/07/12,  93,-1.69226011,40,0.745113160479349,-0.666938061652262,72.96258033,"Givat Yearim Near",62.324738,"Givat Yearim Near 31/07/12",6,0,0,0,0,0,0,0,0,0,1,0,0,4
"161","T0",2012,"Givat Yearim Near CA18","Mediterranean Maquis","Judea","Givat Yearim","Near",NA,NA,35.094864,31.786766,31/07/12,  93,-1.69226011,40,0.745113160479349,-0.666938061652262,72.96258033,"Givat Yearim Near",62.324738,"Givat Yearim Near 31/07/12",6,0,0,0,0,0,0,0,0,0,0,0,0,0
"162","T0",2012,"Givat Yeshayahu Far CA10","Mediterranean Maquis","Judea","Givat Yeshayahu","Far",NA,NA,34.955749,31.661871,16/07/12,  78,-1.70431641,25,-0.132351750097773,0.991202811863474,463.6723106,"Givat Yeshayahu Far",328.485518,"Givat Yeshayahu Far 16/07/12",1,0,0,0,0,0,3,0,1,0,0,0,0,0
"163","T0",2012,"Givat Yeshayahu Far CA11","Mediterranean Maquis","Judea","Givat Yeshayahu","Far",NA,NA,34.955749,31.661871,16/07/12,  78,-1.70431641,25,-0.132351750097773,0.991202811863474,463.6723106,"Givat Yeshayahu Far",328.485518,"Givat Yeshayahu Far 16/07/12",0,0,0,0,0,0,0,0,2,0,0,0,0,7
"164","T0",2012,"Givat Yeshayahu Far CA12","Mediterranean Maquis","Judea","Givat Yeshayahu","Far",NA,NA,34.955749,31.661871,16/07/12,  78,-1.70431641,25,-0.132351750097773,0.991202811863474,463.6723106,"Givat Yeshayahu Far",328.485518,"Givat Yeshayahu Far 16/07/12",0,0,0,0,0,0,6,0,1,0,0,0,0,2
"165","T0",2012,"Givat Yeshayahu Far CA13","Mediterranean Maquis","Judea","Givat Yeshayahu","Far",NA,NA,34.955749,31.661871,16/07/12,  78,-1.70431641,25,-0.132351750097773,0.991202811863474,463.6723106,"Givat Yeshayahu Far",328.485518,"Givat Yeshayahu Far 16/07/12",0,0,0,0,0,0,4,0,0,0,0,0,0,1
"166","T0",2012,"Givat Yeshayahu Far CA14","Mediterranean Maquis","Judea","Givat Yeshayahu","Far",NA,NA,34.955749,31.661871,16/07/12,  78,-1.70431641,25,-0.132351750097773,0.991202811863474,463.6723106,"Givat Yeshayahu Far",328.485518,"Givat Yeshayahu Far 16/07/12",0,0,0,0,0,0,2,3,0,0,0,0,0,8
"167","T0",2012,"Givat Yeshayahu Far CA16","Mediterranean Maquis","Judea","Givat Yeshayahu","Far",NA,NA,34.955749,31.661871,16/07/12,  78,-1.70431641,25,-0.132351750097773,0.991202811863474,463.6723106,"Givat Yeshayahu Far",328.485518,"Givat Yeshayahu Far 16/07/12",0,0,0,0,0,0,0,0,6,0,0,0,0,0
"168","T0",2012,"Givat Yeshayahu Far CA17","Mediterranean Maquis","Judea","Givat Yeshayahu","Far",NA,NA,34.955749,31.661871,16/07/12,  78,-1.70431641,25,-0.132351750097773,0.991202811863474,463.6723106,"Givat Yeshayahu Far",328.485518,"Givat Yeshayahu Far 16/07/12",3,0,0,0,0,0,8,0,8,0,0,0,0,4
"169","T0",2012,"Givat Yeshayahu Far CA18","Mediterranean Maquis","Judea","Givat Yeshayahu","Far",NA,NA,34.955749,31.661871,16/07/12,  78,-1.70431641,25,-0.132351750097773,0.991202811863474,463.6723106,"Givat Yeshayahu Far",328.485518,"Givat Yeshayahu Far 16/07/12",0,0,0,0,0,0,0,1,0,0,0,0,0,2
"170","T0",2012,"Givat Yeshayahu Near CA20","Mediterranean Maquis","Judea","Givat Yeshayahu","Near",NA,NA,34.951925,31.671793,16/07/12,  78,-1.70431641,25,-0.132351750097773,0.991202811863474,133.387153,"Givat Yeshayahu Near",170.007969,"Givat Yeshayahu Near 16/07/12",1,0,0,0,0,0,0,0,2,0,2,0,0,2
"171","T0",2012,"Givat Yeshayahu Near CA21","Mediterranean Maquis","Judea","Givat Yeshayahu","Near",NA,NA,34.951925,31.671793,16/07/12,  78,-1.70431641,25,-0.132351750097773,0.991202811863474,133.387153,"Givat Yeshayahu Near",170.007969,"Givat Yeshayahu Near 16/07/12",0,0,0,0,0,0,0,0,4,0,0,0,0,0
"172","T0",2012,"Givat Yeshayahu Near CA22","Mediterranean Maquis","Judea","Givat Yeshayahu","Near",NA,NA,34.951925,31.671793,16/07/12,  78,-1.70431641,25,-0.132351750097773,0.991202811863474,133.387153,"Givat Yeshayahu Near",170.007969,"Givat Yeshayahu Near 16/07/12",1,0,0,0,0,0,0,0,2,0,0,0,0,1
"173","T0",2012,"Givat Yeshayahu Near CA23","Mediterranean Maquis","Judea","Givat Yeshayahu","Near",NA,NA,34.951925,31.671793,16/07/12,  78,-1.70431641,25,-0.132351750097773,0.991202811863474,133.387153,"Givat Yeshayahu Near",170.007969,"Givat Yeshayahu Near 16/07/12",0,0,0,0,0,0,0,0,3,0,0,0,0,1
"174","T0",2012,"Givat Yeshayahu Near CA24","Mediterranean Maquis","Judea","Givat Yeshayahu","Near",NA,NA,34.951925,31.671793,16/07/12,  78,-1.70431641,25,-0.132351750097773,0.991202811863474,133.387153,"Givat Yeshayahu Near",170.007969,"Givat Yeshayahu Near 16/07/12",0,0,0,0,0,0,0,0,0,0,1,0,0,1
"175","T0",2012,"Givat Yeshayahu Near CA25","Mediterranean Maquis","Judea","Givat Yeshayahu","Near",NA,NA,34.951925,31.671793,16/07/12,  78,-1.70431641,25,-0.132351750097773,0.991202811863474,133.387153,"Givat Yeshayahu Near",170.007969,"Givat Yeshayahu Near 16/07/12",1,0,0,0,0,0,0,0,0,0,0,0,0,5
"176","T0",2012,"Givat Yeshayahu Near CA26","Mediterranean Maquis","Judea","Givat Yeshayahu","Near",NA,NA,34.951925,31.671793,16/07/12,  78,-1.70431641,25,-0.132351750097773,0.991202811863474,133.387153,"Givat Yeshayahu Near",170.007969,"Givat Yeshayahu Near 16/07/12",0,0,0,0,0,0,0,0,3,0,0,0,0,1
"177","T0",2012,"Goren Far CA28","Mediterranean Maquis","Galilee","Goren","Far",NA,NA,35.256043,33.048903,22/05/12,  23,-1.74852282,-30,0.988031624092862,0.154251449887584,1061.863908,"Goren Far",135.740851,"Goren Far 22/05/12",0,0,0,4,0,0,0,0,2,0,0,0,21,0
"178","T0",2012,"Goren Far CA29","Mediterranean Maquis","Galilee","Goren","Far",NA,NA,35.256043,33.048903,22/05/12,  23,-1.74852282,-30,0.988031624092862,0.154251449887584,1061.863908,"Goren Far",135.740851,"Goren Far 22/05/12",0,0,0,8,0,0,0,0,0,0,0,0,12,0
"179","T0",2012,"Goren Far CA30","Mediterranean Maquis","Galilee","Goren","Far",NA,NA,35.256043,33.048903,22/05/12,  23,-1.74852282,-30,0.988031624092862,0.154251449887584,1061.863908,"Goren Far",135.740851,"Goren Far 22/05/12",15,0,0,48,0,0,0,1,29,0,1,0,200,0
"180","T0",2012,"Goren Far CA31","Mediterranean Maquis","Galilee","Goren","Far",NA,NA,35.256043,33.048903,22/05/12,  23,-1.74852282,-30,0.988031624092862,0.154251449887584,1061.863908,"Goren Far",135.740851,"Goren Far 22/05/12",0,0,0,12,0,0,0,0,0,0,0,0,28,0
"181","T0",2012,"Goren Far CA32","Mediterranean Maquis","Galilee","Goren","Far",NA,NA,35.256043,33.048903,22/05/12,  23,-1.74852282,-30,0.988031624092862,0.154251449887584,1061.863908,"Goren Far",135.740851,"Goren Far 22/05/12",1,0,0,2,0,0,0,0,0,0,1,0,5,2
"182","T0",2012,"Goren Far CA33","Mediterranean Maquis","Galilee","Goren","Far",NA,NA,35.256043,33.048903,22/05/12,  23,-1.74852282,-30,0.988031624092862,0.154251449887584,1061.863908,"Goren Far",135.740851,"Goren Far 22/05/12",3,0,0,5,0,0,0,0,0,0,2,0,1,0
"183","T0",2012,"Goren Far CA35","Mediterranean Maquis","Galilee","Goren","Far",NA,NA,35.256043,33.048903,22/05/12,  23,-1.74852282,-30,0.988031624092862,0.154251449887584,1061.863908,"Goren Far",135.740851,"Goren Far 22/05/12",0,0,0,1,0,0,0,0,0,0,2,0,10,0
"184","T0",2012,"Goren Far CA36","Mediterranean Maquis","Galilee","Goren","Far",NA,NA,35.256043,33.048903,22/05/12,  23,-1.74852282,-30,0.988031624092862,0.154251449887584,1061.863908,"Goren Far",135.740851,"Goren Far 22/05/12",3,0,0,1,0,0,0,0,1,0,1,0,10,0
"185","T0",2012,"Goren Near CA19","Mediterranean Maquis","Galilee","Goren","Near",NA,NA,35.231046,33.054492,22/05/12,  23,-1.74852282,-30,0.988031624092862,0.154251449887584,89.93804456,"Goren Near",107.778189,"Goren Near 22/05/12",0,0,0,6,0,0,0,0,0,0,1,0,1,0
"186","T0",2012,"Goren Near CA20","Mediterranean Maquis","Galilee","Goren","Near",NA,NA,35.231046,33.054492,22/05/12,  23,-1.74852282,-30,0.988031624092862,0.154251449887584,89.93804456,"Goren Near",107.778189,"Goren Near 22/05/12",0,0,0,7,0,0,0,0,0,0,0,0,36,0
"187","T0",2012,"Goren Near CA21","Mediterranean Maquis","Galilee","Goren","Near",NA,NA,35.231046,33.054492,22/05/12,  23,-1.74852282,-30,0.988031624092862,0.154251449887584,89.93804456,"Goren Near",107.778189,"Goren Near 22/05/12",0,0,0,6,0,0,0,0,1,0,0,0,37,0
"188","T0",2012,"Goren Near CA22","Mediterranean Maquis","Galilee","Goren","Near",NA,NA,35.231046,33.054492,22/05/12,  23,-1.74852282,-30,0.988031624092862,0.154251449887584,89.93804456,"Goren Near",107.778189,"Goren Near 22/05/12",13,0,0,2,0,0,0,0,6,0,0,0,42,0
"189","T0",2012,"Goren Near CA23","Mediterranean Maquis","Galilee","Goren","Near",NA,NA,35.231046,33.054492,22/05/12,  23,-1.74852282,-30,0.988031624092862,0.154251449887584,89.93804456,"Goren Near",107.778189,"Goren Near 22/05/12",0,0,0,0,0,0,0,0,0,0,1,0,0,0
"190","T0",2012,"Goren Near CA24","Mediterranean Maquis","Galilee","Goren","Near",NA,NA,35.231046,33.054492,22/05/12,  23,-1.74852282,-30,0.988031624092862,0.154251449887584,89.93804456,"Goren Near",107.778189,"Goren Near 22/05/12",10,0,0,2,0,0,0,0,0,0,0,0,97,0
"191","T0",2012,"Goren Near CA25","Mediterranean Maquis","Galilee","Goren","Near",NA,NA,35.231046,33.054492,22/05/12,  23,-1.74852282,-30,0.988031624092862,0.154251449887584,89.93804456,"Goren Near",107.778189,"Goren Near 22/05/12",31,0,0,10,0,0,0,0,4,0,1,0,177,0
"192","T0",2012,"Goren Near CA26","Mediterranean Maquis","Galilee","Goren","Near",NA,NA,35.231046,33.054492,22/05/12,  23,-1.74852282,-30,0.988031624092862,0.154251449887584,89.93804456,"Goren Near",107.778189,"Goren Near 22/05/12",1,0,0,1,0,0,0,0,0,0,0,0,0,0
"193","T0",2012,"Goren Near CA27","Mediterranean Maquis","Galilee","Goren","Near",NA,NA,35.231046,33.054492,22/05/12,  23,-1.74852282,-30,0.988031624092862,0.154251449887584,89.93804456,"Goren Near",107.778189,"Goren Near 22/05/12",0,0,0,1,0,0,0,0,0,0,0,0,2,0
"194","T0",2012,"Kerem Maharal Far CA19","Mediterranean Maquis","Carmel","Kerem Maharal","Far",NA,NA,35.017422,32.662375,01/07/12,  63,-1.71637270,10,-0.54402111088937,-0.839071529076452,2593.53426,"Kerem Maharal Far",640.699089,"Kerem Maharal Far 01/07/12",3,0,0,0,0,0,0,1,4,0,3,0,3,4
"195","T0",2012,"Kerem Maharal Far CA20","Mediterranean Maquis","Carmel","Kerem Maharal","Far",NA,NA,35.017422,32.662375,01/07/12,  63,-1.71637270,10,-0.54402111088937,-0.839071529076452,2593.53426,"Kerem Maharal Far",640.699089,"Kerem Maharal Far 01/07/12",2,0,0,0,0,0,1,0,1,0,0,0,16,12
"196","T0",2012,"Kerem Maharal Far CA21","Mediterranean Maquis","Carmel","Kerem Maharal","Far",NA,NA,35.017422,32.662375,01/07/12,  63,-1.71637270,10,-0.54402111088937,-0.839071529076452,2593.53426,"Kerem Maharal Far",640.699089,"Kerem Maharal Far 01/07/12",5,0,0,0,0,0,14,7,0,0,0,0,18,0
"197","T0",2012,"Kerem Maharal Far CA22","Mediterranean Maquis","Carmel","Kerem Maharal","Far",NA,NA,35.017422,32.662375,01/07/12,  63,-1.71637270,10,-0.54402111088937,-0.839071529076452,2593.53426,"Kerem Maharal Far",640.699089,"Kerem Maharal Far 01/07/12",4,0,0,0,0,0,0,0,0,0,0,0,13,43
"198","T0",2012,"Kerem Maharal Far CA23","Mediterranean Maquis","Carmel","Kerem Maharal","Far",NA,NA,35.017422,32.662375,01/07/12,  63,-1.71637270,10,-0.54402111088937,-0.839071529076452,2593.53426,"Kerem Maharal Far",640.699089,"Kerem Maharal Far 01/07/12",0,0,0,0,0,0,0,2,0,0,0,0,7,4
"199","T0",2012,"Kerem Maharal Far CA24","Mediterranean Maquis","Carmel","Kerem Maharal","Far",NA,NA,35.017422,32.662375,01/07/12,  63,-1.71637270,10,-0.54402111088937,-0.839071529076452,2593.53426,"Kerem Maharal Far",640.699089,"Kerem Maharal Far 01/07/12",0,0,0,0,0,0,0,10,5,0,0,0,1,9
"200","T0",2012,"Kerem Maharal Far CA25","Mediterranean Maquis","Carmel","Kerem Maharal","Far",NA,NA,35.017422,32.662375,01/07/12,  63,-1.71637270,10,-0.54402111088937,-0.839071529076452,2593.53426,"Kerem Maharal Far",640.699089,"Kerem Maharal Far 01/07/12",2,0,0,0,0,0,1,0,2,0,0,0,5,1
"201","T0",2012,"Kerem Maharal Far CA26","Mediterranean Maquis","Carmel","Kerem Maharal","Far",NA,NA,35.017422,32.662375,01/07/12,  63,-1.71637270,10,-0.54402111088937,-0.839071529076452,2593.53426,"Kerem Maharal Far",640.699089,"Kerem Maharal Far 01/07/12",2,0,0,0,0,0,1,0,0,0,1,0,11,0
"202","T0",2012,"Kerem Maharal Far CA27","Mediterranean Maquis","Carmel","Kerem Maharal","Far",NA,NA,35.017422,32.662375,01/07/12,  63,-1.71637270,10,-0.54402111088937,-0.839071529076452,2593.53426,"Kerem Maharal Far",640.699089,"Kerem Maharal Far 01/07/12",0,0,0,0,0,0,0,5,0,0,0,0,0,39
"203","T0",2012,"Kerem Maharal Near CA1","Mediterranean Maquis","Carmel","Kerem Maharal","Near",NA,NA,34.995291,32.644205,01/07/12,  63,-1.71637270,10,-0.54402111088937,-0.839071529076452,227.2248103,"Kerem Maharal Near",353.545011,"Kerem Maharal Near 01/07/12",0,0,0,0,0,0,0,0,4,0,0,0,0,3
"204","T0",2012,"Kerem Maharal Near CA3","Mediterranean Maquis","Carmel","Kerem Maharal","Near",NA,NA,34.995291,32.644205,01/07/12,  63,-1.71637270,10,-0.54402111088937,-0.839071529076452,227.2248103,"Kerem Maharal Near",353.545011,"Kerem Maharal Near 01/07/12",0,0,0,0,0,0,0,0,1,0,0,0,1,0
"205","T0",2012,"Kerem Maharal Near CA4","Mediterranean Maquis","Carmel","Kerem Maharal","Near",NA,NA,34.995291,32.644205,01/07/12,  63,-1.71637270,10,-0.54402111088937,-0.839071529076452,227.2248103,"Kerem Maharal Near",353.545011,"Kerem Maharal Near 01/07/12",0,0,0,0,0,0,0,1,4,0,0,0,26,0
"206","T0",2012,"Kerem Maharal Near CA5","Mediterranean Maquis","Carmel","Kerem Maharal","Near",NA,NA,34.995291,32.644205,01/07/12,  63,-1.71637270,10,-0.54402111088937,-0.839071529076452,227.2248103,"Kerem Maharal Near",353.545011,"Kerem Maharal Near 01/07/12",0,0,0,0,0,0,0,0,1,0,0,0,2,0
"207","T0",2012,"Kerem Maharal Near CA7","Mediterranean Maquis","Carmel","Kerem Maharal","Near",NA,NA,34.995291,32.644205,01/07/12,  63,-1.71637270,10,-0.54402111088937,-0.839071529076452,227.2248103,"Kerem Maharal Near",353.545011,"Kerem Maharal Near 01/07/12",3,0,0,0,0,0,0,1,3,0,0,0,9,0
"208","T0",2012,"Kerem Maharal Near CA8","Mediterranean Maquis","Carmel","Kerem Maharal","Near",NA,NA,34.995291,32.644205,01/07/12,  63,-1.71637270,10,-0.54402111088937,-0.839071529076452,227.2248103,"Kerem Maharal Near",353.545011,"Kerem Maharal Near 01/07/12",0,0,0,0,0,0,0,0,0,0,0,0,16,0
"209","T0",2012,"Kerem Maharal Near CA9","Mediterranean Maquis","Carmel","Kerem Maharal","Near",NA,NA,34.995291,32.644205,01/07/12,  63,-1.71637270,10,-0.54402111088937,-0.839071529076452,227.2248103,"Kerem Maharal Near",353.545011,"Kerem Maharal Near 01/07/12",0,0,0,0,0,0,0,0,2,0,0,0,14,0
"210","T0",2012,"Kfar Shamai Far CA01","Mediterranean Maquis","Galilee","Kfar Shamai","Far",NA,NA,35.469839,32.967418,29/04/12,   0,-1.76700914,-53,-0.395925150181834,-0.918282786212119,1272.262406,"Kfar Shamai Far",934.824423,"Kfar Shamai Far 29/04/12",0,0,0,0,0,0,0,0,0,0,0,0,2,0
"211","T0",2012,"Kfar Shamai Far CA02","Mediterranean Maquis","Galilee","Kfar Shamai","Far",NA,NA,35.469839,32.967418,29/04/12,   0,-1.76700914,-53,-0.395925150181834,-0.918282786212119,1272.262406,"Kfar Shamai Far",934.824423,"Kfar Shamai Far 29/04/12",10,0,0,0,0,0,0,0,2,0,0,0,9,21
"212","T0",2012,"Kfar Shamai Far CA03","Mediterranean Maquis","Galilee","Kfar Shamai","Far",NA,NA,35.469839,32.967418,29/04/12,   0,-1.76700914,-53,-0.395925150181834,-0.918282786212119,1272.262406,"Kfar Shamai Far",934.824423,"Kfar Shamai Far 29/04/12",0,0,0,0,0,0,0,0,1,0,0,0,1,0
"213","T0",2012,"Kfar Shamai Far CA04","Mediterranean Maquis","Galilee","Kfar Shamai","Far",NA,NA,35.469839,32.967418,29/04/12,   0,-1.76700914,-53,-0.395925150181834,-0.918282786212119,1272.262406,"Kfar Shamai Far",934.824423,"Kfar Shamai Far 29/04/12",0,0,0,0,0,0,1,0,0,0,0,0,0,1
"214","T0",2012,"Kfar Shamai Far CA05","Mediterranean Maquis","Galilee","Kfar Shamai","Far",NA,NA,35.469839,32.967418,29/04/12,   0,-1.76700914,-53,-0.395925150181834,-0.918282786212119,1272.262406,"Kfar Shamai Far",934.824423,"Kfar Shamai Far 29/04/12",0,0,0,0,0,0,0,0,0,0,0,0,3,1
"215","T0",2012,"Kfar Shamai Far CA06","Mediterranean Maquis","Galilee","Kfar Shamai","Far",NA,NA,35.469839,32.967418,29/04/12,   0,-1.76700914,-53,-0.395925150181834,-0.918282786212119,1272.262406,"Kfar Shamai Far",934.824423,"Kfar Shamai Far 29/04/12",2,0,0,0,0,0,0,0,0,0,0,0,19,0
"216","T0",2012,"Kfar Shamai Far CA07","Mediterranean Maquis","Galilee","Kfar Shamai","Far",NA,NA,35.469839,32.967418,29/04/12,   0,-1.76700914,-53,-0.395925150181834,-0.918282786212119,1272.262406,"Kfar Shamai Far",934.824423,"Kfar Shamai Far 29/04/12",0,0,0,0,0,0,0,0,0,0,2,0,1,0
"217","T0",2012,"Kfar Shamai Far CA08","Mediterranean Maquis","Galilee","Kfar Shamai","Far",NA,NA,35.469839,32.967418,29/04/12,   0,-1.76700914,-53,-0.395925150181834,-0.918282786212119,1272.262406,"Kfar Shamai Far",934.824423,"Kfar Shamai Far 29/04/12",0,0,0,0,0,0,5,0,0,0,0,0,10,0
"218","T0",2012,"Kfar Shamai Far CA09","Mediterranean Maquis","Galilee","Kfar Shamai","Far",NA,NA,35.469839,32.967418,29/04/12,   0,-1.76700914,-53,-0.395925150181834,-0.918282786212119,1272.262406,"Kfar Shamai Far",934.824423,"Kfar Shamai Far 29/04/12",12,0,0,0,0,0,0,0,4,0,1,0,31,2
"219","T0",2012,"Kfar Shamai Near CA10","Mediterranean Maquis","Galilee","Kfar Shamai","Near",NA,NA,35.458873,32.964077,29/04/12,   0,-1.76700914,-53,-0.395925150181834,-0.918282786212119,222.7575834,"Kfar Shamai Near",43.903109,"Kfar Shamai Near 29/04/12",8,0,0,0,0,0,0,0,3,0,0,0,8,3
"220","T0",2012,"Kfar Shamai Near CA11","Mediterranean Maquis","Galilee","Kfar Shamai","Near",NA,NA,35.458873,32.964077,29/04/12,   0,-1.76700914,-53,-0.395925150181834,-0.918282786212119,222.7575834,"Kfar Shamai Near",43.903109,"Kfar Shamai Near 29/04/12",51,0,0,0,0,0,0,0,2,0,0,0,16,9
"221","T0",2012,"Kfar Shamai Near CA12","Mediterranean Maquis","Galilee","Kfar Shamai","Near",NA,NA,35.458873,32.964077,29/04/12,   0,-1.76700914,-53,-0.395925150181834,-0.918282786212119,222.7575834,"Kfar Shamai Near",43.903109,"Kfar Shamai Near 29/04/12",25,0,0,0,0,0,0,0,0,0,0,0,26,10
"222","T0",2012,"Kfar Shamai Near CA13","Mediterranean Maquis","Galilee","Kfar Shamai","Near",NA,NA,35.458873,32.964077,29/04/12,   0,-1.76700914,-53,-0.395925150181834,-0.918282786212119,222.7575834,"Kfar Shamai Near",43.903109,"Kfar Shamai Near 29/04/12",48,0,0,0,0,0,0,0,2,0,1,0,5,20
"223","T0",2012,"Kfar Shamai Near CA14","Mediterranean Maquis","Galilee","Kfar Shamai","Near",NA,NA,35.458873,32.964077,29/04/12,   0,-1.76700914,-53,-0.395925150181834,-0.918282786212119,222.7575834,"Kfar Shamai Near",43.903109,"Kfar Shamai Near 29/04/12",4,0,0,0,0,0,0,0,1,0,0,0,9,4
"224","T0",2012,"Kfar Shamai Near CA15","Mediterranean Maquis","Galilee","Kfar Shamai","Near",NA,NA,35.458873,32.964077,29/04/12,   0,-1.76700914,-53,-0.395925150181834,-0.918282786212119,222.7575834,"Kfar Shamai Near",43.903109,"Kfar Shamai Near 29/04/12",12,0,0,0,0,0,0,0,2,0,0,0,13,11
"225","T0",2012,"Kfar Shamai Near CA16","Mediterranean Maquis","Galilee","Kfar Shamai","Near",NA,NA,35.458873,32.964077,29/04/12,   0,-1.76700914,-53,-0.395925150181834,-0.918282786212119,222.7575834,"Kfar Shamai Near",43.903109,"Kfar Shamai Near 29/04/12",12,0,0,0,0,0,0,0,0,0,0,0,10,0
"226","T0",2012,"Kfar Shamai Near CA17","Mediterranean Maquis","Galilee","Kfar Shamai","Near",NA,NA,35.458873,32.964077,29/04/12,   0,-1.76700914,-53,-0.395925150181834,-0.918282786212119,222.7575834,"Kfar Shamai Near",43.903109,"Kfar Shamai Near 29/04/12",24,0,0,0,0,0,0,0,2,0,0,0,4,15
"227","T0",2012,"Kfar Shamai Near CA18","Mediterranean Maquis","Galilee","Kfar Shamai","Near",NA,NA,35.458873,32.964077,29/04/12,   0,-1.76700914,-53,-0.395925150181834,-0.918282786212119,222.7575834,"Kfar Shamai Near",43.903109,"Kfar Shamai Near 29/04/12",8,0,0,0,0,0,0,0,2,0,0,0,2,13
"228","T0",2012,"Kisalon Far CA28","Mediterranean Maquis","Judea","Kisalon","Far",NA,NA,35.040128,31.76836,30/07/12,  92,-1.69306386,39,0.963795386284088,0.266642932359937,757.4992127,"Kisalon Far",1287.513799,"Kisalon Far 30/07/12",0,0,0,0,0,0,2,0,0,0,0,0,0,0
"229","T0",2012,"Kisalon Far CA32","Mediterranean Maquis","Judea","Kisalon","Far",NA,NA,35.040128,31.76836,30/07/12,  92,-1.69306386,39,0.963795386284088,0.266642932359937,757.4992127,"Kisalon Far",1287.513799,"Kisalon Far 30/07/12",0,0,0,0,0,0,1,0,0,0,0,0,0,5
"230","T0",2012,"Kisalon Far CA33","Mediterranean Maquis","Judea","Kisalon","Far",NA,NA,35.040128,31.76836,30/07/12,  92,-1.69306386,39,0.963795386284088,0.266642932359937,757.4992127,"Kisalon Far",1287.513799,"Kisalon Far 30/07/12",0,0,0,0,0,0,0,0,0,0,0,0,0,1
"231","T0",2012,"Kisalon Far CA34","Mediterranean Maquis","Judea","Kisalon","Far",NA,NA,35.040128,31.76836,30/07/12,  92,-1.69306386,39,0.963795386284088,0.266642932359937,757.4992127,"Kisalon Far",1287.513799,"Kisalon Far 30/07/12",1,0,0,0,0,0,0,0,0,0,0,0,0,0
"232","T0",2012,"Kisalon Far CA36","Mediterranean Maquis","Judea","Kisalon","Far",NA,NA,35.040128,31.76836,30/07/12,  92,-1.69306386,39,0.963795386284088,0.266642932359937,757.4992127,"Kisalon Far",1287.513799,"Kisalon Far 30/07/12",3,0,0,0,0,0,9,0,0,0,0,0,0,0
"233","T0",2012,"Kisalon Near CA1","Mediterranean Maquis","Judea","Kisalon","Near",NA,NA,35.052094,31.774771,30/07/12,  92,-1.69306386,39,0.963795386284088,0.266642932359937,37.77101064,"Kisalon Near",80.343685,"Kisalon Near 30/07/12",5,0,0,0,0,0,0,2,11,0,1,0,0,0
"234","T0",2012,"Kisalon Near CA4","Mediterranean Maquis","Judea","Kisalon","Near",NA,NA,35.052094,31.774771,30/07/12,  92,-1.69306386,39,0.963795386284088,0.266642932359937,37.77101064,"Kisalon Near",80.343685,"Kisalon Near 30/07/12",26,0,0,0,0,0,0,1,7,0,0,0,0,0
"235","T0",2012,"Kisalon Near CA5","Mediterranean Maquis","Judea","Kisalon","Near",NA,NA,35.052094,31.774771,30/07/12,  92,-1.69306386,39,0.963795386284088,0.266642932359937,37.77101064,"Kisalon Near",80.343685,"Kisalon Near 30/07/12",6,0,0,0,0,0,0,0,0,0,0,0,0,0
"236","T0",2012,"Kisalon Near CA6","Mediterranean Maquis","Judea","Kisalon","Near",NA,NA,35.052094,31.774771,30/07/12,  92,-1.69306386,39,0.963795386284088,0.266642932359937,37.77101064,"Kisalon Near",80.343685,"Kisalon Near 30/07/12",6,0,0,0,0,0,0,0,6,0,0,0,0,0
"237","T0",2012,"Kisalon Near CA7","Mediterranean Maquis","Judea","Kisalon","Near",NA,NA,35.052094,31.774771,30/07/12,  92,-1.69306386,39,0.963795386284088,0.266642932359937,37.77101064,"Kisalon Near",80.343685,"Kisalon Near 30/07/12",57,0,0,0,0,0,0,7,0,0,0,0,0,0
"238","T0",2012,"Kisalon Near CA8","Mediterranean Maquis","Judea","Kisalon","Near",NA,NA,35.052094,31.774771,30/07/12,  92,-1.69306386,39,0.963795386284088,0.266642932359937,37.77101064,"Kisalon Near",80.343685,"Kisalon Near 30/07/12",2,0,0,0,0,0,0,0,6,0,0,0,0,0
"239","T0",2012,"Kisalon Near CA9","Mediterranean Maquis","Judea","Kisalon","Near",NA,NA,35.052094,31.774771,30/07/12,  92,-1.69306386,39,0.963795386284088,0.266642932359937,37.77101064,"Kisalon Near",80.343685,"Kisalon Near 30/07/12",43,0,0,0,0,0,0,2,15,0,1,0,0,0
"240","T0",2012,"Margaliot Far CA28","Mediterranean Maquis","Galilee","Margaliot","Far",NA,NA,35.544029,33.205306,30/04/12,   1,-1.76620538,-52,-0.986627592040485,-0.162990780795705,569.6681004,"Margaliot Far",133.599389,"Margaliot Far 30/04/12",2,0,0,0,0,0,0,0,0,0,0,0,0,0
"241","T0",2012,"Margaliot Far CA29","Mediterranean Maquis","Galilee","Margaliot","Far",NA,NA,35.544029,33.205306,30/04/12,   1,-1.76620538,-52,-0.986627592040485,-0.162990780795705,569.6681004,"Margaliot Far",133.599389,"Margaliot Far 30/04/12",1,0,0,0,0,0,0,0,3,0,0,0,1,0
"242","T0",2012,"Margaliot Far CA30","Mediterranean Maquis","Galilee","Margaliot","Far",NA,NA,35.544029,33.205306,30/04/12,   1,-1.76620538,-52,-0.986627592040485,-0.162990780795705,569.6681004,"Margaliot Far",133.599389,"Margaliot Far 30/04/12",0,0,0,0,0,0,0,0,0,0,0,0,3,0
"243","T0",2012,"Margaliot Far CA31","Mediterranean Maquis","Galilee","Margaliot","Far",NA,NA,35.544029,33.205306,30/04/12,   1,-1.76620538,-52,-0.986627592040485,-0.162990780795705,569.6681004,"Margaliot Far",133.599389,"Margaliot Far 30/04/12",0,0,0,0,0,0,0,0,1,0,0,0,12,0
"244","T0",2012,"Margaliot Far CA32","Mediterranean Maquis","Galilee","Margaliot","Far",NA,NA,35.544029,33.205306,30/04/12,   1,-1.76620538,-52,-0.986627592040485,-0.162990780795705,569.6681004,"Margaliot Far",133.599389,"Margaliot Far 30/04/12",2,0,0,0,0,0,0,0,1,0,0,0,0,1
"245","T0",2012,"Margaliot Far CA33","Mediterranean Maquis","Galilee","Margaliot","Far",NA,NA,35.544029,33.205306,30/04/12,   1,-1.76620538,-52,-0.986627592040485,-0.162990780795705,569.6681004,"Margaliot Far",133.599389,"Margaliot Far 30/04/12",0,0,0,0,0,0,0,0,0,0,0,0,3,0
"246","T0",2012,"Margaliot Far CA35","Mediterranean Maquis","Galilee","Margaliot","Far",NA,NA,35.544029,33.205306,30/04/12,   1,-1.76620538,-52,-0.986627592040485,-0.162990780795705,569.6681004,"Margaliot Far",133.599389,"Margaliot Far 30/04/12",0,0,0,0,0,0,0,0,1,0,0,0,4,0
"247","T0",2012,"Margaliot Far CA36","Mediterranean Maquis","Galilee","Margaliot","Far",NA,NA,35.544029,33.205306,30/04/12,   1,-1.76620538,-52,-0.986627592040485,-0.162990780795705,569.6681004,"Margaliot Far",133.599389,"Margaliot Far 30/04/12",0,0,0,0,0,0,0,0,4,0,0,0,0,0
"248","T0",2012,"Margaliot Near CA19","Mediterranean Maquis","Galilee","Margaliot","Near",NA,NA,35.541613,33.213763,30/04/12,   1,-1.76620538,-52,-0.986627592040485,-0.162990780795705,157.2418936,"Margaliot Near",107.670948,"Margaliot Near 30/04/12",0,0,0,0,0,0,0,0,0,0,0,0,2,0
"249","T0",2012,"Margaliot Near CA20","Mediterranean Maquis","Galilee","Margaliot","Near",NA,NA,35.541613,33.213763,30/04/12,   1,-1.76620538,-52,-0.986627592040485,-0.162990780795705,157.2418936,"Margaliot Near",107.670948,"Margaliot Near 30/04/12",10,0,0,0,0,0,0,0,3,0,0,0,82,1
"250","T0",2012,"Margaliot Near CA21","Mediterranean Maquis","Galilee","Margaliot","Near",NA,NA,35.541613,33.213763,30/04/12,   1,-1.76620538,-52,-0.986627592040485,-0.162990780795705,157.2418936,"Margaliot Near",107.670948,"Margaliot Near 30/04/12",1,0,0,0,0,0,0,0,5,0,0,0,26,0
"251","T0",2012,"Margaliot Near CA23","Mediterranean Maquis","Galilee","Margaliot","Near",NA,NA,35.541613,33.213763,30/04/12,   1,-1.76620538,-52,-0.986627592040485,-0.162990780795705,157.2418936,"Margaliot Near",107.670948,"Margaliot Near 30/04/12",2,0,0,0,0,0,0,0,1,0,0,0,9,0
"252","T0",2012,"Margaliot Near CA24","Mediterranean Maquis","Galilee","Margaliot","Near",NA,NA,35.541613,33.213763,30/04/12,   1,-1.76620538,-52,-0.986627592040485,-0.162990780795705,157.2418936,"Margaliot Near",107.670948,"Margaliot Near 30/04/12",1,0,0,0,0,0,0,0,2,0,0,0,6,0
"253","T0",2012,"Margaliot Near CA25","Mediterranean Maquis","Galilee","Margaliot","Near",NA,NA,35.541613,33.213763,30/04/12,   1,-1.76620538,-52,-0.986627592040485,-0.162990780795705,157.2418936,"Margaliot Near",107.670948,"Margaliot Near 30/04/12",14,0,0,0,0,0,0,0,5,0,2,0,184,1
"254","T0",2012,"Margaliot Near CA26","Mediterranean Maquis","Galilee","Margaliot","Near",NA,NA,35.541613,33.213763,30/04/12,   1,-1.76620538,-52,-0.986627592040485,-0.162990780795705,157.2418936,"Margaliot Near",107.670948,"Margaliot Near 30/04/12",11,0,0,0,0,0,0,0,9,0,1,0,52,0
"255","T0",2012,"Margaliot Near CA27","Mediterranean Maquis","Galilee","Margaliot","Near",NA,NA,35.541613,33.213763,30/04/12,   1,-1.76620538,-52,-0.986627592040485,-0.162990780795705,157.2418936,"Margaliot Near",107.670948,"Margaliot Near 30/04/12",0,0,0,0,0,0,0,0,1,0,0,0,20,0
"256","T0",2012,"Nehusha Far CA19","Mediterranean Maquis","Judea","Nehusha","Far",NA,NA,34.946181,31.637569,13/08/12, 106,-1.68181132,53,0.395925150181834,-0.918282786212119,690.080258,"Nehusha Far",381.553871,"Nehusha Far 13/08/12",0,0,0,0,0,0,0,0,9,0,0,0,0,2
"257","T0",2012,"Nehusha Far CA21","Mediterranean Maquis","Judea","Nehusha","Far",NA,NA,34.946181,31.637569,13/08/12, 106,-1.68181132,53,0.395925150181834,-0.918282786212119,690.080258,"Nehusha Far",381.553871,"Nehusha Far 13/08/12",2,0,0,0,0,0,0,0,0,0,0,0,0,1
"258","T0",2012,"Nehusha Far CA22","Mediterranean Maquis","Judea","Nehusha","Far",NA,NA,34.946181,31.637569,13/08/12, 106,-1.68181132,53,0.395925150181834,-0.918282786212119,690.080258,"Nehusha Far",381.553871,"Nehusha Far 13/08/12",0,0,0,0,0,0,0,0,0,0,0,0,0,1
"259","T0",2012,"Nehusha Far CA23","Mediterranean Maquis","Judea","Nehusha","Far",NA,NA,34.946181,31.637569,13/08/12, 106,-1.68181132,53,0.395925150181834,-0.918282786212119,690.080258,"Nehusha Far",381.553871,"Nehusha Far 13/08/12",0,0,0,0,0,0,0,2,0,0,0,0,0,2
"260","T0",2012,"Nehusha Far CA24","Mediterranean Maquis","Judea","Nehusha","Far",NA,NA,34.946181,31.637569,13/08/12, 106,-1.68181132,53,0.395925150181834,-0.918282786212119,690.080258,"Nehusha Far",381.553871,"Nehusha Far 13/08/12",1,0,0,0,0,0,0,0,3,0,0,0,0,3
"261","T0",2012,"Nehusha Far CA25","Mediterranean Maquis","Judea","Nehusha","Far",NA,NA,34.946181,31.637569,13/08/12, 106,-1.68181132,53,0.395925150181834,-0.918282786212119,690.080258,"Nehusha Far",381.553871,"Nehusha Far 13/08/12",1,0,0,0,0,0,0,0,0,0,0,0,0,0
"262","T0",2012,"Nehusha Far CA26","Mediterranean Maquis","Judea","Nehusha","Far",NA,NA,34.946181,31.637569,13/08/12, 106,-1.68181132,53,0.395925150181834,-0.918282786212119,690.080258,"Nehusha Far",381.553871,"Nehusha Far 13/08/12",0,0,0,0,0,0,0,0,3,0,0,0,0,0
"263","T0",2012,"Nehusha Far CA27","Mediterranean Maquis","Judea","Nehusha","Far",NA,NA,34.946181,31.637569,13/08/12, 106,-1.68181132,53,0.395925150181834,-0.918282786212119,690.080258,"Nehusha Far",381.553871,"Nehusha Far 13/08/12",0,0,0,0,0,0,0,0,2,0,0,0,0,0
"264","T0",2012,"Nehusha Near CA28","Mediterranean Maquis","Judea","Nehusha","Near",NA,NA,34.953158,31.635401,13/08/12, 106,-1.68181132,53,0.395925150181834,-0.918282786212119,219.5164128,"Nehusha Near",41.887971,"Nehusha Near 13/08/12",50,0,0,0,0,0,0,0,8,0,0,0,0,0
"265","T0",2012,"Nehusha Near CA29","Mediterranean Maquis","Judea","Nehusha","Near",NA,NA,34.953158,31.635401,13/08/12, 106,-1.68181132,53,0.395925150181834,-0.918282786212119,219.5164128,"Nehusha Near",41.887971,"Nehusha Near 13/08/12",11,0,0,0,0,0,0,0,7,0,0,0,0,0
"266","T0",2012,"Nehusha Near CA30","Mediterranean Maquis","Judea","Nehusha","Near",NA,NA,34.953158,31.635401,13/08/12, 106,-1.68181132,53,0.395925150181834,-0.918282786212119,219.5164128,"Nehusha Near",41.887971,"Nehusha Near 13/08/12",15,0,0,0,0,0,0,0,2,0,0,0,0,1
"267","T0",2012,"Nehusha Near CA31","Mediterranean Maquis","Judea","Nehusha","Near",NA,NA,34.953158,31.635401,13/08/12, 106,-1.68181132,53,0.395925150181834,-0.918282786212119,219.5164128,"Nehusha Near",41.887971,"Nehusha Near 13/08/12",15,0,0,0,0,0,0,0,5,0,0,0,0,0
"268","T0",2012,"Nehusha Near CA32","Mediterranean Maquis","Judea","Nehusha","Near",NA,NA,34.953158,31.635401,13/08/12, 106,-1.68181132,53,0.395925150181834,-0.918282786212119,219.5164128,"Nehusha Near",41.887971,"Nehusha Near 13/08/12",46,0,0,0,0,0,0,0,16,0,0,0,0,2
"269","T0",2012,"Nehusha Near CA33","Mediterranean Maquis","Judea","Nehusha","Near",NA,NA,34.953158,31.635401,13/08/12, 106,-1.68181132,53,0.395925150181834,-0.918282786212119,219.5164128,"Nehusha Near",41.887971,"Nehusha Near 13/08/12",23,0,0,0,0,0,0,1,6,0,1,0,0,0
"270","T0",2012,"Nehusha Near CA34","Mediterranean Maquis","Judea","Nehusha","Near",NA,NA,34.953158,31.635401,13/08/12, 106,-1.68181132,53,0.395925150181834,-0.918282786212119,219.5164128,"Nehusha Near",41.887971,"Nehusha Near 13/08/12",41,0,0,0,0,0,0,0,4,0,0,0,0,0
"271","T0",2012,"Nehusha Near CA35","Mediterranean Maquis","Judea","Nehusha","Near",NA,NA,34.953158,31.635401,13/08/12, 106,-1.68181132,53,0.395925150181834,-0.918282786212119,219.5164128,"Nehusha Near",41.887971,"Nehusha Near 13/08/12",10,0,0,0,0,0,0,0,6,0,0,0,0,0
"272","T0",2012,"Nehusha Near CA36","Mediterranean Maquis","Judea","Nehusha","Near",NA,NA,34.953158,31.635401,13/08/12, 106,-1.68181132,53,0.395925150181834,-0.918282786212119,219.5164128,"Nehusha Near",41.887971,"Nehusha Near 13/08/12",4,0,0,0,0,0,0,0,0,0,1,0,0,0
"273","T0",2012,"Nir Etzion Far CA1","Mediterranean Maquis","Carmel","Nir Etzion","Far",NA,NA,35.008281,32.69753,17/06/12,  49,-1.72762524,-4,0.756802495307928,-0.653643620863612,859.1147072,"Nir Etzion Far",333.518117,"Nir Etzion Far 17/06/12",0,0,0,0,0,0,0,0,0,0,0,0,9,0
"274","T0",2012,"Nir Etzion Far CA2","Mediterranean Maquis","Carmel","Nir Etzion","Far",NA,NA,35.008281,32.69753,17/06/12,  49,-1.72762524,-4,0.756802495307928,-0.653643620863612,859.1147072,"Nir Etzion Far",333.518117,"Nir Etzion Far 17/06/12",3,0,0,0,0,0,0,0,8,0,0,0,8,0
"275","T0",2012,"Nir Etzion Far CA3","Mediterranean Maquis","Carmel","Nir Etzion","Far",NA,NA,35.008281,32.69753,17/06/12,  49,-1.72762524,-4,0.756802495307928,-0.653643620863612,859.1147072,"Nir Etzion Far",333.518117,"Nir Etzion Far 17/06/12",1,0,0,0,0,0,0,0,0,0,0,0,17,1
"276","T0",2012,"Nir Etzion Far CA4","Mediterranean Maquis","Carmel","Nir Etzion","Far",NA,NA,35.008281,32.69753,17/06/12,  49,-1.72762524,-4,0.756802495307928,-0.653643620863612,859.1147072,"Nir Etzion Far",333.518117,"Nir Etzion Far 17/06/12",2,0,0,0,0,0,0,0,0,0,0,0,33,0
"277","T0",2012,"Nir Etzion Far CA5","Mediterranean Maquis","Carmel","Nir Etzion","Far",NA,NA,35.008281,32.69753,17/06/12,  49,-1.72762524,-4,0.756802495307928,-0.653643620863612,859.1147072,"Nir Etzion Far",333.518117,"Nir Etzion Far 17/06/12",85,0,0,0,0,0,0,0,1,0,0,0,18,0
"278","T0",2012,"Nir Etzion Far CA6","Mediterranean Maquis","Carmel","Nir Etzion","Far",NA,NA,35.008281,32.69753,17/06/12,  49,-1.72762524,-4,0.756802495307928,-0.653643620863612,859.1147072,"Nir Etzion Far",333.518117,"Nir Etzion Far 17/06/12",7,0,0,0,0,0,0,0,0,0,0,0,16,0
"279","T0",2012,"Nir Etzion Far CA7","Mediterranean Maquis","Carmel","Nir Etzion","Far",NA,NA,35.008281,32.69753,17/06/12,  49,-1.72762524,-4,0.756802495307928,-0.653643620863612,859.1147072,"Nir Etzion Far",333.518117,"Nir Etzion Far 17/06/12",14,0,0,0,0,0,0,0,0,0,0,0,33,0
"280","T0",2012,"Nir Etzion Far CA8","Mediterranean Maquis","Carmel","Nir Etzion","Far",NA,NA,35.008281,32.69753,17/06/12,  49,-1.72762524,-4,0.756802495307928,-0.653643620863612,859.1147072,"Nir Etzion Far",333.518117,"Nir Etzion Far 17/06/12",0,0,0,0,0,0,0,0,0,0,0,0,7,0
"281","T0",2012,"Nir Etzion Far CA9","Mediterranean Maquis","Carmel","Nir Etzion","Far",NA,NA,35.008281,32.69753,17/06/12,  49,-1.72762524,-4,0.756802495307928,-0.653643620863612,859.1147072,"Nir Etzion Far",333.518117,"Nir Etzion Far 17/06/12",2,0,0,0,0,0,0,1,0,0,0,0,41,0
"282","T0",2012,"Nir Etzion Near CA10","Mediterranean Maquis","Carmel","Nir Etzion","Near",NA,NA,34.996464,32.700115,17/06/12,  49,-1.72762524,-4,0.756802495307928,-0.653643620863612,41.49084754,"Nir Etzion Near",931.712095,"Nir Etzion Near 17/06/12",0,0,0,0,0,0,0,0,0,0,0,0,11,0
"283","T0",2012,"Nir Etzion Near CA11","Mediterranean Maquis","Carmel","Nir Etzion","Near",NA,NA,34.996464,32.700115,17/06/12,  49,-1.72762524,-4,0.756802495307928,-0.653643620863612,41.49084754,"Nir Etzion Near",931.712095,"Nir Etzion Near 17/06/12",15,0,0,0,0,0,0,0,0,0,0,0,9,0
"284","T0",2012,"Nir Etzion Near CA12","Mediterranean Maquis","Carmel","Nir Etzion","Near",NA,NA,34.996464,32.700115,17/06/12,  49,-1.72762524,-4,0.756802495307928,-0.653643620863612,41.49084754,"Nir Etzion Near",931.712095,"Nir Etzion Near 17/06/12",2,0,0,0,0,0,0,0,0,0,2,0,5,0
"285","T0",2012,"Nir Etzion Near CA13","Mediterranean Maquis","Carmel","Nir Etzion","Near",NA,NA,34.996464,32.700115,17/06/12,  49,-1.72762524,-4,0.756802495307928,-0.653643620863612,41.49084754,"Nir Etzion Near",931.712095,"Nir Etzion Near 17/06/12",1,0,0,0,0,0,0,0,0,0,0,0,4,0
"286","T0",2012,"Nir Etzion Near CA14","Mediterranean Maquis","Carmel","Nir Etzion","Near",NA,NA,34.996464,32.700115,17/06/12,  49,-1.72762524,-4,0.756802495307928,-0.653643620863612,41.49084754,"Nir Etzion Near",931.712095,"Nir Etzion Near 17/06/12",0,0,0,0,0,0,0,0,0,0,0,0,5,0
"287","T0",2012,"Nir Etzion Near CA15","Mediterranean Maquis","Carmel","Nir Etzion","Near",NA,NA,34.996464,32.700115,17/06/12,  49,-1.72762524,-4,0.756802495307928,-0.653643620863612,41.49084754,"Nir Etzion Near",931.712095,"Nir Etzion Near 17/06/12",6,0,0,0,0,0,0,0,0,0,0,0,5,0
"288","T0",2012,"Nir Etzion Near CA16","Mediterranean Maquis","Carmel","Nir Etzion","Near",NA,NA,34.996464,32.700115,17/06/12,  49,-1.72762524,-4,0.756802495307928,-0.653643620863612,41.49084754,"Nir Etzion Near",931.712095,"Nir Etzion Near 17/06/12",17,0,0,0,0,0,0,0,0,0,0,0,0,0
"289","T0",2012,"Nir Etzion Near CA17","Mediterranean Maquis","Carmel","Nir Etzion","Near",NA,NA,34.996464,32.700115,17/06/12,  49,-1.72762524,-4,0.756802495307928,-0.653643620863612,41.49084754,"Nir Etzion Near",931.712095,"Nir Etzion Near 17/06/12",5,0,0,0,0,0,0,0,0,0,0,0,1,0
"290","T0",2012,"Nir Etzion Near CA18","Mediterranean Maquis","Carmel","Nir Etzion","Near",NA,NA,34.996464,32.700115,17/06/12,  49,-1.72762524,-4,0.756802495307928,-0.653643620863612,41.49084754,"Nir Etzion Near",931.712095,"Nir Etzion Near 17/06/12",1,0,0,0,0,0,0,0,0,0,0,0,0,0
"291","T0",2012,"Ofer Far CA28","Mediterranean Maquis","Carmel","Ofer","Far",NA,NA,34.992922,32.6151,02/07/12,  64,-1.71556895,11,-0.999990206550703,0.00442569798805079,787.8290298,"Ofer Far",105.500545,"Ofer Far 02/07/12",2,0,0,0,0,0,0,0,0,0,0,0,0,0
"292","T0",2012,"Ofer Far CA29","Mediterranean Maquis","Carmel","Ofer","Far",NA,NA,34.992922,32.6151,02/07/12,  64,-1.71556895,11,-0.999990206550703,0.00442569798805079,787.8290298,"Ofer Far",105.500545,"Ofer Far 02/07/12",0,0,0,0,0,0,0,0,2,0,0,0,0,0
"293","T0",2012,"Ofer Far CA30","Mediterranean Maquis","Carmel","Ofer","Far",NA,NA,34.992922,32.6151,02/07/12,  64,-1.71556895,11,-0.999990206550703,0.00442569798805079,787.8290298,"Ofer Far",105.500545,"Ofer Far 02/07/12",4,0,0,0,0,0,0,0,1,0,0,0,4,0
"294","T0",2012,"Ofer Far CA31","Mediterranean Maquis","Carmel","Ofer","Far",NA,NA,34.992922,32.6151,02/07/12,  64,-1.71556895,11,-0.999990206550703,0.00442569798805079,787.8290298,"Ofer Far",105.500545,"Ofer Far 02/07/12",25,0,0,0,0,0,0,6,0,0,0,0,1,0
"295","T0",2012,"Ofer Far CA32","Mediterranean Maquis","Carmel","Ofer","Far",NA,NA,34.992922,32.6151,02/07/12,  64,-1.71556895,11,-0.999990206550703,0.00442569798805079,787.8290298,"Ofer Far",105.500545,"Ofer Far 02/07/12",24,0,0,0,0,0,0,3,1,0,0,0,7,5
"296","T0",2012,"Ofer Far CA33","Mediterranean Maquis","Carmel","Ofer","Far",NA,NA,34.992922,32.6151,02/07/12,  64,-1.71556895,11,-0.999990206550703,0.00442569798805079,787.8290298,"Ofer Far",105.500545,"Ofer Far 02/07/12",0,0,0,0,0,0,0,0,1,0,0,0,0,0
"297","T0",2012,"Ofer Far CA34","Mediterranean Maquis","Carmel","Ofer","Far",NA,NA,34.992922,32.6151,02/07/12,  64,-1.71556895,11,-0.999990206550703,0.00442569798805079,787.8290298,"Ofer Far",105.500545,"Ofer Far 02/07/12",9,0,0,0,0,0,0,6,11,0,0,0,7,2
"298","T0",2012,"Ofer Far CA35","Mediterranean Maquis","Carmel","Ofer","Far",NA,NA,34.992922,32.6151,02/07/12,  64,-1.71556895,11,-0.999990206550703,0.00442569798805079,787.8290298,"Ofer Far",105.500545,"Ofer Far 02/07/12",12,0,0,0,0,0,0,0,0,0,0,0,1,0
"299","T0",2012,"Ofer Far CA36","Mediterranean Maquis","Carmel","Ofer","Far",NA,NA,34.992922,32.6151,02/07/12,  64,-1.71556895,11,-0.999990206550703,0.00442569798805079,787.8290298,"Ofer Far",105.500545,"Ofer Far 02/07/12",13,0,0,0,0,0,0,1,5,0,0,0,2,0
"300","T0",2012,"Ofer Near CA10","Mediterranean Maquis","Carmel","Ofer","Near",NA,NA,34.984608,32.617701,02/07/12,  64,-1.71556895,11,-0.999990206550703,0.00442569798805079,0,"Ofer Near",39.223806,"Ofer Near 02/07/12",154,0,0,0,0,0,0,0,0,0,0,0,4,0
"301","T0",2012,"Ofer Near CA11","Mediterranean Maquis","Carmel","Ofer","Near",NA,NA,34.984608,32.617701,02/07/12,  64,-1.71556895,11,-0.999990206550703,0.00442569798805079,0,"Ofer Near",39.223806,"Ofer Near 02/07/12",47,0,0,0,0,0,0,0,0,0,0,0,7,0
"302","T0",2012,"Ofer Near CA12","Mediterranean Maquis","Carmel","Ofer","Near",NA,NA,34.984608,32.617701,02/07/12,  64,-1.71556895,11,-0.999990206550703,0.00442569798805079,0,"Ofer Near",39.223806,"Ofer Near 02/07/12",138,0,0,0,0,0,0,1,2,0,0,0,43,0
"303","T0",2012,"Ofer Near CA13","Mediterranean Maquis","Carmel","Ofer","Near",NA,NA,34.984608,32.617701,02/07/12,  64,-1.71556895,11,-0.999990206550703,0.00442569798805079,0,"Ofer Near",39.223806,"Ofer Near 02/07/12",62,0,0,0,0,0,0,2,1,0,0,0,19,0
"304","T0",2012,"Ofer Near CA14","Mediterranean Maquis","Carmel","Ofer","Near",NA,NA,34.984608,32.617701,02/07/12,  64,-1.71556895,11,-0.999990206550703,0.00442569798805079,0,"Ofer Near",39.223806,"Ofer Near 02/07/12",58,0,0,0,0,0,0,0,1,0,0,0,3,6
"305","T0",2012,"Ofer Near CA15","Mediterranean Maquis","Carmel","Ofer","Near",NA,NA,34.984608,32.617701,02/07/12,  64,-1.71556895,11,-0.999990206550703,0.00442569798805079,0,"Ofer Near",39.223806,"Ofer Near 02/07/12",24,0,0,0,0,0,0,0,1,0,0,0,11,0
"306","T0",2012,"Ofer Near CA16","Mediterranean Maquis","Carmel","Ofer","Near",NA,NA,34.984608,32.617701,02/07/12,  64,-1.71556895,11,-0.999990206550703,0.00442569798805079,0,"Ofer Near",39.223806,"Ofer Near 02/07/12",46,0,0,0,0,0,0,1,3,0,0,0,10,0
"307","T0",2012,"Ofer Near CA17","Mediterranean Maquis","Carmel","Ofer","Near",NA,NA,34.984608,32.617701,02/07/12,  64,-1.71556895,11,-0.999990206550703,0.00442569798805079,0,"Ofer Near",39.223806,"Ofer Near 02/07/12",27,0,0,0,0,0,0,0,3,0,0,0,9,0
"308","T0",2012,"Ofer Near CA18","Mediterranean Maquis","Carmel","Ofer","Near",NA,NA,34.984608,32.617701,02/07/12,  64,-1.71556895,11,-0.999990206550703,0.00442569798805079,0,"Ofer Near",39.223806,"Ofer Near 02/07/12",92,0,0,0,0,0,0,0,0,0,0,0,3,0
"309","T0",2012,"Yagur Far CA28","Mediterranean Maquis","Carmel","Yagur","Far",NA,NA,35.054124,32.754811,04/06/12,  36,-1.73807403,-17,0.961397491879557,-0.275163338051597,661.1424357,"Yagur Far",544.733526,"Yagur Far 04/06/12",1,0,0,0,0,0,0,0,0,0,0,0,0,2
"310","T0",2012,"Yagur Far CA29","Mediterranean Maquis","Carmel","Yagur","Far",NA,NA,35.054124,32.754811,04/06/12,  36,-1.73807403,-17,0.961397491879557,-0.275163338051597,661.1424357,"Yagur Far",544.733526,"Yagur Far 04/06/12",0,0,0,0,0,0,0,0,0,0,0,0,0,2
"311","T0",2012,"Yagur Far CA30","Mediterranean Maquis","Carmel","Yagur","Far",NA,NA,35.054124,32.754811,04/06/12,  36,-1.73807403,-17,0.961397491879557,-0.275163338051597,661.1424357,"Yagur Far",544.733526,"Yagur Far 04/06/12",0,0,0,0,0,0,0,0,0,0,0,0,6,0
"312","T0",2012,"Yagur Far CA31","Mediterranean Maquis","Carmel","Yagur","Far",NA,NA,35.054124,32.754811,04/06/12,  36,-1.73807403,-17,0.961397491879557,-0.275163338051597,661.1424357,"Yagur Far",544.733526,"Yagur Far 04/06/12",10,0,0,0,0,0,0,0,0,0,0,0,4,0
"313","T0",2012,"Yagur Far CA32","Mediterranean Maquis","Carmel","Yagur","Far",NA,NA,35.054124,32.754811,04/06/12,  36,-1.73807403,-17,0.961397491879557,-0.275163338051597,661.1424357,"Yagur Far",544.733526,"Yagur Far 04/06/12",8,0,0,0,0,0,0,0,8,0,1,0,13,0
"314","T0",2012,"Yagur Far CA33","Mediterranean Maquis","Carmel","Yagur","Far",NA,NA,35.054124,32.754811,04/06/12,  36,-1.73807403,-17,0.961397491879557,-0.275163338051597,661.1424357,"Yagur Far",544.733526,"Yagur Far 04/06/12",4,0,0,0,0,0,0,0,0,0,0,0,5,1
"315","T0",2012,"Yagur Far CA35","Mediterranean Maquis","Carmel","Yagur","Far",NA,NA,35.054124,32.754811,04/06/12,  36,-1.73807403,-17,0.961397491879557,-0.275163338051597,661.1424357,"Yagur Far",544.733526,"Yagur Far 04/06/12",1,0,0,0,0,0,0,0,0,0,0,0,2,0
"316","T0",2012,"Yagur Far CA36","Mediterranean Maquis","Carmel","Yagur","Far",NA,NA,35.054124,32.754811,04/06/12,  36,-1.73807403,-17,0.961397491879557,-0.275163338051597,661.1424357,"Yagur Far",544.733526,"Yagur Far 04/06/12",0,0,0,0,0,0,0,0,0,0,0,0,0,1
"317","T0",2012,"Yagur Near CA1","Mediterranean Maquis","Carmel","Yagur","Near",NA,NA,35.077215,32.738092,04/06/12,  36,-1.73807403,-17,0.961397491879557,-0.275163338051597,85.70250566,"Yagur Near",431.628585,"Yagur Near 04/06/12",0,0,0,0,0,0,0,1,0,0,0,0,12,8
"318","T0",2012,"Yagur Near CA2","Mediterranean Maquis","Carmel","Yagur","Near",NA,NA,35.077215,32.738092,04/06/12,  36,-1.73807403,-17,0.961397491879557,-0.275163338051597,85.70250566,"Yagur Near",431.628585,"Yagur Near 04/06/12",0,0,0,0,0,0,0,0,0,0,2,0,3,4
"319","T0",2012,"Yagur Near CA3","Mediterranean Maquis","Carmel","Yagur","Near",NA,NA,35.077215,32.738092,04/06/12,  36,-1.73807403,-17,0.961397491879557,-0.275163338051597,85.70250566,"Yagur Near",431.628585,"Yagur Near 04/06/12",0,0,0,0,0,0,0,1,0,0,4,0,23,4
"320","T0",2012,"Yagur Near CA4","Mediterranean Maquis","Carmel","Yagur","Near",NA,NA,35.077215,32.738092,04/06/12,  36,-1.73807403,-17,0.961397491879557,-0.275163338051597,85.70250566,"Yagur Near",431.628585,"Yagur Near 04/06/12",0,0,0,0,0,0,0,0,0,0,0,0,12,1
"321","T0",2012,"Yagur Near CA6","Mediterranean Maquis","Carmel","Yagur","Near",NA,NA,35.077215,32.738092,04/06/12,  36,-1.73807403,-17,0.961397491879557,-0.275163338051597,85.70250566,"Yagur Near",431.628585,"Yagur Near 04/06/12",0,0,0,0,0,0,0,0,0,0,0,0,29,3
"322","T0",2012,"Yagur Near CA7","Mediterranean Maquis","Carmel","Yagur","Near",NA,NA,35.077215,32.738092,04/06/12,  36,-1.73807403,-17,0.961397491879557,-0.275163338051597,85.70250566,"Yagur Near",431.628585,"Yagur Near 04/06/12",0,0,0,0,0,0,0,0,0,0,0,0,5,0
"323","T0",2012,"Yagur Near CA8","Mediterranean Maquis","Carmel","Yagur","Near",NA,NA,35.077215,32.738092,04/06/12,  36,-1.73807403,-17,0.961397491879557,-0.275163338051597,85.70250566,"Yagur Near",431.628585,"Yagur Near 04/06/12",0,0,0,0,0,0,0,0,0,0,0,0,43,2
"324","T0",2012,"Yagur Near CA9","Mediterranean Maquis","Carmel","Yagur","Near",NA,NA,35.077215,32.738092,04/06/12,  36,-1.73807403,-17,0.961397491879557,-0.275163338051597,85.70250566,"Yagur Near",431.628585,"Yagur Near 04/06/12",0,0,0,0,0,0,0,0,0,0,17,0,3,4
"325","T0",2012,"Yiftah Far CA01","Mediterranean Maquis","Galilee","Iftach","Far",NA,NA,35.557543,33.122668,21/05/12,  22,-1.74932657,-31,0.404037645323065,0.914742357804531,297.3903143,"Iftach Far",184.809751,"Iftach Far 21/05/12",0,0,0,0,0,0,0,0,1,0,2,0,8,0
"326","T0",2012,"Yiftah Far CA02","Mediterranean Maquis","Galilee","Iftach","Far",NA,NA,35.557543,33.122668,21/05/12,  22,-1.74932657,-31,0.404037645323065,0.914742357804531,297.3903143,"Iftach Far",184.809751,"Iftach Far 21/05/12",0,0,0,0,0,0,0,0,0,0,0,0,43,0
"327","T0",2012,"Yiftah Far CA03","Mediterranean Maquis","Galilee","Iftach","Far",NA,NA,35.557543,33.122668,21/05/12,  22,-1.74932657,-31,0.404037645323065,0.914742357804531,297.3903143,"Iftach Far",184.809751,"Iftach Far 21/05/12",0,1,0,0,0,0,0,0,4,0,0,0,4,0
"328","T0",2012,"Yiftah Far CA04","Mediterranean Maquis","Galilee","Iftach","Far",NA,NA,35.557543,33.122668,21/05/12,  22,-1.74932657,-31,0.404037645323065,0.914742357804531,297.3903143,"Iftach Far",184.809751,"Iftach Far 21/05/12",1,0,0,0,0,0,2,0,1,0,0,0,6,0
"329","T0",2012,"Yiftah Far CA05","Mediterranean Maquis","Galilee","Iftach","Far",NA,NA,35.557543,33.122668,21/05/12,  22,-1.74932657,-31,0.404037645323065,0.914742357804531,297.3903143,"Iftach Far",184.809751,"Iftach Far 21/05/12",0,0,0,0,0,0,1,0,2,0,1,0,5,0
"330","T0",2012,"Yiftah Far CA06","Mediterranean Maquis","Galilee","Iftach","Far",NA,NA,35.557543,33.122668,21/05/12,  22,-1.74932657,-31,0.404037645323065,0.914742357804531,297.3903143,"Iftach Far",184.809751,"Iftach Far 21/05/12",0,0,0,0,0,0,3,0,1,0,1,0,5,0
"331","T0",2012,"Yiftah Far CA07","Mediterranean Maquis","Galilee","Iftach","Far",NA,NA,35.557543,33.122668,21/05/12,  22,-1.74932657,-31,0.404037645323065,0.914742357804531,297.3903143,"Iftach Far",184.809751,"Iftach Far 21/05/12",0,0,0,0,0,0,0,0,4,0,0,0,16,0
"332","T0",2012,"Yiftah Far CA08","Mediterranean Maquis","Galilee","Iftach","Far",NA,NA,35.557543,33.122668,21/05/12,  22,-1.74932657,-31,0.404037645323065,0.914742357804531,297.3903143,"Iftach Far",184.809751,"Iftach Far 21/05/12",0,0,0,0,0,0,1,0,1,0,0,0,19,0
"333","T0",2012,"Yiftah Far CA09","Mediterranean Maquis","Galilee","Iftach","Far",NA,NA,35.557543,33.122668,21/05/12,  22,-1.74932657,-31,0.404037645323065,0.914742357804531,297.3903143,"Iftach Far",184.809751,"Iftach Far 21/05/12",0,0,0,0,0,0,0,0,3,0,0,0,8,0
"334","T0",2012,"Yiftah Near CA10","Mediterranean Maquis","Galilee","Iftach","Near",NA,NA,35.555958,33.127622,21/05/12,  22,-1.74932657,-31,0.404037645323065,0.914742357804531,74.19256635,"Iftach Near",226.385533,"Iftach Near 21/05/12",1,0,0,0,0,0,1,0,7,0,0,0,20,0
"335","T0",2012,"Yiftah Near CA11","Mediterranean Maquis","Galilee","Iftach","Near",NA,NA,35.555958,33.127622,21/05/12,  22,-1.74932657,-31,0.404037645323065,0.914742357804531,74.19256635,"Iftach Near",226.385533,"Iftach Near 21/05/12",1,0,0,0,0,0,0,2,1,0,0,0,7,0
"336","T0",2012,"Yiftah Near CA12","Mediterranean Maquis","Galilee","Iftach","Near",NA,NA,35.555958,33.127622,21/05/12,  22,-1.74932657,-31,0.404037645323065,0.914742357804531,74.19256635,"Iftach Near",226.385533,"Iftach Near 21/05/12",0,4,0,0,0,0,0,0,1,0,0,0,12,0
"337","T0",2012,"Yiftah Near CA13","Mediterranean Maquis","Galilee","Iftach","Near",NA,NA,35.555958,33.127622,21/05/12,  22,-1.74932657,-31,0.404037645323065,0.914742357804531,74.19256635,"Iftach Near",226.385533,"Iftach Near 21/05/12",0,0,0,0,0,0,0,0,0,0,0,0,2,0
"338","T0",2012,"Yiftah Near CA14","Mediterranean Maquis","Galilee","Iftach","Near",NA,NA,35.555958,33.127622,21/05/12,  22,-1.74932657,-31,0.404037645323065,0.914742357804531,74.19256635,"Iftach Near",226.385533,"Iftach Near 21/05/12",1,0,0,0,0,0,1,0,2,0,0,0,20,0
"339","T0",2012,"Yiftah Near CA15","Mediterranean Maquis","Galilee","Iftach","Near",NA,NA,35.555958,33.127622,21/05/12,  22,-1.74932657,-31,0.404037645323065,0.914742357804531,74.19256635,"Iftach Near",226.385533,"Iftach Near 21/05/12",2,1,0,0,0,0,0,0,2,0,1,0,27,0
"340","T0",2012,"Yiftah Near CA16","Mediterranean Maquis","Galilee","Iftach","Near",NA,NA,35.555958,33.127622,21/05/12,  22,-1.74932657,-31,0.404037645323065,0.914742357804531,74.19256635,"Iftach Near",226.385533,"Iftach Near 21/05/12",1,0,0,0,0,0,0,0,0,0,0,0,8,0
"341","T0",2012,"Yiftah Near CA17","Mediterranean Maquis","Galilee","Iftach","Near",NA,NA,35.555958,33.127622,21/05/12,  22,-1.74932657,-31,0.404037645323065,0.914742357804531,74.19256635,"Iftach Near",226.385533,"Iftach Near 21/05/12",0,0,0,0,0,0,0,0,0,0,0,0,17,0
"342","T0",2012,"Yiftah Near CA18","Mediterranean Maquis","Galilee","Iftach","Near",NA,NA,35.555958,33.127622,21/05/12,  22,-1.74932657,-31,0.404037645323065,0.914742357804531,74.19256635,"Iftach Near",226.385533,"Iftach Near 21/05/12",0,0,0,0,0,0,0,0,0,0,0,0,8,0
"343","T0",2014,"Bislach Far 1","Negev Highlands",NA,"Bislach","Far",NA,NA,34.874379,31.007009,02/07/14, 794,-1.12882928,11,-0.999990206550703,0.00442569798805079,1245.244192,"Bislach Far",5792.331172,"Bislach Far 02/07/14",1,0,0,0,0,0,0,0,0,0,0,0,0,0
"344","T0",2014,"Bislach Far 5","Negev Highlands",NA,"Bislach","Far",NA,NA,34.874379,31.007009,02/07/14, 794,-1.12882928,11,-0.999990206550703,0.00442569798805079,1245.244192,"Bislach Far",5792.331172,"Bislach Far 02/07/14",0,0,5,0,0,0,0,0,0,0,0,0,0,0
"345","T0",2014,"Bislach Far 6","Negev Highlands",NA,"Bislach","Far",NA,NA,34.874379,31.007009,02/07/14, 794,-1.12882928,11,-0.999990206550703,0.00442569798805079,1245.244192,"Bislach Far",5792.331172,"Bislach Far 02/07/14",0,0,0,0,0,0,0,1,0,0,0,0,0,0
"346","T0",2014,"Bislach Far 7","Negev Highlands",NA,"Bislach","Far",NA,NA,34.874379,31.007009,02/07/14, 794,-1.12882928,11,-0.999990206550703,0.00442569798805079,1245.244192,"Bislach Far",5792.331172,"Bislach Far 02/07/14",0,0,4,0,0,0,0,0,0,0,0,0,0,0
"347","T0",2014,"Bislach Far 8","Negev Highlands",NA,"Bislach","Far",NA,NA,34.874379,31.007009,02/07/14, 794,-1.12882928,11,-0.999990206550703,0.00442569798805079,1245.244192,"Bislach Far",5792.331172,"Bislach Far 02/07/14",1,0,0,0,0,0,0,0,0,0,0,0,0,0
"348","T0",2014,"Bislach Far 9","Negev Highlands",NA,"Bislach","Far",NA,NA,34.874379,31.007009,02/07/14, 794,-1.12882928,11,-0.999990206550703,0.00442569798805079,1245.244192,"Bislach Far",5792.331172,"Bislach Far 02/07/14",0,0,1,0,0,0,0,0,0,0,0,0,0,0
"349","T0",2014,"Bislach Near 28","Negev Highlands",NA,"Bislach","Near",NA,NA,34.863438,31.014485,02/07/14, 794,-1.12882928,11,-0.999990206550703,0.00442569798805079,151.2535369,"Bislach Near",4889.804069,"Bislach Near 02/07/14",1,0,0,0,0,0,0,0,0,0,0,0,0,0
"350","T0",2014,"Bislach Near 34","Negev Highlands",NA,"Bislach","Near",NA,NA,34.863438,31.014485,02/07/14, 794,-1.12882928,11,-0.999990206550703,0.00442569798805079,151.2535369,"Bislach Near",4889.804069,"Bislach Near 02/07/14",1,0,0,0,0,0,0,0,0,0,0,0,0,0
"351","T0",2014,"Ezuz Far 10","Negev Highlands",NA,"Ezuz","Far",NA,NA,34.467438,30.77978,26/06/14, 788,-1.13365179,5,-0.958924274663138,0.283662185463226,1354.666427,"Ezuz Far",1181.060404,"Ezuz Far 26/06/14",2,0,0,0,0,0,0,0,1,0,0,0,0,0
"352","T0",2014,"Ezuz Far 13","Negev Highlands",NA,"Ezuz","Far",NA,NA,34.467438,30.77978,26/06/14, 788,-1.13365179,5,-0.958924274663138,0.283662185463226,1354.666427,"Ezuz Far",1181.060404,"Ezuz Far 26/06/14",33,0,0,0,0,0,0,0,0,0,0,0,0,0
"353","T0",2014,"Ezuz Far 14","Negev Highlands",NA,"Ezuz","Far",NA,NA,34.467438,30.77978,26/06/14, 788,-1.13365179,5,-0.958924274663138,0.283662185463226,1354.666427,"Ezuz Far",1181.060404,"Ezuz Far 26/06/14",2,0,0,0,0,0,0,0,0,0,0,0,0,0
"354","T0",2014,"Ezuz Far 18","Negev Highlands",NA,"Ezuz","Far",NA,NA,34.467438,30.77978,26/06/14, 788,-1.13365179,5,-0.958924274663138,0.283662185463226,1354.666427,"Ezuz Far",1181.060404,"Ezuz Far 26/06/14",1,0,0,0,0,0,0,0,0,5,0,0,0,0
"355","T0",2014,"Ezuz Near 26","Negev Highlands",NA,"Ezuz","Near",NA,NA,34.46694,30.792497,26/06/14, 788,-1.13365179,5,-0.958924274663138,0.283662185463226,472.8166858,"Ezuz Near",1062.149597,"Ezuz Near 26/06/14",0,0,0,0,0,0,0,0,0,1,0,0,0,0
"356","T0",2014,"Merhav Am Far 1","Negev Highlands",NA,"Merhav Am","Far",NA,NA,34.836483,30.898962,19/06/14, 781,-1.13927806,-2,-0.909297426825682,-0.416146836547142,1231.448315,"Merhav Am Far",337.427191,"Merhav Am Far 19/06/14",0,0,0,0,0,0,0,0,1,0,0,0,0,0
"357","T0",2014,"Merhav Am Near 28","Negev Highlands",NA,"Merhav Am","Near",NA,NA,34.82665,30.888359,19/06/14, 781,-1.13927806,-2,-0.909297426825682,-0.416146836547142,0,"Merhav Am Near",671.078837,"Merhav Am Near 19/06/14",0,0,0,0,0,0,0,0,0,2,0,0,0,0
"358","T0",2014,"Sde Boker Far 43","Negev Highlands",NA,"Sde Boker","Far",NA,NA,34.776035,30.886517,29/06/14, 791,-1.13124053,8,0.989358246623382,-0.145500033808614,1722.406492,"Sde Boker Far",1139.630881,"Sde Boker Far 29/06/14",0,0,0,0,0,0,0,0,1,0,0,0,0,0
"359","T0",2014,"Sde Boker Far 44","Negev Highlands",NA,"Sde Boker","Far",NA,NA,34.776035,30.886517,29/06/14, 791,-1.13124053,8,0.989358246623382,-0.145500033808614,1722.406492,"Sde Boker Far",1139.630881,"Sde Boker Far 29/06/14",0,0,0,0,0,6,0,0,1,0,0,0,0,0
"360","T0",2014,"Yeruham Far 45","Negev Highlands",NA,"Yeruham","Far",NA,NA,34.926633,30.974158,14/07/14, 806,-1.11918424,23,-0.846220404175171,-0.532833020333398,961.1353776,"Yeruham Far",1590.557521,"Yeruham Far 14/07/14",0,0,0,0,0,0,0,0,1,0,0,0,0,0
"361","T0",2014,"Yeruham Near 39","Negev Highlands",NA,"Yeruham","Near",NA,NA,34.92299,30.98412,14/07/14, 806,-1.11918424,23,-0.846220404175171,-0.532833020333398,90.45679188,"Yeruham Near",1649.640302,"Yeruham Near 14/07/14",0,0,0,0,0,0,0,0,11,2,0,0,0,0
"362","T0",2014,"Yeruham Near 40","Negev Highlands",NA,"Yeruham","Near",NA,NA,34.92299,30.98412,14/07/14, 806,-1.11918424,23,-0.846220404175171,-0.532833020333398,90.45679188,"Yeruham Near",1649.640302,"Yeruham Near 14/07/14",0,0,0,0,0,0,0,0,14,0,0,0,0,0
"363","T0",2014,"Yeruham Near 41","Negev Highlands",NA,"Yeruham","Near",NA,NA,34.92299,30.98412,14/07/14, 806,-1.11918424,23,-0.846220404175171,-0.532833020333398,90.45679188,"Yeruham Near",1649.640302,"Yeruham Near 14/07/14",0,0,0,0,0,0,0,0,1,0,0,0,0,0
"364","T0",2014,"Yeruham Near 43","Negev Highlands",NA,"Yeruham","Near",NA,NA,34.92299,30.98412,14/07/14, 806,-1.11918424,23,-0.846220404175171,-0.532833020333398,90.45679188,"Yeruham Near",1649.640302,"Yeruham Near 14/07/14",0,1,0,0,0,0,0,2,15,0,0,0,0,0
"365","T0",2014,"Yeruham Near 44","Negev Highlands",NA,"Yeruham","Near",NA,NA,34.92299,30.98412,14/07/14, 806,-1.11918424,23,-0.846220404175171,-0.532833020333398,90.45679188,"Yeruham Near",1649.640302,"Yeruham Near 14/07/14",0,0,0,0,0,0,0,0,4,0,0,0,0,0
"366","T0",2013,"Aderet Far 100RECNX","Planted Conifer Forests","Judea","Aderet","Far",NA,NA,34.984699,31.676089,02/06/13, 399,-1.44631170,-19,-0.149877209662952,0.988704618186669,929.8385853,"Aderet Far",353.22171,"Aderet Far 02/06/13",1,0,0,0,0,0,0,0,0,0,0,0,0,0
"367","T0",2013,"Aderet Far 101RECNX","Planted Conifer Forests","Judea","Aderet","Far",NA,NA,34.984699,31.676089,02/06/13, 399,-1.44631170,-19,-0.149877209662952,0.988704618186669,929.8385853,"Aderet Far",353.22171,"Aderet Far 02/06/13",0,0,0,0,0,0,0,0,1,0,0,0,0,0
"368","T0",2013,"Aderet Far CA19","Planted Conifer Forests","Judea","Aderet","Far",NA,NA,34.984699,31.676089,02/06/13, 399,-1.44631170,-19,-0.149877209662952,0.988704618186669,929.8385853,"Aderet Far",353.22171,"Aderet Far 02/06/13",0,0,0,0,0,0,0,0,4,0,0,0,0,1
"369","T0",2013,"Aderet Far CA20","Planted Conifer Forests","Judea","Aderet","Far",NA,NA,34.984699,31.676089,02/06/13, 399,-1.44631170,-19,-0.149877209662952,0.988704618186669,929.8385853,"Aderet Far",353.22171,"Aderet Far 02/06/13",6,0,0,0,0,0,0,0,14,0,0,0,0,27
"370","T0",2013,"Aderet Far CA21","Planted Conifer Forests","Judea","Aderet","Far",NA,NA,34.984699,31.676089,02/06/13, 399,-1.44631170,-19,-0.149877209662952,0.988704618186669,929.8385853,"Aderet Far",353.22171,"Aderet Far 02/06/13",0,0,0,0,0,0,0,0,1,0,0,0,0,7
"371","T0",2013,"Aderet Far CA25","Planted Conifer Forests","Judea","Aderet","Far",NA,NA,34.984699,31.676089,02/06/13, 399,-1.44631170,-19,-0.149877209662952,0.988704618186669,929.8385853,"Aderet Far",353.22171,"Aderet Far 02/06/13",2,0,0,0,0,0,0,0,10,0,0,0,0,10
"372","T0",2013,"Aderet Far CA26","Planted Conifer Forests","Judea","Aderet","Far",NA,NA,34.984699,31.676089,02/06/13, 399,-1.44631170,-19,-0.149877209662952,0.988704618186669,929.8385853,"Aderet Far",353.22171,"Aderet Far 02/06/13",0,0,0,0,0,0,1,0,3,0,0,0,0,0
"373","T0",2013,"Amatzia Far 100RECNX","Planted Conifer Forests","Judea","Amatzia","Far",NA,NA,34.892385,31.511564,02/06/13, 399,-1.44631170,-19,-0.149877209662952,0.988704618186669,2309.087944,"Amatzia Far",225.149816,"Amatzia Far 02/06/13",1,0,0,0,0,0,0,0,2,0,0,0,0,0
"374","T0",2013,"Amatzia Far 101RECNX","Planted Conifer Forests","Judea","Amatzia","Far",NA,NA,34.892385,31.511564,02/06/13, 399,-1.44631170,-19,-0.149877209662952,0.988704618186669,2309.087944,"Amatzia Far",225.149816,"Amatzia Far 02/06/13",4,0,0,0,0,0,4,0,1,0,0,0,0,0
"375","T0",2013,"Amatzia Far 102RECNX","Planted Conifer Forests","Judea","Amatzia","Far",NA,NA,34.892385,31.511564,02/06/13, 399,-1.44631170,-19,-0.149877209662952,0.988704618186669,2309.087944,"Amatzia Far",225.149816,"Amatzia Far 02/06/13",5,2,0,0,0,0,8,0,6,0,0,0,0,14
"376","T0",2013,"Amatzia Far 103RECNX","Planted Conifer Forests","Judea","Amatzia","Far",NA,NA,34.892385,31.511564,02/06/13, 399,-1.44631170,-19,-0.149877209662952,0.988704618186669,2309.087944,"Amatzia Far",225.149816,"Amatzia Far 02/06/13",0,0,0,0,0,0,1,0,0,0,0,0,0,0
"377","T0",2013,"Amatzia Far CA36","Planted Conifer Forests","Judea","Amatzia","Far",NA,NA,34.892385,31.511564,02/06/13, 399,-1.44631170,-19,-0.149877209662952,0.988704618186669,2309.087944,"Amatzia Far",225.149816,"Amatzia Far 02/06/13",0,0,0,0,0,0,0,0,3,0,1,0,0,0
"378","T0",2013,"Bat Shlomo Far 100RECNX","Planted Conifer Forests","Carmel","Bat Shlomo","Far",NA,NA,35.009191,32.588277,30/06/13, 427,-1.42380662,9,0.412118485241757,-0.911130261884677,829.1353233,"Bat Shlomo Far",357.941664,"Bat Shlomo Far 30/06/13",0,0,0,0,0,0,1,0,0,0,0,0,7,2
"379","T0",2013,"Bat Shlomo Far 101RECNX","Planted Conifer Forests","Carmel","Bat Shlomo","Far",NA,NA,35.009191,32.588277,30/06/13, 427,-1.42380662,9,0.412118485241757,-0.911130261884677,829.1353233,"Bat Shlomo Far",357.941664,"Bat Shlomo Far 30/06/13",1,0,0,0,0,0,0,0,0,0,0,0,5,2
"380","T0",2013,"Bat Shlomo Far CA19","Planted Conifer Forests","Carmel","Bat Shlomo","Far",NA,NA,35.009191,32.588277,30/06/13, 427,-1.42380662,9,0.412118485241757,-0.911130261884677,829.1353233,"Bat Shlomo Far",357.941664,"Bat Shlomo Far 30/06/13",1,0,0,0,0,0,0,0,0,0,0,0,3,1
"381","T0",2013,"Bat Shlomo Far CA20","Planted Conifer Forests","Carmel","Bat Shlomo","Far",NA,NA,35.009191,32.588277,30/06/13, 427,-1.42380662,9,0.412118485241757,-0.911130261884677,829.1353233,"Bat Shlomo Far",357.941664,"Bat Shlomo Far 30/06/13",0,0,0,0,0,0,1,0,0,0,0,0,0,1
"382","T0",2013,"Bat Shlomo Far CA21","Planted Conifer Forests","Carmel","Bat Shlomo","Far",NA,NA,35.009191,32.588277,30/06/13, 427,-1.42380662,9,0.412118485241757,-0.911130261884677,829.1353233,"Bat Shlomo Far",357.941664,"Bat Shlomo Far 30/06/13",1,0,0,0,0,0,3,0,5,0,0,0,0,8
"383","T0",2013,"Bat Shlomo Far CA22","Planted Conifer Forests","Carmel","Bat Shlomo","Far",NA,NA,35.009191,32.588277,30/06/13, 427,-1.42380662,9,0.412118485241757,-0.911130261884677,829.1353233,"Bat Shlomo Far",357.941664,"Bat Shlomo Far 30/06/13",1,0,0,0,0,0,0,0,9,0,0,0,5,3
"384","T0",2013,"Bat Shlomo Far CA23","Planted Conifer Forests","Carmel","Bat Shlomo","Far",NA,NA,35.009191,32.588277,30/06/13, 427,-1.42380662,9,0.412118485241757,-0.911130261884677,829.1353233,"Bat Shlomo Far",357.941664,"Bat Shlomo Far 30/06/13",0,0,0,0,0,0,0,0,0,0,0,0,0,4
"385","T0",2013,"Bat Shlomo Far CA24","Planted Conifer Forests","Carmel","Bat Shlomo","Far",NA,NA,35.009191,32.588277,30/06/13, 427,-1.42380662,9,0.412118485241757,-0.911130261884677,829.1353233,"Bat Shlomo Far",357.941664,"Bat Shlomo Far 30/06/13",1,0,0,0,0,0,2,0,35,0,0,0,7,6
"386","T0",2013,"Bat Shlomo Far CA25","Planted Conifer Forests","Carmel","Bat Shlomo","Far",NA,NA,35.009191,32.588277,30/06/13, 427,-1.42380662,9,0.412118485241757,-0.911130261884677,829.1353233,"Bat Shlomo Far",357.941664,"Bat Shlomo Far 30/06/13",0,0,0,0,0,0,0,0,3,0,0,0,1,8
"387","T0",2013,"Bat Shlomo Far CA27","Planted Conifer Forests","Carmel","Bat Shlomo","Far",NA,NA,35.009191,32.588277,30/06/13, 427,-1.42380662,9,0.412118485241757,-0.911130261884677,829.1353233,"Bat Shlomo Far",357.941664,"Bat Shlomo Far 30/06/13",0,0,0,0,0,0,2,0,0,0,0,0,0,1
"388","T0",2013,"Eitanim Far 100RECNX","Planted Conifer Forests","Judea","Eitanim","Far",NA,NA,35.10469,31.778063,17/06/13, 414,-1.43425541,-4,0.756802495307928,-0.653643620863612,641.3101089,"Eitanim Far",386.866707,"Eitanim Far 17/06/13",0,0,0,0,0,0,0,0,4,0,0,0,0,0
"389","T0",2013,"Eitanim Far 101RECNX","Planted Conifer Forests","Judea","Eitanim","Far",NA,NA,35.10469,31.778063,17/06/13, 414,-1.43425541,-4,0.756802495307928,-0.653643620863612,641.3101089,"Eitanim Far",386.866707,"Eitanim Far 17/06/13",14,0,0,0,0,0,0,0,12,0,0,0,0,0
"390","T0",2013,"Eitanim Far CA11","Planted Conifer Forests","Judea","Eitanim","Far",NA,NA,35.10469,31.778063,17/06/13, 414,-1.43425541,-4,0.756802495307928,-0.653643620863612,641.3101089,"Eitanim Far",386.866707,"Eitanim Far 17/06/13",0,0,0,0,0,0,0,0,13,0,0,0,0,0
"391","T0",2013,"Eitanim Far CA12","Planted Conifer Forests","Judea","Eitanim","Far",NA,NA,35.10469,31.778063,17/06/13, 414,-1.43425541,-4,0.756802495307928,-0.653643620863612,641.3101089,"Eitanim Far",386.866707,"Eitanim Far 17/06/13",6,0,0,0,0,0,0,0,5,0,0,0,0,1
"392","T0",2013,"Eitanim Far CA13","Planted Conifer Forests","Judea","Eitanim","Far",NA,NA,35.10469,31.778063,17/06/13, 414,-1.43425541,-4,0.756802495307928,-0.653643620863612,641.3101089,"Eitanim Far",386.866707,"Eitanim Far 17/06/13",1,0,0,0,0,0,0,0,0,0,0,0,0,0
"393","T0",2013,"Eitanim Far CA16","Planted Conifer Forests","Judea","Eitanim","Far",NA,NA,35.10469,31.778063,17/06/13, 414,-1.43425541,-4,0.756802495307928,-0.653643620863612,641.3101089,"Eitanim Far",386.866707,"Eitanim Far 17/06/13",4,0,0,0,0,0,0,0,15,0,0,0,0,0
"394","T0",2013,"Eitanim Far CA17","Planted Conifer Forests","Judea","Eitanim","Far",NA,NA,35.10469,31.778063,17/06/13, 414,-1.43425541,-4,0.756802495307928,-0.653643620863612,641.3101089,"Eitanim Far",386.866707,"Eitanim Far 17/06/13",1,0,0,0,0,0,0,0,0,0,0,0,0,0
"395","T0",2013,"Elyakim Far 100RECNX","Planted Conifer Forests","Carmel","Elyakim","Far",NA,NA,35.057859,32.665356,30/06/13, 427,-1.42380662,9,0.412118485241757,-0.911130261884677,2067.277537,"Elyakim Far",174.991408,"Elyakim Far 30/06/13",0,0,0,0,0,0,0,0,0,0,0,0,1,0
"396","T0",2013,"Elyakim Far 101RECNX","Planted Conifer Forests","Carmel","Elyakim","Far",NA,NA,35.057859,32.665356,30/06/13, 427,-1.42380662,9,0.412118485241757,-0.911130261884677,2067.277537,"Elyakim Far",174.991408,"Elyakim Far 30/06/13",1,0,0,0,0,0,0,0,0,0,0,0,4,3
"397","T0",2013,"Elyakim Far CA30","Planted Conifer Forests","Carmel","Elyakim","Far",NA,NA,35.057859,32.665356,30/06/13, 427,-1.42380662,9,0.412118485241757,-0.911130261884677,2067.277537,"Elyakim Far",174.991408,"Elyakim Far 30/06/13",33,0,0,0,0,0,0,0,2,0,0,0,2,2
"398","T0",2013,"Elyakim Far CA32","Planted Conifer Forests","Carmel","Elyakim","Far",NA,NA,35.057859,32.665356,30/06/13, 427,-1.42380662,9,0.412118485241757,-0.911130261884677,2067.277537,"Elyakim Far",174.991408,"Elyakim Far 30/06/13",6,0,0,0,0,0,0,0,0,0,0,0,4,3
"399","T0",2013,"Elyakim Far CA33","Planted Conifer Forests","Carmel","Elyakim","Far",NA,NA,35.057859,32.665356,30/06/13, 427,-1.42380662,9,0.412118485241757,-0.911130261884677,2067.277537,"Elyakim Far",174.991408,"Elyakim Far 30/06/13",1,0,0,0,0,0,0,0,0,0,0,0,1,0
"400","T0",2013,"Elyakim Far CA34","Planted Conifer Forests","Carmel","Elyakim","Far",NA,NA,35.057859,32.665356,30/06/13, 427,-1.42380662,9,0.412118485241757,-0.911130261884677,2067.277537,"Elyakim Far",174.991408,"Elyakim Far 30/06/13",0,0,0,0,0,0,0,0,0,0,0,0,2,0
"401","T0",2013,"Elyakim Far CA35","Planted Conifer Forests","Carmel","Elyakim","Far",NA,NA,35.057859,32.665356,30/06/13, 427,-1.42380662,9,0.412118485241757,-0.911130261884677,2067.277537,"Elyakim Far",174.991408,"Elyakim Far 30/06/13",1,0,0,0,0,0,0,0,0,0,0,0,0,0
"402","T0",2013,"Elyakim Far CA36","Planted Conifer Forests","Carmel","Elyakim","Far",NA,NA,35.057859,32.665356,30/06/13, 427,-1.42380662,9,0.412118485241757,-0.911130261884677,2067.277537,"Elyakim Far",174.991408,"Elyakim Far 30/06/13",1,0,0,0,0,0,0,0,0,0,0,0,15,0
"403","T0",2013,"Eshtaol Far 100RECNX","Planted Conifer Forests","Judea","Eshtaol","Far",NA,NA,35.021809,31.788577,17/06/13, 414,-1.43425541,-4,0.756802495307928,-0.653643620863612,963.0411964,"Eshtaol Far",776.659148,"Eshtaol Far 17/06/13",3,0,0,0,0,0,3,0,0,0,0,0,0,3
"404","T0",2013,"Eshtaol Far 101RECNX","Planted Conifer Forests","Judea","Eshtaol","Far",NA,NA,35.021809,31.788577,17/06/13, 414,-1.43425541,-4,0.756802495307928,-0.653643620863612,963.0411964,"Eshtaol Far",776.659148,"Eshtaol Far 17/06/13",4,0,0,0,0,0,22,0,0,0,0,0,0,6
"405","T0",2013,"Eshtaol Far 41445","Planted Conifer Forests","Judea","Eshtaol","Far",NA,NA,35.021809,31.788577,17/06/13, 414,-1.43425541,-4,0.756802495307928,-0.653643620863612,963.0411964,"Eshtaol Far",776.659148,"Eshtaol Far 17/06/13",3,0,0,0,0,0,0,0,0,0,0,0,0,0
"406","T0",2013,"Eshtaol Far CA1","Planted Conifer Forests","Judea","Eshtaol","Far",NA,NA,35.021809,31.788577,17/06/13, 414,-1.43425541,-4,0.756802495307928,-0.653643620863612,963.0411964,"Eshtaol Far",776.659148,"Eshtaol Far 17/06/13",0,0,0,0,0,0,5,0,0,0,0,0,0,4
"407","T0",2013,"Eshtaol Far CA2","Planted Conifer Forests","Judea","Eshtaol","Far",NA,NA,35.021809,31.788577,17/06/13, 414,-1.43425541,-4,0.756802495307928,-0.653643620863612,963.0411964,"Eshtaol Far",776.659148,"Eshtaol Far 17/06/13",3,0,0,0,0,0,14,0,0,0,0,0,0,1
"408","T0",2013,"Eshtaol Far CA5","Planted Conifer Forests","Judea","Eshtaol","Far",NA,NA,35.021809,31.788577,17/06/13, 414,-1.43425541,-4,0.756802495307928,-0.653643620863612,963.0411964,"Eshtaol Far",776.659148,"Eshtaol Far 17/06/13",0,0,0,0,0,0,7,0,0,0,0,0,0,2
"409","T0",2013,"Eshtaol Far CA7","Planted Conifer Forests","Judea","Eshtaol","Far",NA,NA,35.021809,31.788577,17/06/13, 414,-1.43425541,-4,0.756802495307928,-0.653643620863612,963.0411964,"Eshtaol Far",776.659148,"Eshtaol Far 17/06/13",0,0,0,0,0,0,12,1,0,0,0,0,0,0
"410","T0",2013,"Eshtaol Far CA8","Planted Conifer Forests","Judea","Eshtaol","Far",NA,NA,35.021809,31.788577,17/06/13, 414,-1.43425541,-4,0.756802495307928,-0.653643620863612,963.0411964,"Eshtaol Far",776.659148,"Eshtaol Far 17/06/13",0,0,0,0,0,0,4,0,0,0,0,0,0,2
"411","T0",2013,"Givat Yeshayahu Far 101RECNX","Planted Conifer Forests","Judea","Givat Yeshayahu","Far",NA,NA,34.920693,31.668232,03/06/13, 400,-1.44550795,-18,0.750987246771676,0.66031670824408,1371.435378,"Givat Yeshayahu Far",610.942082,"Givat Yeshayahu Far 03/06/13",0,0,0,0,0,0,0,0,0,0,0,0,0,1
"412","T0",2013,"Givat Yeshayahu Far 102RECNX","Planted Conifer Forests","Judea","Givat Yeshayahu","Far",NA,NA,34.920693,31.668232,03/06/13, 400,-1.44550795,-18,0.750987246771676,0.66031670824408,1371.435378,"Givat Yeshayahu Far",610.942082,"Givat Yeshayahu Far 03/06/13",2,0,0,0,0,0,0,0,0,0,0,0,0,1
"413","T0",2013,"Givat Yeshayahu Far CA1","Planted Conifer Forests","Judea","Givat Yeshayahu","Far",NA,NA,34.920693,31.668232,03/06/13, 400,-1.44550795,-18,0.750987246771676,0.66031670824408,1371.435378,"Givat Yeshayahu Far",610.942082,"Givat Yeshayahu Far 03/06/13",0,0,0,0,0,0,0,0,3,0,0,0,0,0
"414","T0",2013,"Givat Yeshayahu Far CA2","Planted Conifer Forests","Judea","Givat Yeshayahu","Far",NA,NA,34.920693,31.668232,03/06/13, 400,-1.44550795,-18,0.750987246771676,0.66031670824408,1371.435378,"Givat Yeshayahu Far",610.942082,"Givat Yeshayahu Far 03/06/13",1,0,0,0,0,0,0,0,0,2,0,0,0,4
"415","T0",2013,"Givat Yeshayahu Far CA4","Planted Conifer Forests","Judea","Givat Yeshayahu","Far",NA,NA,34.920693,31.668232,03/06/13, 400,-1.44550795,-18,0.750987246771676,0.66031670824408,1371.435378,"Givat Yeshayahu Far",610.942082,"Givat Yeshayahu Far 03/06/13",1,0,0,0,0,0,0,0,1,0,0,0,0,0
"416","T0",2013,"Givat Yeshayahu Far CA5","Planted Conifer Forests","Judea","Givat Yeshayahu","Far",NA,NA,34.920693,31.668232,03/06/13, 400,-1.44550795,-18,0.750987246771676,0.66031670824408,1371.435378,"Givat Yeshayahu Far",610.942082,"Givat Yeshayahu Far 03/06/13",2,0,0,0,0,0,0,0,0,0,0,0,0,2
"417","T0",2013,"Givat Yeshayahu Far CA6","Planted Conifer Forests","Judea","Givat Yeshayahu","Far",NA,NA,34.920693,31.668232,03/06/13, 400,-1.44550795,-18,0.750987246771676,0.66031670824408,1371.435378,"Givat Yeshayahu Far",610.942082,"Givat Yeshayahu Far 03/06/13",2,0,0,0,0,0,2,0,0,0,0,0,0,1
"418","T0",2013,"Givat Yeshayahu Far CA8","Planted Conifer Forests","Judea","Givat Yeshayahu","Far",NA,NA,34.920693,31.668232,03/06/13, 400,-1.44550795,-18,0.750987246771676,0.66031670824408,1371.435378,"Givat Yeshayahu Far",610.942082,"Givat Yeshayahu Far 03/06/13",1,0,0,0,0,0,3,0,0,0,0,0,0,0
"419","T0",2013,"Kabri Far 100RECNX","Planted Conifer Forests","Galilee","Kabri","Far",NA,NA,35.164639,33.020316,28/07/13, 455,-1.40130153,37,-0.643538133356999,0.765414051945343,950.1605266,"Kabri Far",68.850213,"Kabri Far 28/07/13",1,0,0,6,0,0,0,0,0,0,1,0,6,1
"420","T0",2013,"Kabri Far 101RECNX","Planted Conifer Forests","Galilee","Kabri","Far",NA,NA,35.164639,33.020316,28/07/13, 455,-1.40130153,37,-0.643538133356999,0.765414051945343,950.1605266,"Kabri Far",68.850213,"Kabri Far 28/07/13",15,0,0,8,0,0,0,0,1,0,1,0,186,4
"421","T0",2013,"Kabri Far 102RECNX","Planted Conifer Forests","Galilee","Kabri","Far",NA,NA,35.164639,33.020316,28/07/13, 455,-1.40130153,37,-0.643538133356999,0.765414051945343,950.1605266,"Kabri Far",68.850213,"Kabri Far 28/07/13",1,0,0,4,0,0,0,0,1,0,0,0,6,1
"422","T0",2013,"Kabri Far CA1","Planted Conifer Forests","Galilee","Kabri","Far",NA,NA,35.164639,33.020316,28/07/13, 455,-1.40130153,37,-0.643538133356999,0.765414051945343,950.1605266,"Kabri Far",68.850213,"Kabri Far 28/07/13",17,0,0,7,0,0,0,0,0,0,0,0,5,1
"423","T0",2013,"Kabri Far CA4","Planted Conifer Forests","Galilee","Kabri","Far",NA,NA,35.164639,33.020316,28/07/13, 455,-1.40130153,37,-0.643538133356999,0.765414051945343,950.1605266,"Kabri Far",68.850213,"Kabri Far 28/07/13",0,0,0,2,0,0,0,0,0,0,0,0,16,2
"424","T0",2013,"Kabri Far CA5","Planted Conifer Forests","Galilee","Kabri","Far",NA,NA,35.164639,33.020316,28/07/13, 455,-1.40130153,37,-0.643538133356999,0.765414051945343,950.1605266,"Kabri Far",68.850213,"Kabri Far 28/07/13",18,0,0,0,0,0,0,0,0,0,0,0,4,2
"425","T0",2013,"Kabri Far CA6","Planted Conifer Forests","Galilee","Kabri","Far",NA,NA,35.164639,33.020316,28/07/13, 455,-1.40130153,37,-0.643538133356999,0.765414051945343,950.1605266,"Kabri Far",68.850213,"Kabri Far 28/07/13",4,0,0,0,0,0,0,0,3,0,0,0,1,0
"426","T0",2013,"Kabri Far CA8","Planted Conifer Forests","Galilee","Kabri","Far",NA,NA,35.164639,33.020316,28/07/13, 455,-1.40130153,37,-0.643538133356999,0.765414051945343,950.1605266,"Kabri Far",68.850213,"Kabri Far 28/07/13",1,0,0,0,0,0,0,0,0,0,0,0,13,1
"427","T0",2013,"Kabri Far CA9","Planted Conifer Forests","Galilee","Kabri","Far",NA,NA,35.164639,33.020316,28/07/13, 455,-1.40130153,37,-0.643538133356999,0.765414051945343,950.1605266,"Kabri Far",68.850213,"Kabri Far 28/07/13",27,0,0,2,0,0,0,0,0,0,0,0,7,0
"428","T0",2013,"Kerem Maharal Far 100RECNX","Planted Conifer Forests","Carmel","Kerem Maharal","Far",NA,NA,34.980499,32.658498,16/06/13, 413,-1.43505916,-5,0.958924274663138,0.283662185463226,1147.790352,"Kerem Maharal Far",685.5965,"Kerem Maharal Far 16/06/13",13,0,0,0,0,0,0,1,0,0,0,0,3,2
"429","T0",2013,"Kerem Maharal Far CA19","Planted Conifer Forests","Carmel","Kerem Maharal","Far",NA,NA,34.980499,32.658498,16/06/13, 413,-1.43505916,-5,0.958924274663138,0.283662185463226,1147.790352,"Kerem Maharal Far",685.5965,"Kerem Maharal Far 16/06/13",1,0,0,0,0,0,0,0,0,0,0,0,9,0
"430","T0",2013,"Kerem Maharal Far CA21","Planted Conifer Forests","Carmel","Kerem Maharal","Far",NA,NA,34.980499,32.658498,16/06/13, 413,-1.43505916,-5,0.958924274663138,0.283662185463226,1147.790352,"Kerem Maharal Far",685.5965,"Kerem Maharal Far 16/06/13",0,0,0,0,0,0,0,0,0,0,0,0,0,2
"431","T0",2013,"Kerem Maharal Far CA22","Planted Conifer Forests","Carmel","Kerem Maharal","Far",NA,NA,34.980499,32.658498,16/06/13, 413,-1.43505916,-5,0.958924274663138,0.283662185463226,1147.790352,"Kerem Maharal Far",685.5965,"Kerem Maharal Far 16/06/13",0,0,0,0,0,0,0,0,0,0,0,0,1,0
"432","T0",2013,"Kerem Maharal Far CA23","Planted Conifer Forests","Carmel","Kerem Maharal","Far",NA,NA,34.980499,32.658498,16/06/13, 413,-1.43505916,-5,0.958924274663138,0.283662185463226,1147.790352,"Kerem Maharal Far",685.5965,"Kerem Maharal Far 16/06/13",1,0,0,0,0,0,0,0,0,0,0,0,15,0
"433","T0",2013,"Kerem Maharal Far CA27","Planted Conifer Forests","Carmel","Kerem Maharal","Far",NA,NA,34.980499,32.658498,16/06/13, 413,-1.43505916,-5,0.958924274663138,0.283662185463226,1147.790352,"Kerem Maharal Far",685.5965,"Kerem Maharal Far 16/06/13",5,0,0,0,0,0,0,0,0,0,1,0,0,0
"434","T0",2013,"Manara Far 100RECNX","Planted Conifer Forests","Galilee","Manara","Far",NA,NA,35.55092,33.172925,15/07/13, 442,-1.41175032,24,-0.905578362006624,0.424179007336997,2406.05104,"Manara Far",416.272515,"Manara Far 15/07/13",0,0,0,0,0,0,0,0,0,0,0,0,10,0
"435","T0",2013,"Manara Far 101RECNX","Planted Conifer Forests","Galilee","Manara","Far",NA,NA,35.55092,33.172925,15/07/13, 442,-1.41175032,24,-0.905578362006624,0.424179007336997,2406.05104,"Manara Far",416.272515,"Manara Far 15/07/13",0,0,0,0,0,0,2,0,2,0,0,0,0,0
"436","T0",2013,"Manara Far CA13","Planted Conifer Forests","Galilee","Manara","Far",NA,NA,35.55092,33.172925,15/07/13, 442,-1.41175032,24,-0.905578362006624,0.424179007336997,2406.05104,"Manara Far",416.272515,"Manara Far 15/07/13",0,0,0,0,0,0,0,1,0,0,0,0,10,2
"437","T0",2013,"Manara Far CA14","Planted Conifer Forests","Galilee","Manara","Far",NA,NA,35.55092,33.172925,15/07/13, 442,-1.41175032,24,-0.905578362006624,0.424179007336997,2406.05104,"Manara Far",416.272515,"Manara Far 15/07/13",0,0,0,0,0,0,0,0,0,0,1,0,2,0
"438","T0",2013,"Meron Far CA19","Planted Conifer Forests","Galilee","Meron","Far",NA,NA,35.461972,32.985463,15/07/13, 442,-1.41175032,24,-0.905578362006624,0.424179007336997,1506.455417,"Meron Far",440.308971,"Meron Far 15/07/13",0,0,0,0,0,0,0,0,0,0,0,0,0,2
"439","T0",2013,"Meron Far CA20","Planted Conifer Forests","Galilee","Meron","Far",NA,NA,35.461972,32.985463,15/07/13, 442,-1.41175032,24,-0.905578362006624,0.424179007336997,1506.455417,"Meron Far",440.308971,"Meron Far 15/07/13",0,0,0,0,0,0,1,0,0,0,0,0,0,0
"440","T0",2013,"Meron Far CA21","Planted Conifer Forests","Galilee","Meron","Far",NA,NA,35.461972,32.985463,15/07/13, 442,-1.41175032,24,-0.905578362006624,0.424179007336997,1506.455417,"Meron Far",440.308971,"Meron Far 15/07/13",0,3,0,0,0,0,4,0,1,0,0,0,3,2
"441","T0",2013,"Meron Far CA22","Planted Conifer Forests","Galilee","Meron","Far",NA,NA,35.461972,32.985463,15/07/13, 442,-1.41175032,24,-0.905578362006624,0.424179007336997,1506.455417,"Meron Far",440.308971,"Meron Far 15/07/13",0,12,0,0,0,0,0,0,0,0,0,0,12,3
"442","T0",2013,"Meron Far CA23","Planted Conifer Forests","Galilee","Meron","Far",NA,NA,35.461972,32.985463,15/07/13, 442,-1.41175032,24,-0.905578362006624,0.424179007336997,1506.455417,"Meron Far",440.308971,"Meron Far 15/07/13",0,0,0,0,0,0,4,0,0,0,0,0,0,1
"443","T0",2013,"Meron Far CA24","Planted Conifer Forests","Galilee","Meron","Far",NA,NA,35.461972,32.985463,15/07/13, 442,-1.41175032,24,-0.905578362006624,0.424179007336997,1506.455417,"Meron Far",440.308971,"Meron Far 15/07/13",0,3,0,0,0,0,2,0,0,0,0,0,0,13
"444","T0",2013,"Meron Far CA25","Planted Conifer Forests","Galilee","Meron","Far",NA,NA,35.461972,32.985463,15/07/13, 442,-1.41175032,24,-0.905578362006624,0.424179007336997,1506.455417,"Meron Far",440.308971,"Meron Far 15/07/13",0,1,0,0,0,0,0,0,1,0,0,0,1,2
"445","T0",2013,"Meron Far CA26","Planted Conifer Forests","Galilee","Meron","Far",NA,NA,35.461972,32.985463,15/07/13, 442,-1.41175032,24,-0.905578362006624,0.424179007336997,1506.455417,"Meron Far",440.308971,"Meron Far 15/07/13",0,0,0,0,0,0,0,0,0,0,0,0,5,2
"446","T0",2013,"Meron Far CA27","Planted Conifer Forests","Galilee","Meron","Far",NA,NA,35.461972,32.985463,15/07/13, 442,-1.41175032,24,-0.905578362006624,0.424179007336997,1506.455417,"Meron Far",440.308971,"Meron Far 15/07/13",0,44,0,0,0,0,0,0,0,0,0,0,0,4
"447","T0",2013,"Ofer Far 100RECNX","Planted Conifer Forests","Carmel","Ofer","Far",NA,NA,34.968312,32.611684,16/06/13, 413,-1.43505916,-5,0.958924274663138,0.283662185463226,1138.570019,"Ofer Far",153.412188,"Ofer Far 16/06/13",5,0,0,0,0,0,0,0,0,1,0,0,0,0
"448","T0",2013,"Ofer Far 101RECNX","Planted Conifer Forests","Carmel","Ofer","Far",NA,NA,34.968312,32.611684,16/06/13, 413,-1.43505916,-5,0.958924274663138,0.283662185463226,1138.570019,"Ofer Far",153.412188,"Ofer Far 16/06/13",0,0,0,0,0,0,0,0,0,0,0,0,4,0
"449","T0",2013,"Ofer Far CA28","Planted Conifer Forests","Carmel","Ofer","Far",NA,NA,34.968312,32.611684,16/06/13, 413,-1.43505916,-5,0.958924274663138,0.283662185463226,1138.570019,"Ofer Far",153.412188,"Ofer Far 16/06/13",5,0,0,0,0,0,0,0,0,2,0,0,1,1
"450","T0",2013,"Ofer Far CA29","Planted Conifer Forests","Carmel","Ofer","Far",NA,NA,34.968312,32.611684,16/06/13, 413,-1.43505916,-5,0.958924274663138,0.283662185463226,1138.570019,"Ofer Far",153.412188,"Ofer Far 16/06/13",29,0,0,0,0,0,0,1,0,0,0,0,5,2
"451","T0",2013,"Ofer Far CA30","Planted Conifer Forests","Carmel","Ofer","Far",NA,NA,34.968312,32.611684,16/06/13, 413,-1.43505916,-5,0.958924274663138,0.283662185463226,1138.570019,"Ofer Far",153.412188,"Ofer Far 16/06/13",11,0,0,0,0,0,0,0,0,3,0,0,21,0
"452","T0",2013,"Ofer Far CA31","Planted Conifer Forests","Carmel","Ofer","Far",NA,NA,34.968312,32.611684,16/06/13, 413,-1.43505916,-5,0.958924274663138,0.283662185463226,1138.570019,"Ofer Far",153.412188,"Ofer Far 16/06/13",12,0,0,0,0,0,0,0,0,0,0,0,19,1
"453","T0",2013,"Ofer Far CA32","Planted Conifer Forests","Carmel","Ofer","Far",NA,NA,34.968312,32.611684,16/06/13, 413,-1.43505916,-5,0.958924274663138,0.283662185463226,1138.570019,"Ofer Far",153.412188,"Ofer Far 16/06/13",17,0,0,0,0,0,0,0,0,0,0,0,3,0
"454","T0",2013,"Ofer Far CA33","Planted Conifer Forests","Carmel","Ofer","Far",NA,NA,34.968312,32.611684,16/06/13, 413,-1.43505916,-5,0.958924274663138,0.283662185463226,1138.570019,"Ofer Far",153.412188,"Ofer Far 16/06/13",4,0,0,0,0,0,0,0,0,0,0,0,3,0
"455","T0",2013,"Ofer Far CA34","Planted Conifer Forests","Carmel","Ofer","Far",NA,NA,34.968312,32.611684,16/06/13, 413,-1.43505916,-5,0.958924274663138,0.283662185463226,1138.570019,"Ofer Far",153.412188,"Ofer Far 16/06/13",24,0,0,0,0,0,0,0,0,0,0,0,9,3
"456","T0",2013,"Ofer Far CA36","Planted Conifer Forests","Carmel","Ofer","Far",NA,NA,34.968312,32.611684,16/06/13, 413,-1.43505916,-5,0.958924274663138,0.283662185463226,1138.570019,"Ofer Far",153.412188,"Ofer Far 16/06/13",2,0,0,0,0,0,0,2,0,0,0,0,6,6
"457","T0",2013,"Ramat Hashofet Far 100RECNX","Planted Conifer Forests","Carmel","Ramat Hashofet","Far",NA,NA,35.113118,32.616692,01/07/13, 428,-1.42300286,10,-0.54402111088937,-0.839071529076452,1272.785732,"Ramat Hashofet Far",156.266841,"Ramat Hashofet Far 01/07/13",15,0,0,0,0,0,0,0,0,0,1,0,15,1
"458","T0",2013,"Ramat Hashofet Far 101RECNX","Planted Conifer Forests","Carmel","Ramat Hashofet","Far",NA,NA,35.113118,32.616692,01/07/13, 428,-1.42300286,10,-0.54402111088937,-0.839071529076452,1272.785732,"Ramat Hashofet Far",156.266841,"Ramat Hashofet Far 01/07/13",2,0,0,0,0,0,0,0,0,0,0,0,0,0
"459","T0",2013,"Ramat Hashofet Far CA1","Planted Conifer Forests","Carmel","Ramat Hashofet","Far",NA,NA,35.113118,32.616692,01/07/13, 428,-1.42300286,10,-0.54402111088937,-0.839071529076452,1272.785732,"Ramat Hashofet Far",156.266841,"Ramat Hashofet Far 01/07/13",0,0,0,0,0,0,0,0,0,0,0,0,7,0
"460","T0",2013,"Ramat Hashofet Far CA2","Planted Conifer Forests","Carmel","Ramat Hashofet","Far",NA,NA,35.113118,32.616692,01/07/13, 428,-1.42300286,10,-0.54402111088937,-0.839071529076452,1272.785732,"Ramat Hashofet Far",156.266841,"Ramat Hashofet Far 01/07/13",9,0,0,0,0,0,0,0,0,0,3,0,0,0
"461","T0",2013,"Ramat Hashofet Far CA3","Planted Conifer Forests","Carmel","Ramat Hashofet","Far",NA,NA,35.113118,32.616692,01/07/13, 428,-1.42300286,10,-0.54402111088937,-0.839071529076452,1272.785732,"Ramat Hashofet Far",156.266841,"Ramat Hashofet Far 01/07/13",1,0,0,0,0,0,0,0,0,0,1,0,0,0
"462","T0",2013,"Ramat Hashofet Far CA4","Planted Conifer Forests","Carmel","Ramat Hashofet","Far",NA,NA,35.113118,32.616692,01/07/13, 428,-1.42300286,10,-0.54402111088937,-0.839071529076452,1272.785732,"Ramat Hashofet Far",156.266841,"Ramat Hashofet Far 01/07/13",1,0,0,0,0,0,0,0,0,0,0,0,1,0
"463","T0",2013,"Ramat Hashofet Far CA5","Planted Conifer Forests","Carmel","Ramat Hashofet","Far",NA,NA,35.113118,32.616692,01/07/13, 428,-1.42300286,10,-0.54402111088937,-0.839071529076452,1272.785732,"Ramat Hashofet Far",156.266841,"Ramat Hashofet Far 01/07/13",10,0,0,0,0,0,0,0,0,0,2,0,4,2
"464","T0",2013,"Ramat Hashofet Far CA7","Planted Conifer Forests","Carmel","Ramat Hashofet","Far",NA,NA,35.113118,32.616692,01/07/13, 428,-1.42300286,10,-0.54402111088937,-0.839071529076452,1272.785732,"Ramat Hashofet Far",156.266841,"Ramat Hashofet Far 01/07/13",23,0,0,0,0,0,0,0,0,0,1,0,4,0
"465","T0",2013,"Ramat Hashofet Far CA8","Planted Conifer Forests","Carmel","Ramat Hashofet","Far",NA,NA,35.113118,32.616692,01/07/13, 428,-1.42300286,10,-0.54402111088937,-0.839071529076452,1272.785732,"Ramat Hashofet Far",156.266841,"Ramat Hashofet Far 01/07/13",3,0,0,0,0,0,0,0,0,0,0,0,0,0
"466","T0",2013,"Ramat Hashofet Far CA9","Planted Conifer Forests","Carmel","Ramat Hashofet","Far",NA,NA,35.113118,32.616692,01/07/13, 428,-1.42300286,10,-0.54402111088937,-0.839071529076452,1272.785732,"Ramat Hashofet Far",156.266841,"Ramat Hashofet Far 01/07/13",4,0,0,0,0,0,0,0,1,0,0,0,27,0
"467","T0",2013,"Ramot Naftali Far CA1","Planted Conifer Forests","Galilee","Ramot Naftali","Far",NA,NA,35.56218,33.096667,14/07/13, 441,-1.41255408,23,-0.846220404175171,-0.532833020333398,568.958065,"Ramot Naftali Far",367.661927,"Ramot Naftali Far 14/07/13",0,0,0,0,0,0,8,0,0,0,0,0,6,0
"468","T0",2013,"Ramot Naftali Far CA2","Planted Conifer Forests","Galilee","Ramot Naftali","Far",NA,NA,35.56218,33.096667,14/07/13, 441,-1.41255408,23,-0.846220404175171,-0.532833020333398,568.958065,"Ramot Naftali Far",367.661927,"Ramot Naftali Far 14/07/13",0,0,0,0,0,0,0,0,0,0,0,0,6,0
"469","T0",2013,"Ramot Naftali Far CA3","Planted Conifer Forests","Galilee","Ramot Naftali","Far",NA,NA,35.56218,33.096667,14/07/13, 441,-1.41255408,23,-0.846220404175171,-0.532833020333398,568.958065,"Ramot Naftali Far",367.661927,"Ramot Naftali Far 14/07/13",0,0,0,0,0,0,1,0,0,0,0,0,2,0
"470","T0",2013,"Ramot Naftali Far CA4","Planted Conifer Forests","Galilee","Ramot Naftali","Far",NA,NA,35.56218,33.096667,14/07/13, 441,-1.41255408,23,-0.846220404175171,-0.532833020333398,568.958065,"Ramot Naftali Far",367.661927,"Ramot Naftali Far 14/07/13",0,0,0,0,0,0,13,0,0,0,0,0,11,0
"471","T0",2013,"Ramot Naftali Far CA5","Planted Conifer Forests","Galilee","Ramot Naftali","Far",NA,NA,35.56218,33.096667,14/07/13, 441,-1.41255408,23,-0.846220404175171,-0.532833020333398,568.958065,"Ramot Naftali Far",367.661927,"Ramot Naftali Far 14/07/13",0,0,0,0,0,0,5,0,0,0,1,0,7,0
"472","T0",2013,"Ramot Naftali Far CA6","Planted Conifer Forests","Galilee","Ramot Naftali","Far",NA,NA,35.56218,33.096667,14/07/13, 441,-1.41255408,23,-0.846220404175171,-0.532833020333398,568.958065,"Ramot Naftali Far",367.661927,"Ramot Naftali Far 14/07/13",1,0,0,0,0,0,7,0,0,0,1,0,5,1
"473","T0",2013,"Ramot Naftali Far CA7","Planted Conifer Forests","Galilee","Ramot Naftali","Far",NA,NA,35.56218,33.096667,14/07/13, 441,-1.41255408,23,-0.846220404175171,-0.532833020333398,568.958065,"Ramot Naftali Far",367.661927,"Ramot Naftali Far 14/07/13",0,0,0,0,0,0,2,0,0,0,0,0,6,0
"474","T0",2013,"Ramot Naftali Far CA9","Planted Conifer Forests","Galilee","Ramot Naftali","Far",NA,NA,35.56218,33.096667,14/07/13, 441,-1.41255408,23,-0.846220404175171,-0.532833020333398,568.958065,"Ramot Naftali Far",367.661927,"Ramot Naftali Far 14/07/13",0,0,0,0,0,0,8,0,0,0,0,0,15,0
"475","T0",2013,"Zuriel Far 100RECNX","Planted Conifer Forests","Galilee","Zuriel","Far",NA,NA,35.313848,33.011115,28/07/13, 455,-1.40130153,37,-0.643538133356999,0.765414051945343,319.8427727,"Zuriel Far",328.053238,"Zuriel Far 28/07/13",2,0,0,0,0,0,0,0,0,0,0,0,0,2
"476","T0",2013,"Zuriel Far 101RECNX","Planted Conifer Forests","Galilee","Zuriel","Far",NA,NA,35.313848,33.011115,28/07/13, 455,-1.40130153,37,-0.643538133356999,0.765414051945343,319.8427727,"Zuriel Far",328.053238,"Zuriel Far 28/07/13",9,0,0,0,0,0,0,0,2,0,0,0,18,0
"477","T0",2013,"Zuriel Far CA21","Planted Conifer Forests","Galilee","Zuriel","Far",NA,NA,35.313848,33.011115,28/07/13, 455,-1.40130153,37,-0.643538133356999,0.765414051945343,319.8427727,"Zuriel Far",328.053238,"Zuriel Far 28/07/13",14,0,0,0,0,0,0,0,2,0,0,0,1,2
"478","T0",2013,"Zuriel Far CA24","Planted Conifer Forests","Galilee","Zuriel","Far",NA,NA,35.313848,33.011115,28/07/13, 455,-1.40130153,37,-0.643538133356999,0.765414051945343,319.8427727,"Zuriel Far",328.053238,"Zuriel Far 28/07/13",0,0,0,0,0,0,0,0,1,0,0,0,8,3
"479","T0",2013,"Zuriel Far CA26","Planted Conifer Forests","Galilee","Zuriel","Far",NA,NA,35.313848,33.011115,28/07/13, 455,-1.40130153,37,-0.643538133356999,0.765414051945343,319.8427727,"Zuriel Far",328.053238,"Zuriel Far 28/07/13",0,0,0,0,0,0,0,0,0,0,0,0,3,0
"480","T0",2013,"Zuriel Far CA27","Planted Conifer Forests","Galilee","Zuriel","Far",NA,NA,35.313848,33.011115,28/07/13, 455,-1.40130153,37,-0.643538133356999,0.765414051945343,319.8427727,"Zuriel Far",328.053238,"Zuriel Far 28/07/13",2,0,0,0,0,0,0,0,0,0,0,0,1,1
"481","T1",2016,"Ein Yahav Far 10","Arid Desert",NA,"Ein Yahav",NA,"Far",NA,35.201895,30.648364,06/10/16,1621,-0.46412557,107,0.184781744560667,0.982779582041221,2939.667514,"Ein Yahav Far",1591.138958,"Ein Yahav Far 06/10/16",0,0,0,0,0,3,0,0,0,2,0,0,0,3
"482","T1",2016,"Ein Yahav Far 16","Arid Desert",NA,"Ein Yahav",NA,"Far",NA,35.20124,30.647376,06/10/16,1621,-0.46412557,107,0.184781744560667,0.982779582041221,3022.776712,"Ein Yahav Far",1594.420071,"Ein Yahav Far 06/10/16",0,0,0,0,0,1,0,0,0,0,0,0,0,0
"483","T1",2016,"Ein Yahav Far 17","Arid Desert",NA,"Ein Yahav",NA,"Far",NA,35.198451,30.649139,06/10/16,1621,-0.46412557,107,0.184781744560667,0.982779582041221,3251.978397,"Ein Yahav Far",1922.491807,"Ein Yahav Far 06/10/16",0,0,0,0,0,1,0,0,0,3,0,0,0,0
"484","T1",2016,"Ein Yahav Far 18","Arid Desert",NA,"Ein Yahav",NA,"Far",NA,35.200951,30.648272,06/10/16,1621,-0.46412557,107,0.184781744560667,0.982779582041221,3030.510873,"Ein Yahav Far",1665.945685,"Ein Yahav Far 06/10/16",0,0,0,0,0,0,0,1,0,0,0,0,0,0
"485","T1",2016,"Ein Yahav Far 23","Arid Desert",NA,"Ein Yahav",NA,"Far",NA,35.198816,30.647764,06/10/16,1621,-0.46412557,107,0.184781744560667,0.982779582041221,3241.987012,"Ein Yahav Far",1819.35465,"Ein Yahav Far 06/10/16",0,0,0,0,0,1,0,0,0,0,0,0,0,0
"486","T1",2016,"Ein Yahav Far 30","Arid Desert",NA,"Ein Yahav",NA,"Far",NA,35.202453,30.647986,06/10/16,1621,-0.46412557,107,0.184781744560667,0.982779582041221,2895.09734,"Ein Yahav Far",1524.171097,"Ein Yahav Far 06/10/16",0,0,0,0,0,19,0,0,0,74,0,0,0,1
"487","T1",2016,"Ein Yahav Far 34","Arid Desert",NA,"Ein Yahav",NA,"Far",NA,35.200092,30.648872,06/10/16,1621,-0.46412557,107,0.184781744560667,0.982779582041221,3100.652391,"Ein Yahav Far",1769.989363,"Ein Yahav Far 06/10/16",0,0,0,0,0,6,0,0,0,2,0,0,0,1
"488","T1",2016,"Ein Yahav Far 9","Arid Desert",NA,"Ein Yahav",NA,"Far",NA,35.198859,30.648835,06/10/16,1621,-0.46412557,107,0.184781744560667,0.982779582041221,3218.098779,"Ein Yahav Far",1872.073847,"Ein Yahav Far 06/10/16",0,0,0,0,0,5,0,0,0,3,0,0,0,0
"489","T1",2016,"Ein Yahav Near 1","Arid Desert",NA,"Ein Yahav",NA,"Near",NA,35.243233,30.671713,06/10/16,1621,-0.46412557,107,0.184781744560667,0.982779582041221,1088.656703,"Ein Yahav Near",168.017858,"Ein Yahav Near 06/10/16",0,0,0,0,0,0,0,0,0,1,0,0,0,0
"490","T1",2016,"Ein Yahav Near 19","Arid Desert",NA,"Ein Yahav",NA,"Near",NA,35.243619,30.67068,06/10/16,1621,-0.46412557,107,0.184781744560667,0.982779582041221,1000.301289,"Ein Yahav Near",72.53827,"Ein Yahav Near 06/10/16",0,0,0,0,0,0,0,0,0,17,0,0,0,0
"491","T1",2016,"Ein Yahav Near 24","Arid Desert",NA,"Ein Yahav",NA,"Near",NA,35.241012,30.670791,06/10/16,1621,-0.46412557,107,0.184781744560667,0.982779582041221,907.1553656,"Ein Yahav Near",92.620184,"Ein Yahav Near 06/10/16",0,0,0,0,0,0,0,0,0,18,0,0,0,0
"492","T1",2016,"Ein Yahav Near 36","Arid Desert",NA,"Ein Yahav",NA,"Near",NA,35.241752,30.671889,06/10/16,1621,-0.46412557,107,0.184781744560667,0.982779582041221,1047.795141,"Ein Yahav Near",166.984198,"Ein Yahav Near 06/10/16",0,0,0,0,0,0,0,1,0,0,0,0,0,0
"493","T1",2016,"Ein Yahav Near 4","Arid Desert",NA,"Ein Yahav",NA,"Near",NA,35.243094,30.670929,06/10/16,1621,-0.46412557,107,0.184781744560667,0.982779582041221,1003.543395,"Ein Yahav Near",80.178389,"Ein Yahav Near 06/10/16",0,0,0,0,0,0,0,1,0,0,0,0,0,0
"494","T1",2016,"Ein Yahav Near 6","Arid Desert",NA,"Ein Yahav",NA,"Near",NA,35.243394,30.671114,06/10/16,1621,-0.46412557,107,0.184781744560667,0.982779582041221,1034.091318,"Ein Yahav Near",106.388804,"Ein Yahav Near 06/10/16",0,0,0,0,0,0,0,0,0,7,0,0,0,0
"495","T1",2016,"Lotan Far 1","Arid Desert",NA,"Lotan",NA,"Far",NA,35.068978,29.992092,12/09/16,1597,-0.48341564,83,0.968364461100185,0.249540117973338,1454.12365,"Lotan Far",1557.965812,"Lotan Far 12/09/16",0,0,37,0,0,0,0,0,0,0,0,0,0,1
"496","T1",2016,"Lotan Far 16","Arid Desert",NA,"Lotan",NA,"Far",NA,35.073581,29.991637,12/09/16,1597,-0.48341564,83,0.968364461100185,0.249540117973338,1008.423463,"Lotan Far",1124.519056,"Lotan Far 12/09/16",0,0,0,0,0,0,0,1,0,0,0,0,0,1
"497","T1",2016,"Lotan Far 23","Arid Desert",NA,"Lotan",NA,"Far",NA,35.070867,29.992222,12/09/16,1597,-0.48341564,83,0.968364461100185,0.249540117973338,1272.975033,"Lotan Far",1391.461799,"Lotan Far 12/09/16",0,0,0,0,0,0,0,1,0,0,0,0,0,0
"498","T1",2016,"Lotan Far 24","Arid Desert",NA,"Lotan",NA,"Far",NA,35.070555,29.991442,12/09/16,1597,-0.48341564,83,0.968364461100185,0.249540117973338,1299.736414,"Lotan Far",1390.952604,"Lotan Far 12/09/16",0,0,14,0,0,0,0,0,0,0,0,0,0,1
"499","T1",2016,"Lotan Far 25","Arid Desert",NA,"Lotan",NA,"Far",NA,35.070942,29.991042,12/09/16,1597,-0.48341564,83,0.968364461100185,0.249540117973338,1261.225737,"Lotan Far",1342.289481,"Lotan Far 12/09/16",0,0,11,0,0,0,0,0,0,0,0,0,0,2
"500","T1",2016,"Lotan Far 33","Arid Desert",NA,"Lotan",NA,"Far",NA,35.069665,29.991655,12/09/16,1597,-0.48341564,83,0.968364461100185,0.249540117973338,1386.214509,"Lotan Far",1479.955691,"Lotan Far 12/09/16",0,0,40,0,0,0,0,0,0,0,0,0,0,1
"501","T1",2016,"Lotan Far 4","Arid Desert",NA,"Lotan",NA,"Far",NA,35.071757,29.992074,12/09/16,1597,-0.48341564,83,0.968364461100185,0.249540117973338,1186.238398,"Lotan Far",1305.615108,"Lotan Far 12/09/16",0,0,2,0,0,0,0,1,0,0,0,0,0,1
"502","T1",2016,"Lotan Far 6","Arid Desert",NA,"Lotan",NA,"Far",NA,35.072154,29.990801,12/09/16,1597,-0.48341564,83,0.968364461100185,0.249540117973338,1143.603791,"Lotan Far",1222.560935,"Lotan Far 12/09/16",0,0,7,0,0,0,0,0,0,0,0,0,0,0
"503","T1",2016,"Lotan Near 19","Arid Desert",NA,"Lotan",NA,"Near",NA,35.084245,29.980987,12/09/16,1597,-0.48341564,83,0.968364461100185,0.249540117973338,182.5563058,"Lotan Near",686.271075,"Lotan Near 12/09/16",0,0,0,0,0,0,0,0,0,0,0,0,0,4
"504","T1",2016,"Lotan Near 26","Arid Desert",NA,"Lotan",NA,"Near",NA,35.084013,29.981812,12/09/16,1597,-0.48341564,83,0.968364461100185,0.249540117973338,174.7846331,"Lotan Near",597.522123,"Lotan Near 12/09/16",0,0,0,0,0,0,0,0,0,0,0,0,0,1
"505","T1",2016,"Lotan Near 30","Arid Desert",NA,"Lotan",NA,"Near",NA,35.084914,29.979094,12/09/16,1597,-0.48341564,83,0.968364461100185,0.249540117973338,322.8447597,"Lotan Near",638.810042,"Lotan Near 12/09/16",0,0,0,0,0,0,0,0,0,0,0,0,0,16
"506","T1",2016,"Lotan Near 35","Arid Desert",NA,"Lotan",NA,"Near",NA,35.083991,29.979814,12/09/16,1597,-0.48341564,83,0.968364461100185,0.249540117973338,290.7456637,"Lotan Near",672.107208,"Lotan Near 12/09/16",0,0,0,0,0,0,0,0,0,1,0,0,0,0
"507","T1",2016,"Paran Far 10","Arid Desert",NA,"Paran",NA,"Far",NA,35.13986508,30.3508362,16/11/16,1662,-0.43117169,148,-0.338333394324277,-0.941026309029144,1355.375731,"Paran Far",1234.338452,"Paran Far 16/11/16",0,2,0,0,0,3,0,1,0,1,0,0,0,2
"508","T1",2016,"Paran Far 19","Arid Desert",NA,"Paran",NA,"Far",NA,35.13980118,30.34911365,16/11/16,1662,-0.43117169,148,-0.338333394324277,-0.941026309029144,1490.046079,"Paran Far",1411.20251,"Paran Far 16/11/16",0,0,0,0,0,0,0,0,0,0,0,0,0,3
"509","T1",2016,"Paran Far 26","Arid Desert",NA,"Paran",NA,"Far",NA,35.14145536,30.34967507,16/11/16,1662,-0.43117169,148,-0.338333394324277,-0.941026309029144,1336.201139,"Paran Far",1414.069503,"Paran Far 16/11/16",0,0,0,0,0,0,0,0,0,1,0,0,0,1
"510","T1",2016,"Paran Far 30","Arid Desert",NA,"Paran",NA,"Far",NA,35.13934107,30.35203808,16/11/16,1662,-0.43117169,148,-0.338333394324277,-0.941026309029144,1314.784605,"Paran Far",1091.932162,"Paran Far 16/11/16",0,0,0,0,0,14,0,1,0,0,0,0,0,4
"511","T1",2016,"Paran Far 35","Arid Desert",NA,"Paran",NA,"Far",NA,35.13963088,30.35146512,16/11/16,1662,-0.43117169,148,-0.338333394324277,-0.941026309029144,1329.32786,"Paran Far",1161.270544,"Paran Far 16/11/16",0,0,0,0,0,7,0,0,0,0,0,0,0,2
"512","T1",2016,"Paran Far 36","Arid Desert",NA,"Paran",NA,"Far",NA,35.13837908,30.35346272,16/11/16,1662,-0.43117169,148,-0.338333394324277,-0.941026309029144,1314.87804,"Paran Far",911.142065,"Paran Far 16/11/16",0,0,0,0,0,1,0,0,0,0,0,0,0,5
"513","T1",2016,"Paran Far A","Arid Desert",NA,"Paran",NA,"Far",NA,35.14043771,30.34881486,16/11/16,1662,-0.43117169,148,-0.338333394324277,-0.941026309029144,1472.465059,"Paran Far",1463.098902,"Paran Far 16/11/16",0,0,0,0,0,1,0,0,0,4,0,0,0,7
"514","T1",2016,"Paran Far B","Arid Desert",NA,"Paran",NA,"Far",NA,35.14103117,30.34829507,16/11/16,1662,-0.43117169,148,-0.338333394324277,-0.941026309029144,1479.673675,"Paran Far",1537.534883,"Paran Far 16/11/16",0,0,0,0,0,0,0,0,0,5,0,0,0,0
"515","T1",2016,"Paran Near 1","Arid Desert",NA,"Paran",NA,"Near",NA,35.15939056,30.3885363,16/11/16,1662,-0.43117169,148,-0.338333394324277,-0.941026309029144,2304.797128,"Paran Near",260.983839,"Paran Near 16/11/16",0,0,0,0,0,0,0,1,0,0,0,0,0,1
"516","T1",2016,"Paran Near 16","Arid Desert",NA,"Paran",NA,"Near",NA,35.15946487,30.38790917,16/11/16,1662,-0.43117169,148,-0.338333394324277,-0.941026309029144,2237.275356,"Paran Near",196.894336,"Paran Near 16/11/16",0,0,0,0,0,0,0,0,0,0,0,0,0,3
"517","T1",2016,"Paran Near 17","Arid Desert",NA,"Paran",NA,"Near",NA,35.16090112,30.38853679,16/11/16,1662,-0.43117169,148,-0.338333394324277,-0.941026309029144,2331.637012,"Paran Near",189.823632,"Paran Near 16/11/16",0,1,0,0,0,0,0,0,0,0,0,0,0,0
"518","T1",2016,"Paran Near 18","Arid Desert",NA,"Paran",NA,"Near",NA,35.1603752,30.388927,16/11/16,1662,-0.43117169,148,-0.338333394324277,-0.941026309029144,2363.76922,"Paran Near",252.313255,"Paran Near 16/11/16",0,0,0,0,0,0,0,1,0,1,0,0,0,1
"519","T1",2016,"Paran Near 23","Arid Desert",NA,"Paran",NA,"Near",NA,35.16248013,30.3895002,16/11/16,1662,-0.43117169,148,-0.338333394324277,-0.941026309029144,2471.695152,"Paran Near",213.958912,"Paran Near 16/11/16",0,1,0,0,0,0,0,0,0,2,0,0,0,0
"520","T1",2016,"Paran Near 24","Arid Desert",NA,"Paran",NA,"Near",NA,35.1599698,30.38818656,16/11/16,1662,-0.43117169,148,-0.338333394324277,-0.941026309029144,2275.883271,"Paran Near",199.89019,"Paran Near 16/11/16",0,0,0,0,0,0,0,0,0,0,0,0,0,3
"521","T1",2016,"Paran Near 25","Arid Desert",NA,"Paran",NA,"Near",NA,35.15990933,30.38947608,16/11/16,1662,-0.43117169,148,-0.338333394324277,-0.941026309029144,2415.646638,"Paran Near",327.320486,"Paran Near 16/11/16",0,0,0,0,0,0,0,2,0,0,0,0,0,1
"522","T1",2016,"Paran Near 34","Arid Desert",NA,"Paran",NA,"Near",NA,35.16138358,30.38895221,16/11/16,1662,-0.43117169,148,-0.338333394324277,-0.941026309029144,2386.829925,"Paran Near",208.507214,"Paran Near 16/11/16",0,0,0,0,0,0,0,1,0,0,0,0,0,1
"523","T1",2016,"Paran Near 6","Arid Desert",NA,"Paran",NA,"Near",NA,35.15888609,30.38770711,16/11/16,1662,-0.43117169,148,-0.338333394324277,-0.941026309029144,2206.759222,"Paran Near",204.804061,"Paran Near 16/11/16",0,0,0,0,0,0,0,0,0,0,0,0,0,3
"524","T1",2016,"Tzofar Far 1","Arid Desert",NA,"Zofar",NA,"Far",NA,35.193969,30.568109,16/08/16,1570,-0.50511697,56,-0.521551002086912,0.853220107722584,818.2228482,"Zofar Far",229.750297,"Zofar Far 16/08/16",0,0,0,0,0,0,0,0,0,1,0,0,0,0
"525","T1",2016,"Tzofar Far 10","Arid Desert",NA,"Zofar",NA,"Far",NA,35.195707,30.570123,16/08/16,1570,-0.50511697,56,-0.521551002086912,0.853220107722584,1062.319161,"Zofar Far",44.430351,"Zofar Far 16/08/16",0,0,0,0,0,0,0,0,0,0,0,0,0,1
"526","T1",2016,"Tzofar Far 25","Arid Desert",NA,"Zofar",NA,"Far",NA,35.195375,30.569806,16/08/16,1570,-0.50511697,56,-0.521551002086912,0.853220107722584,1018.22008,"Zofar Far",71.9516,"Zofar Far 16/08/16",0,0,0,0,0,0,0,0,0,1,0,0,0,1
"527","T1",2016,"Tzofar Far 26","Arid Desert",NA,"Zofar",NA,"Far",NA,35.193143,30.568128,16/08/16,1570,-0.50511697,56,-0.521551002086912,0.853220107722584,748.2914674,"Zofar Far",220.722378,"Zofar Far 16/08/16",0,0,0,0,0,0,0,2,0,0,0,0,0,0
"528","T1",2016,"Tzofar Far 30","Arid Desert",NA,"Zofar",NA,"Far",NA,35.197199,30.570095,16/08/16,1570,-0.50511697,56,-0.521551002086912,0.853220107722584,1190.685298,"Zofar Far",72.903437,"Zofar Far 16/08/16",0,0,0,0,0,0,0,0,0,5,0,0,0,0
"529","T1",2016,"Tzofar Far 33","Arid Desert",NA,"Zofar",NA,"Far",NA,35.194194,30.568386,16/08/16,1570,-0.50511697,56,-0.521551002086912,0.853220107722584,852.0866516,"Zofar Far",203.873102,"Zofar Far 16/08/16",0,0,0,0,0,0,0,1,0,2,0,0,0,0
"530","T1",2016,"Tzofar Far 34","Arid Desert",NA,"Zofar",NA,"Far",NA,35.194538,30.569098,16/08/16,1570,-0.50511697,56,-0.521551002086912,0.853220107722584,912.512677,"Zofar Far",132.947411,"Zofar Far 16/08/16",0,0,0,0,0,0,0,1,0,6,0,0,0,0
"531","T1",2016,"Tzofar Near 16","Arid Desert",NA,"Zofar",NA,"Near",NA,35.180183,30.552542,16/08/16,1570,-0.50511697,56,-0.521551002086912,0.853220107722584,234.7792441,"Zofar Near",240.253877,"Zofar Near 16/08/16",0,0,0,0,0,0,0,0,0,1,0,0,0,0
"532","T1",2016,"Tzofar Near 19","Arid Desert",NA,"Zofar",NA,"Near",NA,35.178423,30.552302,16/08/16,1570,-0.50511697,56,-0.521551002086912,0.853220107722584,256.014805,"Zofar Near",267.939911,"Zofar Near 16/08/16",0,0,0,0,0,0,0,0,0,1,0,0,0,0
"533","T1",2016,"Tzofar Near 4","Arid Desert",NA,"Zofar",NA,"Near",NA,35.179517,30.552006,16/08/16,1570,-0.50511697,56,-0.521551002086912,0.853220107722584,292.1440982,"Zofar Near",297.021355,"Zofar Near 16/08/16",0,0,0,0,0,0,0,2,0,0,0,0,0,0
"534","T1",2016,"Tzofar Near 6","Arid Desert",NA,"Zofar",NA,"Near",NA,35.177887,30.552561,16/08/16,1570,-0.50511697,56,-0.521551002086912,0.853220107722584,225.6838254,"Zofar Near",245.515249,"Zofar Near 16/08/16",0,0,0,0,0,3,0,0,0,3,0,0,0,0
"535","T1",2016,"Tzofar Near 9","Arid Desert",NA,"Zofar",NA,"Near",NA,35.180419,30.553263,16/08/16,1570,-0.50511697,56,-0.521551002086912,0.853220107722584,155.6063374,"Zofar Near",160.795202,"Zofar Near 16/08/16",0,0,0,0,0,0,0,1,0,0,0,0,0,0
"536","T1",2016,"Yotvata Far 1","Arid Desert",NA,"Yotvata",NA,"Far",NA,35.03,29.88497727,11/12/16,1687,-0.41107787,173,-0.210810532913481,-0.977526940402531,2652.558746,"Yotvata Far",3300.334148,"Yotvata Far 11/12/16",0,0,1,0,0,0,0,0,0,0,0,0,0,2
"537","T1",2016,"Yotvata Far 17","Arid Desert",NA,"Yotvata",NA,"Far",NA,35.03946287,29.88407736,11/12/16,1687,-0.41107787,173,-0.210810532913481,-0.977526940402531,1875.839474,"Yotvata Far",2444.425052,"Yotvata Far 11/12/16",0,0,0,0,0,1,0,0,0,0,0,0,0,0
"538","T1",2016,"Yotvata Far 18","Arid Desert",NA,"Yotvata",NA,"Far",NA,35.036422,29.88381367,11/12/16,1687,-0.41107787,173,-0.210810532913481,-0.977526940402531,2142.806674,"Yotvata Far",2732.684292,"Yotvata Far 11/12/16",0,0,1,0,0,0,0,0,0,0,0,0,0,2
"539","T1",2016,"Yotvata Far 25","Arid Desert",NA,"Yotvata",NA,"Far",NA,35.03890591,29.88450857,11/12/16,1687,-0.41107787,173,-0.210810532913481,-0.977526940402531,1896.433999,"Yotvata Far",2480.683036,"Yotvata Far 11/12/16",0,0,0,0,0,0,0,0,0,0,0,0,0,1
"540","T1",2016,"Yotvata Far 34","Arid Desert",NA,"Yotvata",NA,"Far",NA,35.03537825,29.88290225,11/12/16,1687,-0.41107787,173,-0.210810532913481,-0.977526940402531,2280.444111,"Yotvata Far",2832.467673,"Yotvata Far 11/12/16",0,0,0,0,0,1,0,1,0,0,0,0,0,1
"541","T1",2016,"Yotvata Near 10","Arid Desert",NA,"Yotvata",NA,"Near",NA,35.0643,29.88707838,11/12/16,1687,-0.41107787,173,-0.210810532913481,-0.977526940402531,517.0580632,"Yotvata Near",260.962262,"Yotvata Near 11/12/16",0,0,0,0,0,0,0,0,0,0,0,0,0,8
"542","T1",2016,"Yotvata Near 19","Arid Desert",NA,"Yotvata",NA,"Near",NA,35.06179007,29.88777389,11/12/16,1687,-0.41107787,173,-0.210810532913481,-0.977526940402531,518.4270445,"Yotvata Near",409.308147,"Yotvata Near 11/12/16",0,0,0,0,0,0,0,0,0,0,0,0,0,18
"543","T1",2016,"Yotvata Near 30","Arid Desert",NA,"Yotvata",NA,"Near",NA,35.06278626,29.88762676,11/12/16,1687,-0.41107787,173,-0.210810532913481,-0.977526940402531,499.0651263,"Yotvata Near",390.063516,"Yotvata Near 11/12/16",0,0,0,0,0,0,0,0,0,0,0,0,0,3
"544","T1",2016,"Yotvata Near 35","Arid Desert",NA,"Yotvata",NA,"Near",NA,35.06393988,29.88674293,11/12/16,1687,-0.41107787,173,-0.210810532913481,-0.977526940402531,559.1169714,"Yotvata Near",279.55377,"Yotvata Near 11/12/16",1,0,0,0,0,0,0,0,0,0,0,0,0,26
"545","T1",2016,"Yotvata Near 36","Arid Desert",NA,"Yotvata",NA,"Near",NA,35.0616064,29.88658597,11/12/16,1687,-0.41107787,173,-0.210810532913481,-0.977526940402531,638.3590654,"Yotvata Near",482.595754,"Yotvata Near 11/12/16",0,0,0,0,0,0,0,0,0,0,0,0,0,5
"546","T1",2016,"Yotvata Near 9","Arid Desert",NA,"Yotvata",NA,"Near",NA,35.06285167,29.8883324,11/12/16,1687,-0.41107787,173,-0.210810532913481,-0.977526940402531,425.9028264,"Yotvata Near",312.908022,"Yotvata Near 11/12/16",1,0,0,0,0,0,0,0,0,0,0,0,0,11
"547","T1",2016,"Yotvata Near A","Arid Desert",NA,"Yotvata",NA,"Near",NA,35.06079221,29.88622485,11/12/16,1687,-0.41107787,173,-0.210810532913481,-0.977526940402531,652.3965449,"Yotvata Near",540.898279,"Yotvata Near 11/12/16",0,0,0,0,0,0,0,0,0,0,0,0,0,2
"548","T1",2016,"Yotvata Near B","Arid Desert",NA,"Yotvata",NA,"Near",NA,35.06335416,29.8871299,11/12/16,1687,-0.41107787,173,-0.210810532913481,-0.977526940402531,530.7968501,"Yotvata Near",347.975875,"Yotvata Near 11/12/16",0,0,0,0,0,0,0,0,0,1,0,0,0,35
"549","T1",2016,"Gamla Far 18","Herbaceous and Dwarf Shrub Vegetation",NA,"Gamla","Far",NA,NA,35.74591727,32.91973894,05/07/16,1528,-0.53887459,14,0.99060735569487,0.136737218207834,3899.840991,"Gamla Far",2943.658101,"Gamla Far 05/07/16",0,1,0,0,0,0,1,0,1,0,0,0,0,0
"550","T1",2016,"Gamla Far 24","Herbaceous and Dwarf Shrub Vegetation",NA,"Gamla","Far",NA,NA,35.7478688,32.91777454,05/07/16,1528,-0.53887459,14,0.99060735569487,0.136737218207834,4126.364382,"Gamla Far",2801.290492,"Gamla Far 05/07/16",0,0,0,0,0,0,1,0,1,0,0,0,0,0
"551","T1",2016,"Gamla Far 26","Herbaceous and Dwarf Shrub Vegetation",NA,"Gamla","Far",NA,NA,35.74764878,32.91622524,05/07/16,1528,-0.53887459,14,0.99060735569487,0.136737218207834,4296.449168,"Gamla Far",2634.52314,"Gamla Far 05/07/16",1,0,0,0,0,0,0,0,0,0,0,0,6,0
"552","T1",2016,"Gamla Far 33","Herbaceous and Dwarf Shrub Vegetation",NA,"Gamla","Far",NA,NA,35.74649534,32.91654651,05/07/16,1528,-0.53887459,14,0.99060735569487,0.136737218207834,4255.463514,"Gamla Far",2627.451264,"Gamla Far 05/07/16",0,1,0,0,0,0,3,1,0,0,0,0,0,0
"553","T1",2016,"Gamla Far 4","Herbaceous and Dwarf Shrub Vegetation",NA,"Gamla","Far",NA,NA,35.74598792,32.91877165,05/07/16,1528,-0.53887459,14,0.99060735569487,0.136737218207834,4007.258213,"Gamla Far",2843.694095,"Gamla Far 05/07/16",0,1,0,0,0,0,4,0,0,0,0,0,2,0
"554","T1",2016,"Gamla Far 5","Herbaceous and Dwarf Shrub Vegetation",NA,"Gamla","Far",NA,NA,35.7483584,32.91727712,05/07/16,1528,-0.53887459,14,0.99060735569487,0.136737218207834,4184.807014,"Gamla Far",2767.844874,"Gamla Far 05/07/16",4,0,0,0,0,0,2,0,0,0,1,0,1,0
"555","T1",2016,"Karei Deshe Far 16","Herbaceous and Dwarf Shrub Vegetation",NA,"Karei Deshe","Far",NA,NA,35.58326667,32.922645,23/06/16,1516,-0.54851963,2,0.909297426825682,-0.416146836547142,1767.938409,"Karei Deshe Far",585.450506,"Karei Deshe Far 23/06/16",0,0,0,0,0,0,4,0,0,0,0,0,0,0
"556","T1",2016,"Karei Deshe Far 17","Herbaceous and Dwarf Shrub Vegetation",NA,"Karei Deshe","Far",NA,NA,35.58100167,32.92512833,23/06/16,1516,-0.54851963,2,0.909297426825682,-0.416146836547142,1420.537974,"Karei Deshe Far",913.206315,"Karei Deshe Far 23/06/16",0,0,0,0,0,0,0,0,1,0,0,0,0,1
"557","T1",2016,"Karei Deshe Far 21","Herbaceous and Dwarf Shrub Vegetation",NA,"Karei Deshe","Far",NA,NA,35.58025333,32.92388333,23/06/16,1516,-0.54851963,2,0.909297426825682,-0.416146836547142,1496.680469,"Karei Deshe Far",811.848942,"Karei Deshe Far 23/06/16",0,0,0,0,0,0,8,0,0,0,0,0,0,2
"558","T1",2016,"Karei Deshe Far 4","Herbaceous and Dwarf Shrub Vegetation",NA,"Karei Deshe","Far",NA,NA,35.58048512,32.92449345,23/06/16,1516,-0.54851963,2,0.909297426825682,-0.416146836547142,1450.870001,"Karei Deshe Far",867.323454,"Karei Deshe Far 23/06/16",0,0,0,0,0,0,1,0,0,0,0,0,0,0
"559","T1",2016,"Karei Deshe Far 8","Herbaceous and Dwarf Shrub Vegetation",NA,"Karei Deshe","Far",NA,NA,35.58348333,32.92333167,23/06/16,1516,-0.54851963,2,0.909297426825682,-0.416146836547142,1719.965845,"Karei Deshe Far",653.574309,"Karei Deshe Far 23/06/16",1,0,0,0,0,0,0,0,0,0,0,0,0,0
"560","T1",2016,"Natur Far 16","Herbaceous and Dwarf Shrub Vegetation",NA,"Natur","Far",NA,NA,35.73780016,32.84436409,05/07/16,1528,-0.53887459,14,0.99060735569487,0.136737218207834,1549.943691,"Natur Far",1550.368239,"Natur Far 05/07/16",3,0,0,0,0,0,1,0,0,0,0,0,1,1
"561","T1",2016,"Natur Far 17","Herbaceous and Dwarf Shrub Vegetation",NA,"Natur","Far",NA,NA,35.73715629,32.84348816,05/07/16,1528,-0.53887459,14,0.99060735569487,0.136737218207834,1654.112029,"Natur Far",1600.508724,"Natur Far 05/07/16",0,0,0,0,0,0,2,0,0,0,0,0,14,0
"562","T1",2016,"Natur Far 21","Herbaceous and Dwarf Shrub Vegetation",NA,"Natur","Far",NA,NA,35.73735855,32.84282899,05/07/16,1528,-0.53887459,14,0.99060735569487,0.136737218207834,1671.539851,"Natur Far",1624.080144,"Natur Far 05/07/16",0,0,0,0,0,0,2,0,0,0,0,0,1,0
"563","T1",2016,"Natur Far 30","Herbaceous and Dwarf Shrub Vegetation",NA,"Natur","Far",NA,NA,35.73779834,32.8418756,05/07/16,1528,-0.53887459,14,0.99060735569487,0.136737218207834,1690.779959,"Natur Far",1511.975198,"Natur Far 05/07/16",0,0,0,0,0,0,1,0,0,0,0,0,5,0
"564","T1",2016,"Natur Far 6","Herbaceous and Dwarf Shrub Vegetation",NA,"Natur","Far",NA,NA,35.73716136,32.84537253,05/07/16,1528,-0.53887459,14,0.99060735569487,0.136737218207834,1532.835964,"Natur Far",1445.061586,"Natur Far 05/07/16",2,0,0,0,0,0,6,0,0,0,0,0,10,0
"565","T1",2016,"Natur Far 7","Herbaceous and Dwarf Shrub Vegetation",NA,"Natur","Far",NA,NA,35.73725317,32.84611892,05/07/16,1528,-0.53887459,14,0.99060735569487,0.136737218207834,1477.447242,"Natur Far",1393.535868,"Natur Far 05/07/16",0,0,0,0,0,0,2,0,0,0,0,0,4,1
"566","T1",2016,"Shaal Far 12","Herbaceous and Dwarf Shrub Vegetation",NA,"Shaal","Far",NA,NA,35.74936578,33.08451559,04/07/16,1527,-0.53967835,13,0.420167036826641,0.907446781450196,759.5465283,"Shaal Far",789.741296,"Shaal Far 04/07/16",0,0,0,0,0,0,0,0,0,0,0,0,0,1
"567","T1",2016,"Shaal Far 13","Herbaceous and Dwarf Shrub Vegetation",NA,"Shaal","Far",NA,NA,35.75069163,33.08839125,04/07/16,1527,-0.53967835,13,0.420167036826641,0.907446781450196,580.551741,"Shaal Far",837.552425,"Shaal Far 04/07/16",0,0,0,0,0,0,5,0,0,0,0,0,0,2
"568","T1",2016,"Shaal Far 27","Herbaceous and Dwarf Shrub Vegetation",NA,"Shaal","Far",NA,NA,35.75191177,33.08813539,04/07/16,1527,-0.53967835,13,0.420167036826641,0.907446781450196,468.4797245,"Shaal Far",730.953949,"Shaal Far 04/07/16",0,0,0,0,0,0,0,0,0,0,0,0,0,2
"569","T1",2016,"Shaal Far 28","Herbaceous and Dwarf Shrub Vegetation",NA,"Shaal","Far",NA,NA,35.74943201,33.0881524,04/07/16,1527,-0.53967835,13,0.420167036826641,0.907446781450196,699.4806737,"Shaal Far",920.111691,"Shaal Far 04/07/16",0,0,0,0,0,0,0,0,0,0,0,0,3,1
"570","T1",2016,"Shaal Far 32","Herbaceous and Dwarf Shrub Vegetation",NA,"Shaal","Far",NA,NA,35.74918451,33.08605522,04/07/16,1527,-0.53967835,13,0.420167036826641,0.907446781450196,737.3239454,"Shaal Far",844.865562,"Shaal Far 04/07/16",0,0,0,0,0,0,0,0,0,0,0,0,1,0
"571","T1",2016,"Shaal Far 34","Herbaceous and Dwarf Shrub Vegetation",NA,"Shaal","Far",NA,NA,35.75005699,33.08475303,04/07/16,1527,-0.53967835,13,0.420167036826641,0.907446781450196,689.9265627,"Shaal Far",729.901233,"Shaal Far 04/07/16",1,0,0,0,0,0,3,0,0,0,0,0,1,5
"572","T1",2016,"Shaal Far 35","Herbaceous and Dwarf Shrub Vegetation",NA,"Shaal","Far",NA,NA,35.74980887,33.08540664,04/07/16,1527,-0.53967835,13,0.420167036826641,0.907446781450196,692.0043097,"Shaal Far",768.295509,"Shaal Far 04/07/16",3,0,0,0,0,0,0,0,0,0,0,0,2,0
"573","T1",2016,"Shaal Far 7","Herbaceous and Dwarf Shrub Vegetation",NA,"Shaal","Far",NA,NA,35.74828824,33.08441662,04/07/16,1527,-0.53967835,13,0.420167036826641,0.907446781450196,858.3290457,"Shaal Far",888.443154,"Shaal Far 04/07/16",0,0,0,0,0,0,8,0,0,0,0,0,2,1
"574","T1",2016,"Yavniel Far 23","Herbaceous and Dwarf Shrub Vegetation",NA,"Yavneel","Far",NA,NA,35.51057333,32.67911667,23/06/16,1516,-0.54851963,2,0.909297426825682,-0.416146836547142,1864.218572,"Yavneel Far",140.24716,"Yavneel Far 23/06/16",0,0,0,0,0,0,5,2,0,0,0,0,0,0
"575","T1",2016,"Yavniel Far 36","Herbaceous and Dwarf Shrub Vegetation",NA,"Yavneel","Far",NA,NA,35.50893667,32.68131,23/06/16,1516,-0.54851963,2,0.909297426825682,-0.416146836547142,1606.043543,"Yavneel Far",22.973362,"Yavneel Far 23/06/16",0,0,0,0,0,0,6,0,0,0,0,0,0,0
"576","T1",2016,"Yavniel Far 5","Herbaceous and Dwarf Shrub Vegetation",NA,"Yavneel","Far",NA,NA,35.51435743,32.67709899,23/06/16,1516,-0.54851963,2,0.909297426825682,-0.416146836547142,2159.67129,"Yavneel Far",67.317327,"Yavneel Far 23/06/16",1,0,0,0,0,0,8,0,0,0,0,0,0,0
"577","T1",2017,"Beit Yatir Far 11","Mediterranean Desert Transition Zone",NA,"Beit Yatir","Far",NA,NA,35.12488667,31.37102833,03/01/17,1710,-0.39259155,-169,0.601999867677605,0.798496186162556,1094.57372,"Beit Yatir Far",1483.343503,"Beit Yatir Far 03/01/17",0,0,0,0,0,0,1,0,0,0,0,0,0,2
"578","T1",2017,"Beit Yatir Far 22","Mediterranean Desert Transition Zone",NA,"Beit Yatir","Far",NA,NA,35.12530833,31.37184167,03/01/17,1710,-0.39259155,-169,0.601999867677605,0.798496186162556,1132.193843,"Beit Yatir Far",1551.544471,"Beit Yatir Far 03/01/17",0,0,0,0,0,0,0,0,0,0,0,0,0,7
"579","T1",2017,"Beit Yatir Far 25","Mediterranean Desert Transition Zone",NA,"Beit Yatir","Far",NA,NA,35.12711333,31.37040167,03/01/17,1710,-0.39259155,-169,0.601999867677605,0.798496186162556,1307.405158,"Beit Yatir Far",1537.224253,"Beit Yatir Far 03/01/17",1,0,0,0,0,0,0,0,0,0,0,0,0,1
"580","T1",2017,"Beit Yatir Far 26","Mediterranean Desert Transition Zone",NA,"Beit Yatir","Far",NA,NA,35.12767,31.36994833,03/01/17,1710,-0.39259155,-169,0.601999867677605,0.798496186162556,1327.504877,"Beit Yatir Far",1478.883614,"Beit Yatir Far 03/01/17",1,0,0,0,0,0,2,0,0,0,0,0,0,0
"581","T1",2017,"Beit Yatir Far 29","Mediterranean Desert Transition Zone",NA,"Beit Yatir","Far",NA,NA,35.125555,31.372535,03/01/17,1710,-0.39259155,-169,0.601999867677605,0.798496186162556,1153.53838,"Beit Yatir Far",1602.319519,"Beit Yatir Far 03/01/17",0,0,0,0,0,0,0,0,0,0,0,0,0,3
"582","T1",2017,"Beit Yatir Far 30","Mediterranean Desert Transition Zone",NA,"Beit Yatir","Far",NA,NA,35.12643833,31.37087667,03/01/17,1710,-0.39259155,-169,0.601999867677605,0.798496186162556,1242.59352,"Beit Yatir Far",1601.479113,"Beit Yatir Far 03/01/17",3,0,0,0,0,0,0,0,0,0,0,0,0,0
"583","T1",2017,"Beit Yatir Far 31","Mediterranean Desert Transition Zone",NA,"Beit Yatir","Far",NA,NA,35.125855,31.37146167,03/01/17,1710,-0.39259155,-169,0.601999867677605,0.798496186162556,1185.337917,"Beit Yatir Far",1585.997409,"Beit Yatir Far 03/01/17",0,0,0,0,0,0,0,0,0,0,0,0,0,3
"584","T1",2017,"Beit Yatir Far 35","Mediterranean Desert Transition Zone",NA,"Beit Yatir","Far",NA,NA,35.12458167,31.37162333,03/01/17,1710,-0.39259155,-169,0.601999867677605,0.798496186162556,1063.756702,"Beit Yatir Far",1478.335012,"Beit Yatir Far 03/01/17",1,0,0,0,0,0,6,0,0,0,0,0,0,5
"585","T1",2017,"Beit Yatir Near 13","Mediterranean Desert Transition Zone",NA,"Beit Yatir","Near",NA,NA,35.108805,31.35901667,03/01/17,1710,-0.39259155,-169,0.601999867677605,0.798496186162556,356.7091014,"Beit Yatir Near",109.35448,"Beit Yatir Near 03/01/17",0,0,0,0,0,0,0,0,0,0,0,0,0,3
"586","T1",2017,"Beit Yatir Near 16","Mediterranean Desert Transition Zone",NA,"Beit Yatir","Near",NA,NA,35.109915,31.357945,03/01/17,1710,-0.39259155,-169,0.601999867677605,0.798496186162556,279.9604877,"Beit Yatir Near",186.637706,"Beit Yatir Near 03/01/17",2,0,0,0,0,0,0,0,0,0,1,0,0,0
"587","T1",2017,"Beit Yatir Near 19","Mediterranean Desert Transition Zone",NA,"Beit Yatir","Near",NA,NA,35.10781833,31.359205,03/01/17,1710,-0.39259155,-169,0.601999867677605,0.798496186162556,435.361608,"Beit Yatir Near",146.119403,"Beit Yatir Near 03/01/17",2,0,0,0,0,0,0,0,1,1,1,0,0,2
"588","T1",2017,"Beit Yatir Near 20","Mediterranean Desert Transition Zone",NA,"Beit Yatir","Near",NA,NA,35.11000167,31.35935167,03/01/17,1710,-0.39259155,-169,0.601999867677605,0.798496186162556,237.9099248,"Beit Yatir Near",59.323529,"Beit Yatir Near 03/01/17",2,0,0,0,0,0,0,0,0,1,0,0,0,4
"589","T1",2017,"Beit Yatir Near 23","Mediterranean Desert Transition Zone",NA,"Beit Yatir","Near",NA,NA,35.11087333,31.35851833,03/01/17,1710,-0.39259155,-169,0.601999867677605,0.798496186162556,173.8536265,"Beit Yatir Near",79.278269,"Beit Yatir Near 03/01/17",11,0,0,0,0,0,0,0,0,2,1,0,0,2
"590","T1",2017,"Beit Yatir Near 34","Mediterranean Desert Transition Zone",NA,"Beit Yatir","Near",NA,NA,35.11060333,31.358945,03/01/17,1710,-0.39259155,-169,0.601999867677605,0.798496186162556,190.1258063,"Beit Yatir Near",59.651658,"Beit Yatir Near 03/01/17",3,0,0,0,0,0,0,0,0,1,0,0,0,2
"591","T1",2017,"Beit Yatir Near 4","Mediterranean Desert Transition Zone",NA,"Beit Yatir","Near",NA,NA,35.11015333,31.358365,03/01/17,1710,-0.39259155,-169,0.601999867677605,0.798496186162556,244.4251524,"Beit Yatir Near",136.416849,"Beit Yatir Near 03/01/17",2,0,0,0,0,0,0,0,0,0,0,0,0,2
"592","T1",2017,"Beit Yatir Near 6","Mediterranean Desert Transition Zone",NA,"Beit Yatir","Near",NA,NA,35.10980333,31.35743,03/01/17,1710,-0.39259155,-169,0.601999867677605,0.798496186162556,314.5320438,"Beit Yatir Near",237.149037,"Beit Yatir Near 03/01/17",2,0,0,0,0,0,0,0,0,0,0,0,0,0
"593","T1",2016,"Har Amasa Far 25","Mediterranean Desert Transition Zone",NA,"Har Amasa","Far",NA,NA,35.09341833,31.33299667,22/12/16,1698,-0.40223659,184,0.976584383290629,-0.215134707364621,1253.875948,"Har Amasa Far",264.084963,"Har Amasa Far 22/12/16",2,0,0,0,0,0,0,0,0,0,0,0,0,4
"594","T1",2016,"Har Amasa Far 29","Mediterranean Desert Transition Zone",NA,"Har Amasa","Far",NA,NA,35.09238,31.33252833,22/12/16,1698,-0.40223659,184,0.976584383290629,-0.215134707364621,1352.842874,"Har Amasa Far",228.083203,"Har Amasa Far 22/12/16",0,0,0,0,0,0,0,0,0,0,0,0,0,2
"595","T1",2016,"Har Amasa Far 32","Mediterranean Desert Transition Zone",NA,"Har Amasa","Far",NA,NA,35.09116167,31.33217333,22/12/16,1698,-0.40223659,184,0.976584383290629,-0.215134707364621,1454.232918,"Har Amasa Far",203.661502,"Har Amasa Far 22/12/16",0,0,0,0,0,0,0,0,0,0,0,0,0,2
"596","T1",2016,"Har Amasa Far 4","Mediterranean Desert Transition Zone",NA,"Har Amasa","Far",NA,NA,35.090805,31.33159167,22/12/16,1698,-0.40223659,184,0.976584383290629,-0.215134707364621,1525.891292,"Har Amasa Far",181.830487,"Har Amasa Far 22/12/16",0,0,0,0,0,0,0,0,0,0,0,0,0,1
"597","T1",2016,"Har Amasa Far 6","Mediterranean Desert Transition Zone",NA,"Har Amasa","Far",NA,NA,35.09290167,31.33323167,22/12/16,1698,-0.40223659,184,0.976584383290629,-0.215134707364621,1260.555098,"Har Amasa Far",228.291462,"Har Amasa Far 22/12/16",0,0,0,0,0,0,0,0,0,1,0,0,0,1
"598","T1",2016,"Har Amasa Near 13","Mediterranean Desert Transition Zone",NA,"Har Amasa","Near",NA,NA,35.099485,31.34426,22/12/16,1698,-0.40223659,184,0.976584383290629,-0.215134707364621,64.05409988,"Har Amasa Near",38.76434,"Har Amasa Near 22/12/16",0,0,0,0,0,0,0,0,0,0,0,0,0,2
"599","T1",2016,"Har Amasa Near 22","Mediterranean Desert Transition Zone",NA,"Har Amasa","Near",NA,NA,35.10005833,31.343195,22/12/16,1698,-0.40223659,184,0.976584383290629,-0.215134707364621,28.94936059,"Har Amasa Near",25.62629,"Har Amasa Near 22/12/16",3,0,0,0,0,0,0,0,0,0,0,0,0,1
"600","T1",2016,"Har Amasa Near 26","Mediterranean Desert Transition Zone",NA,"Har Amasa","Near",NA,NA,35.09904045,31.3453678,22/12/16,1698,-0.40223659,184,0.976584383290629,-0.215134707364621,123.7246377,"Har Amasa Near",41.322422,"Har Amasa Near 22/12/16",0,0,0,0,0,0,3,0,0,0,2,0,0,5
"601","T1",2016,"Har Amasa Near 31","Mediterranean Desert Transition Zone",NA,"Har Amasa","Near",NA,NA,35.09798148,31.34496113,22/12/16,1698,-0.40223659,184,0.976584383290629,-0.215134707364621,214.8453148,"Har Amasa Near",0,"Har Amasa Near 22/12/16",0,0,0,0,0,0,0,0,0,0,0,0,0,1
"602","T1",2016,"Har Amasa Near 34","Mediterranean Desert Transition Zone",NA,"Har Amasa","Near",NA,NA,35.09994667,31.34099833,22/12/16,1698,-0.40223659,184,0.976584383290629,-0.215134707364621,170.8897359,"Har Amasa Near",42.469687,"Har Amasa Near 22/12/16",1,0,0,0,0,0,0,0,0,0,0,0,0,3
"603","T1",2016,"Lahav Far 22","Mediterranean Desert Transition Zone",NA,"Lahav","Far",NA,NA,34.85894,31.376562,20/11/16,1666,-0.42795668,152,0.933320523748862,0.359044286891116,649.4321578,"Lahav Far",83.698196,"Lahav Far 20/11/16",1,0,0,0,0,0,0,0,0,0,0,0,0,2
"604","T1",2016,"Lahav Far 26","Mediterranean Desert Transition Zone",NA,"Lahav","Far",NA,NA,34.859833,31.376088,20/11/16,1666,-0.42795668,152,0.933320523748862,0.359044286891116,569.0407193,"Lahav Far",44.446405,"Lahav Far 20/11/16",1,0,0,0,0,0,0,1,1,0,0,0,0,4
"605","T1",2016,"Lahav Far 27","Mediterranean Desert Transition Zone",NA,"Lahav","Far",NA,NA,34.85821,31.376612,20/11/16,1666,-0.42795668,152,0.933320523748862,0.359044286891116,718.6876625,"Lahav Far",117.788597,"Lahav Far 20/11/16",1,0,0,0,0,0,0,0,0,0,0,0,0,3
"606","T1",2016,"Lahav Far 31","Mediterranean Desert Transition Zone",NA,"Lahav","Far",NA,NA,34.859833,31.376088,20/11/16,1666,-0.42795668,152,0.933320523748862,0.359044286891116,569.0407193,"Lahav Far",44.446405,"Lahav Far 20/11/16",0,0,0,0,0,0,0,0,0,0,0,0,0,1
"607","T1",2016,"Lahav Far 32","Mediterranean Desert Transition Zone",NA,"Lahav","Far",NA,NA,34.860872,31.376445,20/11/16,1666,-0.42795668,152,0.933320523748862,0.359044286891116,466.5968195,"Lahav Far",56.631084,"Lahav Far 20/11/16",0,0,0,0,0,0,0,0,1,0,0,0,0,1
"608","T1",2016,"Lahav Far 44","Mediterranean Desert Transition Zone",NA,"Lahav","Far",NA,NA,34.856545,31.37536,20/11/16,1666,-0.42795668,152,0.933320523748862,0.359044286891116,890.5676625,"Lahav Far",51.551725,"Lahav Far 20/11/16",0,0,0,0,0,0,0,0,0,0,0,0,0,2
"609","T1",2016,"Lahav Near 11","Mediterranean Desert Transition Zone",NA,"Lahav","Near",NA,NA,34.864305,31.383437,20/11/16,1666,-0.42795668,152,0.933320523748862,0.359044286891116,361.3887989,"Lahav Near",585.86432,"Lahav Near 20/11/16",7,0,0,0,0,0,0,0,0,0,0,0,0,8
"610","T1",2016,"Lahav Near 20","Mediterranean Desert Transition Zone",NA,"Lahav","Near",NA,NA,34.865683,31.382028,20/11/16,1666,-0.42795668,152,0.933320523748862,0.359044286891116,157.5407285,"Lahav Near",455.463818,"Lahav Near 20/11/16",1,0,0,0,0,0,0,0,0,0,0,0,0,0
"611","T1",2016,"Lahav Near 23","Mediterranean Desert Transition Zone",NA,"Lahav","Near",NA,NA,34.863857,31.383998,20/11/16,1666,-0.42795668,152,0.933320523748862,0.359044286891116,436.3675542,"Lahav Near",647.015737,"Lahav Near 20/11/16",0,0,0,0,0,0,0,0,0,0,0,0,0,1
"612","T1",2016,"Lahav Near 25","Mediterranean Desert Transition Zone",NA,"Lahav","Near",NA,NA,34.865225,31.383152,20/11/16,1666,-0.42795668,152,0.933320523748862,0.359044286891116,283.7054701,"Lahav Near",565.194534,"Lahav Near 20/11/16",5,0,0,0,0,0,0,0,0,0,0,0,0,1
"613","T1",2016,"Lahav Near 30","Mediterranean Desert Transition Zone",NA,"Lahav","Near",NA,NA,34.865302,31.38264,20/11/16,1666,-0.42795668,152,0.933320523748862,0.359044286891116,232.8531271,"Lahav Near",511.248254,"Lahav Near 20/11/16",1,0,0,0,0,0,0,0,0,0,0,0,0,0
"614","T1",2016,"Lahav Near 34","Mediterranean Desert Transition Zone",NA,"Lahav","Near",NA,NA,34.864598,31.384017,20/11/16,1666,-0.42795668,152,0.933320523748862,0.359044286891116,396.6446274,"Lahav Near",652.187049,"Lahav Near 20/11/16",3,0,0,0,0,0,0,0,0,0,0,0,0,1
"615","T1",2016,"Lahav Near 4","Mediterranean Desert Transition Zone",NA,"Lahav","Near",NA,NA,34.86676,31.383597,20/11/16,1666,-0.42795668,152,0.933320523748862,0.359044286891116,200.0241613,"Lahav Near",569.559888,"Lahav Near 20/11/16",4,0,0,0,0,0,0,0,0,0,0,0,0,1
"616","T1",2016,"Lehavim Far 13","Mediterranean Desert Transition Zone",NA,"Lehavim","Far",NA,NA,34.83665833,31.36956333,05/11/16,1651,-0.44001298,137,-0.942514454558251,0.334165382630761,1053.978393,"Lehavim Far",143.94122,"Lehavim Far 05/11/16",0,0,0,0,0,0,0,0,0,0,0,0,0,1
"617","T1",2016,"Lehavim Far 23","Mediterranean Desert Transition Zone",NA,"Lehavim","Far",NA,NA,34.83568333,31.36977167,05/11/16,1651,-0.44001298,137,-0.942514454558251,0.334165382630761,959.3259989,"Lehavim Far",164.664952,"Lehavim Far 05/11/16",0,0,0,0,0,0,0,0,0,1,0,0,0,0
"618","T1",2016,"Lehavim Far 27","Mediterranean Desert Transition Zone",NA,"Lehavim","Far",NA,NA,34.83530833,31.37007,05/11/16,1651,-0.44001298,137,-0.942514454558251,0.334165382630761,921.0804042,"Lehavim Far",187.263925,"Lehavim Far 05/11/16",0,0,0,0,0,0,0,0,0,2,0,0,0,0
"619","T1",2016,"Lehavim Far 31","Mediterranean Desert Transition Zone",NA,"Lehavim","Far",NA,NA,34.83,31.370815,05/11/16,1651,-0.44001298,137,-0.942514454558251,0.334165382630761,414.7427539,"Lehavim Far",505.486213,"Lehavim Far 05/11/16",0,0,0,0,0,0,1,0,0,1,0,0,0,1
"620","T1",2016,"Lehavim Far 32","Mediterranean Desert Transition Zone",NA,"Lehavim","Far",NA,NA,34.83219667,31.37016333,05/11/16,1651,-0.44001298,137,-0.942514454558251,0.334165382630761,625.0765393,"Lehavim Far",292.536952,"Lehavim Far 05/11/16",0,0,0,0,0,0,0,0,0,0,0,0,0,4
"621","T1",2016,"Lehavim Far 35","Mediterranean Desert Transition Zone",NA,"Lehavim","Far",NA,NA,34.83336,31.37048167,05/11/16,1651,-0.44001298,137,-0.942514454558251,0.334165382630761,733.9129471,"Lehavim Far",249.974664,"Lehavim Far 05/11/16",1,0,0,0,0,0,0,0,0,0,0,0,0,0
"622","T1",2016,"Lehavim Near 11","Mediterranean Desert Transition Zone",NA,"Lehavim","Near",NA,NA,34.82260667,31.3644,05/11/16,1651,-0.44001298,137,-0.942514454558251,0.334165382630761,207.1156539,"Lehavim Near",470.680667,"Lehavim Near 05/11/16",0,0,0,0,0,0,0,0,0,0,0,0,0,2
"623","T1",2016,"Lehavim Near 20","Mediterranean Desert Transition Zone",NA,"Lehavim","Near",NA,NA,34.822855,31.36368333,05/11/16,1651,-0.44001298,137,-0.942514454558251,0.334165382630761,272.9047802,"Lehavim Near",426.605606,"Lehavim Near 05/11/16",0,0,0,0,0,0,0,0,0,0,0,0,0,1
"624","T1",2016,"Lehavim Near 25","Mediterranean Desert Transition Zone",NA,"Lehavim","Near",NA,NA,34.82300333,31.36518,05/11/16,1651,-0.44001298,137,-0.942514454558251,0.334165382630761,186.2748918,"Lehavim Near",562.006638,"Lehavim Near 05/11/16",0,0,0,0,0,0,0,0,0,0,0,0,0,2
"625","T1",2016,"Lehavim Near 29","Mediterranean Desert Transition Zone",NA,"Lehavim","Near",NA,NA,34.82361667,31.3636667,05/11/16,1651,-0.44001298,137,-0.942514454558251,0.334165382630761,332.6970063,"Lehavim Near",467.482058,"Lehavim Near 05/11/16",0,0,0,0,0,0,0,0,0,0,0,0,0,1
"626","T1",2016,"Mirsham Far 13","Mediterranean Desert Transition Zone",NA,"Mirsham","Far",NA,NA,34.905425,31.46294333,03/12/16,1679,-0.41750789,165,0.997797279449891,-0.0663369363356237,1961.574652,"Mirsham Far",254.990613,"Mirsham Far 03/12/16",0,0,0,0,0,0,0,0,5,0,1,0,0,5
"627","T1",2016,"Mirsham Far 19","Mediterranean Desert Transition Zone",NA,"Mirsham","Far",NA,NA,34.902345,31.46181167,03/12/16,1679,-0.41750789,165,0.997797279449891,-0.0663369363356237,2272.700182,"Mirsham Far",60.02528,"Mirsham Far 03/12/16",6,0,0,0,0,0,1,0,0,0,0,0,0,6
"628","T1",2016,"Mirsham Far 20","Mediterranean Desert Transition Zone",NA,"Mirsham","Far",NA,NA,34.90429,31.46299333,03/12/16,1679,-0.41750789,165,0.997797279449891,-0.0663369363356237,2046.141226,"Mirsham Far",186.282472,"Mirsham Far 03/12/16",3,0,0,0,0,0,3,0,5,0,0,0,0,7
"629","T1",2016,"Mirsham Far 22","Mediterranean Desert Transition Zone",NA,"Mirsham","Far",NA,NA,34.902835,31.46252667,03/12/16,1679,-0.41750789,165,0.997797279449891,-0.0663369363356237,2189.656308,"Mirsham Far",110.008477,"Mirsham Far 03/12/16",4,0,0,0,0,0,1,0,0,1,0,0,0,1
"630","T1",2016,"Mirsham Far 23","Mediterranean Desert Transition Zone",NA,"Mirsham","Far",NA,NA,34.904915,31.46281833,03/12/16,1679,-0.41750789,165,0.997797279449891,-0.0663369363356237,2008.860133,"Mirsham Far",208.942706,"Mirsham Far 03/12/16",0,0,0,0,0,0,0,0,1,0,0,0,0,1
"631","T1",2016,"Mirsham Far 26","Mediterranean Desert Transition Zone",NA,"Mirsham","Far",NA,NA,34.901275,31.463075,03/12/16,1679,-0.41750789,165,0.997797279449891,-0.0663369363356237,2283.272251,"Mirsham Far",158.358096,"Mirsham Far 03/12/16",0,0,0,0,0,0,1,0,0,0,0,0,0,1
"632","T1",2016,"Mirsham Far 31","Mediterranean Desert Transition Zone",NA,"Mirsham","Far",NA,NA,34.906175,31.46308333,03/12/16,1679,-0.41750789,165,0.997797279449891,-0.0663369363356237,1895.277979,"Mirsham Far",305.16928,"Mirsham Far 03/12/16",2,0,0,0,0,0,0,0,1,0,0,0,0,1
"633","T1",2016,"Mirsham Far 34","Mediterranean Desert Transition Zone",NA,"Mirsham","Far",NA,NA,34.903275,31.46340833,03/12/16,1679,-0.41750789,165,0.997797279449891,-0.0663369363356237,2101.494815,"Mirsham Far",203.85188,"Mirsham Far 03/12/16",2,0,0,0,0,0,0,0,0,0,0,0,0,0
"634","T1",2016,"Mirsham Near 11","Mediterranean Desert Transition Zone",NA,"Mirsham","Near",NA,NA,34.92828833,31.48202333,03/12/16,1679,-0.41750789,165,0.997797279449891,-0.0663369363356237,343.5196378,"Mirsham Near",193.443488,"Mirsham Near 03/12/16",0,0,0,0,0,0,5,0,1,0,0,0,0,2
"635","T1",2016,"Mirsham Near 11","Mediterranean Desert Transition Zone",NA,"Mirsham","Near",NA,NA,34.931455,31.48164833,03/12/16,1679,-0.41750789,165,0.997797279449891,-0.0663369363356237,343.5196378,"Mirsham Near",193.443488,"Mirsham Near 03/12/16",0,0,0,0,0,0,5,0,1,0,0,0,0,2
"636","T1",2016,"Mirsham Near 25","Mediterranean Desert Transition Zone",NA,"Mirsham","Near",NA,NA,34.931455,31.48164833,03/12/16,1679,-0.41750789,165,0.997797279449891,-0.0663369363356237,474.1119613,"Mirsham Near",282.110773,"Mirsham Near 03/12/16",0,0,0,0,0,0,3,0,1,0,0,0,0,2
"637","T1",2016,"Mirsham Near 29","Mediterranean Desert Transition Zone",NA,"Mirsham","Near",NA,NA,34.93061,31.47996333,03/12/16,1679,-0.41750789,165,0.997797279449891,-0.0663369363356237,288.851743,"Mirsham Near",228.369768,"Mirsham Near 03/12/16",0,0,0,0,0,0,2,0,1,0,0,0,0,1
"638","T1",2016,"Mirsham Near 30","Mediterranean Desert Transition Zone",NA,"Mirsham","Near",NA,NA,34.93011667,31.479155,03/12/16,1679,-0.41750789,165,0.997797279449891,-0.0663369363356237,193.8045493,"Mirsham Near",170.968448,"Mirsham Near 03/12/16",0,0,0,0,0,0,1,0,0,0,0,0,0,0
"639","T1",2016,"Mirsham Near 32","Mediterranean Desert Transition Zone",NA,"Mirsham","Near",NA,NA,34.93070939,31.47842452,03/12/16,1679,-0.41750789,165,0.997797279449891,-0.0663369363356237,201.890949,"Mirsham Near",180.837438,"Mirsham Near 03/12/16",0,0,0,0,0,0,0,0,1,0,0,0,0,0
"640","T1",2016,"Mirsham Near 35","Mediterranean Desert Transition Zone",NA,"Mirsham","Near",NA,NA,34.92881667,31.48188,03/12/16,1679,-0.41750789,165,0.997797279449891,-0.0663369363356237,344.8076471,"Mirsham Near",214.672288,"Mirsham Near 03/12/16",1,0,0,0,0,0,3,0,0,0,0,0,0,3
"641","T1",2016,"Mirsham Near 4","Mediterranean Desert Transition Zone",NA,"Mirsham","Near",NA,NA,34.93129333,31.48081833,03/12/16,1679,-0.41750789,165,0.997797279449891,-0.0663369363356237,400.7211667,"Mirsham Near",226.723478,"Mirsham Near 03/12/16",1,0,0,0,0,0,4,0,1,0,0,0,0,1
"642","T1",2016,"Mirsham Near 44","Mediterranean Desert Transition Zone",NA,"Mirsham","Near",NA,NA,34.92984,31.482385,03/12/16,1679,-0.41750789,165,0.997797279449891,-0.0663369363356237,436.9557366,"Mirsham Near",209.573032,"Mirsham Near 03/12/16",0,0,0,0,0,0,0,1,1,0,0,0,0,0
"643","T1",2016,"Mirsham Near 6","Mediterranean Desert Transition Zone",NA,"Mirsham","Near",NA,NA,34.93118333,31.48192333,03/12/16,1679,-0.41750789,165,0.997797279449891,-0.0663369363356237,475.7156779,"Mirsham Near",263.648013,"Mirsham Near 03/12/16",1,0,0,0,0,0,2,0,1,0,0,0,0,0
"644","T1",2015,"Aderet Far ca12","Mediterranean Maquis","Judea","Aderet","Far",NA,NA,34.98222,31.666213,10/10/15,1259,-0.75508414,111,-0.864551448610608,-0.502544319145385,996.3497568,"Aderet Far",825.476903,"Aderet Far 10/10/15",0,0,0,0,0,0,0,0,7,0,0,0,0,0
"645","T1",2015,"Aderet Far ca18","Mediterranean Maquis","Judea","Aderet","Far",NA,NA,34.98039,31.664636,10/10/15,1259,-0.75508414,111,-0.864551448610608,-0.502544319145385,1116.347232,"Aderet Far",636.731346,"Aderet Far 10/10/15",0,0,0,0,0,0,1,0,2,0,0,0,0,1
"646","T1",2015,"Aderet Far ca28","Mediterranean Maquis","Judea","Aderet","Far",NA,NA,34.980726,31.664188,10/10/15,1259,-0.75508414,111,-0.864551448610608,-0.502544319145385,1077.256319,"Aderet Far",587.802308,"Aderet Far 10/10/15",0,0,0,0,0,0,3,0,1,0,0,0,0,0
"647","T1",2015,"Aderet Far ca31","Mediterranean Maquis","Judea","Aderet","Far",NA,NA,34.983171,31.666451,10/10/15,1259,-0.75508414,111,-0.864551448610608,-0.502544319145385,924.0790994,"Aderet Far",866.764806,"Aderet Far 10/10/15",0,0,0,0,0,0,0,0,2,0,0,0,0,0
"648","T1",2015,"Aderet Far ca32","Mediterranean Maquis","Judea","Aderet","Far",NA,NA,34.981688,31.666001,10/10/15,1259,-0.75508414,111,-0.864551448610608,-0.502544319145385,1035.355785,"Aderet Far",794.850108,"Aderet Far 10/10/15",0,0,0,0,0,0,0,0,1,0,0,0,0,0
"649","T1",2015,"Aderet Far ca33","Mediterranean Maquis","Judea","Aderet","Far",NA,NA,34.980481,31.665203,10/10/15,1259,-0.75508414,111,-0.864551448610608,-0.502544319145385,1120.502733,"Aderet Far",699.698674,"Aderet Far 10/10/15",1,0,0,0,0,0,0,0,2,0,0,0,0,1
"650","T1",2015,"Aderet Far ca34","Mediterranean Maquis","Judea","Aderet","Far",NA,NA,34.981143,31.665793,10/10/15,1259,-0.75508414,111,-0.864551448610608,-0.502544319145385,1077.137468,"Aderet Far",767.177875,"Aderet Far 10/10/15",1,0,0,0,0,0,0,0,0,0,0,0,0,1
"651","T1",2015,"Aderet Far ca35","Mediterranean Maquis","Judea","Aderet","Far",NA,NA,34.98137,31.663581,10/10/15,1259,-0.75508414,111,-0.864551448610608,-0.502544319145385,1009.480662,"Aderet Far",524.846849,"Aderet Far 10/10/15",0,0,0,0,0,0,0,0,1,0,0,0,0,1
"652","T1",2015,"Aderet Near ca12","Mediterranean Maquis","Judea","Aderet","Near",NA,NA,34.989168,31.660738,22/10/15,1271,-0.74543911,123,-0.459903490689591,-0.887968906691855,224.2831943,"Aderet Near",505.268393,"Aderet Near 22/10/15",1,0,0,0,0,0,0,0,2,0,0,0,0,1
"653","T1",2015,"Aderet Near ca18a","Mediterranean Maquis","Judea","Aderet","Near",NA,NA,34.988674,31.662903,22/10/15,1271,-0.74543911,123,-0.459903490689591,-0.887968906691855,313.9357821,"Aderet Near",625.935298,"Aderet Near 22/10/15",2,0,0,0,0,0,0,0,7,0,0,0,0,0
"654","T1",2015,"Aderet Near ca28","Mediterranean Maquis","Judea","Aderet","Near",NA,NA,34.987683,31.662422,22/10/15,1271,-0.74543911,123,-0.459903490689591,-0.887968906691855,411.2968477,"Aderet Near",596.575423,"Aderet Near 22/10/15",5,0,0,0,0,0,2,2,4,0,0,0,0,10
"655","T1",2015,"Aderet Near ca31","Mediterranean Maquis","Judea","Aderet","Near",NA,NA,34.988205,31.663641,22/10/15,1271,-0.74543911,123,-0.459903490689591,-0.887968906691855,367.7991951,"Aderet Near",672.578877,"Aderet Near 22/10/15",0,0,0,0,0,0,0,0,0,0,1,0,0,0
"656","T1",2015,"Aderet Near ca32","Mediterranean Maquis","Judea","Aderet","Near",NA,NA,34.988498,31.662554,22/10/15,1271,-0.74543911,123,-0.459903490689591,-0.887968906691855,332.7991933,"Aderet Near",643.93351,"Aderet Near 22/10/15",3,0,0,0,0,0,0,0,1,0,0,0,0,7
"657","T1",2015,"Aderet Near ca33","Mediterranean Maquis","Judea","Aderet","Near",NA,NA,34.988402,31.661958,22/10/15,1271,-0.74543911,123,-0.459903490689591,-0.887968906691855,354.6344753,"Aderet Near",581.483643,"Aderet Near 22/10/15",2,0,0,0,0,0,0,1,0,0,0,0,0,0
"658","T1",2015,"Aderet Near ca34","Mediterranean Maquis","Judea","Aderet","Near",NA,NA,34.9888812,31.66108,22/10/15,1271,-0.74543911,123,-0.459903490689591,-0.887968906691855,270.8115337,"Aderet Near",523.148073,"Aderet Near 22/10/15",1,0,0,0,0,0,0,0,1,0,0,0,0,0
"659","T1",2015,"Aderet Near ca35","Mediterranean Maquis","Judea","Aderet","Near",NA,NA,34.988471,31.663285,22/10/15,1271,-0.74543911,123,-0.459903490689591,-0.887968906691855,335.9611645,"Aderet Near",645.060248,"Aderet Near 22/10/15",0,0,0,0,0,0,0,0,0,0,0,0,0,1
"660","T1",2015,"Beit Oren Far 10","Mediterranean Maquis","Carmel","Beit Oren","Far",NA,NA,35.00424441,32.72565787,03/06/15,1130,-0.85876828,-18,0.750987246771676,0.66031670824408,426.0541779,"Beit Oren Far",670.331447,"Beit Oren Far 03/06/15",1,0,0,0,0,0,0,0,1,0,0,0,0,0
"661","T1",2015,"Beit Oren Far 12","Mediterranean Maquis","Carmel","Beit Oren","Far",NA,NA,35.00584067,32.72519493,03/06/15,1130,-0.85876828,-18,0.750987246771676,0.66031670824408,484.1616278,"Beit Oren Far",744.510614,"Beit Oren Far 03/06/15",4,0,0,0,0,0,0,1,3,0,0,0,2,0
"662","T1",2015,"Beit Oren Far 13","Mediterranean Maquis","Carmel","Beit Oren","Far",NA,NA,35.00665596,32.72560289,03/06/15,1130,-0.85876828,-18,0.750987246771676,0.66031670824408,452.7364437,"Beit Oren Far",724.96189,"Beit Oren Far 03/06/15",13,0,0,0,0,0,0,2,0,0,0,0,2,0
"663","T1",2015,"Beit Oren Far 14","Mediterranean Maquis","Carmel","Beit Oren","Far",NA,NA,35.00768704,32.72613828,03/06/15,1130,-0.85876828,-18,0.750987246771676,0.66031670824408,406.24576,"Beit Oren Far",661.829581,"Beit Oren Far 03/06/15",8,0,0,0,0,0,0,2,9,0,0,0,6,0
"664","T1",2015,"Beit Oren Far 16","Mediterranean Maquis","Carmel","Beit Oren","Far",NA,NA,35.00525107,32.72563599,03/06/15,1130,-0.85876828,-18,0.750987246771676,0.66031670824408,427.5725009,"Beit Oren Far",684.519929,"Beit Oren Far 03/06/15",0,0,0,0,0,0,0,0,0,0,0,0,2,0
"665","T1",2015,"Beit Oren Far 17","Mediterranean Maquis","Carmel","Beit Oren","Far",NA,NA,35.00253123,32.72538777,03/06/15,1130,-0.85876828,-18,0.750987246771676,0.66031670824408,470.2326455,"Beit Oren Far",706.581893,"Beit Oren Far 03/06/15",4,0,0,0,0,0,0,1,4,0,0,0,1,0
"666","T1",2015,"Beit Oren Far 18","Mediterranean Maquis","Carmel","Beit Oren","Far",NA,NA,35.00672833,32.72604215,03/06/15,1130,-0.85876828,-18,0.750987246771676,0.66031670824408,405.9150647,"Beit Oren Far",682.467288,"Beit Oren Far 03/06/15",3,0,0,0,0,0,0,0,4,0,0,0,1,0
"667","T1",2015,"Beit Oren Far 21","Mediterranean Maquis","Carmel","Beit Oren","Far",NA,NA,35.00351199,32.72525111,03/06/15,1130,-0.85876828,-18,0.750987246771676,0.66031670824408,483.1807487,"Beit Oren Far",715.077693,"Beit Oren Far 03/06/15",9,0,0,0,0,0,0,3,14,0,0,0,4,0
"668","T1",2015,"Beit Oren Near 19","Mediterranean Maquis","Carmel","Beit Oren","Near",NA,NA,35.00271963,32.73325879,25/06/15,1152,-0.84108571,4,-0.756802495307928,-0.653643620863612,87.96922778,"Beit Oren Near",116.662179,"Beit Oren Near 25/06/15",0,0,0,0,0,0,0,0,1,0,0,0,8,0
"669","T1",2015,"Beit Oren Near 20","Mediterranean Maquis","Carmel","Beit Oren","Near",NA,NA,35.00435578,32.73274887,25/06/15,1152,-0.84108571,4,-0.756802495307928,-0.653643620863612,17.72425045,"Beit Oren Near",44.945429,"Beit Oren Near 25/06/15",0,0,0,0,0,0,0,0,0,0,0,0,3,0
"670","T1",2015,"Beit Oren Near 22","Mediterranean Maquis","Carmel","Beit Oren","Near",NA,NA,35.00356185,32.73303767,25/06/15,1152,-0.84108571,4,-0.756802495307928,-0.653643620863612,60.83798127,"Beit Oren Near",93.823222,"Beit Oren Near 25/06/15",3,0,0,0,0,0,0,0,0,0,0,0,4,0
"671","T1",2015,"Beit Oren Near 23","Mediterranean Maquis","Carmel","Beit Oren","Near",NA,NA,35.00194179,32.73410714,25/06/15,1152,-0.84108571,4,-0.756802495307928,-0.653643620863612,51.23273499,"Beit Oren Near",198.630013,"Beit Oren Near 25/06/15",0,0,0,0,0,0,0,0,0,0,0,0,1,0
"672","T1",2015,"Beit Oren Near 24","Mediterranean Maquis","Carmel","Beit Oren","Near",NA,NA,35.0031166,32.73296547,25/06/15,1152,-0.84108571,4,-0.756802495307928,-0.653643620863612,92.68411635,"Beit Oren Near",87.325918,"Beit Oren Near 25/06/15",3,0,0,0,0,0,0,0,1,0,1,0,3,3
"673","T1",2015,"Beit Oren Near 25","Mediterranean Maquis","Carmel","Beit Oren","Near",NA,NA,35.00402855,32.73324525,25/06/15,1152,-0.84108571,4,-0.756802495307928,-0.653643620863612,14.36845915,"Beit Oren Near",106.476106,"Beit Oren Near 25/06/15",0,0,0,0,0,0,0,0,0,0,0,0,1,0
"674","T1",2015,"Beit Oren Near 26","Mediterranean Maquis","Carmel","Beit Oren","Near",NA,NA,35.00254261,32.73372809,25/06/15,1152,-0.84108571,4,-0.756802495307928,-0.653643620863612,54.89705024,"Beit Oren Near",164.084279,"Beit Oren Near 25/06/15",1,0,0,0,0,0,0,0,0,0,0,0,2,0
"675","T1",2015,"Beit Oren Near 27","Mediterranean Maquis","Carmel","Beit Oren","Near",NA,NA,35.00171649,32.73386347,25/06/15,1152,-0.84108571,4,-0.756802495307928,-0.653643620863612,85.43399087,"Beit Oren Near",171.64705,"Beit Oren Near 25/06/15",18,0,0,0,0,0,0,3,1,0,0,0,16,4
"676","T1",2015,"Ein Yaakov Far CA1","Mediterranean Maquis","Galilee","Ein Yaakov","Far",NA,NA,35.22742932,33.00345145,11/11/15,1291,-0.72936405,143,-0.998345360873918,0.0575025253491242,339.0764027,"Ein Yaakov Far",373.163844,"Ein Yaakov Far 11/11/15",28,0,0,0,0,0,0,0,0,0,0,0,62,0
"677","T1",2015,"Ein Yaakov Far CA2","Mediterranean Maquis","Galilee","Ein Yaakov","Far",NA,NA,35.22791333,33.00308667,11/11/15,1291,-0.72936405,143,-0.998345360873918,0.0575025253491242,382.3894639,"Ein Yaakov Far",433.810106,"Ein Yaakov Far 11/11/15",32,0,0,0,0,0,0,0,0,0,0,0,19,0
"678","T1",2015,"Ein Yaakov Far CA3","Mediterranean Maquis","Galilee","Ein Yaakov","Far",NA,NA,35.23172167,33.00303833,11/11/15,1291,-0.72936405,143,-0.998345360873918,0.0575025253491242,455.9115387,"Ein Yaakov Far",744.738225,"Ein Yaakov Far 11/11/15",4,0,0,0,0,0,0,0,0,0,0,0,35,1
"679","T1",2015,"Ein Yaakov Far CA4","Mediterranean Maquis","Galilee","Ein Yaakov","Far",NA,NA,35.23197525,33.00317383,11/11/15,1291,-0.72936405,143,-0.998345360873918,0.0575025253491242,455.0855141,"Ein Yaakov Far",755.244512,"Ein Yaakov Far 11/11/15",3,0,0,0,0,0,0,0,0,0,0,0,22,0
"680","T1",2015,"Ein Yaakov Far CA5","Mediterranean Maquis","Galilee","Ein Yaakov","Far",NA,NA,35.23108696,33.0031869,11/11/15,1291,-0.72936405,143,-0.998345360873918,0.0575025253491242,414.7306527,"Ein Yaakov Far",683.660539,"Ein Yaakov Far 11/11/15",3,0,0,0,0,0,0,0,0,0,0,0,1,0
"681","T1",2015,"Ein Yaakov Far CA6","Mediterranean Maquis","Galilee","Ein Yaakov","Far",NA,NA,35.23002759,33.00317498,11/11/15,1291,-0.72936405,143,-0.998345360873918,0.0575025253491242,387.5975389,"Ein Yaakov Far",594.404913,"Ein Yaakov Far 11/11/15",4,0,0,0,0,0,0,0,0,0,0,0,17,0
"682","T1",2015,"Ein Yaakov Far CA7","Mediterranean Maquis","Galilee","Ein Yaakov","Far",NA,NA,35.229415,33.00323333,11/11/15,1291,-0.72936405,143,-0.998345360873918,0.0575025253491242,375.28833,"Ein Yaakov Far",540.788142,"Ein Yaakov Far 11/11/15",1,0,0,0,0,0,0,0,0,0,0,0,1,0
"683","T1",2015,"Ein Yaakov Far CA8","Mediterranean Maquis","Galilee","Ein Yaakov","Far",NA,NA,35.22864005,33.00300398,11/11/15,1291,-0.72936405,143,-0.998345360873918,0.0575025253491242,395.9592021,"Ein Yaakov Far",493.129232,"Ein Yaakov Far 11/11/15",14,0,0,0,0,0,0,0,0,0,0,0,28,0
"684","T1",2015,"Ein Yaakov Far CA9","Mediterranean Maquis","Galilee","Ein Yaakov","Far",NA,NA,35.23002759,33.00317498,11/11/15,1291,-0.72936405,143,-0.998345360873918,0.0575025253491242,387.5975389,"Ein Yaakov Far",594.404913,"Ein Yaakov Far 11/11/15",9,0,0,0,0,0,0,0,0,0,0,0,21,0
"685","T1",2015,"Ein Yaakov Near CA19","Mediterranean Maquis","Galilee","Ein Yaakov","Near",NA,NA,35.2293468,33.00642282,10/11/15,1290,-0.73016780,142,-0.587795007167407,-0.809009906953598,21.89986662,"Ein Yaakov Near",319.162112,"Ein Yaakov Near 10/11/15",15,0,0,0,0,0,0,0,0,0,0,0,1,0
"686","T1",2015,"Ein Yaakov Near CA20","Mediterranean Maquis","Galilee","Ein Yaakov","Near",NA,NA,35.22796476,33.00598859,10/11/15,1290,-0.73016780,142,-0.587795007167407,-0.809009906953598,61.54803434,"Ein Yaakov Near",316.899789,"Ein Yaakov Near 10/11/15",27,0,0,0,0,0,0,0,0,0,0,0,5,1
"687","T1",2015,"Ein Yaakov Near CA21","Mediterranean Maquis","Galilee","Ein Yaakov","Near",NA,NA,35.23048123,33.0066047,10/11/15,1290,-0.73016780,142,-0.587795007167407,-0.809009906953598,57.1649855,"Ein Yaakov Near",358.961893,"Ein Yaakov Near 10/11/15",2,0,0,0,0,0,0,0,0,0,0,0,7,1
"688","T1",2015,"Ein Yaakov Near CA22","Mediterranean Maquis","Galilee","Ein Yaakov","Near",NA,NA,35.22989048,33.00667226,10/11/15,1290,-0.73016780,142,-0.587795007167407,-0.809009906953598,22.23261083,"Ein Yaakov Near",329.55847,"Ein Yaakov Near 10/11/15",0,0,0,0,0,0,0,0,0,0,0,0,1,0
"689","T1",2015,"Ein Yaakov Near CA23","Mediterranean Maquis","Galilee","Ein Yaakov","Near",NA,NA,35.22708451,33.005913,10/11/15,1290,-0.73016780,142,-0.587795007167407,-0.809009906953598,64.56119403,"Ein Yaakov Near",238.320481,"Ein Yaakov Near 10/11/15",35,0,0,0,0,0,0,0,0,0,0,0,6,0
"690","T1",2015,"Ein Yaakov Near CA24","Mediterranean Maquis","Galilee","Ein Yaakov","Near",NA,NA,35.22860653,33.00625772,10/11/15,1290,-0.73016780,142,-0.587795007167407,-0.809009906953598,35.66536534,"Ein Yaakov Near",303.43318,"Ein Yaakov Near 10/11/15",17,0,0,0,0,0,0,0,2,0,0,0,10,0
"691","T1",2015,"Ein Yaakov Near CA25","Mediterranean Maquis","Galilee","Ein Yaakov","Near",NA,NA,35.22629432,33.00585103,10/11/15,1290,-0.73016780,142,-0.587795007167407,-0.809009906953598,67.41561887,"Ein Yaakov Near",164.779491,"Ein Yaakov Near 10/11/15",37,0,0,0,0,0,0,0,2,0,0,0,22,0
"692","T1",2015,"Ein Yaakov Near CA26","Mediterranean Maquis","Galilee","Ein Yaakov","Near",NA,NA,35.23100042,33.00693308,10/11/15,1290,-0.73016780,142,-0.587795007167407,-0.809009906953598,51.04379522,"Ein Yaakov Near",333.060084,"Ein Yaakov Near 10/11/15",14,0,0,0,0,0,0,0,8,0,0,0,1,0
"693","T1",2015,"Ein Yaakov Near CA27","Mediterranean Maquis","Galilee","Ein Yaakov","Near",NA,NA,35.22539907,33.005768,10/11/15,1290,-0.73016780,142,-0.587795007167407,-0.809009906953598,117.3328265,"Ein Yaakov Near",83.130888,"Ein Yaakov Near 10/11/15",115,0,0,0,0,0,0,0,0,0,0,0,221,5
"694","T1",2015,"Givat Yearim Far ca13","Mediterranean Maquis","Judea","Givat Yearim","Far",NA,NA,35.089944,31.775619,03/07/15,1160,-0.83465569,12,-0.536572918000435,0.843853958732492,519.6121605,"Givat Yearim Far",557.260522,"Givat Yearim Far 03/07/15",2,0,0,0,0,0,0,0,0,0,0,0,0,0
"695","T1",2015,"Givat Yearim Far ca21","Mediterranean Maquis","Judea","Givat Yearim","Far",NA,NA,35.09095943,31.7751665,03/07/15,1160,-0.83465569,12,-0.536572918000435,0.843853958732492,497.5310997,"Givat Yearim Far",502.238627,"Givat Yearim Far 03/07/15",1,0,0,0,0,0,0,0,0,0,0,0,0,0
"696","T1",2015,"Givat Yearim Near ca14","Mediterranean Maquis","Judea","Givat Yearim","Near",NA,NA,35.096762,31.785828,21/07/15,1178,-0.82018813,30,-0.988031624092862,0.154251449887584,25.35309148,"Givat Yearim Near",66.706979,"Givat Yearim Near 21/07/15",12,0,0,0,0,0,0,1,14,0,6,0,0,1
"697","T1",2015,"Givat Yearim Near ca18","Mediterranean Maquis","Judea","Givat Yearim","Near",NA,NA,35.094212,31.7868,21/07/15,1178,-0.82018813,30,-0.988031624092862,0.154251449887584,58.72343849,"Givat Yearim Near",105.832155,"Givat Yearim Near 21/07/15",0,0,0,0,0,0,0,0,1,0,0,0,0,0
"698","T1",2015,"Givat Yearim Near ca21","Mediterranean Maquis","Judea","Givat Yearim","Near",NA,NA,35.093616,31.786686,21/07/15,1178,-0.82018813,30,-0.988031624092862,0.154251449887584,30.30728194,"Givat Yearim Near",150.884942,"Givat Yearim Near 21/07/15",0,0,0,0,0,0,0,2,0,0,0,0,0,0
"699","T1",2015,"Givat Yeshayahu Far ca28","Mediterranean Maquis","Judea","Givat Yeshayahu","Far",NA,NA,34.954057,31.662692,31/08/15,1219,-0.78723426,71,0.951054653254375,-0.309022728166071,500.0000014,"Givat Yeshayahu Far",336.059969,"Givat Yeshayahu Far 31/08/15",0,0,0,0,0,0,2,0,0,0,0,0,0,1
"700","T1",2015,"Givat Yeshayahu Far ca30","Mediterranean Maquis","Judea","Givat Yeshayahu","Far",NA,NA,34.956952,31.660732,31/08/15,1219,-0.78723426,71,0.951054653254375,-0.309022728166071,530.7868816,"Givat Yeshayahu Far",211.794966,"Givat Yeshayahu Far 31/08/15",2,0,0,0,0,0,3,0,4,6,0,0,0,1
"701","T1",2015,"Givat Yeshayahu Far ca32","Mediterranean Maquis","Judea","Givat Yeshayahu","Far",NA,NA,34.955005,31.662467,31/08/15,1219,-0.78723426,71,0.951054653254375,-0.309022728166071,457.359306,"Givat Yeshayahu Far",384.145798,"Givat Yeshayahu Far 31/08/15",0,0,0,0,0,0,1,0,0,0,0,0,0,0
"702","T1",2015,"Givat Yeshayahu Far ca33","Mediterranean Maquis","Judea","Givat Yeshayahu","Far",NA,NA,34.957652,31.660883,31/08/15,1219,-0.78723426,71,0.951054653254375,-0.309022728166071,499.9999913,"Givat Yeshayahu Far",190.401436,"Givat Yeshayahu Far 31/08/15",0,0,0,0,0,0,1,0,0,0,0,0,0,2
"703","T1",2015,"Givat Yeshayahu Far ca34","Mediterranean Maquis","Judea","Givat Yeshayahu","Far",NA,NA,34.958925,31.66033,31/08/15,1219,-0.78723426,71,0.951054653254375,-0.309022728166071,556.5558967,"Givat Yeshayahu Far",123.493908,"Givat Yeshayahu Far 31/08/15",1,0,0,0,0,0,2,0,0,0,1,0,0,0
"704","T1",2015,"Givat Yeshayahu Far ca35","Mediterranean Maquis","Judea","Givat Yeshayahu","Far",NA,NA,34.95835,31.660825,31/08/15,1219,-0.78723426,71,0.951054653254375,-0.309022728166071,500.28751,"Givat Yeshayahu Far",169.26966,"Givat Yeshayahu Far 31/08/15",2,0,0,0,0,0,1,0,1,1,0,0,0,1
"705","T1",2015,"Givat Yeshayahu Far ca36","Mediterranean Maquis","Judea","Givat Yeshayahu","Far",NA,NA,34.955645,31.662205,31/08/15,1219,-0.78723426,71,0.951054653254375,-0.309022728166071,439.4661118,"Givat Yeshayahu Far",362.477858,"Givat Yeshayahu Far 31/08/15",0,0,0,0,0,0,0,0,0,0,0,0,0,1
"706","T1",2015,"Givat Yeshayahu Near ca10","Mediterranean Maquis","Judea","Givat Yeshayahu","Near",NA,NA,34.951102,31.672425,29/08/15,1217,-0.78884177,69,-0.114784813783187,0.993390379722272,132.6254847,"Givat Yeshayahu Near",65.37783,"Givat Yeshayahu Near 29/08/15",0,0,0,0,0,0,0,0,18,0,4,0,0,15
"707","T1",2015,"Givat Yeshayahu Near ca12","Mediterranean Maquis","Judea","Givat Yeshayahu","Near",NA,NA,34.953685,31.670907,29/08/15,1217,-0.78884177,69,-0.114784813783187,0.993390379722272,148.8501136,"Givat Yeshayahu Near",361.001073,"Givat Yeshayahu Near 29/08/15",4,0,0,0,0,0,0,0,0,0,0,0,0,4
"708","T1",2015,"Givat Yeshayahu Near ca13","Mediterranean Maquis","Judea","Givat Yeshayahu","Near",NA,NA,34.949675,31.672797,29/08/15,1217,-0.78884177,69,-0.114784813783187,0.993390379722272,65.71437421,"Givat Yeshayahu Near",28.573825,"Givat Yeshayahu Near 29/08/15",2,0,0,0,0,0,0,0,11,0,10,0,0,10
"709","T1",2015,"Givat Yeshayahu Near ca14","Mediterranean Maquis","Judea","Givat Yeshayahu","Near",NA,NA,34.954266,31.670808,29/08/15,1217,-0.78884177,69,-0.114784813783187,0.993390379722272,168.3771444,"Givat Yeshayahu Near",412.332936,"Givat Yeshayahu Near 29/08/15",0,0,0,0,0,0,0,0,3,0,0,0,0,2
"710","T1",2015,"Givat Yeshayahu Near ca16","Mediterranean Maquis","Judea","Givat Yeshayahu","Near",NA,NA,34.949362,31.672812,29/08/15,1217,-0.78884177,69,-0.114784813783187,0.993390379722272,56.79996263,"Givat Yeshayahu Near",19.179611,"Givat Yeshayahu Near 29/08/15",0,0,0,0,0,0,0,0,5,0,0,0,0,2
"711","T1",2015,"Givat Yeshayahu Near ca17","Mediterranean Maquis","Judea","Givat Yeshayahu","Near",NA,NA,34.953482,31.671135,29/08/15,1217,-0.78884177,69,-0.114784813783187,0.993390379722272,164.9919601,"Givat Yeshayahu Near",330.524706,"Givat Yeshayahu Near 29/08/15",0,0,0,0,0,0,0,0,0,0,2,0,0,0
"712","T1",2015,"Givat Yeshayahu Near ca18","Mediterranean Maquis","Judea","Givat Yeshayahu","Near",NA,NA,34.95222,31.671088,29/08/15,1217,-0.78884177,69,-0.114784813783187,0.993390379722272,104.9750767,"Givat Yeshayahu Near",247.373989,"Givat Yeshayahu Near 29/08/15",0,0,0,0,0,0,0,0,1,0,0,0,0,2
"713","T1",2015,"Givat Yeshayahu Near ca21","Mediterranean Maquis","Judea","Givat Yeshayahu","Near",NA,NA,34.951395,31.672168,29/08/15,1217,-0.78884177,69,-0.114784813783187,0.993390379722272,125.6250177,"Givat Yeshayahu Near",105.150781,"Givat Yeshayahu Near 29/08/15",0,0,0,0,0,0,0,0,7,0,0,0,0,2
"714","T1",2015,"Goren Far 1","Mediterranean Maquis","Galilee","Goren","Far",NA,NA,35.25564334,33.05426239,03/09/15,1222,-0.78482300,74,-0.985146260468247,0.171717341830778,507.5400695,"Goren Far",85.419781,"Goren Far 03/09/15",0,0,0,0,0,0,0,0,1,0,0,0,0,1
"715","T1",2015,"Goren Far 2","Mediterranean Maquis","Galilee","Goren","Far",NA,NA,35.25466077,33.05259016,03/09/15,1222,-0.78482300,74,-0.985146260468247,0.171717341830778,633.0762975,"Goren Far",101.029053,"Goren Far 03/09/15",0,0,0,2,0,0,0,0,0,0,0,0,2,0
"716","T1",2015,"Goren Far 3","Mediterranean Maquis","Galilee","Goren","Far",NA,NA,35.25560698,33.04856483,03/09/15,1222,-0.78482300,74,-0.985146260468247,0.171717341830778,1086.055128,"Goren Far",183.628971,"Goren Far 03/09/15",3,0,0,1,0,0,0,0,0,0,0,0,15,0
"717","T1",2015,"Goren Far 4","Mediterranean Maquis","Galilee","Goren","Far",NA,NA,35.25657392,33.04746259,03/09/15,1222,-0.78482300,74,-0.985146260468247,0.171717341830778,1229.117828,"Goren Far",217.416317,"Goren Far 03/09/15",0,0,0,0,0,0,0,0,0,0,1,0,8,0
"718","T1",2015,"Goren Far 5","Mediterranean Maquis","Galilee","Goren","Far",NA,NA,35.25523515,33.05102757,03/09/15,1222,-0.78482300,74,-0.985146260468247,0.171717341830778,814.4562392,"Goren Far",72.009339,"Goren Far 03/09/15",0,0,0,1,0,0,0,0,1,0,0,0,1,0
"719","T1",2015,"Goren Far 6","Mediterranean Maquis","Galilee","Goren","Far",NA,NA,35.25502723,33.05178889,03/09/15,1222,-0.78482300,74,-0.985146260468247,0.171717341830778,728.2181586,"Goren Far",156.395561,"Goren Far 03/09/15",0,0,0,0,0,0,0,0,1,0,0,0,0,0
"720","T1",2015,"Goren Far 7","Mediterranean Maquis","Galilee","Goren","Far",NA,NA,35.25590632,33.05519918,03/09/15,1222,-0.78482300,74,-0.985146260468247,0.171717341830778,443.9414306,"Goren Far",166.06734,"Goren Far 03/09/15",0,0,0,1,0,0,0,0,0,0,0,0,0,0
"721","T1",2015,"Goren Far 9","Mediterranean Maquis","Galilee","Goren","Far",NA,NA,35.25575433,33.05027759,03/09/15,1222,-0.78482300,74,-0.985146260468247,0.171717341830778,908.8283007,"Goren Far",1.963919,"Goren Far 03/09/15",1,0,0,2,0,0,0,0,2,0,0,0,8,0
"722","T1",2015,"Goren Near 19","Mediterranean Maquis","Galilee","Goren","Near",NA,NA,35.23069336,33.05569531,03/09/15,1222,-0.78482300,74,-0.985146260468247,0.171717341830778,107.6052837,"Goren Near",159.752055,"Goren Near 03/09/15",9,0,0,2,0,0,0,0,2,0,0,0,20,0
"723","T1",2015,"Goren Near 20","Mediterranean Maquis","Galilee","Goren","Near",NA,NA,35.23124873,33.05420141,03/09/15,1222,-0.78482300,74,-0.985146260468247,0.171717341830778,77.50008363,"Goren Near",102.007989,"Goren Near 03/09/15",15,0,0,1,0,0,0,0,3,0,0,0,15,1
"724","T1",2015,"Goren Near 21","Mediterranean Maquis","Galilee","Goren","Near",NA,NA,35.23119391,33.05223938,03/09/15,1222,-0.78482300,74,-0.985146260468247,0.171717341830778,254.6761012,"Goren Near",258.986174,"Goren Near 03/09/15",0,0,0,1,0,0,0,0,0,0,0,0,4,0
"725","T1",2015,"Goren Near 22","Mediterranean Maquis","Galilee","Goren","Near",NA,NA,35.2294873,33.05560371,03/09/15,1222,-0.78482300,74,-0.985146260468247,0.171717341830778,220.6715968,"Goren Near",258.044805,"Goren Near 03/09/15",3,0,0,0,0,0,0,0,0,0,0,0,5,0
"726","T1",2015,"Goren Near 23","Mediterranean Maquis","Galilee","Goren","Near",NA,NA,35.23109083,33.05290565,03/09/15,1222,-0.78482300,74,-0.985146260468247,0.171717341830778,193.0151072,"Goren Near",204.245671,"Goren Near 03/09/15",0,0,0,0,0,0,0,0,0,0,0,0,1,0
"727","T1",2015,"Goren Near 24","Mediterranean Maquis","Galilee","Goren","Near",NA,NA,35.23099538,33.05355777,03/09/15,1222,-0.78482300,74,-0.985146260468247,0.171717341830778,138.4531288,"Goren Near",160.385896,"Goren Near 03/09/15",7,0,0,0,0,0,0,0,2,0,1,0,18,0
"728","T1",2015,"Goren Near 25","Mediterranean Maquis","Galilee","Goren","Near",NA,NA,35.23107088,33.05613013,03/09/15,1222,-0.78482300,74,-0.985146260468247,0.171717341830778,67.13123522,"Goren Near",167.787349,"Goren Near 03/09/15",21,0,0,1,0,0,0,0,11,0,0,0,24,0
"729","T1",2015,"Goren Near 26","Mediterranean Maquis","Galilee","Goren","Near",NA,NA,35.23102342,33.05485835,03/09/15,1222,-0.78482300,74,-0.985146260468247,0.171717341830778,87.44928977,"Goren Near",102.662811,"Goren Near 03/09/15",2,0,0,0,0,0,0,0,1,0,0,0,19,0
"730","T1",2015,"Goren Near 27","Mediterranean Maquis","Galilee","Goren","Near",NA,NA,35.23122169,33.05528078,03/09/15,1222,-0.78482300,74,-0.985146260468247,0.171717341830778,63.7642237,"Goren Near",93.935893,"Goren Near 03/09/15",6,0,0,0,0,0,0,0,2,0,0,0,22,0
"731","T1",2015,"Kerem Maharal Far CA10","Mediterranean Maquis","Carmel","Kerem Maharal","Far",NA,NA,35.01517452,32.6615915,19/05/15,1115,-0.87082457,-33,-0.999911860107267,-0.0132767472230595,2373.647552,"Kerem Maharal Far",418.24545,"Kerem Maharal Far 19/05/15",0,0,0,0,0,0,2,1,9,0,0,0,7,1
"732","T1",2015,"Kerem Maharal Far CA12","Mediterranean Maquis","Carmel","Kerem Maharal","Far",NA,NA,35.01852979,32.66287854,19/05/15,1115,-0.87082457,-33,-0.999911860107267,-0.0132767472230595,2710.170147,"Kerem Maharal Far",753.8414,"Kerem Maharal Far 19/05/15",0,0,0,0,0,0,0,0,1,0,0,0,0,0
"733","T1",2015,"Kerem Maharal Far CA13","Mediterranean Maquis","Carmel","Kerem Maharal","Far",NA,NA,35.01685674,32.66181211,19/05/15,1115,-0.87082457,-33,-0.999911860107267,-0.0132767472230595,2513.657599,"Kerem Maharal Far",577.92295,"Kerem Maharal Far 19/05/15",0,0,0,0,0,0,3,1,2,0,0,0,4,1
"734","T1",2015,"Kerem Maharal Far CA14","Mediterranean Maquis","Carmel","Kerem Maharal","Far",NA,NA,35.01606202,32.66172159,19/05/15,1115,-0.87082457,-33,-0.999911860107267,-0.0132767472230595,2448.138335,"Kerem Maharal Far",502.741864,"Kerem Maharal Far 19/05/15",5,0,0,0,0,0,1,2,7,0,1,0,3,1
"735","T1",2015,"Kerem Maharal Far CA16","Mediterranean Maquis","Carmel","Kerem Maharal","Far",NA,NA,35.01498446,32.66119169,19/05/15,1115,-0.87082457,-33,-0.999911860107267,-0.0132767472230595,2332.223502,"Kerem Maharal Far",393.247818,"Kerem Maharal Far 19/05/15",4,0,0,0,0,0,0,0,1,0,0,0,14,2
"736","T1",2015,"Kerem Maharal Far CA17","Mediterranean Maquis","Carmel","Kerem Maharal","Far",NA,NA,35.01798091,32.66268556,19/05/15,1115,-0.87082457,-33,-0.999911860107267,-0.0132767472230595,2656.131218,"Kerem Maharal Far",698.898006,"Kerem Maharal Far 19/05/15",1,0,0,0,0,0,0,2,8,0,0,0,3,7
"737","T1",2015,"Kerem Maharal Far CA17","Mediterranean Maquis","Carmel","Kerem Maharal","Far",NA,NA,35.01498446,32.66119169,19/05/15,1115,-0.87082457,-33,-0.999911860107267,-0.0132767472230595,2656.131218,"Kerem Maharal Far",698.898006,"Kerem Maharal Far 19/05/15",1,0,0,0,0,0,0,2,8,0,0,0,3,7
"738","T1",2015,"Kerem Maharal Far CA18","Mediterranean Maquis","Carmel","Kerem Maharal","Far",NA,NA,35.01798091,32.66268556,19/05/15,1115,-0.87082457,-33,-0.999911860107267,-0.0132767472230595,2656.131218,"Kerem Maharal Far",698.898006,"Kerem Maharal Far 19/05/15",1,0,0,0,0,0,0,2,5,0,0,0,4,4
"739","T1",2015,"Kerem Maharal Far CA18","Mediterranean Maquis","Carmel","Kerem Maharal","Far",NA,NA,35.01754722,32.6622551,19/05/15,1115,-0.87082457,-33,-0.999911860107267,-0.0132767472230595,2656.131218,"Kerem Maharal Far",698.898006,"Kerem Maharal Far 19/05/15",1,0,0,0,0,0,0,2,5,0,0,0,4,4
"740","T1",2015,"Kerem Maharal Far CA6","Mediterranean Maquis","Carmel","Kerem Maharal","Far",NA,NA,35.01994352,32.66338161,19/05/15,1115,-0.87082457,-33,-0.999911860107267,-0.0132767472230595,2686.335993,"Kerem Maharal Far",895.990157,"Kerem Maharal Far 19/05/15",1,0,0,0,0,0,0,2,27,0,0,0,6,0
"741","T1",2015,"Kerem Maharal Near CA20","Mediterranean Maquis","Carmel","Kerem Maharal","Near",NA,NA,34.99570895,32.6426459,19/05/15,1115,-0.87082457,-33,-0.999911860107267,-0.0132767472230595,271.1000925,"Kerem Maharal Near",296.673623,"Kerem Maharal Near 19/05/15",1,0,0,0,0,0,0,0,3,0,1,0,0,0
"742","T1",2015,"Kerem Maharal Near CA21","Mediterranean Maquis","Carmel","Kerem Maharal","Near",NA,NA,34.99497366,32.64521318,19/05/15,1115,-0.87082457,-33,-0.999911860107267,-0.0132767472230595,132.1419866,"Kerem Maharal Near",264.347433,"Kerem Maharal Near 19/05/15",1,0,0,0,0,0,0,0,0,0,0,0,0,0
"743","T1",2015,"Kerem Maharal Near CA22","Mediterranean Maquis","Carmel","Kerem Maharal","Near",NA,NA,34.99465491,32.64208485,19/05/15,1115,-0.87082457,-33,-0.999911860107267,-0.0132767472230595,163.5637818,"Kerem Maharal Near",257.706504,"Kerem Maharal Near 19/05/15",2,0,0,0,0,0,0,0,1,0,0,0,10,0
"744","T1",2015,"Kerem Maharal Near CA23","Mediterranean Maquis","Carmel","Kerem Maharal","Near",NA,NA,34.99517403,32.64566756,19/05/15,1115,-0.87082457,-33,-0.999911860107267,-0.0132767472230595,100.0499594,"Kerem Maharal Near",260.834516,"Kerem Maharal Near 19/05/15",2,0,0,0,0,0,0,0,4,0,0,0,8,0
"745","T1",2015,"Kerem Maharal Near CA24","Mediterranean Maquis","Carmel","Kerem Maharal","Near",NA,NA,34.99593311,32.64491716,19/05/15,1115,-0.87082457,-33,-0.999911860107267,-0.0132767472230595,208.6083891,"Kerem Maharal Near",333.585826,"Kerem Maharal Near 19/05/15",0,0,0,0,0,0,0,0,1,0,0,0,0,0
"746","T1",2015,"Kerem Maharal Near CA25","Mediterranean Maquis","Carmel","Kerem Maharal","Near",NA,NA,34.99466062,32.64581817,19/05/15,1115,-0.87082457,-33,-0.999911860107267,-0.0132767472230595,59.85772411,"Kerem Maharal Near",209.867398,"Kerem Maharal Near 19/05/15",1,0,0,0,0,0,0,0,5,0,0,0,3,0
"747","T1",2015,"Kerem Maharal Near CA26","Mediterranean Maquis","Carmel","Kerem Maharal","Near",NA,NA,34.99658305,32.64588425,19/05/15,1115,-0.87082457,-33,-0.999911860107267,-0.0132767472230595,151.6945565,"Kerem Maharal Near",218.873263,"Kerem Maharal Near 19/05/15",0,0,0,0,0,0,0,0,0,0,1,0,0,0
"748","T1",2015,"Kerem Maharal Near CA27","Mediterranean Maquis","Carmel","Kerem Maharal","Near",NA,NA,34.99538737,32.64326839,19/05/15,1115,-0.87082457,-33,-0.999911860107267,-0.0132767472230595,252.2910246,"Kerem Maharal Near",367.613006,"Kerem Maharal Near 19/05/15",3,0,0,0,0,0,0,0,2,0,1,0,0,0
"749","T1",2015,"Kfar Shamay Far CA2","Mediterranean Maquis","Galilee","Kfar Shamai","Far",NA,NA,35.46851773,32.96913215,13/07/15,1170,-0.82661816,22,-0.00885130929040388,-0.999960826394637,1281.497734,"Kfar Shamai Far",937.118578,"Kfar Shamai Far 13/07/15",0,0,0,0,0,0,0,0,0,0,0,0,1,0
"750","T1",2015,"Kfar Shamay Far CA3","Mediterranean Maquis","Galilee","Kfar Shamai","Far",NA,NA,35.46941475,32.96887734,13/07/15,1170,-0.82661816,22,-0.00885130929040388,-0.999960826394637,1332.493841,"Kfar Shamai Far",1010.220741,"Kfar Shamai Far 13/07/15",0,0,0,0,0,0,0,0,0,0,0,0,2,0
"751","T1",2015,"Kfar Shamay Far CA4","Mediterranean Maquis","Galilee","Kfar Shamai","Far",NA,NA,35.47046806,32.96610759,13/07/15,1170,-0.82661816,22,-0.00885130929040388,-0.999960826394637,1254.526481,"Kfar Shamai Far",866.529302,"Kfar Shamai Far 13/07/15",0,0,0,0,0,0,0,0,0,0,0,0,1,2
"752","T1",2015,"Kfar Shamay Far CA6","Mediterranean Maquis","Galilee","Kfar Shamai","Far",NA,NA,35.46960451,32.96723779,13/07/15,1170,-0.82661816,22,-0.00885130929040388,-0.999960826394637,1243.087347,"Kfar Shamai Far",905.616069,"Kfar Shamai Far 13/07/15",1,0,0,0,0,0,0,0,4,0,0,0,17,0
"753","T1",2015,"Kfar Shamay Far CA7","Mediterranean Maquis","Galilee","Kfar Shamai","Far",NA,NA,35.46966981,32.96781861,13/07/15,1170,-0.82661816,22,-0.00885130929040388,-0.999960826394637,1283.258881,"Kfar Shamai Far",961.103161,"Kfar Shamai Far 13/07/15",1,1,0,0,0,0,0,0,0,0,0,0,5,0
"754","T1",2015,"Kfar Shamay Far CA8","Mediterranean Maquis","Galilee","Kfar Shamai","Far",NA,NA,35.46838405,32.96951867,13/07/15,1170,-0.82661816,22,-0.00885130929040388,-0.999960826394637,1296.721405,"Kfar Shamai Far",938.899841,"Kfar Shamai Far 13/07/15",0,0,0,0,0,0,1,0,2,0,0,0,6,0
"755","T1",2015,"Kfar Shamay Near CA19","Mediterranean Maquis","Galilee","Kfar Shamai","Near",NA,NA,35.45862816,32.96352785,13/07/15,1170,-0.82661816,22,-0.00885130929040388,-0.999960826394637,168.3206126,"Kfar Shamai Near",30.117289,"Kfar Shamai Near 13/07/15",0,0,0,0,0,0,0,0,5,0,0,0,7,0
"756","T1",2015,"Kfar Shamay Near CA20","Mediterranean Maquis","Galilee","Kfar Shamai","Near",NA,NA,35.45917285,32.96230333,13/07/15,1170,-0.82661816,22,-0.00885130929040388,-0.999960826394637,129.2248007,"Kfar Shamai Near",41.283549,"Kfar Shamai Near 13/07/15",1,0,0,0,0,0,0,0,9,0,1,0,7,7
"757","T1",2015,"Kfar Shamay Near CA21","Mediterranean Maquis","Galilee","Kfar Shamai","Near",NA,NA,35.46044751,32.96229954,13/07/15,1170,-0.82661816,22,-0.00885130929040388,-0.999960826394637,227.3461359,"Kfar Shamai Near",35.415734,"Kfar Shamai Near 13/07/15",25,0,0,0,0,0,0,0,17,0,3,0,14,5
"758","T1",2015,"Kfar Shamay Near CA22","Mediterranean Maquis","Galilee","Kfar Shamai","Near",NA,NA,35.45915211,32.96578148,13/07/15,1170,-0.82661816,22,-0.00885130929040388,-0.999960826394637,364.4832454,"Kfar Shamai Near",51.021781,"Kfar Shamai Near 13/07/15",0,0,0,0,0,0,0,0,0,0,0,0,3,0
"759","T1",2015,"Kfar Shamay Near CA23","Mediterranean Maquis","Galilee","Kfar Shamai","Near",NA,NA,35.45896327,32.96303111,13/07/15,1170,-0.82661816,22,-0.00885130929040388,-0.999960826394637,161.0735957,"Kfar Shamai Near",62.880009,"Kfar Shamai Near 13/07/15",1,0,0,0,0,0,0,0,30,0,6,0,23,62
"760","T1",2015,"Kfar Shamay Near CA24","Mediterranean Maquis","Galilee","Kfar Shamai","Near",NA,NA,35.45891091,32.96447189,13/07/15,1170,-0.82661816,22,-0.00885130929040388,-0.999960826394637,251.4790964,"Kfar Shamai Near",49.130739,"Kfar Shamai Near 13/07/15",1,0,0,0,0,0,0,0,1,0,0,0,8,1
"761","T1",2015,"Kfar Shamay Near CA25","Mediterranean Maquis","Galilee","Kfar Shamai","Near",NA,NA,35.45940127,32.96633742,13/07/15,1170,-0.82661816,22,-0.00885130929040388,-0.999960826394637,426.9042289,"Kfar Shamai Near",50.823531,"Kfar Shamai Near 13/07/15",1,0,0,0,0,0,0,0,3,0,0,0,3,0
"762","T1",2015,"Kfar Shamay Near CA26","Mediterranean Maquis","Galilee","Kfar Shamai","Near",NA,NA,35.45864882,32.96522554,13/07/15,1170,-0.82661816,22,-0.00885130929040388,-0.999960826394637,287.1263447,"Kfar Shamai Near",20.447941,"Kfar Shamai Near 13/07/15",1,0,0,0,0,0,0,0,3,0,0,0,6,2
"763","T1",2015,"Kfar Shamay Near CA27","Mediterranean Maquis","Galilee","Kfar Shamai","Near",NA,NA,35.45958805,32.96199559,13/07/15,1170,-0.82661816,22,-0.00885130929040388,-0.999960826394637,140.8497954,"Kfar Shamai Near",1.162283,"Kfar Shamai Near 13/07/15",0,0,0,0,0,0,0,0,3,0,0,0,0,0
"764","T1",2015,"Kisalon Far ca29","Mediterranean Maquis","Judea","Kisalon","Far",NA,NA,35.038793,31.768203,19/07/15,1176,-0.82179564,28,0.270905788307869,-0.962605866313567,823.0594595,"Kisalon Far",1414.863945,"Kisalon Far 19/07/15",1,0,0,0,0,0,0,0,0,0,0,0,0,0
"765","T1",2015,"Kisalon Far ca30","Mediterranean Maquis","Judea","Kisalon","Far",NA,NA,35.038243,31.76842,19/07/15,1176,-0.82179564,28,0.270905788307869,-0.962605866313567,827.2222849,"Kisalon Far",1465.404966,"Kisalon Far 19/07/15",0,0,0,0,0,0,0,0,2,0,0,0,0,0
"766","T1",2015,"Kisalon Far ca33","Mediterranean Maquis","Judea","Kisalon","Far",NA,NA,35.039873,31.768217,19/07/15,1176,-0.82179564,28,0.270905788307869,-0.962605866313567,780.5574949,"Kisalon Far",1312.710429,"Kisalon Far 19/07/15",5,0,0,0,0,0,0,0,0,0,0,0,0,0
"767","T1",2015,"Kisalon Near ca28","Mediterranean Maquis","Judea","Kisalon","Near",NA,NA,34.988797,31.661578,01/07/15,1158,-0.83626319,10,-0.54402111088937,-0.839071529076452,319.2565024,"Kisalon Near",565.30032,"Kisalon Near 01/07/15",8,0,0,0,0,0,0,1,0,0,0,0,0,0
"768","T1",2015,"Kisalon Near ca29","Mediterranean Maquis","Judea","Kisalon","Near",NA,NA,35.051883,31.774915,01/07/15,1158,-0.83626319,10,-0.54402111088937,-0.839071529076452,40.71951253,"Kisalon Near",68.832333,"Kisalon Near 01/07/15",0,0,0,0,0,0,0,0,1,0,0,0,0,0
"769","T1",2015,"Kisalon Near ca31","Mediterranean Maquis","Judea","Kisalon","Near",NA,NA,35.051183,31.774873,01/07/15,1158,-0.83626319,10,-0.54402111088937,-0.839071529076452,1.630999442,"Kisalon Near",107.916194,"Kisalon Near 01/07/15",1,0,0,0,0,0,0,0,0,0,0,0,0,0
"770","T1",2015,"Kisalon Near ca32","Mediterranean Maquis","Judea","Kisalon","Near",NA,NA,35.052551,31.774668,01/07/15,1158,-0.83626319,10,-0.54402111088937,-0.839071529076452,51.02696173,"Kisalon Near",78.481924,"Kisalon Near 01/07/15",3,0,0,0,0,0,0,0,0,0,0,0,0,0
"771","T1",2015,"Kisalon Near ca35","Mediterranean Maquis","Judea","Kisalon","Near",NA,NA,35.052935,31.774968,01/07/15,1158,-0.83626319,10,-0.54402111088937,-0.839071529076452,98.51298878,"Kisalon Near",33.216418,"Kisalon Near 01/07/15",0,0,0,0,0,0,0,0,2,0,0,0,0,0
"772","T1",2015,"Kisalon Near ca36","Mediterranean Maquis","Judea","Kisalon","Near",NA,NA,35.0523,31.774341,01/07/15,1158,-0.83626319,10,-0.54402111088937,-0.839071529076452,7.678625989,"Kisalon Near",121.484568,"Kisalon Near 01/07/15",19,0,0,0,0,0,0,0,0,0,0,0,0,0
"773","T1",2015,"Margaliot Far CA19","Mediterranean Maquis","Galilee","Margaliot","Far",NA,NA,35.54184125,33.20645619,20/09/15,1239,-0.77115920,91,0.105987511751157,-0.994367460928201,599.00097,"Margaliot Far",103.888625,"Margaliot Far 20/09/15",0,0,0,0,0,0,0,0,6,0,0,0,3,0
"774","T1",2015,"Margaliot Far CA20","Mediterranean Maquis","Galilee","Margaliot","Far",NA,NA,35.54418594,33.20502207,20/09/15,1239,-0.77115920,91,0.105987511751157,-0.994367460928201,538.8310928,"Margaliot Far",160.318354,"Margaliot Far 20/09/15",2,0,0,0,0,0,0,0,2,0,0,0,0,0
"775","T1",2015,"Margaliot Far CA21","Mediterranean Maquis","Galilee","Margaliot","Far",NA,NA,35.54449324,33.20464788,20/09/15,1239,-0.77115920,91,0.105987511751157,-0.994367460928201,500.0000185,"Margaliot Far",152.299285,"Margaliot Far 20/09/15",1,0,0,0,0,0,0,0,0,0,0,0,1,0
"776","T1",2015,"Margaliot Far CA22","Mediterranean Maquis","Galilee","Margaliot","Far",NA,NA,35.5450644,33.2045172,20/09/15,1239,-0.77115920,91,0.105987511751157,-0.994367460928201,493.0079763,"Margaliot Far",124.135657,"Margaliot Far 20/09/15",59,0,0,0,0,0,0,0,12,0,2,0,5,1
"777","T1",2015,"Margaliot Far CA23","Mediterranean Maquis","Galilee","Margaliot","Far",NA,NA,35.5433718,33.20568966,20/09/15,1239,-0.77115920,91,0.105987511751157,-0.994367460928201,613.6442876,"Margaliot Far",112.812279,"Margaliot Far 20/09/15",1,0,0,0,0,0,0,0,2,0,0,0,3,0
"778","T1",2015,"Margaliot Far CA25","Mediterranean Maquis","Galilee","Margaliot","Far",NA,NA,35.54549414,33.20450644,20/09/15,1239,-0.77115920,91,0.105987511751157,-0.994367460928201,497.4497078,"Margaliot Far",107.176345,"Margaliot Far 20/09/15",13,0,0,0,0,0,0,0,4,0,2,0,0,0
"779","T1",2015,"Margaliot Far CA27","Mediterranean Maquis","Galilee","Margaliot","Far",NA,NA,35.54298375,33.20620445,20/09/15,1239,-0.77115920,91,0.105987511751157,-0.994367460928201,577.1970715,"Margaliot Far",49.480039,"Margaliot Far 20/09/15",14,0,0,0,0,0,0,0,3,0,0,0,1,2
"780","T1",2015,"Margaliot Near CA1","Mediterranean Maquis","Galilee","Margaliot","Near",NA,NA,35.54135065,33.21277391,28/10/15,1277,-0.74061659,129,-0.193473392038468,-0.981105522649388,201.7828426,"Margaliot Near",30.006824,"Margaliot Near 28/10/15",1,0,0,0,0,0,0,0,0,0,0,0,10,0
"781","T1",2015,"Margaliot Near CA2","Mediterranean Maquis","Galilee","Margaliot","Near",NA,NA,35.5402863,33.21552264,28/10/15,1277,-0.74061659,129,-0.193473392038468,-0.981105522649388,160.7638988,"Margaliot Near",53.588094,"Margaliot Near 28/10/15",9,0,0,0,0,0,0,0,0,0,0,0,36,3
"782","T1",2015,"Margaliot Near CA3","Mediterranean Maquis","Galilee","Margaliot","Near",NA,NA,35.54190517,33.21316519,28/10/15,1277,-0.74061659,129,-0.193473392038468,-0.981105522649388,142.0306534,"Margaliot Near",40.714971,"Margaliot Near 28/10/15",3,0,0,0,0,0,0,0,1,0,0,0,31,0
"783","T1",2015,"Margaliot Near CA4","Mediterranean Maquis","Galilee","Margaliot","Near",NA,NA,35.54192709,33.21379044,28/10/15,1277,-0.74061659,129,-0.193473392038468,-0.981105522649388,127.9045484,"Margaliot Near",86.280961,"Margaliot Near 28/10/15",11,0,0,0,0,0,0,0,2,0,1,0,42,0
"784","T1",2015,"Margaliot Near CA5","Mediterranean Maquis","Galilee","Margaliot","Near",NA,NA,35.54081506,33.21524065,28/10/15,1277,-0.74061659,129,-0.193473392038468,-0.981105522649388,138.2716989,"Margaliot Near",95.309325,"Margaliot Near 28/10/15",22,0,0,0,0,0,0,0,1,0,0,0,9,0
"785","T1",2015,"Margaliot Near CA6","Mediterranean Maquis","Galilee","Margaliot","Near",NA,NA,35.54132743,33.21515575,28/10/15,1277,-0.74061659,129,-0.193473392038468,-0.981105522649388,104.4754846,"Margaliot Near",124.450811,"Margaliot Near 28/10/15",4,0,0,0,0,0,0,0,1,0,1,0,7,0
"786","T1",2015,"Margaliot Near CA7","Mediterranean Maquis","Galilee","Margaliot","Near",NA,NA,35.54094993,33.21216371,28/10/15,1277,-0.74061659,129,-0.193473392038468,-0.981105522649388,257.9920506,"Margaliot Near",77.253507,"Margaliot Near 28/10/15",2,0,0,0,0,0,0,0,1,0,0,0,20,0
"787","T1",2015,"Margaliot Near CA8","Mediterranean Maquis","Galilee","Margaliot","Near",NA,NA,35.54195026,33.21457551,28/10/15,1277,-0.74061659,129,-0.193473392038468,-0.981105522649388,93.4132674,"Margaliot Near",133.134323,"Margaliot Near 28/10/15",1,0,0,0,0,0,0,0,0,0,0,0,0,0
"788","T1",2015,"Margaliot Near CA9","Mediterranean Maquis","Galilee","Margaliot","Near",NA,NA,35.54088965,33.21248886,28/10/15,1277,-0.74061659,129,-0.193473392038468,-0.981105522649388,250.9912917,"Margaliot Near",70.370556,"Margaliot Near 28/10/15",7,0,0,0,0,0,0,0,2,0,0,0,77,0
"789","T1",2015,"Nehusha Far ca13","Mediterranean Maquis","Judea","Nehusha","Far",NA,NA,34.945855,31.637132,13/09/15,1232,-0.77678547,84,0.733190320073292,-0.680023495587339,683.4853434,"Nehusha Far",430.107957,"Nehusha Far 13/09/15",0,0,0,0,0,0,0,0,0,0,1,0,0,1
"790","T1",2015,"Nehusha Far ca16","Mediterranean Maquis","Judea","Nehusha","Far",NA,NA,34.94685,31.637652,13/09/15,1232,-0.77678547,84,0.733190320073292,-0.680023495587339,649.7274523,"Nehusha Far",319.903201,"Nehusha Far 13/09/15",0,0,0,0,0,0,0,0,4,0,0,0,0,2
"791","T1",2015,"Nehusha Far ca17","Mediterranean Maquis","Judea","Nehusha","Far",NA,NA,34.944978,31.638885,13/09/15,1232,-0.77678547,84,0.733190320073292,-0.680023495587339,872.4789787,"Nehusha Far",414.224469,"Nehusha Far 13/09/15",0,0,0,0,0,0,0,0,1,0,0,0,0,0
"792","T1",2015,"Nehusha Far ca18","Mediterranean Maquis","Judea","Nehusha","Far",NA,NA,34.948062,31.637562,13/09/15,1232,-0.77678547,84,0.733190320073292,-0.680023495587339,566.1391943,"Nehusha Far",227.660473,"Nehusha Far 13/09/15",0,0,0,0,0,0,1,0,3,0,0,0,0,2
"793","T1",2015,"Nehusha Far ca32","Mediterranean Maquis","Judea","Nehusha","Far",NA,NA,34.946187,31.637503,13/09/15,1232,-0.77678547,84,0.733190320073292,-0.680023495587339,684.9005332,"Nehusha Far",383.933895,"Nehusha Far 13/09/15",0,0,0,0,0,0,3,0,0,0,0,0,0,6
"794","T1",2015,"Nehusha Near ca28","Mediterranean Maquis","Judea","Nehusha","Near",NA,NA,34.952505,31.636078,26/09/15,1245,-0.76633668,97,0.379607739027522,-0.925147536596414,289.4240281,"Nehusha Near",49.828433,"Nehusha Near 26/09/15",0,0,0,0,0,0,0,0,1,0,0,0,0,0
"795","T1",2015,"Nehusha Near ca29","Mediterranean Maquis","Judea","Nehusha","Near",NA,NA,34.951522,31.635937,26/09/15,1245,-0.76633668,97,0.379607739027522,-0.925147536596414,269.1488633,"Nehusha Near",82.461663,"Nehusha Near 26/09/15",18,0,0,0,0,0,0,0,12,0,1,0,0,1
"796","T1",2015,"Nehusha Near ca30","Mediterranean Maquis","Judea","Nehusha","Near",NA,NA,34.953415,31.635553,26/09/15,1245,-0.76633668,97,0.379607739027522,-0.925147536596414,238.2539031,"Nehusha Near",53.321152,"Nehusha Near 26/09/15",1,0,0,0,0,0,0,0,0,0,0,0,0,0
"797","T1",2015,"Nehusha Near ca31","Mediterranean Maquis","Judea","Nehusha","Near",NA,NA,34.951037,31.635583,26/09/15,1245,-0.76633668,97,0.379607739027522,-0.925147536596414,237.8296194,"Nehusha Near",113.317933,"Nehusha Near 26/09/15",1,0,0,0,0,0,0,0,1,0,0,0,0,0
"798","T1",2015,"Nehusha Near ca33","Mediterranean Maquis","Judea","Nehusha","Near",NA,NA,34.95193,31.635872,26/09/15,1245,-0.76633668,97,0.379607739027522,-0.925147536596414,262.3217783,"Nehusha Near",49.727647,"Nehusha Near 26/09/15",3,0,0,0,0,0,0,0,0,0,0,0,0,0
"799","T1",2015,"Nehusha Near ca35","Mediterranean Maquis","Judea","Nehusha","Near",NA,NA,34.953342,31.63592,26/09/15,1245,-0.76633668,97,0.379607739027522,-0.925147536596414,278.2682172,"Nehusha Near",84.623641,"Nehusha Near 26/09/15",0,0,0,0,0,0,0,0,8,0,2,0,0,1
"800","T1",2015,"Nehusha Near ca36","Mediterranean Maquis","Judea","Nehusha","Near",NA,NA,34.953792,31.635158,26/09/15,1245,-0.76633668,97,0.379607739027522,-0.925147536596414,200.753128,"Nehusha Near",39.295156,"Nehusha Near 26/09/15",1,0,0,0,0,0,0,0,0,0,0,0,0,0
"801","T1",2015,"Nir Etzion Far CA19","Mediterranean Maquis","Carmel","Nir Etzion","Far",NA,NA,35.01042733,32.6966915,02/06/15,1129,-0.85957203,-19,-0.149877209662952,0.988704618186669,949.7563038,"Nir Etzion Far",137.979384,"Nir Etzion Far 02/06/15",3,0,0,0,0,0,0,1,0,0,0,0,3,0
"802","T1",2015,"Nir Etzion Far CA20","Mediterranean Maquis","Carmel","Nir Etzion","Far",NA,NA,35.00632468,32.69832898,02/06/15,1129,-0.85957203,-19,-0.149877209662952,0.988704618186669,797.789906,"Nir Etzion Far",530.498771,"Nir Etzion Far 02/06/15",0,0,0,0,0,0,0,0,0,0,0,0,2,0
"803","T1",2015,"Nir Etzion Far CA22","Mediterranean Maquis","Carmel","Nir Etzion","Far",NA,NA,35.00909667,32.69671848,02/06/15,1129,-0.85957203,-19,-0.149877209662952,0.988704618186669,852.4755195,"Nir Etzion Far",216.136133,"Nir Etzion Far 02/06/15",1,0,0,0,0,0,0,1,0,0,0,0,2,0
"804","T1",2015,"Nir Etzion Far CA23","Mediterranean Maquis","Carmel","Nir Etzion","Far",NA,NA,35.00909667,32.69671848,02/06/15,1129,-0.85957203,-19,-0.149877209662952,0.988704618186669,852.4755195,"Nir Etzion Far",216.136133,"Nir Etzion Far 02/06/15",6,0,0,0,0,0,0,1,0,0,0,0,2,1
"805","T1",2015,"Nir Etzion Far CA24","Mediterranean Maquis","Carmel","Nir Etzion","Far",NA,NA,35.00909667,32.69671848,02/06/15,1129,-0.85957203,-19,-0.149877209662952,0.988704618186669,852.4755195,"Nir Etzion Far",216.136133,"Nir Etzion Far 02/06/15",0,0,0,0,0,0,0,1,0,0,0,0,3,0
"806","T1",2015,"Nir Etzion Far CA25","Mediterranean Maquis","Carmel","Nir Etzion","Far",NA,NA,35.00781478,32.69741843,02/06/15,1129,-0.85957203,-19,-0.149877209662952,0.988704618186669,819.6566197,"Nir Etzion Far",358.196338,"Nir Etzion Far 02/06/15",1,0,0,0,0,0,0,0,0,0,0,0,5,0
"807","T1",2015,"Nir Etzion Far CA26","Mediterranean Maquis","Carmel","Nir Etzion","Far",NA,NA,35.00658005,32.69797592,02/06/15,1129,-0.85957203,-19,-0.149877209662952,0.988704618186669,783.436748,"Nir Etzion Far",487.964695,"Nir Etzion Far 02/06/15",0,0,0,0,0,0,0,0,0,0,0,0,1,0
"808","T1",2015,"Nir Etzion Far CA27","Mediterranean Maquis","Carmel","Nir Etzion","Far",NA,NA,35.00716602,32.69801021,02/06/15,1129,-0.85957203,-19,-0.149877209662952,0.988704618186669,823.8632058,"Nir Etzion Far",446.806275,"Nir Etzion Far 02/06/15",0,0,0,0,0,0,0,0,0,0,0,0,5,0
"809","T1",2015,"Nir Etzion Near CA1","Mediterranean Maquis","Carmel","Nir Etzion","Near",NA,NA,34.9944741,32.70081251,02/06/15,1129,-0.85957203,-19,-0.149877209662952,0.988704618186669,57.82210857,"Nir Etzion Near",821.074301,"Nir Etzion Near 02/06/15",0,0,0,0,0,0,0,0,13,0,0,0,1,0
"810","T1",2015,"Nir Etzion Near CA2","Mediterranean Maquis","Carmel","Nir Etzion","Near",NA,NA,34.9949786,32.70040324,02/06/15,1129,-0.85957203,-19,-0.149877209662952,0.988704618186669,19.28992989,"Nir Etzion Near",830.709835,"Nir Etzion Near 02/06/15",4,0,0,0,0,0,0,0,1,0,0,0,1,0
"811","T1",2015,"Nir Etzion Near CA3","Mediterranean Maquis","Carmel","Nir Etzion","Near",NA,NA,34.99687386,32.69999856,02/06/15,1129,-0.85957203,-19,-0.149877209662952,0.988704618186669,53.80341231,"Nir Etzion Near",959.582073,"Nir Etzion Near 02/06/15",37,0,0,0,0,0,0,2,4,0,0,0,2,0
"812","T1",2015,"Nir Etzion Near CA4","Mediterranean Maquis","Carmel","Nir Etzion","Near",NA,NA,34.99259319,32.70131503,02/06/15,1129,-0.85957203,-19,-0.149877209662952,0.988704618186669,26.83459666,"Nir Etzion Near",738.440418,"Nir Etzion Near 02/06/15",18,0,0,0,0,0,0,0,1,0,0,0,2,0
"813","T1",2015,"Nir Etzion Near CA5","Mediterranean Maquis","Carmel","Nir Etzion","Near",NA,NA,34.99807964,32.69960292,02/06/15,1129,-0.85957203,-19,-0.149877209662952,0.988704618186669,125.1176368,"Nir Etzion Near",1044.157662,"Nir Etzion Near 02/06/15",11,0,0,0,0,0,0,2,3,0,1,0,3,0
"814","T1",2015,"Nir Etzion Near CA6","Mediterranean Maquis","Carmel","Nir Etzion","Near",NA,NA,34.99625762,32.70015982,02/06/15,1129,-0.85957203,-19,-0.149877209662952,0.988704618186669,34.05583986,"Nir Etzion Near",917.274939,"Nir Etzion Near 02/06/15",35,0,0,0,0,0,0,0,0,0,0,0,3,0
"815","T1",2015,"Nir Etzion Near CA7","Mediterranean Maquis","Carmel","Nir Etzion","Near",NA,NA,34.99376582,32.70115116,02/06/15,1129,-0.85957203,-19,-0.149877209662952,0.988704618186669,76.88206479,"Nir Etzion Near",797.534668,"Nir Etzion Near 02/06/15",5,0,0,0,0,0,0,0,1,0,0,0,1,0
"816","T1",2015,"Nir Etzion Near CA8","Mediterranean Maquis","Carmel","Nir Etzion","Near",NA,NA,34.99546513,32.70027373,02/06/15,1129,-0.85957203,-19,-0.149877209662952,0.988704618186669,11.26568838,"Nir Etzion Near",860.3648,"Nir Etzion Near 02/06/15",4,0,0,0,0,0,0,1,1,0,0,0,2,0
"817","T1",2015,"Nir Etzion Near CA9","Mediterranean Maquis","Carmel","Nir Etzion","Near",NA,NA,34.99729763,32.699768,02/06/15,1129,-0.85957203,-19,-0.149877209662952,0.988704618186669,61.7537806,"Nir Etzion Near",984.145317,"Nir Etzion Near 02/06/15",11,0,0,0,0,0,0,0,0,0,0,0,10,0
"818","T1",2015,"Ofer Far CA30","Mediterranean Maquis","Carmel","Ofer","Far",NA,NA,34.99239819,32.61565017,18/05/15,1114,-0.87162832,-34,-0.529082686120024,-0.848570274784605,717.321826,"Ofer Far",34.233204,"Ofer Far 18/05/15",0,0,0,0,0,0,0,0,1,0,0,0,0,1
"819","T1",2015,"Ofer Far CA31","Mediterranean Maquis","Carmel","Ofer","Far",NA,NA,34.99393732,32.61547824,18/05/15,1114,-0.87162832,-34,-0.529082686120024,-0.848570274784605,858.0758427,"Ofer Far",25.647358,"Ofer Far 18/05/15",1,0,0,0,0,0,0,6,6,0,0,0,2,0
"820","T1",2015,"Ofer Far CA32_100","Mediterranean Maquis","Carmel","Ofer","Far",NA,NA,34.99473901,32.61512449,18/05/15,1114,-0.87162832,-34,-0.529082686120024,-0.848570274784605,942.4593861,"Ofer Far",4.296711,"Ofer Far 18/05/15",10,0,0,0,0,0,1,2,4,0,3,0,1,4
"821","T1",2015,"Ofer Far CA33","Mediterranean Maquis","Carmel","Ofer","Far",NA,NA,34.99153256,32.61549298,18/05/15,1114,-0.87162832,-34,-0.529082686120024,-0.848570274784605,651.978428,"Ofer Far",27.004035,"Ofer Far 18/05/15",5,0,0,0,0,0,0,2,16,0,5,0,7,6
"822","T1",2015,"Ofer Far CA34","Mediterranean Maquis","Carmel","Ofer","Far",NA,NA,34.99349852,32.61580744,18/05/15,1114,-0.87162832,-34,-0.529082686120024,-0.848570274784605,806.7071675,"Ofer Far",24.225353,"Ofer Far 18/05/15",7,0,0,0,0,0,0,3,1,0,0,0,3,1
"823","T1",2015,"Ofer Far CA35","Mediterranean Maquis","Carmel","Ofer","Far",NA,NA,34.99095279,32.61516257,18/05/15,1114,-0.87162832,-34,-0.529082686120024,-0.848570274784605,624.0849,"Ofer Far",19.859087,"Ofer Far 18/05/15",0,0,0,0,0,0,0,0,1,0,0,0,1,0
"824","T1",2015,"Ofer Far CA36","Mediterranean Maquis","Carmel","Ofer","Far",NA,NA,34.99489724,32.61470864,18/05/15,1114,-0.87162832,-34,-0.529082686120024,-0.848570274784605,974.0651753,"Ofer Far",46.849501,"Ofer Far 18/05/15",2,0,0,0,0,0,0,0,0,0,0,0,2,1
"825","T1",2015,"Ofer Near CA1","Mediterranean Maquis","Carmel","Ofer","Near",NA,NA,34.98264104,32.61673473,18/05/15,1114,-0.87162832,-34,-0.529082686120024,-0.848570274784605,94.61251929,"Ofer Near",165.411204,"Ofer Near 18/05/15",24,0,0,0,0,0,0,0,0,0,0,0,5,0
"826","T1",2015,"Ofer Near CA2","Mediterranean Maquis","Carmel","Ofer","Near",NA,NA,34.98260877,32.61697241,18/05/15,1114,-0.87162832,-34,-0.529082686120024,-0.848570274784605,69.28292714,"Ofer Near",144.819647,"Ofer Near 18/05/15",20,0,0,0,0,0,0,0,0,0,0,0,7,0
"827","T1",2015,"Ofer Near CA3","Mediterranean Maquis","Carmel","Ofer","Near",NA,NA,34.98334644,32.61736483,18/05/15,1114,-0.87162832,-34,-0.529082686120024,-0.848570274784605,40.57099943,"Ofer Near",74.911984,"Ofer Near 18/05/15",21,0,0,0,0,0,0,0,0,0,0,0,3,0
"828","T1",2015,"Ofer Near CA4","Mediterranean Maquis","Carmel","Ofer","Near",NA,NA,34.98530357,32.61809398,18/05/15,1114,-0.87162832,-34,-0.529082686120024,-0.848570274784605,20.06895787,"Ofer Near",68.722157,"Ofer Near 18/05/15",59,0,0,0,0,0,0,0,0,0,0,0,35,0
"829","T1",2015,"Ofer Near CA5","Mediterranean Maquis","Carmel","Ofer","Near",NA,NA,34.98673248,32.61836475,18/05/15,1114,-0.87162832,-34,-0.529082686120024,-0.848570274784605,124.2511911,"Ofer Near",72.917077,"Ofer Near 18/05/15",18,0,0,0,0,0,0,0,0,0,0,0,7,0
"830","T1",2015,"Ofer Near CA8","Mediterranean Maquis","Carmel","Ofer","Near",NA,NA,34.98409875,32.61760447,18/05/15,1114,-0.87162832,-34,-0.529082686120024,-0.848570274784605,18.15430158,"Ofer Near",26.325356,"Ofer Near 18/05/15",0,0,0,0,0,0,0,0,0,0,0,0,1,0
"831","T1",2015,"Yagur Far 1","Mediterranean Maquis","Carmel","Yagur","Far",NA,NA,35.05639606,32.7532141,28/06/15,1155,-0.83867445,7,0.656986598718789,0.753902254343305,937.1603969,"Yagur Far",430.892034,"Yagur Far 28/06/15",0,0,0,0,0,0,0,1,0,0,0,0,1,3
"832","T1",2015,"Yagur Far 2","Mediterranean Maquis","Carmel","Yagur","Far",NA,NA,35.05594347,32.75354849,28/06/15,1155,-0.83867445,7,0.656986598718789,0.753902254343305,880.8792538,"Yagur Far",451.774359,"Yagur Far 28/06/15",0,0,0,0,0,0,0,0,0,0,0,0,0,1
"833","T1",2015,"Yagur Far 3","Mediterranean Maquis","Carmel","Yagur","Far",NA,NA,35.05327198,32.75542125,28/06/15,1155,-0.83867445,7,0.656986598718789,0.753902254343305,556.9574338,"Yagur Far",607.983492,"Yagur Far 28/06/15",5,0,0,0,0,0,0,0,0,0,0,0,0,3
"834","T1",2015,"Yagur Far 5","Mediterranean Maquis","Carmel","Yagur","Far",NA,NA,35.05414152,32.75441262,28/06/15,1155,-0.83867445,7,0.656986598718789,0.753902254343305,694.360392,"Yagur Far",557.578543,"Yagur Far 28/06/15",0,0,0,0,0,0,0,0,4,0,0,0,1,0
"835","T1",2015,"Yagur Far 6","Mediterranean Maquis","Carmel","Yagur","Far",NA,NA,35.05366101,32.75553026,28/06/15,1155,-0.83867445,7,0.656986598718789,0.753902254343305,574.467057,"Yagur Far",570.178731,"Yagur Far 28/06/15",9,0,0,0,0,0,0,2,0,0,0,0,3,0
"836","T1",2015,"Yagur Far 7","Mediterranean Maquis","Carmel","Yagur","Far",NA,NA,35.05665043,32.75255345,28/06/15,1155,-0.83867445,7,0.656986598718789,0.753902254343305,1005.666645,"Yagur Far",444.987381,"Yagur Far 28/06/15",0,0,0,0,0,0,0,0,1,0,0,0,2,0
"837","T1",2015,"Yagur Far 8","Mediterranean Maquis","Carmel","Yagur","Far",NA,NA,35.05331661,32.75469011,28/06/15,1155,-0.83867445,7,0.656986598718789,0.753902254343305,620.7150514,"Yagur Far",621.106461,"Yagur Far 28/06/15",0,0,0,0,0,0,0,0,0,0,0,0,0,2
"838","T1",2015,"Yagur Near 19","Mediterranean Maquis","Carmel","Yagur","Near",NA,NA,35.07504567,32.73905963,29/10/15,1278,-0.73981284,130,-0.930105950186762,-0.367291330454696,33.78950067,"Yagur Near",592.601112,"Yagur Near 29/10/15",8,0,0,0,0,0,0,0,0,0,3,0,3,6
"839","T1",2015,"Yagur Near 20","Mediterranean Maquis","Carmel","Yagur","Near",NA,NA,35.07740009,32.73840007,29/10/15,1278,-0.73981284,130,-0.930105950186762,-0.367291330454696,47.3965364,"Yagur Near",444.034525,"Yagur Near 29/10/15",1,0,0,0,0,0,0,1,1,0,3,0,1,2
"840","T1",2015,"Yagur Near 21","Mediterranean Maquis","Carmel","Yagur","Near",NA,NA,35.07574862,32.73903762,29/10/15,1278,-0.73981284,130,-0.930105950186762,-0.367291330454696,30.13201441,"Yagur Near",559.071148,"Yagur Near 29/10/15",1,0,0,0,0,0,0,0,0,0,0,0,0,1
"841","T1",2015,"Yagur Near 23","Mediterranean Maquis","Carmel","Yagur","Near",NA,NA,35.07857588,32.73729296,29/10/15,1278,-0.73981284,130,-0.930105950186762,-0.367291330454696,41.37015169,"Yagur Near",282.892583,"Yagur Near 29/10/15",0,0,0,0,0,0,0,0,0,0,2,0,0,1
"842","T1",2015,"Yagur Near 24","Mediterranean Maquis","Carmel","Yagur","Near",NA,NA,35.07702439,32.73857675,29/10/15,1278,-0.73981284,130,-0.930105950186762,-0.367291330454696,44.89955682,"Yagur Near",465.93336,"Yagur Near 29/10/15",1,0,0,0,0,0,0,0,0,0,2,0,0,0
"843","T1",2015,"Yagur Near 25","Mediterranean Maquis","Carmel","Yagur","Near",NA,NA,35.07863093,32.73765512,29/10/15,1278,-0.73981284,130,-0.930105950186762,-0.367291330454696,44.57916641,"Yagur Near",314.266902,"Yagur Near 29/10/15",1,0,0,0,0,0,0,0,0,0,3,0,0,4
"844","T1",2015,"Yagur Near 26","Mediterranean Maquis","Carmel","Yagur","Near",NA,NA,35.07768327,32.73860207,29/10/15,1278,-0.73981284,130,-0.930105950186762,-0.367291330454696,15.74037968,"Yagur Near",409.876121,"Yagur Near 29/10/15",2,0,0,0,0,0,0,0,1,0,3,0,0,0
"845","T1",2015,"Yagur Near 27","Mediterranean Maquis","Carmel","Yagur","Near",NA,NA,35.07834232,32.73807264,29/10/15,1278,-0.73981284,130,-0.930105950186762,-0.367291330454696,26.43193428,"Yagur Near",367.888905,"Yagur Near 29/10/15",12,0,0,0,0,0,0,0,1,0,33,0,3,3
"846","T1",2015,"Yiftach Far CA2","Mediterranean Maquis","Galilee","Iftach","Far",NA,NA,35.55741463,33.12236399,05/08/15,1193,-0.80813184,45,0.850903524534118,0.52532198881773,305.1507397,"Iftach Far",168.169389,"Iftach Far 05/08/15",1,0,0,0,0,0,3,0,0,0,0,0,1,2
"847","T1",2015,"Yiftach Far CA3","Mediterranean Maquis","Galilee","Iftach","Far",NA,NA,35.55763796,33.12370967,05/08/15,1193,-0.80813184,45,0.850903524534118,0.52532198881773,270.9851989,"Iftach Far",174.855658,"Iftach Far 05/08/15",0,0,0,0,0,0,0,0,1,0,0,0,0,1
"848","T1",2015,"Yiftach Far CA5","Mediterranean Maquis","Galilee","Iftach","Far",NA,NA,35.55785093,33.12309269,05/08/15,1193,-0.80813184,45,0.850903524534118,0.52532198881773,304.9598265,"Iftach Far",212.59193,"Iftach Far 05/08/15",2,0,0,0,0,0,0,0,0,0,0,0,0,1
"849","T1",2015,"Yiftach Far CA6","Mediterranean Maquis","Galilee","Iftach","Far",NA,NA,35.55590911,33.12116217,05/08/15,1193,-0.80813184,45,0.850903524534118,0.52532198881773,328.3708573,"Iftach Far",72.517505,"Iftach Far 05/08/15",0,0,0,0,0,0,2,0,0,0,0,0,8,0
"850","T1",2015,"Yiftach Far CA7","Mediterranean Maquis","Galilee","Iftach","Far",NA,NA,35.5576367,33.12412528,05/08/15,1193,-0.80813184,45,0.850903524534118,0.52532198881773,265.587453,"Iftach Far",168.433658,"Iftach Far 05/08/15",0,0,0,0,0,0,1,0,6,0,0,0,4,4
"851","T1",2015,"Yiftach Far CA8","Mediterranean Maquis","Galilee","Iftach","Far",NA,NA,35.55824232,33.12207109,05/08/15,1193,-0.80813184,45,0.850903524534118,0.52532198881773,387.3653845,"Iftach Far",241.899575,"Iftach Far 05/08/15",0,0,0,0,0,0,0,0,2,0,0,0,0,0
"852","T1",2015,"Yiftach Far CA9","Mediterranean Maquis","Galilee","Iftach","Far",NA,NA,35.55741136,33.12117456,05/08/15,1193,-0.80813184,45,0.850903524534118,0.52532198881773,396.221225,"Iftach Far",188.080034,"Iftach Far 05/08/15",0,0,0,0,0,0,1,0,0,0,0,0,1,2
"853","T1",2015,"Yiftach Near CA19","Mediterranean Maquis","Galilee","Iftach","Near",NA,NA,35.55478652,33.13105155,05/08/15,1193,-0.80813184,45,0.850903524534118,0.52532198881773,51.09418865,"Iftach Near",109.512047,"Iftach Near 05/08/15",6,0,0,0,0,0,0,0,11,0,0,0,15,0
"854","T1",2015,"Yiftach Near CA20","Mediterranean Maquis","Galilee","Iftach","Near",NA,NA,35.55572972,33.12736236,05/08/15,1193,-0.80813184,45,0.850903524534118,0.52532198881773,51.38744663,"Iftach Near",192.189951,"Iftach Near 05/08/15",1,0,0,0,0,0,0,0,0,0,0,0,0,1
"855","T1",2015,"Yiftach Near CA21","Mediterranean Maquis","Galilee","Iftach","Near",NA,NA,35.55569579,33.12680988,05/08/15,1193,-0.80813184,45,0.850903524534118,0.52532198881773,51.54376961,"Iftach Near",133.317157,"Iftach Near 05/08/15",0,0,0,0,0,0,0,0,1,0,0,0,9,4
"856","T1",2015,"Yiftach Near CA23","Mediterranean Maquis","Galilee","Iftach","Near",NA,NA,35.55536991,33.12592988,05/08/15,1193,-0.80813184,45,0.850903524534118,0.52532198881773,32.51264921,"Iftach Near",31.821622,"Iftach Near 05/08/15",2,0,0,0,0,0,0,0,0,0,0,0,2,3
"857","T1",2015,"Yiftach Near CA25","Mediterranean Maquis","Galilee","Iftach","Near",NA,NA,35.55578227,33.12803782,05/08/15,1193,-0.80813184,45,0.850903524534118,0.52532198881773,60.27139646,"Iftach Near",265.292626,"Iftach Near 05/08/15",0,0,0,0,0,0,0,0,5,0,1,0,0,2
"858","T1",2015,"Yiftach Near CA26","Mediterranean Maquis","Galilee","Iftach","Near",NA,NA,35.55476435,33.13167061,05/08/15,1193,-0.80813184,45,0.850903524534118,0.52532198881773,91.85408116,"Iftach Near",81.538833,"Iftach Near 05/08/15",4,0,0,0,0,0,0,0,3,0,2,0,32,1
"859","T1",2015,"Yiftach Near CA27","Mediterranean Maquis","Galilee","Iftach","Near",NA,NA,35.55566681,33.12916941,05/08/15,1193,-0.80813184,45,0.850903524534118,0.52532198881773,56.19168543,"Iftach Near",194.199762,"Iftach Near 05/08/15",2,0,0,0,0,0,0,0,2,0,0,0,14,12
"860","T1",2016,"Bislach Far 13","Negev Highlands",NA,"Bislach","Far",NA,NA,34.863535,31.02114,19/10/16,1634,-0.45367678,120,0.580611184212314,0.814180970526562,690.6238278,"Bislach Far",4151.942039,"Bislach Far 19/10/16",0,0,0,0,0,0,0,1,0,0,0,0,0,0
"861","T1",2016,"Bislach Far 19","Negev Highlands",NA,"Bislach","Far",NA,NA,34.85986833,31.0191,19/10/16,1634,-0.45367678,120,0.580611184212314,0.814180970526562,382.7754421,"Bislach Far",4400.477171,"Bislach Far 19/10/16",1,0,0,0,0,0,0,0,0,0,0,0,0,0
"862","T1",2016,"Bislach Far 20","Negev Highlands",NA,"Bislach","Far",NA,NA,34.85860667,31.01913167,19/10/16,1634,-0.45367678,120,0.580611184212314,0.814180970526562,408.5843649,"Bislach Far",4411.109008,"Bislach Far 19/10/16",6,0,0,0,0,0,0,0,0,0,0,0,0,0
"863","T1",2016,"Bislach Far 27","Negev Highlands",NA,"Bislach","Far",NA,NA,34.85808167,31.01981167,19/10/16,1634,-0.45367678,120,0.580611184212314,0.814180970526562,493.6876865,"Bislach Far",4343.322753,"Bislach Far 19/10/16",4,0,0,0,0,0,0,1,0,0,0,0,0,0
"864","T1",2016,"Bislach Far 29","Negev Highlands",NA,"Bislach","Far",NA,NA,34.86270667,31.02079333,19/10/16,1634,-0.45367678,120,0.580611184212314,0.814180970526562,621.4471984,"Bislach Far",4193.11449,"Bislach Far 19/10/16",1,0,0,0,0,0,0,4,0,1,0,0,0,2
"865","T1",2016,"Bislach Far 31","Negev Highlands",NA,"Bislach","Far",NA,NA,34.86011667,31.02104833,19/10/16,1634,-0.45367678,120,0.580611184212314,0.814180970526562,598.0934045,"Bislach Far",4183.16648,"Bislach Far 19/10/16",0,0,0,0,0,0,0,0,0,1,0,0,0,0
"866","T1",2016,"Bislach Far 35","Negev Highlands",NA,"Bislach","Far",NA,NA,34.86454,31.02196,19/10/16,1634,-0.45367678,120,0.580611184212314,0.814180970526562,817.1949921,"Bislach Far",4059.681896,"Bislach Far 19/10/16",2,0,0,0,0,0,0,1,0,0,0,0,0,0
"867","T1",2016,"Bislach Near 30","Negev Highlands",NA,"Bislach","Near",NA,NA,34.870392,31.009702,19/10/16,1634,-0.45367678,120,0.580611184212314,0.814180970526562,772.4910015,"Bislach Near",5446.432348,"Bislach Near 19/10/16",0,0,0,0,0,0,0,1,0,0,0,0,0,1
"868","T1",2016,"Bislach Near 33","Negev Highlands",NA,"Bislach","Near",NA,NA,34.871088,31.01039,19/10/16,1634,-0.45367678,120,0.580611184212314,0.814180970526562,810.4966378,"Bislach Near",5377.737741,"Bislach Near 19/10/16",0,0,0,0,0,1,0,1,0,0,0,0,0,0
"869","T1",2016,"Ezuz Far 22","Negev Highlands",NA,"Ezuz","Far",NA,NA,34.46147,30.778695,20/09/16,1605,-0.47698561,91,0.105987511751157,-0.994367460928201,1737.703432,"Ezuz Far",1759.44971,"Ezuz Far 20/09/16",0,0,0,0,0,1,0,0,0,0,0,0,0,0
"870","T1",2016,"Ezuz Far 23","Negev Highlands",NA,"Ezuz","Far",NA,NA,34.46194333,30.77885,20/09/16,1605,-0.47698561,91,0.105987511751157,-0.994367460928201,1696.977026,"Ezuz Far",1711.033827,"Ezuz Far 20/09/16",0,0,0,0,0,0,0,0,0,1,0,0,0,0
"871","T1",2016,"Ezuz Far 26","Negev Highlands",NA,"Ezuz","Far",NA,NA,34.46195,30.77894667,20/09/16,1605,-0.47698561,91,0.105987511751157,-0.994367460928201,1687.938691,"Ezuz Far",1707.102231,"Ezuz Far 20/09/16",0,0,0,0,0,1,0,0,0,0,0,0,0,0
"872","T1",2016,"Ezuz Far 3","Negev Highlands",NA,"Ezuz","Far",NA,NA,34.4608,30.77915,20/09/16,1605,-0.47698561,91,0.105987511751157,-0.994367460928201,1737.719603,"Ezuz Far",1805.778817,"Ezuz Far 20/09/16",0,0,0,0,0,0,0,0,2,0,0,0,0,0
"873","T1",2016,"Ezuz Far 33","Negev Highlands",NA,"Ezuz","Far",NA,NA,34.46628,30.78124333,20/09/16,1605,-0.47698561,91,0.105987511751157,-0.994367460928201,1251.406039,"Ezuz Far",1239.724769,"Ezuz Far 20/09/16",1,0,0,0,0,2,0,0,0,0,0,0,0,0
"874","T1",2016,"Ezuz Near 19","Negev Highlands",NA,"Ezuz","Near",NA,NA,34.467005,30.79575667,20/09/16,1605,-0.47698561,91,0.105987511751157,-0.994367460928201,563.4141248,"Ezuz Near",772.416451,"Ezuz Near 20/09/16",3,0,0,0,0,8,0,0,3,2,0,0,0,4
"875","T1",2016,"Ezuz Near 31","Negev Highlands",NA,"Ezuz","Near",NA,NA,34.46701863,30.79248264,20/09/16,1605,-0.47698561,91,0.105987511751157,-0.994367460928201,465.4679765,"Ezuz Near",1057.732344,"Ezuz Near 20/09/16",0,0,0,0,0,0,0,3,1,0,0,0,0,0
"876","T1",2016,"Ezuz Near 34","Negev Highlands",NA,"Ezuz","Near",NA,NA,34.46726333,30.79575667,20/09/16,1605,-0.47698561,91,0.105987511751157,-0.994367460928201,542.4441944,"Ezuz Near",757.706129,"Ezuz Near 20/09/16",1,0,0,0,0,0,0,0,2,0,0,0,0,0
"877","T1",2016,"Ezuz Near 35","Negev Highlands",NA,"Ezuz","Near",NA,NA,34.46461,30.797965,20/09/16,1605,-0.47698561,91,0.105987511751157,-0.994367460928201,882.0383995,"Ezuz Near",787.070894,"Ezuz Near 20/09/16",1,0,0,0,0,0,0,0,0,1,0,0,0,0
"878","T1",2016,"Ezuz Near 4","Negev Highlands",NA,"Ezuz","Near",NA,NA,34.46556833,30.79734,20/09/16,1605,-0.47698561,91,0.105987511751157,-0.994367460928201,768.3606817,"Ezuz Near",746.435842,"Ezuz Near 20/09/16",0,0,0,0,0,2,0,0,1,0,0,0,0,0
"879","T1",2016,"Merhav Am Far 1","Negev Highlands",NA,"Merhav Am","Far",NA,NA,34.83645167,30.897225,23/06/16,1516,-0.54851963,2,0.909297426825682,-0.416146836547142,1072.495205,"Merhav Am Far",529.942902,"Merhav Am Far 23/06/16",0,0,0,0,0,0,0,1,0,0,0,0,0,0
"880","T1",2016,"Merhav Am Far 13","Negev Highlands",NA,"Merhav Am","Far",NA,NA,34.83339511,30.89888087,23/06/16,1516,-0.54851963,2,0.909297426825682,-0.416146836547142,1092.129484,"Merhav Am Far",450.137264,"Merhav Am Far 23/06/16",0,0,0,0,0,0,0,2,2,0,0,0,0,2
"881","T1",2016,"Merhav Am Far 16","Negev Highlands",NA,"Merhav Am","Far",NA,NA,34.83535167,30.89731,23/06/16,1516,-0.54851963,2,0.909297426825682,-0.416146836547142,1018.912627,"Merhav Am Far",530.107325,"Merhav Am Far 23/06/16",0,0,0,0,0,0,0,0,0,1,0,0,0,0
"882","T1",2016,"Merhav Am Far 17","Negev Highlands",NA,"Merhav Am","Far",NA,NA,34.83857,30.89606,23/06/16,1516,-0.54851963,2,0.909297426825682,-0.416146836547142,1065.686176,"Merhav Am Far",690.894211,"Merhav Am Far 23/06/16",0,0,0,0,0,0,0,0,0,0,0,0,0,1
"883","T1",2016,"Merhav Am Far 18","Negev Highlands",NA,"Merhav Am","Far",NA,NA,34.83767667,30.897085,23/06/16,1516,-0.54851963,2,0.909297426825682,-0.416146836547142,1121.069404,"Merhav Am Far",558.879926,"Merhav Am Far 23/06/16",0,0,0,0,0,0,0,0,0,1,0,0,0,1
"884","T1",2016,"Merhav Am Far 20","Negev Highlands",NA,"Merhav Am","Far",NA,NA,34.83622333,30.89828667,23/06/16,1516,-0.54851963,2,0.909297426825682,-0.416146836547142,1155.179316,"Merhav Am Far",412.570157,"Merhav Am Far 23/06/16",0,0,0,0,0,0,0,0,2,0,0,0,0,1
"885","T1",2016,"Merhav Am Far 29","Negev Highlands",NA,"Merhav Am","Far",NA,NA,34.83711,30.897415,23/06/16,1516,-0.54851963,2,0.909297426825682,-0.416146836547142,1128.486793,"Merhav Am Far",513.331487,"Merhav Am Far 23/06/16",0,0,0,0,0,0,0,0,1,0,0,0,0,1
"886","T1",2016,"Merhav Am Near 10","Negev Highlands",NA,"Merhav Am","Near",NA,NA,34.8269,30.885555,23/06/16,1516,-0.54851963,2,0.909297426825682,-0.416146836547142,124.9581344,"Merhav Am Near",674.424433,"Merhav Am Near 23/06/16",0,0,0,0,0,0,0,0,0,0,0,0,0,1
"887","T1",2016,"Merhav Am Near 2","Negev Highlands",NA,"Merhav Am","Near",NA,NA,34.82552,30.88814833,23/06/16,1516,-0.54851963,2,0.909297426825682,-0.416146836547142,50.77462973,"Merhav Am Near",561.037886,"Merhav Am Near 23/06/16",0,0,0,0,0,0,0,0,0,0,0,0,0,2
"888","T1",2016,"Merhav Am Near 21","Negev Highlands",NA,"Merhav Am","Near",NA,NA,34.82958667,30.88471,23/06/16,1516,-0.54851963,2,0.909297426825682,-0.416146836547142,157.5670948,"Merhav Am Near",935.582318,"Merhav Am Near 23/06/16",0,0,0,0,0,0,0,0,0,0,0,0,0,15
"889","T1",2016,"Merhav Am Near 22","Negev Highlands",NA,"Merhav Am","Near",NA,NA,34.82662333,30.88389667,23/06/16,1516,-0.54851963,2,0.909297426825682,-0.416146836547142,297.1672063,"Merhav Am Near",640.7081,"Merhav Am Near 23/06/16",0,0,0,0,0,0,0,0,0,1,0,0,0,0
"890","T1",2016,"Merhav Am Near 5","Negev Highlands",NA,"Merhav Am","Near",NA,NA,34.83022267,30.88441425,23/06/16,1516,-0.54851963,2,0.909297426825682,-0.416146836547142,173.3486477,"Merhav Am Near",979.528889,"Merhav Am Near 23/06/16",0,0,0,0,0,0,0,0,0,0,0,0,0,2
"891","T1",2016,"Merhav Am Near 7","Negev Highlands",NA,"Merhav Am","Near",NA,NA,34.82635833,30.88452167,23/06/16,1516,-0.54851963,2,0.909297426825682,-0.416146836547142,247.4237881,"Merhav Am Near",649.459855,"Merhav Am Near 23/06/16",0,0,0,0,0,0,0,0,0,0,0,0,0,3
"892","T1",2016,"Sde Boker Far 12","Negev Highlands",NA,"Sde Boker","Far",NA,NA,34.776844,30.887636,11/08/16,1565,-0.50913573,51,0.670229175843375,0.742154196813783,1758.146674,"Sde Boker Far",1191.801427,"Sde Boker Far 11/08/16",0,0,0,0,0,0,0,0,0,0,0,0,0,2
"893","T1",2016,"Sde Boker Far 16","Negev Highlands",NA,"Sde Boker","Far",NA,NA,34.776062,30.885925,11/08/16,1565,-0.50913573,51,0.670229175843375,0.742154196813783,1675.77846,"Sde Boker Far",1088.839096,"Sde Boker Far 11/08/16",0,0,0,0,0,1,0,0,0,0,0,0,0,5
"894","T1",2016,"Sde Boker Far 18","Negev Highlands",NA,"Sde Boker","Far",NA,NA,34.77822,30.88544,11/08/16,1565,-0.50913573,51,0.670229175843375,0.742154196813783,1490.052686,"Sde Boker Far",916.673791,"Sde Boker Far 11/08/16",0,0,0,0,0,0,0,0,0,0,0,0,0,1
"895","T1",2016,"Sde Boker Far 2","Negev Highlands",NA,"Sde Boker","Far",NA,NA,34.778924,30.886516,11/08/16,1565,-0.50913573,51,0.670229175843375,0.742154196813783,1534.703016,"Sde Boker Far",982.635368,"Sde Boker Far 11/08/16",1,0,0,0,0,5,0,0,0,0,0,0,0,1
"896","T1",2016,"Sde Boker Far 22","Negev Highlands",NA,"Sde Boker","Far",NA,NA,34.777178,30.888393,11/08/16,1565,-0.50913573,51,0.670229175843375,0.742154196813783,1801.486446,"Sde Boker Far",1245.89863,"Sde Boker Far 11/08/16",0,0,0,0,0,0,0,0,0,0,0,0,0,1
"897","T1",2016,"Sde Boker Far 7","Negev Highlands",NA,"Sde Boker","Far",NA,NA,34.780089,30.887889,11/08/16,1565,-0.50913573,51,0.670229175843375,0.742154196813783,1593.050559,"Sde Boker Far",1077.621997,"Sde Boker Far 11/08/16",1,0,0,0,0,3,0,0,4,0,0,0,0,23
"898","T1",2016,"Sde Boker Near 11","Negev Highlands",NA,"Sde Boker","Near",NA,NA,34.79126542,30.87761434,11/08/16,1565,-0.50913573,51,0.670229175843375,0.742154196813783,173.9785336,"Sde Boker Near",81.303222,"Sde Boker Near 11/08/16",0,0,0,0,0,0,0,0,0,0,0,0,0,3
"899","T1",2016,"Sde Boker Near 15","Negev Highlands",NA,"Sde Boker","Near",NA,NA,34.79210479,30.87818443,11/08/16,1565,-0.50913573,51,0.670229175843375,0.742154196813783,234.4310094,"Sde Boker Near",140.943881,"Sde Boker Near 11/08/16",0,0,0,0,0,0,0,0,1,0,0,0,0,0
"900","T1",2016,"Sde Boker Near 19","Negev Highlands",NA,"Sde Boker","Near",NA,NA,34.79468507,30.87918014,11/08/16,1565,-0.50913573,51,0.670229175843375,0.742154196813783,350.5047802,"Sde Boker Near",102.67715,"Sde Boker Near 11/08/16",4,0,0,0,0,0,0,0,2,0,0,0,0,0
"901","T1",2016,"Sde Boker Near 21","Negev Highlands",NA,"Sde Boker","Near",NA,NA,34.79292278,30.87880033,11/08/16,1565,-0.50913573,51,0.670229175843375,0.742154196813783,300.0292017,"Sde Boker Near",223.933748,"Sde Boker Near 11/08/16",1,0,0,0,0,0,0,0,0,0,0,0,0,4
"902","T1",2016,"Sde Boker Near 29","Negev Highlands",NA,"Sde Boker","Near",NA,NA,34.7952401,30.88078946,11/08/16,1565,-0.50913573,51,0.670229175843375,0.742154196813783,536.5626141,"Sde Boker Near",102.35657,"Sde Boker Near 11/08/16",0,0,0,0,0,0,0,0,0,0,0,0,0,2
"903","T1",2016,"Sde Boker Near 3","Negev Highlands",NA,"Sde Boker","Near",NA,NA,34.79564116,30.8815382,11/08/16,1565,-0.50913573,51,0.670229175843375,0.742154196813783,626.8933479,"Sde Boker Near",117.114955,"Sde Boker Near 11/08/16",1,0,0,0,0,0,0,0,1,0,0,0,0,1
"904","T1",2016,"Sde Boker Near 5","Negev Highlands",NA,"Sde Boker","Near",NA,NA,34.79399895,30.87964627,11/08/16,1565,-0.50913573,51,0.670229175843375,0.742154196813783,391.8091914,"Sde Boker Near",182.685168,"Sde Boker Near 11/08/16",1,0,0,0,0,0,0,0,0,0,0,0,0,0
"905","T1",2016,"Yeruham Far 10","Negev Highlands",NA,"Yeruham","Far",NA,NA,34.89206601,30.97663853,24/08/16,1578,-0.49868694,64,0.920026038196791,0.39185723042955,2188.392848,"Yeruham Far",4627.017802,"Yeruham Far 24/08/16",0,0,0,0,0,0,0,0,0,1,0,0,0,1
"906","T1",2016,"Yeruham Far 16","Negev Highlands",NA,"Yeruham","Far",NA,NA,34.89578219,30.97493337,24/08/16,1578,-0.49868694,64,0.920026038196791,0.39185723042955,2030.691189,"Yeruham Far",4322.829617,"Yeruham Far 24/08/16",0,0,0,0,0,0,0,0,0,0,0,0,0,1
"907","T1",2016,"Yeruham Far 18","Negev Highlands",NA,"Yeruham","Far",NA,NA,34.8958256,30.97773169,24/08/16,1578,-0.49868694,64,0.920026038196791,0.39185723042955,1828.331297,"Yeruham Far",4269.011497,"Yeruham Far 24/08/16",1,0,0,0,0,0,0,1,0,7,0,0,0,1
"908","T1",2016,"Yeruham Far 2","Negev Highlands",NA,"Yeruham","Far",NA,NA,34.89577488,30.97589084,24/08/16,1578,-0.49868694,64,0.920026038196791,0.39185723042955,1959.926743,"Yeruham Far",4304.067531,"Yeruham Far 24/08/16",0,0,0,0,0,0,0,0,0,0,0,0,0,1
"909","T1",2016,"Yeruham Far 20","Negev Highlands",NA,"Yeruham","Far",NA,NA,34.89342892,30.9787791,24/08/16,1578,-0.49868694,64,0.920026038196791,0.39185723042955,1947.279369,"Yeruham Far",4483.92551,"Yeruham Far 24/08/16",0,0,0,0,0,0,0,1,0,0,0,0,0,0
"910","T1",2016,"Yeruham Far 22","Negev Highlands",NA,"Yeruham","Far",NA,NA,34.89593998,30.97692714,24/08/16,1578,-0.49868694,64,0.920026038196791,0.39185723042955,1874.152695,"Yeruham Far",4270.279758,"Yeruham Far 24/08/16",0,0,0,0,0,0,0,0,0,1,0,0,0,2
"911","T1",2016,"Yeruham Far 7","Negev Highlands",NA,"Yeruham","Far",NA,NA,34.89494749,30.97847797,24/08/16,1578,-0.49868694,64,0.920026038196791,0.39185723042955,1845.845256,"Yeruham Far",4342.861339,"Yeruham Far 24/08/16",0,0,0,0,0,0,0,1,4,0,0,0,0,0
"912","T1",2016,"Yeruham Near 1","Negev Highlands",NA,"Yeruham","Near",NA,NA,34.9107706,30.98535842,24/08/16,1578,-0.49868694,64,0.920026038196791,0.39185723042955,218.0518301,"Yeruham Near",2824.853306,"Yeruham Near 24/08/16",0,0,0,0,0,0,0,0,2,0,0,0,0,2
"913","T1",2016,"Yeruham Near 11","Negev Highlands",NA,"Yeruham","Near",NA,NA,34.9107702,30.98618613,24/08/16,1578,-0.49868694,64,0.920026038196791,0.39185723042955,144.2194402,"Yeruham Near",2836.400848,"Yeruham Near 24/08/16",9,0,0,0,0,0,0,2,0,0,0,0,0,3
"914","T1",2016,"Yeruham Near 15","Negev Highlands",NA,"Yeruham","Near",NA,NA,34.91513323,30.98446958,24/08/16,1578,-0.49868694,64,0.920026038196791,0.39185723042955,60.1632719,"Yeruham Near",2400.400008,"Yeruham Near 24/08/16",0,0,0,0,0,0,0,0,5,0,0,0,0,5
"915","T1",2016,"Yeruham Near 21","Negev Highlands",NA,"Yeruham","Near",NA,NA,34.91236159,30.98567181,24/08/16,1578,-0.49868694,64,0.920026038196791,0.39185723042955,99.88830482,"Yeruham Near",2678.096028,"Yeruham Near 24/08/16",0,0,0,0,0,0,0,1,4,0,0,0,0,3
"916","T1",2016,"Yeruham Near 29","Negev Highlands",NA,"Yeruham","Near",NA,NA,34.91180363,30.98587288,24/08/16,1578,-0.49868694,64,0.920026038196791,0.39185723042955,113.5807483,"Yeruham Near",2733.85204,"Yeruham Near 24/08/16",0,0,0,0,0,0,0,0,0,0,0,0,0,2
"917","T1",2016,"Yeruham Near 3","Negev Highlands",NA,"Yeruham","Near",NA,NA,34.91406599,30.98480158,24/08/16,1578,-0.49868694,64,0.920026038196791,0.39185723042955,132.9826142,"Yeruham Near",2505.343789,"Yeruham Near 24/08/16",0,0,0,0,0,0,0,0,5,0,0,0,0,1
"918","T1",2015,"Aderet Far ca19","Planted Conifer Forests","Judea","Aderet","Far",NA,NA,34.981582,31.678816,24/05/15,1120,-0.86680581,-28,-0.270905788307869,-0.962605866313567,641.960596,"Aderet Far",161.070331,"Aderet Far 24/05/15",1,0,0,0,0,0,0,0,1,0,0,0,0,0
"919","T1",2015,"Aderet Far ca20","Planted Conifer Forests","Judea","Aderet","Far",NA,NA,34.981866,31.678407,24/05/15,1120,-0.86680581,-28,-0.270905788307869,-0.962605866313567,685.9703069,"Aderet Far",195.064022,"Aderet Far 24/05/15",1,0,0,0,0,0,2,0,2,0,0,0,0,0
"920","T1",2015,"Aderet Far ca21","Planted Conifer Forests","Judea","Aderet","Far",NA,NA,34.982235,31.678098,24/05/15,1120,-0.86680581,-28,-0.270905788307869,-0.962605866313567,718.5187709,"Aderet Far",217.423113,"Aderet Far 24/05/15",0,0,0,0,0,0,1,0,1,0,1,0,0,0
"921","T1",2015,"Aderet Far ca22","Planted Conifer Forests","Judea","Aderet","Far",NA,NA,34.982746,31.677523,24/05/15,1120,-0.86680581,-28,-0.270905788307869,-0.962605866313567,779.8832006,"Aderet Far",256.256763,"Aderet Far 24/05/15",0,0,0,0,0,0,0,0,1,0,0,0,0,0
"922","T1",2015,"Aderet Far ca23","Planted Conifer Forests","Judea","Aderet","Far",NA,NA,34.983522,31.677136,24/05/15,1120,-0.86680581,-28,-0.270905788307869,-0.962605866313567,819.2226878,"Aderet Far",277.77559,"Aderet Far 24/05/15",0,0,0,0,0,0,1,0,1,0,0,0,0,1
"923","T1",2015,"Aderet Far ca24","Planted Conifer Forests","Judea","Aderet","Far",NA,NA,34.983715,31.676913,24/05/15,1120,-0.86680581,-28,-0.270905788307869,-0.962605866313567,843.0447094,"Aderet Far",298.669374,"Aderet Far 24/05/15",0,0,0,0,0,0,1,0,0,0,0,0,0,0
"924","T1",2015,"Aderet Far ca25","Planted Conifer Forests","Judea","Aderet","Far",NA,NA,34.983952,31.676632,24/05/15,1120,-0.86680581,-28,-0.270905788307869,-0.962605866313567,873.0906748,"Aderet Far",326.582339,"Aderet Far 24/05/15",0,0,0,0,0,0,0,0,3,0,0,0,0,0
"925","T1",2015,"Aderet Far ca26","Planted Conifer Forests","Judea","Aderet","Far",NA,NA,34.984524,31.67698,24/05/15,1120,-0.86680581,-28,-0.270905788307869,-0.962605866313567,831.9513607,"Aderet Far",278.262885,"Aderet Far 24/05/15",2,0,0,0,0,0,7,0,7,0,0,0,0,3
"926","T1",2015,"Aderet Far ca27","Planted Conifer Forests","Judea","Aderet","Far",NA,NA,34.985202,31.676342,24/05/15,1120,-0.86680581,-28,-0.270905788307869,-0.962605866313567,899.5338537,"Aderet Far",305.17724,"Aderet Far 24/05/15",0,0,0,0,0,0,7,0,7,0,0,0,0,0
"927","T1",2015,"Amatzia Far ca13","Planted Conifer Forests","Judea","Amatzia","Far",NA,NA,34.894225,31.510549,24/05/15,1120,-0.86680581,-28,-0.270905788307869,-0.962605866313567,2175.621413,"Amatzia Far",99.451244,"Amatzia Far 24/05/15",0,0,0,0,0,0,0,0,1,0,0,0,0,1
"928","T1",2015,"Amatzia Far ca14","Planted Conifer Forests","Judea","Amatzia","Far",NA,NA,34.894017,31.511123,24/05/15,1120,-0.86680581,-28,-0.270905788307869,-0.962605866313567,2174.199481,"Amatzia Far",75.711566,"Amatzia Far 24/05/15",0,0,0,0,0,0,0,0,0,0,0,0,0,6
"929","T1",2015,"Amatzia Far ca17","Planted Conifer Forests","Judea","Amatzia","Far",NA,NA,34.892115,31.511758,24/05/15,1120,-0.86680581,-28,-0.270905788307869,-0.962605866313567,2328.325862,"Amatzia Far",252.67876,"Amatzia Far 24/05/15",0,0,0,0,0,0,0,0,1,0,0,0,0,0
"930","T1",2015,"Amatzia Far ca18","Planted Conifer Forests","Judea","Amatzia","Far",NA,NA,34.891933,31.511263,24/05/15,1120,-0.86680581,-28,-0.270905788307869,-0.962605866313567,2359.391202,"Amatzia Far",268.292422,"Amatzia Far 24/05/15",0,0,0,0,0,0,1,0,0,0,0,0,0,0
"931","T1",2015,"Bat Shlomo Far 10","Planted Conifer Forests","Carmel","Bat Shlomo","Far",NA,NA,35.01063302,32.5883647,28/06/15,1155,-0.83867445,7,0.656986598718789,0.753902254343305,882.4139652,"Bat Shlomo Far",438.549155,"Bat Shlomo Far 28/06/15",1,0,0,0,0,0,0,0,0,0,0,0,2,0
"932","T1",2015,"Bat Shlomo Far 10","Planted Conifer Forests","Carmel","Bat Shlomo","Far",NA,NA,35.00952239,32.58823467,28/06/15,1155,-0.83867445,7,0.656986598718789,0.753902254343305,882.4139652,"Bat Shlomo Far",438.549155,"Bat Shlomo Far 28/06/15",0,0,0,0,0,0,1,0,0,0,0,0,0,0
"933","T1",2015,"Bat Shlomo Far 11","Planted Conifer Forests","Carmel","Bat Shlomo","Far",NA,NA,35.00952239,32.58823467,28/06/15,1155,-0.83867445,7,0.656986598718789,0.753902254343305,846.024496,"Bat Shlomo Far",379.249026,"Bat Shlomo Far 28/06/15",0,0,0,0,0,0,0,0,2,0,1,0,6,3
"934","T1",2015,"Bat Shlomo Far 12","Planted Conifer Forests","Carmel","Bat Shlomo","Far",NA,NA,35.0076769,32.58826847,28/06/15,1155,-0.83867445,7,0.656986598718789,0.753902254343305,785.5700563,"Bat Shlomo Far",303.555211,"Bat Shlomo Far 28/06/15",0,0,0,0,0,0,1,0,1,0,1,0,0,0
"935","T1",2015,"Bat Shlomo Far 13","Planted Conifer Forests","Carmel","Bat Shlomo","Far",NA,NA,35.00895152,32.58849406,28/06/15,1155,-0.83867445,7,0.656986598718789,0.753902254343305,798.2782901,"Bat Shlomo Far",325.648225,"Bat Shlomo Far 28/06/15",0,0,0,0,0,0,0,0,4,0,1,0,1,6
"936","T1",2015,"Bat Shlomo Far 14","Planted Conifer Forests","Carmel","Bat Shlomo","Far",NA,NA,35.01256908,32.58708175,28/06/15,1155,-0.83867445,7,0.656986598718789,0.753902254343305,1101.471171,"Bat Shlomo Far",578.179846,"Bat Shlomo Far 28/06/15",3,0,0,0,0,0,3,0,0,0,0,0,0,1
"937","T1",2015,"Bat Shlomo Far 15","Planted Conifer Forests","Carmel","Bat Shlomo","Far",NA,NA,35.00827951,32.58829397,28/06/15,1155,-0.83867445,7,0.656986598718789,0.753902254343305,797.8325308,"Bat Shlomo Far",317.004221,"Bat Shlomo Far 28/06/15",1,0,0,0,0,0,0,0,3,0,0,0,5,2
"938","T1",2015,"Bat Shlomo Far 16","Planted Conifer Forests","Carmel","Bat Shlomo","Far",NA,NA,35.01009206,32.58824126,28/06/15,1155,-0.83867445,7,0.656986598718789,0.753902254343305,869.1582584,"Bat Shlomo Far",412.288426,"Bat Shlomo Far 28/06/15",0,0,0,0,0,0,0,0,0,0,0,0,1,0
"939","T1",2015,"Bat Shlomo Far 17","Planted Conifer Forests","Carmel","Bat Shlomo","Far",NA,NA,35.01228994,32.58784758,28/06/15,1155,-0.83867445,7,0.656986598718789,0.753902254343305,1017.53259,"Bat Shlomo Far",517.132798,"Bat Shlomo Far 28/06/15",2,0,0,0,0,0,5,0,0,0,0,0,3,0
"940","T1",2015,"Bat Shlomo Far 18","Planted Conifer Forests","Carmel","Bat Shlomo","Far",NA,NA,35.01138383,32.58788535,28/06/15,1155,-0.83867445,7,0.656986598718789,0.753902254343305,965.0285318,"Bat Shlomo Far",501.041,"Bat Shlomo Far 28/06/15",1,0,0,0,0,0,5,0,3,0,0,0,1,1
"941","T1",2015,"Eitanim Far ca20","Planted Conifer Forests","Judea","Eitanim","Far",NA,NA,35.106358,31.778588,09/06/15,1136,-0.85394576,-12,0.536572918000435,0.843853958732492,723.9525496,"Eitanim Far",391.441322,"Eitanim Far 09/06/15",1,0,0,0,0,0,0,0,0,0,0,0,0,3
"942","T1",2015,"Eitanim Far ca21","Planted Conifer Forests","Judea","Eitanim","Far",NA,NA,35.105582,31.778075,09/06/15,1136,-0.85394576,-12,0.536572918000435,0.843853958732492,725.7499156,"Eitanim Far",411.342489,"Eitanim Far 09/06/15",1,0,0,0,0,0,0,0,0,0,0,0,0,1
"943","T1",2015,"Eitanim Far ca23","Planted Conifer Forests","Judea","Eitanim","Far",NA,NA,35.104457,31.77842,09/06/15,1136,-0.85394576,-12,0.536572918000435,0.843853958732492,622.8323215,"Eitanim Far",343.860313,"Eitanim Far 09/06/15",0,0,0,0,0,0,0,1,0,0,0,0,0,0
"944","T1",2015,"Eitanim Far ca24","Planted Conifer Forests","Judea","Eitanim","Far",NA,NA,35.10373,31.778274,09/06/15,1136,-0.85394576,-12,0.536572918000435,0.843853958732492,552.5692191,"Eitanim Far",353.292713,"Eitanim Far 09/06/15",0,0,0,0,0,0,0,0,1,0,0,0,0,0
"945","T1",2015,"Eitanim Far ca25","Planted Conifer Forests","Judea","Eitanim","Far",NA,NA,35.103454,31.778117,09/06/15,1136,-0.85394576,-12,0.536572918000435,0.843853958732492,524.9069264,"Eitanim Far",371.265328,"Eitanim Far 09/06/15",0,0,0,0,0,0,0,0,0,0,0,0,0,1
"946","T1",2015,"Eitanim Far ca26","Planted Conifer Forests","Judea","Eitanim","Far",NA,NA,35.102679,31.777913,09/06/15,1136,-0.85394576,-12,0.536572918000435,0.843853958732492,450.2334545,"Eitanim Far",404.480773,"Eitanim Far 09/06/15",0,0,0,0,0,0,0,1,1,0,0,0,0,0
"947","T1",2015,"Eitanim Far ca27","Planted Conifer Forests","Judea","Eitanim","Far",NA,NA,35.102347,31.777923,09/06/15,1136,-0.85394576,-12,0.536572918000435,0.843853958732492,418.8704218,"Eitanim Far",411.905721,"Eitanim Far 09/06/15",0,0,0,0,0,0,0,0,0,0,0,0,0,1
"948","T1",2015,"Elyakim Far 25","Planted Conifer Forests","Carmel","Elyakim","Far",NA,NA,35.05924203,32.66557385,06/09/15,1225,-0.78241174,77,0.999520158580731,-0.0309750317312165,2004.738169,"Elyakim Far",209.440163,"Elyakim Far 06/09/15",1,0,0,0,0,0,0,0,0,0,0,0,2,1
"949","T1",2015,"Elyakim Far 30","Planted Conifer Forests","Carmel","Elyakim","Far",NA,NA,35.05856925,32.66549874,06/09/15,1225,-0.78241174,77,0.999520158580731,-0.0309750317312165,2042.621077,"Elyakim Far",212.51516,"Elyakim Far 06/09/15",0,0,0,0,0,0,0,1,0,0,0,0,0,0
"950","T1",2015,"Elyakim Far 31","Planted Conifer Forests","Carmel","Elyakim","Far",NA,NA,35.0570325,32.66519643,06/09/15,1225,-0.78241174,77,0.999520158580731,-0.0309750317312165,2085.467424,"Elyakim Far",151.034731,"Elyakim Far 06/09/15",5,0,0,0,0,0,0,0,0,0,0,0,0,0
"951","T1",2015,"Elyakim Far 32","Planted Conifer Forests","Carmel","Elyakim","Far",NA,NA,35.05816197,32.66505185,06/09/15,1225,-0.78241174,77,0.999520158580731,-0.0309750317312165,2101.541031,"Elyakim Far",156.003491,"Elyakim Far 06/09/15",6,0,0,0,0,0,0,1,0,0,0,0,1,1
"952","T1",2015,"Elyakim Far 34","Planted Conifer Forests","Carmel","Elyakim","Far",NA,NA,35.05934912,32.66590482,06/09/15,1225,-0.78241174,77,0.999520158580731,-0.0309750317312165,1967.67331,"Elyakim Far",246.100785,"Elyakim Far 06/09/15",2,0,0,0,0,0,0,0,1,0,0,0,1,2
"953","T1",2015,"Elyakim Far 35","Planted Conifer Forests","Carmel","Elyakim","Far",NA,NA,35.05880868,32.6665935,06/09/15,1225,-0.78241174,77,0.999520158580731,-0.0309750317312165,1926.480874,"Elyakim Far",325.768597,"Elyakim Far 06/09/15",0,0,0,0,0,0,0,0,1,0,0,0,0,0
"954","T1",2015,"Elyakim Far 36","Planted Conifer Forests","Carmel","Elyakim","Far",NA,NA,35.05569699,32.66600787,06/09/15,1225,-0.78241174,77,0.999520158580731,-0.0309750317312165,2002.696987,"Elyakim Far",282.048422,"Elyakim Far 06/09/15",10,0,0,0,0,0,0,0,0,0,0,0,5,0
"955","T1",2015,"Elyakim Far 8","Planted Conifer Forests","Carmel","Elyakim","Far",NA,NA,35.05618575,32.66557266,06/09/15,1225,-0.78241174,77,0.999520158580731,-0.0309750317312165,2047.321184,"Elyakim Far",217.211323,"Elyakim Far 06/09/15",1,0,0,0,0,0,0,0,0,0,0,0,2,1
"956","T1",2015,"Eshtaol Far ca2","Planted Conifer Forests","Judea","Eshtaol","Far",NA,NA,35.020447,31.79,07/06/15,1134,-0.85555326,-14,-0.99060735569487,0.136737218207834,955.1410645,"Eshtaol Far",627.47281,"Eshtaol Far 07/06/15",0,0,0,0,0,0,4,0,0,0,0,0,0,1
"957","T1",2015,"Eshtaol Far ca3","Planted Conifer Forests","Judea","Eshtaol","Far",NA,NA,35.020452,31.789147,07/06/15,1134,-0.85555326,-14,-0.99060735569487,0.136737218207834,893.4905808,"Eshtaol Far",645.258971,"Eshtaol Far 07/06/15",0,0,0,0,0,0,2,0,0,0,0,0,0,0
"958","T1",2015,"Eshtaol Far ca5","Planted Conifer Forests","Judea","Eshtaol","Far",NA,NA,35.021732,31.78816,07/06/15,1134,-0.85555326,-14,-0.99060735569487,0.136737218207834,933.6894267,"Eshtaol Far",769.20827,"Eshtaol Far 07/06/15",0,0,0,0,0,0,0,0,0,0,0,0,0,1
"959","T1",2015,"Eshtaol Far ca6","Planted Conifer Forests","Judea","Eshtaol","Far",NA,NA,35.02188,31.786984,07/06/15,1134,-0.85555326,-14,-0.99060735569487,0.136737218207834,890.3310874,"Eshtaol Far",773.790522,"Eshtaol Far 07/06/15",0,0,0,0,0,0,7,0,0,0,0,0,0,1
"960","T1",2015,"Eshtaol Far ca7","Planted Conifer Forests","Judea","Eshtaol","Far",NA,NA,35.022138,31.786568,07/06/15,1134,-0.85555326,-14,-0.99060735569487,0.136737218207834,893.9972291,"Eshtaol Far",795.190681,"Eshtaol Far 07/06/15",1,0,0,0,0,0,4,0,0,0,0,0,0,1
"961","T1",2015,"Givat Yeshayahu Far ca1","Planted Conifer Forests","Judea","Givat Yeshayahu","Far",NA,NA,34.923015,31.668845,23/05/15,1119,-0.86760956,-29,0.663633884212968,-0.748057529689,1159.742429,"Givat Yeshayahu Far",396.595343,"Givat Yeshayahu Far 23/05/15",5,0,0,0,0,0,0,0,3,0,1,0,0,3
"962","T1",2015,"Givat Yeshayahu Far ca3","Planted Conifer Forests","Judea","Givat Yeshayahu","Far",NA,NA,34.921703,31.669458,23/05/15,1119,-0.86760956,-29,0.663633884212968,-0.748057529689,1212.801811,"Givat Yeshayahu Far",532.476047,"Givat Yeshayahu Far 23/05/15",1,0,0,0,0,0,0,0,0,0,0,0,0,0
"963","T1",2015,"Givat Yeshayahu Far ca4","Planted Conifer Forests","Judea","Givat Yeshayahu","Far",NA,NA,34.921192,31.669774,23/05/15,1119,-0.86760956,-29,0.663633884212968,-0.748057529689,1232.493969,"Givat Yeshayahu Far",588.424443,"Givat Yeshayahu Far 23/05/15",2,0,0,0,0,0,0,0,1,0,0,0,0,1
"964","T1",2015,"Givat Yeshayahu Far ca5","Planted Conifer Forests","Judea","Givat Yeshayahu","Far",NA,NA,34.920586,31.66991,23/05/15,1119,-0.86760956,-29,0.663633884212968,-0.748057529689,1272.797954,"Givat Yeshayahu Far",647.818808,"Givat Yeshayahu Far 23/05/15",1,0,0,0,0,0,0,0,1,0,0,0,0,0
"965","T1",2015,"Givat Yeshayahu Far ca6","Planted Conifer Forests","Judea","Givat Yeshayahu","Far",NA,NA,34.920064,31.669982,23/05/15,1119,-0.86760956,-29,0.663633884212968,-0.748057529689,1311.190749,"Givat Yeshayahu Far",697.619435,"Givat Yeshayahu Far 23/05/15",2,0,0,0,0,0,1,0,0,0,0,0,0,0
"966","T1",2015,"Givat Yeshayahu Far ca8","Planted Conifer Forests","Judea","Givat Yeshayahu","Far",NA,NA,34.920107,31.669178,23/05/15,1119,-0.86760956,-29,0.663633884212968,-0.748057529689,1354.766847,"Givat Yeshayahu Far",674.70657,"Givat Yeshayahu Far 23/05/15",5,0,0,0,0,0,0,0,0,0,0,0,0,0
"967","T1",2015,"Givat Yeshayahu Far ca9","Planted Conifer Forests","Judea","Givat Yeshayahu","Far",NA,NA,34.920715,31.668703,23/05/15,1119,-0.86760956,-29,0.663633884212968,-0.748057529689,1337.913072,"Givat Yeshayahu Far",611.085335,"Givat Yeshayahu Far 23/05/15",3,0,0,0,0,0,0,0,4,0,0,0,0,0
"968","T1",2015,"Kabri Far sg15","Planted Conifer Forests","Galilee","Kabri","Far",NA,NA,35.16575321,33.02081049,09/08/15,1197,-0.80491683,49,-0.953752652759472,0.300592543743637,1042.973067,"Kabri Far",93.527914,"Kabri Far 09/08/15",4,0,0,9,0,0,0,0,0,0,0,0,1,3
"969","T1",2015,"Kabri Far sg21","Planted Conifer Forests","Galilee","Kabri","Far",NA,NA,35.16421244,33.02036086,09/08/15,1197,-0.80491683,49,-0.953752652759472,0.300592543743637,910.1669403,"Kabri Far",88.598369,"Kabri Far 09/08/15",0,0,0,0,0,0,0,0,0,0,0,0,4,0
"970","T1",2015,"Kabri Far sg22","Planted Conifer Forests","Galilee","Kabri","Far",NA,NA,35.16739076,33.02099692,09/08/15,1197,-0.80491683,49,-0.953752652759472,0.300592543743637,1192.263356,"Kabri Far",127.700045,"Kabri Far 09/08/15",1,0,0,0,0,0,0,0,0,0,0,0,0,1
"971","T1",2015,"Kabri Far sg26","Planted Conifer Forests","Galilee","Kabri","Far",NA,NA,35.16226153,33.01966596,09/08/15,1197,-0.80491683,49,-0.953752652759472,0.300592543743637,757.630871,"Kabri Far",87.682525,"Kabri Far 09/08/15",0,0,0,4,0,0,0,0,0,0,0,0,1,0
"972","T1",2015,"Kabri Far sg28","Planted Conifer Forests","Galilee","Kabri","Far",NA,NA,35.16208523,33.01919028,09/08/15,1197,-0.80491683,49,-0.953752652759472,0.300592543743637,763.3556722,"Kabri Far",45.548843,"Kabri Far 09/08/15",1,0,0,2,0,0,0,0,0,0,0,0,3,2
"973","T1",2015,"Kabri Far sg5","Planted Conifer Forests","Galilee","Kabri","Far",NA,NA,35.16657037,33.02103584,09/08/15,1197,-0.80491683,49,-0.953752652759472,0.300592543743637,1115.594904,"Kabri Far",115.896961,"Kabri Far 09/08/15",3,0,0,5,0,0,0,0,0,0,0,0,6,0
"974","T1",2015,"Kabri Far sg6","Planted Conifer Forests","Galilee","Kabri","Far",NA,NA,35.16657037,33.02103584,09/08/15,1197,-0.80491683,49,-0.953752652759472,0.300592543743637,791.8615564,"Kabri Far",97.29954,"Kabri Far 09/08/15",0,0,0,4,0,0,0,0,0,0,0,0,0,0
"975","T1",2015,"Kabri Far sg6","Planted Conifer Forests","Galilee","Kabri","Far",NA,NA,35.16278343,33.01998639,09/08/15,1197,-0.80491683,49,-0.953752652759472,0.300592543743637,791.8615564,"Kabri Far",97.29954,"Kabri Far 09/08/15",0,0,0,4,0,0,0,0,0,0,0,0,0,0
"976","T1",2015,"Kabri Far sg7","Planted Conifer Forests","Galilee","Kabri","Far",NA,NA,35.16498389,33.02037275,09/08/15,1197,-0.80491683,49,-0.953752652759472,0.300592543743637,980.3951918,"Kabri Far",62.763785,"Kabri Far 09/08/15",0,0,0,13,0,0,0,0,0,0,0,0,6,0
"977","T1",2015,"Kabri Far sg9","Planted Conifer Forests","Galilee","Kabri","Far",NA,NA,35.16368837,33.02011313,09/08/15,1197,-0.80491683,49,-0.953752652759472,0.300592543743637,869.1180167,"Kabri Far",79.602226,"Kabri Far 09/08/15",2,0,0,3,0,0,0,0,0,0,0,0,10,0
"978","T1",2015,"Kerem Maharal Far 15","Planted Conifer Forests","Carmel","Kerem Maharal","Far",NA,NA,34.9795795,32.6568456,06/09/15,1225,-0.78241174,77,0.999520158580731,-0.0309750317312165,1052.110248,"Kerem Maharal Far",511.651048,"Kerem Maharal Far 06/09/15",1,0,0,0,0,0,0,0,0,0,2,0,1,0
"979","T1",2015,"Kerem Maharal Far 22","Planted Conifer Forests","Carmel","Kerem Maharal","Far",NA,NA,34.98133923,32.65954025,06/09/15,1225,-0.78241174,77,0.999520158580731,-0.0309750317312165,1210.743795,"Kerem Maharal Far",803.924032,"Kerem Maharal Far 06/09/15",2,0,0,0,0,0,1,0,1,0,0,0,0,1
"980","T1",2015,"Kerem Maharal Far 23","Planted Conifer Forests","Carmel","Kerem Maharal","Far",NA,NA,34.97860236,32.65715302,06/09/15,1225,-0.78241174,77,0.999520158580731,-0.0309750317312165,1139.214403,"Kerem Maharal Far",567.674372,"Kerem Maharal Far 06/09/15",2,0,0,0,0,0,0,0,0,0,0,0,0,0
"981","T1",2015,"Kerem Maharal Far 28","Planted Conifer Forests","Carmel","Kerem Maharal","Far",NA,NA,34.97963771,32.65752727,06/09/15,1225,-0.78241174,77,0.999520158580731,-0.0309750317312165,1106.561399,"Kerem Maharal Far",585.152058,"Kerem Maharal Far 06/09/15",0,0,0,0,0,0,0,0,1,0,1,0,0,0
"982","T1",2015,"Kerem Maharal Far 9","Planted Conifer Forests","Carmel","Kerem Maharal","Far",NA,NA,34.97986324,32.65824129,06/09/15,1225,-0.78241174,77,0.999520158580731,-0.0309750317312165,1157.167444,"Kerem Maharal Far",660.858929,"Kerem Maharal Far 06/09/15",1,0,0,0,0,0,0,0,0,0,0,0,0,1
"983","T1",2015,"Manara Far 23","Planted Conifer Forests","Galilee","Manara","Far",NA,NA,35.55036311,33.1740369,06/08/15,1194,-0.80732809,46,0.901788347648809,-0.432177944884778,2274.114039,"Manara Far",454.745317,"Manara Far 06/08/15",2,0,0,0,0,0,0,0,0,0,0,0,6,0
"984","T1",2015,"Manara Far 25","Planted Conifer Forests","Galilee","Manara","Far",NA,NA,35.55048,33.17597331,06/08/15,1194,-0.80732809,46,0.901788347648809,-0.432177944884778,2068.108371,"Manara Far",394.920271,"Manara Far 06/08/15",1,0,0,0,0,0,0,0,0,0,0,0,3,1
"985","T1",2015,"Manara Far 3","Planted Conifer Forests","Galilee","Manara","Far",NA,NA,35.55040652,33.1754833,06/08/15,1194,-0.80732809,46,0.901788347648809,-0.432177944884778,2119.07136,"Manara Far",407.929455,"Manara Far 06/08/15",1,0,0,0,0,0,0,0,1,0,0,0,2,0
"986","T1",2015,"Manara Far 31","Planted Conifer Forests","Galilee","Manara","Far",NA,NA,35.55122714,33.17210742,06/08/15,1194,-0.80732809,46,0.901788347648809,-0.432177944884778,2500.919175,"Manara Far",405.009834,"Manara Far 06/08/15",0,0,0,0,0,0,0,0,0,0,0,0,1,0
"987","T1",2015,"Manara Far 32","Planted Conifer Forests","Galilee","Manara","Far",NA,NA,35.55105249,33.17254833,06/08/15,1194,-0.80732809,46,0.901788347648809,-0.432177944884778,2449.558578,"Manara Far",407.617787,"Manara Far 06/08/15",2,0,0,0,0,0,0,0,5,0,3,0,3,0
"988","T1",2015,"Manara Far 35","Planted Conifer Forests","Galilee","Manara","Far",NA,NA,35.55091705,33.17124932,06/08/15,1194,-0.80732809,46,0.901788347648809,-0.432177944884778,2587.05787,"Manara Far",358.02937,"Manara Far 06/08/15",0,0,0,0,0,0,0,0,3,0,0,0,0,0
"989","T1",2015,"Meron Far 1","Planted Conifer Forests","Galilee","Meron","Far",NA,NA,35.46154026,32.98867562,15/07/15,1172,-0.82501065,24,-0.905578362006624,0.424179007336997,1220.240684,"Meron Far",243.264812,"Meron Far 15/07/15",0,0,0,0,0,0,0,0,0,0,0,0,1,2
"990","T1",2015,"Meron Far 19","Planted Conifer Forests","Galilee","Meron","Far",NA,NA,35.46180778,32.98791702,15/07/15,1172,-0.82501065,24,-0.905578362006624,0.424179007336997,1295.691146,"Meron Far",265.179699,"Meron Far 15/07/15",0,0,0,0,0,0,5,0,0,0,0,0,3,12
"991","T1",2015,"Meron Far 2","Planted Conifer Forests","Galilee","Meron","Far",NA,NA,35.46200447,32.9842037,15/07/15,1172,-0.82501065,24,-0.905578362006624,0.424179007336997,1618.921472,"Meron Far",542.868924,"Meron Far 15/07/15",4,0,0,0,0,0,0,0,0,0,0,0,0,6
"992","T1",2015,"Meron Far 22","Planted Conifer Forests","Galilee","Meron","Far",NA,NA,35.46202791,32.98730234,15/07/15,1172,-0.82501065,24,-0.905578362006624,0.424179007336997,1358.135318,"Meron Far",292.762645,"Meron Far 15/07/15",0,2,0,0,0,0,0,0,0,0,0,0,2,2
"993","T1",2015,"Meron Far 23","Planted Conifer Forests","Galilee","Meron","Far",NA,NA,35.46217677,32.98660348,15/07/15,1172,-0.82501065,24,-0.905578362006624,0.424179007336997,1423.646364,"Meron Far",340.327049,"Meron Far 15/07/15",6,0,0,0,0,0,0,0,0,0,0,0,3,2
"994","T1",2015,"Meron Far 26","Planted Conifer Forests","Galilee","Meron","Far",NA,NA,35.46234801,32.98528093,15/07/15,1172,-0.82501065,24,-0.905578362006624,0.424179007336997,1544.37749,"Meron Far",432.695391,"Meron Far 15/07/15",0,1,0,0,0,0,0,0,0,0,0,0,0,0
"995","T1",2015,"Meron Far 27","Planted Conifer Forests","Galilee","Meron","Far",NA,NA,35.46218092,32.98602408,15/07/15,1172,-0.82501065,24,-0.905578362006624,0.424179007336997,1471.558252,"Meron Far",382.331032,"Meron Far 15/07/15",0,0,0,0,0,0,0,0,0,0,0,0,2,0
"996","T1",2015,"Meron Far 3","Planted Conifer Forests","Galilee","Meron","Far",NA,NA,35.46222698,32.98472415,15/07/15,1172,-0.82501065,24,-0.905578362006624,0.424179007336997,1585.383148,"Meron Far",489.013775,"Meron Far 15/07/15",0,0,0,0,0,0,0,0,0,0,0,0,5,17
"997","T1",2015,"Ofer Far 28","Planted Conifer Forests","Carmel","Ofer","Far",NA,NA,34.96692169,32.61162607,03/06/15,1130,-0.85876828,-18,0.750987246771676,0.66031670824408,1239.886022,"Ofer Far",165.565564,"Ofer Far 03/06/15",10,0,0,0,0,0,0,0,0,0,0,0,1,0
"998","T1",2015,"Ofer Far 29","Planted Conifer Forests","Carmel","Ofer","Far",NA,NA,34.9691654,32.6108132,03/06/15,1130,-0.85876828,-18,0.750987246771676,0.66031670824408,1154.836723,"Ofer Far",54.1902,"Ofer Far 03/06/15",2,0,0,0,0,0,0,0,0,0,0,0,1,3
"999","T1",2015,"Ofer Far 30","Planted Conifer Forests","Carmel","Ofer","Far",NA,NA,34.96974256,32.61230595,03/06/15,1130,-0.85876828,-18,0.750987246771676,0.66031670824408,995.030795,"Ofer Far",151.045027,"Ofer Far 03/06/15",5,0,0,0,0,0,0,0,0,0,0,0,6,7
"1000","T1",2015,"Ofer Far 31","Planted Conifer Forests","Carmel","Ofer","Far",NA,NA,34.96819453,32.61092704,03/06/15,1130,-0.85876828,-18,0.750987246771676,0.66031670824408,1205.970537,"Ofer Far",69.886051,"Ofer Far 03/06/15",1,0,0,0,0,0,0,0,0,0,0,0,0,1
"1001","T1",2015,"Ofer Far 32","Planted Conifer Forests","Carmel","Ofer","Far",NA,NA,34.96756255,32.61115504,03/06/15,1130,-0.85876828,-18,0.750987246771676,0.66031670824408,1229.93781,"Ofer Far",99.419142,"Ofer Far 03/06/15",8,0,0,0,0,0,0,0,0,0,0,0,3,4
"1002","T1",2015,"Ofer Far 33","Planted Conifer Forests","Carmel","Ofer","Far",NA,NA,34.96976605,32.61148643,03/06/15,1130,-0.85876828,-18,0.750987246771676,0.66031670824408,1061.396732,"Ofer Far",91.442141,"Ofer Far 03/06/15",10,0,0,0,0,0,0,0,0,8,0,0,3,1
"1003","T1",2015,"Ofer Far 34","Planted Conifer Forests","Carmel","Ofer","Far",NA,NA,34.97021513,32.61300497,03/06/15,1130,-0.85876828,-18,0.750987246771676,0.66031670824408,908.5079133,"Ofer Far",189.08911,"Ofer Far 03/06/15",7,0,0,0,0,0,0,0,0,0,0,0,1,5
"1004","T1",2015,"Ofer Far 35","Planted Conifer Forests","Carmel","Ofer","Far",NA,NA,34.96657146,32.61234332,03/06/15,1130,-0.85876828,-18,0.750987246771676,0.66031670824408,1216.673411,"Ofer Far",251.617875,"Ofer Far 03/06/15",26,0,0,0,0,0,0,0,0,1,0,0,4,5
"1005","T1",2015,"Ofer Far 36","Planted Conifer Forests","Carmel","Ofer","Far",NA,NA,34.96655296,32.61318182,03/06/15,1130,-0.85876828,-18,0.750987246771676,0.66031670824408,1165.697477,"Ofer Far",339.519817,"Ofer Far 03/06/15",19,0,0,0,0,0,0,1,0,1,0,0,4,5
"1006","T1",2015,"Ramat Hashofet Far 28","Planted Conifer Forests","Carmel","Ramat Hashofet","Far",NA,NA,35.11290356,32.61745781,26/06/15,1153,-0.84028196,5,-0.958924274663138,0.283662185463226,1277.083381,"Ramat Hashofet Far",185.143129,"Ramat Hashofet Far 26/06/15",11,0,0,0,0,0,0,0,0,0,1,0,3,1
"1007","T1",2015,"Ramat Hashofet Far 29","Planted Conifer Forests","Carmel","Ramat Hashofet","Far",NA,NA,35.11137809,32.61703534,26/06/15,1153,-0.84028196,5,-0.958924274663138,0.283662185463226,1126.440246,"Ramat Hashofet Far",55.846432,"Ramat Hashofet Far 26/06/15",3,0,0,0,0,0,1,0,0,0,0,0,6,0
"1008","T1",2015,"Ramat Hashofet Far 30","Planted Conifer Forests","Carmel","Ramat Hashofet","Far",NA,NA,35.11475844,32.61552348,26/06/15,1153,-0.84028196,5,-0.958924274663138,0.283662185463226,1399.84402,"Ramat Hashofet Far",244.723372,"Ramat Hashofet Far 26/06/15",0,0,0,0,0,0,0,0,0,0,0,0,0,1
"1009","T1",2015,"Ramat Hashofet Far 31","Planted Conifer Forests","Carmel","Ramat Hashofet","Far",NA,NA,35.1134572,32.61697379,26/06/15,1153,-0.84028196,5,-0.958924274663138,0.283662185463226,1311.504821,"Ramat Hashofet Far",200.869867,"Ramat Hashofet Far 26/06/15",1,0,0,0,0,0,0,0,0,0,0,0,2,0
"1010","T1",2015,"Ramat Hashofet Far 32","Planted Conifer Forests","Carmel","Ramat Hashofet","Far",NA,NA,35.11398233,32.61663802,26/06/15,1153,-0.84028196,5,-0.958924274663138,0.283662185463226,1350.207914,"Ramat Hashofet Far",219.582287,"Ramat Hashofet Far 26/06/15",0,0,0,0,0,0,0,0,4,0,0,0,2,0
"1011","T1",2015,"Ramat Hashofet Far 33","Planted Conifer Forests","Carmel","Ramat Hashofet","Far",NA,NA,35.11533156,32.61591685,26/06/15,1153,-0.84028196,5,-0.958924274663138,0.283662185463226,1459.312619,"Ramat Hashofet Far",308.42722,"Ramat Hashofet Far 26/06/15",0,0,0,0,0,0,0,0,0,0,0,0,6,0
"1012","T1",2015,"Ramat Hashofet Far 34","Planted Conifer Forests","Carmel","Ramat Hashofet","Far",NA,NA,35.11438052,32.61594922,26/06/15,1153,-0.84028196,5,-0.958924274663138,0.283662185463226,1371.795981,"Ramat Hashofet Far",226.003543,"Ramat Hashofet Far 26/06/15",4,0,0,0,0,0,2,0,1,0,0,0,12,3
"1013","T1",2015,"Ramat Hashofet Far 35","Planted Conifer Forests","Carmel","Ramat Hashofet","Far",NA,NA,35.11223238,32.61742819,26/06/15,1153,-0.84028196,5,-0.958924274663138,0.283662185463226,1216.301791,"Ramat Hashofet Far",123.42101,"Ramat Hashofet Far 26/06/15",2,0,0,0,0,0,0,0,0,0,0,0,1,0
"1014","T1",2015,"Ramat Hashofet Far 36","Planted Conifer Forests","Carmel","Ramat Hashofet","Far",NA,NA,35.1159254,32.61635822,26/06/15,1153,-0.84028196,5,-0.958924274663138,0.283662185463226,1522.476648,"Ramat Hashofet Far",377.669208,"Ramat Hashofet Far 26/06/15",0,0,0,0,0,0,0,0,0,0,0,0,1,1
"1015","T1",2015,"Ramot Naftali Far SG28","Planted Conifer Forests","Galilee","Ramot Naftali","Far",NA,NA,35.56234559,33.09797441,14/07/15,1171,-0.82581440,23,-0.846220404175171,-0.532833020333398,565.8583978,"Ramot Naftali Far",513.361118,"Ramot Naftali Far 14/07/15",0,0,0,0,0,0,0,0,0,0,0,0,3,1
"1016","T1",2015,"Ramot Naftali Far SG29","Planted Conifer Forests","Galilee","Ramot Naftali","Far",NA,NA,35.56350803,33.09784563,14/07/15,1171,-0.82581440,23,-0.846220404175171,-0.532833020333398,674.5047744,"Ramot Naftali Far",523.053466,"Ramot Naftali Far 14/07/15",0,0,0,0,0,0,5,0,0,0,0,0,0,1
"1017","T1",2015,"Ramot Naftali Far SG30","Planted Conifer Forests","Galilee","Ramot Naftali","Far",NA,NA,35.56328199,33.09657913,14/07/15,1171,-0.82581440,23,-0.846220404175171,-0.532833020333398,671.1494598,"Ramot Naftali Far",383.140136,"Ramot Naftali Far 14/07/15",0,0,0,0,0,0,4,0,0,0,0,0,0,0
"1018","T1",2015,"Ramot Naftali Far SG31","Planted Conifer Forests","Galilee","Ramot Naftali","Far",NA,NA,35.56133535,33.09666171,14/07/15,1171,-0.82581440,23,-0.846220404175171,-0.532833020333398,493.2573148,"Ramot Naftali Far",360.641389,"Ramot Naftali Far 14/07/15",2,0,0,0,0,0,2,0,0,0,0,0,0,3
"1019","T1",2015,"Ramot Naftali Far SG32","Planted Conifer Forests","Galilee","Ramot Naftali","Far",NA,NA,35.56,33.09495377,14/07/15,1171,-0.82581440,23,-0.846220404175171,-0.532833020333398,481.64197,"Ramot Naftali Far",170.750772,"Ramot Naftali Far 14/07/15",0,0,0,0,0,0,3,0,0,0,1,0,0,0
"1020","T1",2015,"Ramot Naftali Far SG33","Planted Conifer Forests","Galilee","Ramot Naftali","Far",NA,NA,35.56274868,33.09602766,14/07/15,1171,-0.82581440,23,-0.846220404175171,-0.532833020333398,640.6537474,"Ramot Naftali Far",309.568458,"Ramot Naftali Far 14/07/15",0,0,0,0,0,0,3,0,0,0,0,0,0,0
"1021","T1",2015,"Ramot Naftali Far SG35","Planted Conifer Forests","Galilee","Ramot Naftali","Far",NA,NA,35.56411154,33.09736058,14/07/15,1171,-0.82581440,23,-0.846220404175171,-0.532833020333398,733.7940403,"Ramot Naftali Far",493.056805,"Ramot Naftali Far 14/07/15",0,0,0,0,0,0,2,0,0,0,0,0,0,0
"1022","T1",2015,"Ramot Naftali Far SG36","Planted Conifer Forests","Galilee","Ramot Naftali","Far",NA,NA,35.56163057,33.09769777,14/07/15,1171,-0.82581440,23,-0.846220404175171,-0.532833020333398,500.0000371,"Ramot Naftali Far",476.440868,"Ramot Naftali Far 14/07/15",0,0,0,0,0,0,1,0,0,0,0,0,0,2
"1023","T1",2015,"Zuriel Far 10","Planted Conifer Forests","Galilee","Zuriel","Far",NA,NA,35.31543591,33.0130896,06/08/15,1194,-0.80732809,46,0.901788347648809,-0.432177944884778,439.4595365,"Zuriel Far",379.552122,"Zuriel Far 06/08/15",2,0,0,0,0,0,0,0,0,0,0,0,1,0
"1024","T1",2015,"Zuriel Far 11","Planted Conifer Forests","Galilee","Zuriel","Far",NA,NA,35.31309467,33.01016329,06/08/15,1194,-0.80732809,46,0.901788347648809,-0.432177944884778,195.0653723,"Zuriel Far",205.11605,"Zuriel Far 06/08/15",3,0,0,0,0,0,0,0,0,0,0,0,8,0
"1025","T1",2015,"Zuriel Far 12","Planted Conifer Forests","Galilee","Zuriel","Far",NA,NA,35.31344072,33.00953574,06/08/15,1194,-0.80732809,46,0.901788347648809,-0.432177944884778,151.4229397,"Zuriel Far",173.695879,"Zuriel Far 06/08/15",1,0,0,0,0,0,0,0,0,0,0,0,1,0
"1026","T1",2015,"Zuriel Far 13","Planted Conifer Forests","Galilee","Zuriel","Far",NA,NA,35.31442558,33.01255767,06/08/15,1194,-0.80732809,46,0.901788347648809,-0.432177944884778,415.8037793,"Zuriel Far",374.198808,"Zuriel Far 06/08/15",17,1,0,0,0,0,0,0,0,0,0,0,13,0
"1027","T1",2015,"Zuriel Far 16","Planted Conifer Forests","Galilee","Zuriel","Far",NA,NA,35.31359098,33.01166392,06/08/15,1194,-0.80732809,46,0.901788347648809,-0.432177944884778,350.8465737,"Zuriel Far",337.028998,"Zuriel Far 06/08/15",0,0,0,0,0,0,0,0,0,0,0,0,1,1
"1028","T1",2015,"Zuriel Far 17","Planted Conifer Forests","Galilee","Zuriel","Far",NA,NA,35.31321749,33.01137443,06/08/15,1194,-0.80732809,46,0.901788347648809,-0.432177944884778,304.1245473,"Zuriel Far",303.545574,"Zuriel Far 06/08/15",13,1,0,0,0,0,0,0,1,0,0,0,7,0
"1029","T1",2015,"Zuriel Far 18","Planted Conifer Forests","Galilee","Zuriel","Far",NA,NA,35.31343783,33.0107002,06/08/15,1194,-0.80732809,46,0.901788347648809,-0.432177944884778,260.8625723,"Zuriel Far",270.00964,"Zuriel Far 06/08/15",2,0,0,0,0,0,0,0,2,0,0,0,3,0
"1030","T1",2015,"Zuriel Far 19","Planted Conifer Forests","Galilee","Zuriel","Far",NA,NA,35.31394695,33.00917163,06/08/15,1194,-0.80732809,46,0.901788347648809,-0.432177944884778,118.7873375,"Zuriel Far",121.729821,"Zuriel Far 06/08/15",5,0,0,0,0,0,0,0,4,0,0,0,7,0
"1031","T1",2015,"Zuriel Far 29","Planted Conifer Forests","Galilee","Zuriel","Far",NA,NA,35.31620899,33.01341361,06/08/15,1194,-0.80732809,46,0.901788347648809,-0.432177944884778,465.5095016,"Zuriel Far",396.265036,"Zuriel Far 06/08/15",0,0,0,0,0,0,0,0,0,0,0,0,1,0
"1032","T2",2018,"Ein Yahav Far 1","Arid Desert",NA,"Ein Yahav",NA,"Far",NA,35.20246,30.648,07/10/18,2352, 0.12341786,108,0.926818505417785,0.375509597767012,2894.132304,"Ein Yahav Far",1524.317089,"Ein Yahav Far 07/10/18",0,0,0,0,0,4,0,0,0,114,0,0,0,0
"1033","T2",2018,"Ein Yahav Far 2","Arid Desert",NA,"Ein Yahav",NA,"Far",NA,35.20189,30.64837,07/10/18,2352, 0.12341786,108,0.926818505417785,0.375509597767012,2940.018557,"Ein Yahav Far",1591.876493,"Ein Yahav Far 07/10/18",0,0,0,0,0,9,0,2,0,6,0,0,0,0
"1034","T2",2018,"Ein Yahav Far 5","Arid Desert",NA,"Ein Yahav",NA,"Far",NA,35.2002,30.64809,07/10/18,2352, 0.12341786,108,0.926818505417785,0.375509597767012,3104.953106,"Ein Yahav Far",1719.733789,"Ein Yahav Far 07/10/18",0,0,0,0,0,11,0,0,0,1,0,0,0,0
"1035","T2",2018,"Ein Yahav Far 6","Arid Desert",NA,"Ein Yahav",NA,"Far",NA,35.19886,30.64777,07/10/18,2352, 0.12341786,108,0.926818505417785,0.375509597767012,3237.71916,"Ein Yahav Far",1815.957831,"Ein Yahav Far 07/10/18",0,0,0,0,0,2,0,0,0,1,0,0,0,0
"1036","T2",2018,"Ein Yahav Far 7","Arid Desert",NA,"Ein Yahav",NA,"Far",NA,35.20012,30.6489,07/10/18,2352, 0.12341786,108,0.926818505417785,0.375509597767012,3097.525097,"Ein Yahav Far",1769.100089,"Ein Yahav Far 07/10/18",0,6,0,0,0,13,0,0,0,5,0,0,0,0
"1037","T2",2018,"Ein Yahav Far 8","Arid Desert",NA,"Ein Yahav",NA,"Far",NA,35.19889,30.64887,07/10/18,2352, 0.12341786,108,0.926818505417785,0.375509597767012,3214.583677,"Ein Yahav Far",1871.299681,"Ein Yahav Far 07/10/18",0,0,0,0,0,8,0,0,0,1,0,0,0,0
"1038","T2",2018,"Ein Yahav Far 9","Arid Desert",NA,"Ein Yahav",NA,"Far",NA,35.19848,30.64915,07/10/18,2352, 0.12341786,108,0.926818505417785,0.375509597767012,3249.057739,"Ein Yahav Far",1920.623702,"Ein Yahav Far 07/10/18",0,1,0,0,0,29,0,0,0,12,0,0,0,0
"1039","T2",2018,"Ein Yahav Near 1","Arid Desert",NA,"Ein Yahav",NA,"Near",NA,35.24105,30.67081,07/10/18,2352, 0.12341786,108,0.926818505417785,0.375509597767012,910.6739054,"Ein Yahav Near",90.530404,"Ein Yahav Near 07/10/18",0,0,0,0,0,0,0,1,0,6,0,0,0,6
"1040","T2",2018,"Ein Yahav Near 4","Arid Desert",NA,"Ein Yahav",NA,"Near",NA,35.24363,30.67066,07/10/18,2352, 0.12341786,108,0.926818505417785,0.375509597767012,998.811398,"Ein Yahav Near",71.571901,"Ein Yahav Near 07/10/18",0,3,0,0,0,0,0,0,0,3,0,0,0,4
"1041","T2",2018,"Ein Yahav Near 6","Arid Desert",NA,"Ein Yahav",NA,"Near",NA,35.2441,30.67135,07/10/18,2352, 0.12341786,108,0.926818505417785,0.375509597767012,1087.45337,"Ein Yahav Near",159.503984,"Ein Yahav Near 07/10/18",0,2,0,0,0,0,0,0,0,0,0,0,0,0
"1042","T2",2018,"Ein Yahav Near 7","Arid Desert",NA,"Ein Yahav",NA,"Near",NA,35.24327,30.6717,07/10/18,2352, 0.12341786,108,0.926818505417785,0.375509597767012,1088.69991,"Ein Yahav Near",167.291963,"Ein Yahav Near 07/10/18",0,0,0,0,0,0,0,1,0,0,0,0,0,3
"1043","T2",2018,"Ein Yahav Near 8","Arid Desert",NA,"Ein Yahav",NA,"Near",NA,35.24178,30.67189,07/10/18,2352, 0.12341786,108,0.926818505417785,0.375509597767012,1049.119654,"Ein Yahav Near",166.954832,"Ein Yahav Near 07/10/18",0,0,0,0,0,0,0,0,0,0,0,0,0,1
"1044","T2",2018,"Ein Yahav Near 9","Arid Desert",NA,"Ein Yahav",NA,"Near",NA,35.24072,30.67239,07/10/18,2352, 0.12341786,108,0.926818505417785,0.375509597767012,1058.233453,"Ein Yahav Near",181.162059,"Ein Yahav Near 07/10/18",0,0,0,0,0,0,0,0,0,6,0,0,0,4
"1045","T2",2019,"Lotan Far 3","Arid Desert",NA,"Lotan",NA,"Far",NA,35.08432,30.01328,21/02/19,2489, 0.23353202,-120,-0.580611184212314,0.814180970526562,2419.666882,"Lotan Far",775.03893,"Lotan Far 21/02/19",0,0,0,0,0,4,0,0,0,0,0,0,0,0
"1046","T2",2019,"Lotan Far 4","Arid Desert",NA,"Lotan",NA,"Far",NA,35.08405,30.01387,21/02/19,2489, 0.23353202,-120,-0.580611184212314,0.814180970526562,2484.908596,"Lotan Far",804.803439,"Lotan Far 21/02/19",0,0,0,0,0,4,0,0,0,0,0,0,0,0
"1047","T2",2019,"Lotan Far 5","Arid Desert",NA,"Lotan",NA,"Far",NA,35.08399,30.01462,21/02/19,2489, 0.23353202,-120,-0.580611184212314,0.814180970526562,2568.050189,"Lotan Far",822.774938,"Lotan Far 21/02/19",0,0,0,0,0,9,0,0,0,0,0,0,0,0
"1048","T2",2019,"Lotan Far 6","Arid Desert",NA,"Lotan",NA,"Far",NA,35.08382,30.01531,21/02/19,2489, 0.23353202,-120,-0.580611184212314,0.814180970526562,2644.613078,"Lotan Far",856.882913,"Lotan Far 21/02/19",0,0,0,0,0,12,0,0,0,0,0,0,0,0
"1049","T2",2019,"Lotan Far 7","Arid Desert",NA,"Lotan",NA,"Far",NA,35.08373,30.01595,21/02/19,2489, 0.23353202,-120,-0.580611184212314,0.814180970526562,2715.635362,"Lotan Far",886.329405,"Lotan Far 21/02/19",0,0,0,0,0,17,0,0,0,0,0,0,0,0
"1050","T2",2019,"Lotan Far 8","Arid Desert",NA,"Lotan",NA,"Far",NA,35.08358,30.01682,21/02/19,2489, 0.23353202,-120,-0.580611184212314,0.814180970526562,2812.257989,"Lotan Far",929.28799,"Lotan Far 21/02/19",0,0,0,0,0,12,0,0,0,0,0,0,0,0
"1051","T2",2019,"Lotan Far 9","Arid Desert",NA,"Lotan",NA,"Far",NA,35.08355,30.01749,21/02/19,2489, 0.23353202,-120,-0.580611184212314,0.814180970526562,2886.565661,"Lotan Far",954.507245,"Lotan Far 21/02/19",0,0,0,0,0,5,0,1,0,0,0,0,0,0
"1052","T2",2019,"Lotan Near 1","Arid Desert",NA,"Lotan",NA,"Near",NA,35.08408,29.98188,21/02/19,2489, 0.23353202,-120,-0.580611184212314,0.814180970526562,168.0366448,"Lotan Near",589.257522,"Lotan Near 21/02/19",0,0,0,0,1,0,0,0,0,1,0,0,0,1
"1053","T2",2019,"Lotan Near 2","Arid Desert",NA,"Lotan",NA,"Near",NA,35.08427,29.98098,21/02/19,2489, 0.23353202,-120,-0.580611184212314,0.814180970526562,180.9853546,"Lotan Near",686.864186,"Lotan Near 21/02/19",0,0,0,0,0,0,0,0,0,0,0,0,0,1
"1054","T2",2019,"Lotan Near 3","Arid Desert",NA,"Lotan",NA,"Near",NA,35.08464,29.98052,21/02/19,2489, 0.23353202,-120,-0.580611184212314,0.814180970526562,190.5443826,"Lotan Near",736.163413,"Lotan Near 21/02/19",0,0,0,0,0,0,0,0,0,6,0,0,0,4
"1055","T2",2019,"Lotan Near 4","Arid Desert",NA,"Lotan",NA,"Near",NA,35.08414,29.98031,21/02/19,2489, 0.23353202,-120,-0.580611184212314,0.814180970526562,239.3506611,"Lotan Near",727.88805,"Lotan Near 21/02/19",1,0,0,0,0,0,0,0,0,0,0,0,0,3
"1056","T2",2019,"Lotan Near 5","Arid Desert",NA,"Lotan",NA,"Near",NA,35.0833,29.98043,21/02/19,2489, 0.23353202,-120,-0.580611184212314,0.814180970526562,292.6863657,"Lotan Near",704.724959,"Lotan Near 21/02/19",0,0,0,0,0,0,0,0,0,3,0,0,0,0
"1057","T2",2019,"Lotan Near 6","Arid Desert",NA,"Lotan",NA,"Near",NA,35.084,29.9798,21/02/19,2489, 0.23353202,-120,-0.580611184212314,0.814180970526562,291.4551472,"Lotan Near",671.085412,"Lotan Near 21/02/19",0,0,0,0,0,0,0,0,0,3,0,0,0,2
"1058","T2",2019,"Lotan Near 7","Arid Desert",NA,"Lotan",NA,"Near",NA,35.08471,29.97955,21/02/19,2489, 0.23353202,-120,-0.580611184212314,0.814180970526562,281.4339605,"Lotan Near",675.823434,"Lotan Near 21/02/19",0,0,0,0,0,0,0,0,0,1,0,0,0,1
"1059","T2",2019,"Lotan Near 9","Arid Desert",NA,"Lotan",NA,"Near",NA,35.08486,29.979,21/02/19,2489, 0.23353202,-120,-0.580611184212314,0.814180970526562,334.2949978,"Lotan Near",627.160703,"Lotan Near 21/02/19",1,0,0,0,0,0,0,0,0,0,0,0,0,0
"1060","T2",2018,"Paran Far 1","Arid Desert",NA,"Paran",NA,"Far",NA,35.13837,30.35346,11/09/18,2326, 0.10252028,82,0.313228782433085,0.949677697882543,1315.794187,"Paran Far",911.118683,"Paran Far 11/09/18",0,0,0,0,0,5,0,0,0,3,0,0,0,0
"1061","T2",2018,"Paran Far 2","Arid Desert",NA,"Paran",NA,"Far",NA,35.13934,30.35203,11/09/18,2326, 0.10252028,82,0.313228782433085,0.949677697882543,1315.374722,"Paran Far",1092.722945,"Paran Far 11/09/18",0,0,0,0,0,1,0,0,0,0,0,0,0,0
"1062","T2",2018,"Paran Far 3","Arid Desert",NA,"Paran",NA,"Far",NA,35.13963,30.35146,11/09/18,2326, 0.10252028,82,0.313228782433085,0.949677697882543,1329.738865,"Paran Far",1161.763835,"Paran Far 11/09/18",0,0,0,0,0,43,0,1,0,0,0,0,0,0
"1063","T2",2018,"Paran Far 4","Arid Desert",NA,"Paran",NA,"Far",NA,35.13986,30.35083,11/09/18,2326, 0.10252028,82,0.313228782433085,0.949677697882543,1356.192356,"Paran Far",1234.792934,"Paran Far 11/09/18",0,0,0,0,0,9,0,0,0,0,0,0,0,0
"1064","T2",2018,"Paran Far 7","Arid Desert",NA,"Paran",NA,"Far",NA,35.14043,30.34881,11/09/18,2326, 0.10252028,82,0.313228782433085,0.949677697882543,1473.360645,"Paran Far",1463.340915,"Paran Far 11/09/18",0,0,0,0,0,0,0,0,0,0,0,0,0,2
"1065","T2",2018,"Paran Far 8","Arid Desert",NA,"Paran",NA,"Far",NA,35.14103,30.34829,11/09/18,2326, 0.10252028,82,0.313228782433085,0.949677697882543,1480.183063,"Paran Far",1538.014232,"Paran Far 11/09/18",0,0,0,0,0,0,0,0,0,1,0,0,0,0
"1066","T2",2018,"Paran Near 3","Arid Desert",NA,"Paran",NA,"Near",NA,35.15997,30.38819,11/09/18,2326, 0.10252028,82,0.313228782433085,0.949677697882543,2276.261832,"Paran Near",200.213097,"Paran Near 11/09/18",0,0,0,0,0,0,0,0,0,0,0,0,0,2
"1067","T2",2018,"Paran Near 5","Arid Desert",NA,"Paran",NA,"Near",NA,35.1599,30.38947,11/09/18,2326, 0.10252028,82,0.313228782433085,0.949677697882543,2414.831945,"Paran Near",327.17287,"Paran Near 11/09/18",0,0,0,0,0,0,0,1,0,0,0,0,0,2
"1068","T2",2018,"Paran Near 7","Arid Desert",NA,"Paran",NA,"Near",NA,35.16037,30.38892,11/09/18,2326, 0.10252028,82,0.313228782433085,0.949677697882543,2362.912315,"Paran Near",251.882064,"Paran Near 11/09/18",0,0,0,0,0,0,0,0,0,0,0,0,0,2
"1069","T2",2018,"Paran Near 9","Arid Desert",NA,"Paran",NA,"Near",NA,35.16248,30.3895,11/09/18,2326, 0.10252028,82,0.313228782433085,0.949677697882543,2471.67047,"Paran Near",213.944944,"Paran Near 11/09/18",0,0,0,0,0,0,0,1,0,0,0,0,0,1
"1070","T2",2018,"Yotveta Far 1","Arid Desert",NA,"Yotvata",NA,"Far",NA,35.03946,29.88408,06/10/18,2351, 0.12261411,107,0.184781744560667,0.982779582041221,1875.914008,"Yotvata Far",2444.592739,"Yotvata Far 06/10/18",0,0,0,0,0,6,0,2,0,0,0,0,0,5
"1071","T2",2018,"Yotveta Far 2","Arid Desert",NA,"Yotvata",NA,"Far",NA,35.03897,29.88426,06/10/18,2351, 0.12261411,107,0.184781744560667,0.982779582041221,1905.371034,"Yotvata Far",2483.178649,"Yotvata Far 06/10/18",1,2,38,0,0,23,0,1,0,0,0,0,0,2
"1072","T2",2018,"Yotveta Far 3","Arid Desert",NA,"Yotvata",NA,"Far",NA,35.03846,29.88498,06/10/18,2351, 0.12261411,107,0.184781744560667,0.982779582041221,1907.956175,"Yotvata Far",2506.935047,"Yotvata Far 06/10/18",0,0,15,0,0,0,0,0,0,0,0,0,0,0
"1073","T2",2018,"Yotveta Far 4","Arid Desert",NA,"Yotvata",NA,"Far",NA,35.0378,29.88528,06/10/18,2351, 0.12261411,107,0.184781744560667,0.982779582041221,1948.827492,"Yotvata Far",2559.555133,"Yotvata Far 06/10/18",0,0,3,0,0,2,0,0,0,0,0,0,0,1
"1074","T2",2018,"Yotveta Far 5","Arid Desert",NA,"Yotvata",NA,"Far",NA,35.03777,29.88578,06/10/18,2351, 0.12261411,107,0.184781744560667,0.982779582041221,1926.967789,"Yotvata Far",2548.714816,"Yotvata Far 06/10/18",0,0,10,0,0,0,0,0,0,0,0,0,0,0
"1075","T2",2018,"Yotveta Far 6","Arid Desert",NA,"Yotvata",NA,"Far",NA,35.03735,29.88462,06/10/18,2351, 0.12261411,107,0.184781744560667,0.982779582041221,2021.238339,"Yotvata Far",2621.017062,"Yotvata Far 06/10/18",0,1,8,0,0,1,0,0,0,0,0,0,0,0
"1076","T2",2018,"Yotveta Far 7","Arid Desert",NA,"Yotvata",NA,"Far",NA,35.0371,29.88407,06/10/18,2351, 0.12261411,107,0.184781744560667,0.982779582041221,2071.786332,"Yotvata Far",2661.693881,"Yotvata Far 06/10/18",0,43,0,0,0,44,0,6,2,0,0,0,0,3
"1077","T2",2018,"Yotveta Far 8","Arid Desert",NA,"Yotvata",NA,"Far",NA,35.03642,29.88381,06/10/18,2351, 0.12261411,107,0.184781744560667,0.982779582041221,2143.173822,"Yotvata Far",2732.990463,"Yotvata Far 06/10/18",0,1,1,0,0,0,0,1,0,0,0,0,0,0
"1078","T2",2018,"Yotveta Far 9","Arid Desert",NA,"Yotvata",NA,"Far",NA,35.03537,29.8829,06/10/18,2351, 0.12261411,107,0.184781744560667,0.982779582041221,2281.258411,"Yotvata Far",2833.21938,"Yotvata Far 06/10/18",0,1,0,0,0,3,0,2,0,0,0,0,0,1
"1079","T2",2018,"Yotveta Near 1","Arid Desert",NA,"Yotvata",NA,"Near",NA,35.06266,29.88823,06/10/18,2351, 0.12261411,107,0.184781744560667,0.982779582041221,444.2109984,"Yotvata Near",329.34319,"Yotvata Near 06/10/18",1,1,0,0,0,0,0,0,0,1,0,0,0,10
"1080","T2",2018,"Yotveta Near 3","Arid Desert",NA,"Yotvata",NA,"Near",NA,35.06266,29.88694,06/10/18,2351, 0.12261411,107,0.184781744560667,0.982779582041221,573.5916777,"Yotvata Near",402.512618,"Yotvata Near 06/10/18",0,0,0,0,0,0,0,0,0,2,0,0,0,4
"1081","T2",2018,"Yotveta Near 4","Arid Desert",NA,"Yotvata",NA,"Near",NA,35.06278,29.88762,06/10/18,2351, 0.12261411,107,0.184781744560667,0.982779582041221,500.0000199,"Yotvata Near",390.937222,"Yotvata Near 06/10/18",0,0,0,0,0,0,0,0,0,0,0,0,0,1
"1082","T2",2018,"Yotveta Near 5","Arid Desert",NA,"Yotvata",NA,"Near",NA,35.06231,29.88873,06/10/18,2351, 0.12261411,107,0.184781744560667,0.982779582041221,409.1674958,"Yotvata Near",292.109512,"Yotvata Near 06/10/18",1,2,0,0,0,0,0,1,0,0,0,0,0,5
"1083","T2",2018,"Yotveta Near 6","Arid Desert",NA,"Yotvata",NA,"Near",NA,35.06205,29.88809,06/10/18,2351, 0.12261411,107,0.184781744560667,0.982779582041221,483.9487958,"Yotvata Near",366.652953,"Yotvata Near 06/10/18",3,3,0,0,0,0,0,0,0,0,0,0,0,4
"1084","T2",2018,"Yotveta Near 7","Arid Desert",NA,"Yotvata",NA,"Near",NA,35.06179,29.88773,06/10/18,2351, 0.12261411,107,0.184781744560667,0.982779582041221,523.0567238,"Yotvata Near",413.625296,"Yotvata Near 06/10/18",0,2,0,0,0,0,0,0,0,0,0,0,0,6
"1085","T2",2018,"Yotveta Near 8","Arid Desert",NA,"Yotvata",NA,"Near",NA,35.06183,29.88718,06/10/18,2351, 0.12261411,107,0.184781744560667,0.982779582041221,582.2812689,"Yotvata Near",467.002728,"Yotvata Near 06/10/18",0,2,0,0,0,0,0,0,0,1,0,0,0,11
"1086","T2",2018,"Zofar Far 3","Arid Desert",NA,"Zofar",NA,"Far",NA,35.1782,30.5537,11/09/18,2326, 0.10252028,82,0.313228782433085,0.949677697882543,100.4290112,"Zofar Far",115.983093,"Zofar Far 11/09/18",0,0,0,0,0,0,0,0,1,0,0,0,0,0
"1087","T2",2018,"Zofar Far 4","Arid Desert",NA,"Zofar",NA,"Far",NA,35.1782,30.5537,11/09/18,2326, 0.10252028,82,0.313228782433085,0.949677697882543,100.4290112,"Zofar Far",115.983093,"Zofar Far 11/09/18",0,0,0,0,0,0,0,0,2,0,0,0,0,0
"1088","T2",2018,"Zofar Far 5","Arid Desert",NA,"Zofar",NA,"Far",NA,35.1784,30.5523,11/09/18,2326, 0.10252028,82,0.313228782433085,0.949677697882543,256.1663818,"Zofar Far",268.302732,"Zofar Far 11/09/18",0,0,0,0,3,1,0,0,1,0,0,0,0,0
"1089","T2",2018,"Zofar Far 7","Arid Desert",NA,"Zofar",NA,"Far",NA,35.1803,30.5517,11/09/18,2326, 0.10252028,82,0.313228782433085,0.949677697882543,328.4339922,"Zofar Far",325.685754,"Zofar Far 11/09/18",0,0,0,0,2,0,0,0,0,0,0,0,0,1
"1090","T2",2018,"Zofar Far 8","Arid Desert",NA,"Zofar",NA,"Far",NA,35.1802,30.5525,11/09/18,2326, 0.10252028,82,0.313228782433085,0.949677697882543,239.4848363,"Zofar Far",244.97267,"Zofar Far 11/09/18",0,1,0,0,0,4,0,0,0,0,0,0,0,0
"1091","T2",2018,"Zofar Near 1","Arid Desert",NA,"Zofar",NA,"Near",NA,35.19697,30.56834,11/09/18,2326, 0.10252028,82,0.313228782433085,0.949677697882543,1089.092658,"Zofar Near",79.275913,"Zofar Near 11/09/18",0,0,0,0,0,0,0,0,0,1,0,0,0,0
"1092","T2",2018,"Zofar Near 3","Arid Desert",NA,"Zofar",NA,"Near",NA,35.19422,30.56838,11/09/18,2326, 0.10252028,82,0.313228782433085,0.949677697882543,853.9194754,"Zofar Near",205.014681,"Zofar Near 11/09/18",0,0,0,0,0,0,0,0,0,5,0,0,0,0
"1093","T2",2018,"Zofar Near 5","Arid Desert",NA,"Zofar",NA,"Near",NA,35.19539,30.56981,11/09/18,2326, 0.10252028,82,0.313228782433085,0.949677697882543,1019.708879,"Zofar Near",71.778396,"Zofar Near 11/09/18",0,1,0,0,0,0,0,2,0,0,0,0,0,1
"1094","T2",2018,"Zofar Near 9","Arid Desert",NA,"Zofar",NA,"Near",NA,35.19317,30.56816,11/09/18,2326, 0.10252028,82,0.313228782433085,0.949677697882543,751.9434045,"Zofar Near",216.985716,"Zofar Near 11/09/18",0,0,0,0,0,0,0,0,0,1,0,0,0,0
"1095","T2",2018,"Gamla Far 1","Herbaceous and Dwarf Shrub Vegetation",NA,"Gamla","Far",NA,NA,35.74494,32.92139,10/10/18,2355, 0.12582912,111,-0.864551448610608,-0.502544319145385,3715.31697,"Gamla Far",3093.736729,"Gamla Far 10/10/18",11,0,0,0,0,0,0,0,0,0,2,0,8,2
"1096","T2",2018,"Gamla Far 2","Herbaceous and Dwarf Shrub Vegetation",NA,"Gamla","Far",NA,NA,35.74547,32.92078,10/10/18,2355, 0.12582912,111,-0.864551448610608,-0.502544319145385,3783.485779,"Gamla Far",3041.926362,"Gamla Far 10/10/18",19,0,0,0,0,0,7,0,1,0,0,0,12,1
"1097","T2",2018,"Gamla Far 3","Herbaceous and Dwarf Shrub Vegetation",NA,"Gamla","Far",NA,NA,35.74611,32.91978,10/10/18,2355, 0.12582912,111,-0.864551448610608,-0.502544319145385,3895.821998,"Gamla Far",2953.505124,"Gamla Far 10/10/18",2,0,0,0,0,0,1,0,0,0,0,0,7,0
"1098","T2",2018,"Gamla Far 4","Herbaceous and Dwarf Shrub Vegetation",NA,"Gamla","Far",NA,NA,35.74599,32.91877,10/10/18,2355, 0.12582912,111,-0.864551448610608,-0.502544319145385,4007.44661,"Gamla Far",2843.582143,"Gamla Far 10/10/18",0,0,0,0,0,0,5,0,0,0,0,0,4,0
"1099","T2",2018,"Gamla Far 5","Herbaceous and Dwarf Shrub Vegetation",NA,"Gamla","Far",NA,NA,35.7454,32.91806,10/10/18,2355, 0.12582912,111,-0.864551448610608,-0.502544319145385,4085.00371,"Gamla Far",2751.563759,"Gamla Far 10/10/18",5,0,0,0,0,0,14,0,0,0,0,0,5,0
"1100","T2",2018,"Gamla Far 6","Herbaceous and Dwarf Shrub Vegetation",NA,"Gamla","Far",NA,NA,35.74448,32.91743,10/10/18,2355, 0.12582912,111,-0.864551448610608,-0.502544319145385,4154.559394,"Gamla Far",2659.352238,"Gamla Far 10/10/18",0,0,0,0,0,0,5,0,0,0,0,0,4,0
"1101","T2",2018,"Gamla Far 8","Herbaceous and Dwarf Shrub Vegetation",NA,"Gamla","Far",NA,NA,35.74302,32.91627,10/10/18,2355, 0.12582912,111,-0.864551448610608,-0.502544319145385,4286.279042,"Gamla Far",2498.892307,"Gamla Far 10/10/18",0,0,0,0,0,0,7,0,0,0,0,0,10,0
"1102","T2",2018,"Gamla Far 9","Herbaceous and Dwarf Shrub Vegetation",NA,"Gamla","Far",NA,NA,35.74253,32.91602,10/10/18,2355, 0.12582912,111,-0.864551448610608,-0.502544319145385,4315.977617,"Gamla Far",2460.926494,"Gamla Far 10/10/18",0,0,0,0,0,0,0,0,0,0,0,0,1,0
"1103","T2",2018,"Karei Deshe Far 5","Herbaceous and Dwarf Shrub Vegetation",NA,"Karei Deshe","Far",NA,NA,35.58369,32.92457,12/09/18,2327, 0.10332403,83,0.968364461100185,0.249540117973338,1627.880195,"Karei Deshe Far",783.223211,"Karei Deshe Far 12/09/18",3,0,0,0,0,0,43,0,3,0,1,0,1,1
"1104","T2",2018,"Karei Deshe Far 6","Herbaceous and Dwarf Shrub Vegetation",NA,"Karei Deshe","Far",NA,NA,35.58413,32.92413,12/09/18,2327, 0.10332403,83,0.968364461100185,0.249540117973338,1691.675969,"Karei Deshe Far",728.185326,"Karei Deshe Far 12/09/18",0,0,0,0,0,0,2,0,0,0,0,0,0,0
"1105","T2",2018,"Karei Deshe Far 9","Herbaceous and Dwarf Shrub Vegetation",NA,"Karei Deshe","Far",NA,NA,35.58336,32.92194,12/09/18,2327, 0.10332403,83,0.968364461100185,0.249540117973338,1766.910803,"Karei Deshe Far",507.73122,"Karei Deshe Far 12/09/18",0,0,0,0,0,0,2,0,0,0,0,0,0,0
"1106","T2",2018,"Natur Far 1","Herbaceous and Dwarf Shrub Vegetation",NA,"Natur","Far",NA,NA,35.73813,32.84048,10/10/18,2355, 0.12582912,111,-0.864551448610608,-0.502544319145385,1754.75648,"Natur Far",1363.837866,"Natur Far 10/10/18",0,0,0,0,0,0,0,0,0,0,0,0,1,0
"1107","T2",2018,"Natur Far 2","Herbaceous and Dwarf Shrub Vegetation",NA,"Natur","Far",NA,NA,35.73849,32.84152,10/10/18,2355, 0.12582912,111,-0.864551448610608,-0.502544319145385,1659.285976,"Natur Far",1445.569575,"Natur Far 10/10/18",1,0,0,0,0,0,0,0,0,0,0,0,1,0
"1108","T2",2018,"Natur Far 4","Herbaceous and Dwarf Shrub Vegetation",NA,"Natur","Far",NA,NA,35.73751,32.84275,10/10/18,2355, 0.12582912,111,-0.864551448610608,-0.502544319145385,1663.482054,"Natur Far",1609.442647,"Natur Far 10/10/18",5,0,0,0,0,0,5,0,2,0,0,0,6,1
"1109","T2",2018,"Natur Far 6","Herbaceous and Dwarf Shrub Vegetation",NA,"Natur","Far",NA,NA,35.73713,32.84449,10/10/18,2355, 0.12582912,111,-0.864551448610608,-0.502544319145385,1592.466009,"Natur Far",1514.451347,"Natur Far 10/10/18",4,0,0,0,0,0,0,0,2,0,0,0,5,0
"1110","T2",2018,"Natur Far 7","Herbaceous and Dwarf Shrub Vegetation",NA,"Natur","Far",NA,NA,35.73716,32.84537,10/10/18,2355, 0.12582912,111,-0.864551448610608,-0.502544319145385,1533.103348,"Natur Far",1445.17244,"Natur Far 10/10/18",4,0,0,0,0,0,1,0,2,0,0,0,4,0
"1111","T2",2018,"Natur Far 8","Herbaceous and Dwarf Shrub Vegetation",NA,"Natur","Far",NA,NA,35.73725,32.84612,10/10/18,2355, 0.12582912,111,-0.864551448610608,-0.502544319145385,1477.617883,"Natur Far",1393.236838,"Natur Far 10/10/18",2,0,0,0,0,0,1,0,0,0,0,0,12,2
"1112","T2",2018,"Shaal Far 2","Herbaceous and Dwarf Shrub Vegetation",NA,"Shaal","Far",NA,NA,35.75046,33.08815,10/10/18,2355, 0.12582912,111,-0.864551448610608,-0.502544319145385,603.6884866,"Shaal Far",839.415102,"Shaal Far 10/10/18",0,0,0,0,0,0,6,0,0,0,0,0,0,0
"1113","T2",2018,"Shaal Far 3","Herbaceous and Dwarf Shrub Vegetation",NA,"Shaal","Far",NA,NA,35.74976,33.08813,10/10/18,2355, 0.12582912,111,-0.864551448610608,-0.502544319145385,669.0581269,"Shaal Far",892.75692,"Shaal Far 10/10/18",3,0,0,0,0,0,5,0,0,0,0,0,0,0
"1114","T2",2018,"Shaal Far 4","Herbaceous and Dwarf Shrub Vegetation",NA,"Shaal","Far",NA,NA,35.74976,33.08697,10/10/18,2355, 0.12582912,111,-0.864551448610608,-0.502544319145385,676.6106533,"Shaal Far",831.109316,"Shaal Far 10/10/18",4,0,0,0,0,0,14,0,3,0,0,0,0,0
"1115","T2",2018,"Shaal Far 6","Herbaceous and Dwarf Shrub Vegetation",NA,"Shaal","Far",NA,NA,35.7498,33.0854,10/10/18,2355, 0.12582912,111,-0.864551448610608,-0.502544319145385,692.9771189,"Shaal Far",768.904384,"Shaal Far 10/10/18",0,0,0,0,0,0,1,0,0,0,0,0,0,0
"1116","T2",2018,"Shaal Far 7","Herbaceous and Dwarf Shrub Vegetation",NA,"Shaal","Far",NA,NA,35.75016,33.08448,10/10/18,2355, 0.12582912,111,-0.864551448610608,-0.502544319145385,691.5960185,"Shaal Far",715.71034,"Shaal Far 10/10/18",0,0,0,0,0,0,6,0,0,0,0,0,0,3
"1117","T2",2018,"Shaal Far 9","Herbaceous and Dwarf Shrub Vegetation",NA,"Shaal","Far",NA,NA,35.74829,33.08442,10/10/18,2355, 0.12582912,111,-0.864551448610608,-0.502544319145385,858.0568733,"Shaal Far",888.317525,"Shaal Far 10/10/18",2,0,0,0,0,0,5,0,0,0,0,0,0,0
"1118","T2",2018,"Yavneel Far 1","Herbaceous and Dwarf Shrub Vegetation",NA,"Yavneel","Far",NA,NA,35.50895,32.68134,12/09/18,2327, 0.10332403,83,0.968364461100185,0.249540117973338,1602.810615,"Yavneel Far",26.205747,"Yavneel Far 12/09/18",0,2,0,0,0,0,4,0,0,0,0,0,0,0
"1119","T2",2018,"Yavneel Far 2","Herbaceous and Dwarf Shrub Vegetation",NA,"Yavneel","Far",NA,NA,35.50926,32.68037,12/09/18,2327, 0.10332403,83,0.968364461100185,0.249540117973338,1712.275348,"Yavneel Far",48.07415,"Yavneel Far 12/09/18",0,0,0,0,0,0,1,0,0,0,0,0,0,1
"1120","T2",2018,"Yavneel Far 3","Herbaceous and Dwarf Shrub Vegetation",NA,"Yavneel","Far",NA,NA,35.51019,32.6796,12/09/18,2327, 0.10332403,83,0.968364461100185,0.249540117973338,1806.293294,"Yavneel Far",128.945337,"Yavneel Far 12/09/18",0,0,0,0,0,0,0,0,1,0,0,0,0,0
"1121","T2",2018,"Yavneel Far 4","Herbaceous and Dwarf Shrub Vegetation",NA,"Yavneel","Far",NA,NA,35.51019,32.67906,12/09/18,2327, 0.10332403,83,0.968364461100185,0.249540117973338,1865.717242,"Yavneel Far",104.8101,"Yavneel Far 12/09/18",0,0,0,0,0,0,3,0,1,0,0,0,8,0
"1122","T2",2018,"Yavneel Far 5","Herbaceous and Dwarf Shrub Vegetation",NA,"Yavneel","Far",NA,NA,35.51051,32.67867,12/09/18,2327, 0.10332403,83,0.968364461100185,0.249540117973338,1912.461005,"Yavneel Far",114.847382,"Yavneel Far 12/09/18",0,0,0,0,0,0,2,0,0,0,0,0,0,0
"1123","T2",2018,"Yavneel Far 6","Herbaceous and Dwarf Shrub Vegetation",NA,"Yavneel","Far",NA,NA,35.51099,32.67802,12/09/18,2327, 0.10332403,83,0.968364461100185,0.249540117973338,1990.255448,"Yavneel Far",100.856465,"Yavneel Far 12/09/18",1,0,0,0,0,0,0,0,0,0,0,0,0,0
"1124","T2",2018,"Yavneel Far 7","Herbaceous and Dwarf Shrub Vegetation",NA,"Yavneel","Far",NA,NA,35.51098,32.67715,12/09/18,2327, 0.10332403,83,0.968364461100185,0.249540117973338,2085.532467,"Yavneel Far",19.700263,"Yavneel Far 12/09/18",0,0,0,0,0,0,5,0,0,0,0,0,3,2
"1125","T2",2018,"Yavneel Far 8","Herbaceous and Dwarf Shrub Vegetation",NA,"Yavneel","Far",NA,NA,35.51167,32.67616,12/09/18,2327, 0.10332403,83,0.968364461100185,0.249540117973338,2204.051422,"Yavneel Far",7.747007,"Yavneel Far 12/09/18",0,0,0,0,0,0,0,0,1,0,0,0,0,1
"1126","T2",2018,"Yavneel Far 9","Herbaceous and Dwarf Shrub Vegetation",NA,"Yavneel","Far",NA,NA,35.51188,32.67767,12/09/18,2327, 0.10332403,83,0.968364461100185,0.249540117973338,2042.741313,"Yavneel Far",35.354925,"Yavneel Far 12/09/18",0,0,0,0,0,0,1,0,0,0,0,0,0,0
"1127","T2",2017,"Beer Milka Far Shifting 1_1","Inland Sands",NA,"Beer Milka",NA,"Far","Shifting",34.41789,30.94665,18/09/17,1968,-0.18522328,89,0.860069405812453,0.510177044941669,1628.916778,"Beer Milka Far Shifting 1",2166.64876,"Beer Milka Far Shifting 1 18/09/17",0,0,0,0,0,0,0,0,0,1,0,0,0,0
"1128","T2",2017,"Beer Milka Far Shifting 1_2","Inland Sands",NA,"Beer Milka",NA,"Far","Shifting",34.41855,30.94702,18/09/17,1968,-0.18522328,89,0.860069405812453,0.510177044941669,1702.732911,"Beer Milka Far Shifting 1",2196.422751,"Beer Milka Far Shifting 1 18/09/17",0,0,0,0,0,0,0,0,0,0,0,0,0,2
"1129","T2",2017,"Beer Milka Far Shifting 1_4","Inland Sands",NA,"Beer Milka",NA,"Far","Shifting",34.41956,30.9469,18/09/17,1968,-0.18522328,89,0.860069405812453,0.510177044941669,1764.659943,"Beer Milka Far Shifting 1",2163.737586,"Beer Milka Far Shifting 1 18/09/17",0,0,0,0,0,2,0,0,0,0,0,0,0,2
"1130","T2",2017,"Beer Milka Far Shifting 1_9","Inland Sands",NA,"Beer Milka",NA,"Far","Shifting",34.41712,30.94667,18/09/17,1968,-0.18522328,89,0.860069405812453,0.510177044941669,1578.827577,"Beer Milka Far Shifting 1",2182.555887,"Beer Milka Far Shifting 1 18/09/17",0,0,0,0,0,2,0,0,0,0,0,0,0,0
"1131","T2",2018,"Beer Milka Far Shifting 2_1","Inland Sands",NA,"Beer Milka",NA,"Far","Shifting",34.37976,30.9814,02/02/18,2105,-0.07510913,-139,-0.696080131224742,0.717964101410472,5445.674888,"Beer Milka Far Shifting 2",1168.424566,"Beer Milka Far Shifting 2 02/02/18",0,0,0,0,0,0,0,0,0,0,0,0,0,2
"1132","T2",2018,"Beer Milka Far Shifting 2_6","Inland Sands",NA,"Beer Milka",NA,"Far","Shifting",34.37752,30.98171,02/02/18,2105,-0.07510913,-139,-0.696080131224742,0.717964101410472,5571.715849,"Beer Milka Far Shifting 2",1042.612521,"Beer Milka Far Shifting 2 02/02/18",0,0,0,0,0,0,1,0,0,0,0,0,0,1
"1133","T2",2018,"Beer Milka Far Shifting 2_7","Inland Sands",NA,"Beer Milka",NA,"Far","Shifting",34.37704,30.98176,02/02/18,2105,-0.07510913,-139,-0.696080131224742,0.717964101410472,5597.835056,"Beer Milka Far Shifting 2",1018.193416,"Beer Milka Far Shifting 2 02/02/18",0,0,0,0,0,0,1,0,0,1,0,0,0,0
"1134","T2",2018,"Beer Milka Far Shifting 2_8","Inland Sands",NA,"Beer Milka",NA,"Far","Shifting",34.37631,30.98175,02/02/18,2105,-0.07510913,-139,-0.696080131224742,0.717964101410472,5629.656499,"Beer Milka Far Shifting 2",976.179204,"Beer Milka Far Shifting 2 02/02/18",0,0,0,0,0,0,0,0,0,0,0,0,0,1
"1135","T2",2018,"Beer Milka Far Shifting 3_1","Inland Sands",NA,"Beer Milka",NA,"Far","Shifting",34.44537,30.91571,02/02/18,2105,-0.07510913,-139,-0.696080131224742,0.717964101410472,1093.649975,"Beer Milka Far Shifting 3",1299.082946,"Beer Milka Far Shifting 3 02/02/18",0,0,0,0,0,0,0,0,0,0,0,0,0,1
"1136","T2",2018,"Beer Milka Far Shifting 3_2","Inland Sands",NA,"Beer Milka",NA,"Far","Shifting",34.44444,30.91571,02/02/18,2105,-0.07510913,-139,-0.696080131224742,0.717964101410472,1012.523856,"Beer Milka Far Shifting 3",1257.678487,"Beer Milka Far Shifting 3 02/02/18",0,0,0,0,0,0,0,0,0,0,0,0,0,1
"1137","T2",2018,"Beer Milka Far Shifting 3_4","Inland Sands",NA,"Beer Milka",NA,"Far","Shifting",34.44402,30.91603,02/02/18,2105,-0.07510913,-139,-0.696080131224742,0.717964101410472,992.4742769,"Beer Milka Far Shifting 3",1273.034273,"Beer Milka Far Shifting 3 02/02/18",0,0,0,0,0,0,0,0,0,0,0,0,0,3
"1138","T2",2018,"Beer Milka Far Shifting 3_5","Inland Sands",NA,"Beer Milka",NA,"Far","Shifting",34.44526,30.9162,02/02/18,2105,-0.07510913,-139,-0.696080131224742,0.717964101410472,1106.674958,"Beer Milka Far Shifting 3",1341.667519,"Beer Milka Far Shifting 3 02/02/18",0,0,0,0,0,1,0,0,0,0,0,0,0,0
"1139","T2",2018,"Beer Milka Far Shifting 3_6","Inland Sands",NA,"Beer Milka",NA,"Far","Shifting",34.44743,30.91611,02/02/18,2105,-0.07510913,-139,-0.696080131224742,0.717964101410472,1292.652266,"Beer Milka Far Shifting 3",1442.445609,"Beer Milka Far Shifting 3 02/02/18",2,0,0,0,0,0,0,0,0,1,0,0,0,1
"1140","T2",2018,"Beer Milka Far Shifting 3_7","Inland Sands",NA,"Beer Milka",NA,"Far","Shifting",34.4476,30.91641,02/02/18,2105,-0.07510913,-139,-0.696080131224742,0.717964101410472,1320.213673,"Beer Milka Far Shifting 3",1478.979434,"Beer Milka Far Shifting 3 02/02/18",0,0,0,0,0,0,0,0,0,1,0,0,0,1
"1141","T2",2018,"Beer Milka Far Shifting 3_8","Inland Sands",NA,"Beer Milka",NA,"Far","Shifting",34.44896,30.91648,02/02/18,2105,-0.07510913,-139,-0.696080131224742,0.717964101410472,1443.832897,"Beer Milka Far Shifting 3",1533.543678,"Beer Milka Far Shifting 3 02/02/18",0,0,0,0,0,0,0,0,0,0,0,0,0,1
"1142","T2",2018,"Beer Milka Near Semi-Shifting 1_7","Inland Sands",NA,"Beer Milka",NA,"Near","Semi-Shifting",34.39409,30.96412,12/02/18,2115,-0.06707160,-129,0.193473392038468,-0.981105522649388,3153.860071,"Beer Milka Near Semi-Shifting",167.281516,"Beer Milka Near Semi-Shifting 12/02/18",0,0,0,0,0,0,0,0,0,0,0,0,0,3
"1143","T2",2018,"Beer Milka Near Semi-Shifting 1_8","Inland Sands",NA,"Beer Milka",NA,"Near","Semi-Shifting",34.39366,30.96453,12/02/18,2115,-0.06707160,-129,0.193473392038468,-0.981105522649388,3209.897814,"Beer Milka Near Semi-Shifting",192.656165,"Beer Milka Near Semi-Shifting 12/02/18",1,0,0,0,0,1,0,0,0,0,0,0,0,2
"1144","T2",2017,"Beer Milka Near Shifting 1_1","Inland Sands",NA,"Beer Milka",NA,"Near","Shifting",34.42499,30.92995,17/09/17,1967,-0.18602704,88,0.0353983027336607,0.999373283695125,1535.52763,"Beer Milka Near Shifting",218.03996,"Beer Milka Near Shifting 17/09/17",0,0,0,0,0,2,0,0,0,0,0,0,0,1
"1145","T2",2017,"Beer Milka Near Shifting 1_2","Inland Sands",NA,"Beer Milka",NA,"Near","Shifting",34.41954,30.92883,17/09/17,1967,-0.18602704,88,0.0353983027336607,0.999373283695125,1038.086338,"Beer Milka Near Shifting",199.3634,"Beer Milka Near Shifting 17/09/17",0,0,0,0,0,0,0,0,0,2,0,0,0,2
"1146","T2",2017,"Beer Milka Near Shifting 1_3","Inland Sands",NA,"Beer Milka",NA,"Near","Shifting",34.42005,30.92907,17/09/17,1967,-0.18602704,88,0.0353983027336607,0.999373283695125,1080.065086,"Beer Milka Near Shifting",211.138182,"Beer Milka Near Shifting 17/09/17",0,0,0,0,0,0,0,0,0,1,0,0,0,0
"1147","T2",2017,"Beer Milka Near Shifting 1_6","Inland Sands",NA,"Beer Milka",NA,"Near","Shifting",34.42205,30.92874,17/09/17,1967,-0.18602704,88,0.0353983027336607,0.999373283695125,1274.679838,"Beer Milka Near Shifting",143.574226,"Beer Milka Near Shifting 17/09/17",0,0,0,0,0,0,0,0,0,0,0,0,0,1
"1148","T2",2017,"Beer Milka Near Shifting 1_7","Inland Sands",NA,"Beer Milka",NA,"Near","Shifting",34.42254,30.92948,17/09/17,1967,-0.18602704,88,0.0353983027336607,0.999373283695125,1307.722045,"Beer Milka Near Shifting",223.861987,"Beer Milka Near Shifting 17/09/17",0,0,0,0,0,0,0,0,0,0,0,0,0,3
"1149","T2",2017,"Beer Milka Near Shifting 1_8","Inland Sands",NA,"Beer Milka",NA,"Near","Shifting",34.42313,30.92935,17/09/17,1967,-0.18602704,88,0.0353983027336607,0.999373283695125,1365.503233,"Beer Milka Near Shifting",193.062147,"Beer Milka Near Shifting 17/09/17",0,0,0,0,0,1,0,0,0,0,0,0,0,1
"1150","T2",2017,"Beer Milka Near Shifting 1_9","Inland Sands",NA,"Beer Milka",NA,"Near","Shifting",34.42351,30.92895,17/09/17,1967,-0.18602704,88,0.0353983027336607,0.999373283695125,1407.908249,"Beer Milka Near Shifting",139.331925,"Beer Milka Near Shifting 17/09/17",0,0,0,0,0,0,0,0,0,3,0,0,0,0
"1151","T2",2017,"Secher Far 1_2","Inland Sands",NA,"Secher",NA,"Far","Semi-Shifting",34.76557,31.08331,02/10/17,1982,-0.17397074,103,0.622988631442349,-0.782230889887116,4787.129262,"Secher Far",3422.791731,"Secher Far 02/10/17",0,0,0,0,0,0,0,0,0,0,0,0,0,2
"1152","T2",2017,"Secher Far 1_4","Inland Sands",NA,"Secher",NA,"Far","Shifting",34.7762,31.09987,02/10/17,1982,-0.17397074,103,0.622988631442349,-0.782230889887116,2724.894648,"Secher Far",4121.285604,"Secher Far 02/10/17",0,0,0,0,0,0,0,0,0,0,0,0,0,3
"1153","T2",2017,"Secher Far 1_7","Inland Sands",NA,"Secher",NA,"Far","Shifting",34.7793,31.10212,02/10/17,1982,-0.17397074,103,0.622988631442349,-0.782230889887116,4822.952339,"Secher Far",3224.854253,"Secher Far 02/10/17",0,0,0,0,0,0,0,0,0,0,0,0,0,6
"1154","T2",2017,"Secher Far 1_7","Inland Sands",NA,"Secher",NA,"Far","Semi-Shifting",34.7622,31.08419,02/10/17,1982,-0.17397074,103,0.622988631442349,-0.782230889887116,4822.952339,"Secher Far",3224.854253,"Secher Far 02/10/17",0,0,0,0,0,0,0,0,0,0,0,0,0,2
"1155","T2",2017,"Secher Far 1_8","Inland Sands",NA,"Secher",NA,"Far","Semi-Shifting",34.76276,31.08469,02/10/17,1982,-0.17397074,103,0.622988631442349,-0.782230889887116,4750.200136,"Secher Far",3301.325853,"Secher Far 02/10/17",0,0,0,0,0,0,0,0,0,0,0,0,0,3
"1156","T2",2017,"Secher Far 1_9","Inland Sands",NA,"Secher",NA,"Far","Semi-Shifting",34.76347,31.08474,02/10/17,1982,-0.17397074,103,0.622988631442349,-0.782230889887116,4717.242289,"Secher Far",3357.406129,"Secher Far 02/10/17",0,0,0,0,0,0,0,0,0,0,0,0,0,1
"1157","T2",2017,"Shunra Far 1","Inland Sands",NA,"Shunra",NA,"Far","Semi-Shifting",34.60658,30.95667,02/10/17,1982,-0.17397074,103,0.622988631442349,-0.782230889887116,8529.649838,"Shunra Far",3673.172302,"Shunra Far 02/10/17",0,0,0,0,0,1,0,0,0,0,0,0,0,0
"1158","T2",2017,"Shunra Far 2","Inland Sands",NA,"Shunra",NA,"Far","Semi-Shifting",34.60671,30.9572,02/10/17,1982,-0.17397074,103,0.622988631442349,-0.782230889887116,8512.567383,"Shunra Far",3725.238059,"Shunra Far 02/10/17",0,0,0,0,0,0,0,0,0,0,0,0,0,1
"1159","T2",2017,"Shunra Far 4","Inland Sands",NA,"Shunra",NA,"Far","Semi-Shifting",34.60684,30.95854,02/10/17,1982,-0.17397074,103,0.622988631442349,-0.782230889887116,8490.073548,"Shunra Far",3863.385653,"Shunra Far 02/10/17",0,0,0,0,0,2,0,0,0,1,0,0,0,1
"1160","T2",2017,"Shunra Far 8","Inland Sands",NA,"Shunra",NA,"Far","Semi-Shifting",34.60737,30.95916,02/10/17,1982,-0.17397074,103,0.622988631442349,-0.782230889887116,8435.700304,"Shunra Far",3915.047916,"Shunra Far 02/10/17",0,0,0,0,0,0,0,0,0,1,0,0,0,0
"1161","T2",2017,"Shunra Far 9","Inland Sands",NA,"Shunra",NA,"Far","Semi-Shifting",34.60886,30.9582,02/10/17,1982,-0.17397074,103,0.622988631442349,-0.782230889887116,8299.792702,"Shunra Far",3775.239414,"Shunra Far 02/10/17",0,0,0,0,0,0,0,0,0,1,0,0,0,0
"1162","T2",2018,"Beit Yatir Far 2","Mediterranean Desert Transition Zone",NA,"Beit Yatir","Far",NA,NA,35.12437,31.37202,20/11/18,2396, 0.15878299,152,0.933320523748862,0.359044286891116,1042.419435,"Beit Yatir Far",1476.212128,"Beit Yatir Far 20/11/18",1,0,0,0,0,0,3,0,0,8,0,0,0,1
"1163","T2",2018,"Beit Yatir Far 4","Mediterranean Desert Transition Zone",NA,"Beit Yatir","Far",NA,NA,35.12525,31.372,20/11/18,2396, 0.15878299,152,0.933320523748862,0.359044286891116,1126.164477,"Beit Yatir Far",1552.783381,"Beit Yatir Far 20/11/18",0,0,0,0,0,0,0,0,0,0,0,0,0,1
"1164","T2",2018,"Beit Yatir Far 5","Mediterranean Desert Transition Zone",NA,"Beit Yatir","Far",NA,NA,35.12586,31.37165,20/11/18,2396, 0.15878299,152,0.933320523748862,0.359044286891116,1185.239441,"Beit Yatir Far",1578.927695,"Beit Yatir Far 20/11/18",2,0,0,0,0,0,0,0,0,7,0,0,0,3
"1165","T2",2018,"Beit Yatir Far 7","Mediterranean Desert Transition Zone",NA,"Beit Yatir","Far",NA,NA,35.12712,31.37072,20/11/18,2396, 0.15878299,152,0.933320523748862,0.359044286891116,1280.213447,"Beit Yatir Far",1455.142999,"Beit Yatir Far 20/11/18",1,0,0,0,0,0,1,0,0,4,0,0,0,1
"1166","T2",2018,"Beit Yatir Far 8","Mediterranean Desert Transition Zone",NA,"Beit Yatir","Far",NA,NA,35.12757,31.36979,20/11/18,2396, 0.15878299,152,0.933320523748862,0.359044286891116,1314.996158,"Beit Yatir Far",1346.892221,"Beit Yatir Far 20/11/18",4,0,0,0,0,0,2,0,0,0,0,0,0,5
"1167","T2",2018,"Beit Yatir Far 9","Mediterranean Desert Transition Zone",NA,"Beit Yatir","Far",NA,NA,35.12786,31.36937,20/11/18,2396, 0.15878299,152,0.933320523748862,0.359044286891116,1318.215087,"Beit Yatir Far",1297.179522,"Beit Yatir Far 20/11/18",7,0,0,0,0,0,2,0,0,4,0,0,0,5
"1168","T2",2018,"Beit Yatir Near 1","Mediterranean Desert Transition Zone",NA,"Beit Yatir","Near",NA,NA,35.10696,31.35603,20/11/18,2396, 0.15878299,152,0.933320523748862,0.359044286891116,626.4289207,"Beit Yatir Near",22.717928,"Beit Yatir Near 20/11/18",2,0,0,0,0,0,0,0,0,0,0,0,0,2
"1169","T2",2018,"Beit Yatir Near 5","Mediterranean Desert Transition Zone",NA,"Beit Yatir","Near",NA,NA,35.1075,31.35726,20/11/18,2396, 0.15878299,152,0.933320523748862,0.359044286891116,521.7801759,"Beit Yatir Near",17.060222,"Beit Yatir Near 20/11/18",0,0,0,0,0,0,0,0,0,0,0,0,0,8
"1170","T2",2018,"Beit Yatir Near 6","Mediterranean Desert Transition Zone",NA,"Beit Yatir","Near",NA,NA,35.10811,31.35731,20/11/18,2396, 0.15878299,152,0.933320523748862,0.359044286891116,465.5554549,"Beit Yatir Near",18.256789,"Beit Yatir Near 20/11/18",0,0,0,0,0,0,0,0,0,0,0,0,0,1
"1171","T2",2018,"Beit Yatir Near 7","Mediterranean Desert Transition Zone",NA,"Beit Yatir","Near",NA,NA,35.10891,31.3573,20/11/18,2396, 0.15878299,152,0.933320523748862,0.359044286891116,396.3321788,"Beit Yatir Near",53.328462,"Beit Yatir Near 20/11/18",0,0,0,0,0,0,0,0,0,0,0,0,0,5
"1172","T2",2018,"Beit Yatir Near 8","Mediterranean Desert Transition Zone",NA,"Beit Yatir","Near",NA,NA,35.10852,31.35692,20/11/18,2396, 0.15878299,152,0.933320523748862,0.359044286891116,448.6571177,"Beit Yatir Near",69.141074,"Beit Yatir Near 20/11/18",0,0,0,0,0,0,2,0,0,0,0,0,0,8
"1173","T2",2018,"Har Amasa Far 1","Mediterranean Desert Transition Zone",NA,"Har Amasa","Far",NA,NA,35.09324,31.33433,24/11/18,2400, 0.16199800,156,-0.881784618814781,0.471652293561339,1143.976388,"Har Amasa Far",123.738022,"Har Amasa Far 24/11/18",0,0,0,0,0,0,0,0,2,0,0,0,0,1
"1174","T2",2018,"Har Amasa Far 2","Mediterranean Desert Transition Zone",NA,"Har Amasa","Far",NA,NA,35.09274,31.33426,24/11/18,2400, 0.16199800,156,-0.881784618814781,0.471652293561339,1179.97028,"Har Amasa Far",141.8981,"Har Amasa Far 24/11/18",0,0,0,0,0,0,0,0,0,0,0,0,0,1
"1175","T2",2018,"Har Amasa Far 3","Mediterranean Desert Transition Zone",NA,"Har Amasa","Far",NA,NA,35.0924,31.33409,24/11/18,2400, 0.16199800,156,-0.881784618814781,0.471652293561339,1215.234246,"Har Amasa Far",164.147038,"Har Amasa Far 24/11/18",0,0,0,0,0,0,0,0,0,0,0,0,0,1
"1176","T2",2018,"Har Amasa Far 7","Mediterranean Desert Transition Zone",NA,"Har Amasa","Far",NA,NA,35.09208,31.33195,24/11/18,2400, 0.16199800,156,-0.881784618814781,0.471652293561339,1421.643612,"Har Amasa Far",260.618806,"Har Amasa Far 24/11/18",1,0,0,0,0,0,3,1,0,0,0,0,0,3
"1177","T2",2018,"Har Amasa Far 8","Mediterranean Desert Transition Zone",NA,"Har Amasa","Far",NA,NA,35.09156,31.33183,24/11/18,2400, 0.16199800,156,-0.881784618814781,0.471652293561339,1461.378902,"Har Amasa Far",251.142423,"Har Amasa Far 24/11/18",0,0,0,0,0,0,0,0,0,0,0,0,0,3
"1178","T2",2018,"Har Amasa Far 9","Mediterranean Desert Transition Zone",NA,"Har Amasa","Far",NA,NA,35.0906,31.33186,24/11/18,2400, 0.16199800,156,-0.881784618814781,0.471652293561339,1514.839997,"Har Amasa Far",189.47422,"Har Amasa Far 24/11/18",1,0,0,0,0,0,10,0,0,0,0,0,0,4
"1179","T2",2018,"Har Amasa Near 2","Mediterranean Desert Transition Zone",NA,"Har Amasa","Near",NA,NA,35.09874,31.34456,24/11/18,2400, 0.16199800,156,-0.881784618814781,0.471652293561339,138.1907651,"Har Amasa Near",0,"Har Amasa Near 24/11/18",2,0,0,0,0,0,0,0,0,1,0,0,0,0
"1180","T2",2018,"Har Amasa Near 3","Mediterranean Desert Transition Zone",NA,"Har Amasa","Near",NA,NA,35.09835,31.34515,24/11/18,2400, 0.16199800,156,-0.881784618814781,0.471652293561339,182.3075964,"Har Amasa Near",0,"Har Amasa Near 24/11/18",0,0,0,0,0,0,4,0,0,1,0,0,0,4
"1181","T2",2018,"Har Amasa Near 5","Mediterranean Desert Transition Zone",NA,"Har Amasa","Near",NA,NA,35.0972,31.34551,24/11/18,2400, 0.16199800,156,-0.881784618814781,0.471652293561339,296.7763495,"Har Amasa Near",0,"Har Amasa Near 24/11/18",0,0,0,0,0,0,10,0,0,2,0,0,0,6
"1182","T2",2018,"Har Amasa Near 6","Mediterranean Desert Transition Zone",NA,"Har Amasa","Near",NA,NA,35.09644,31.34552,24/11/18,2400, 0.16199800,156,-0.881784618814781,0.471652293561339,368.0692849,"Har Amasa Near",0,"Har Amasa Near 24/11/18",0,0,0,0,0,0,0,0,0,0,0,0,0,1
"1183","T2",2018,"Har Amasa Near 7","Mediterranean Desert Transition Zone",NA,"Har Amasa","Near",NA,NA,35.09646,31.34361,24/11/18,2400, 0.16199800,156,-0.881784618814781,0.471652293561339,348.7561865,"Har Amasa Near",24.184287,"Har Amasa Near 24/11/18",2,0,0,0,0,0,0,0,0,0,1,0,0,3
"1184","T2",2018,"Har Amasa Near 9","Mediterranean Desert Transition Zone",NA,"Har Amasa","Near",NA,NA,35.09758,31.34308,24/11/18,2400, 0.16199800,156,-0.881784618814781,0.471652293561339,256.4264744,"Har Amasa Near",29.657511,"Har Amasa Near 24/11/18",0,0,0,0,0,0,2,0,0,0,0,0,0,4
"1185","T2",2018,"Lahav Far 2","Mediterranean Desert Transition Zone",NA,"Lahav","Far",NA,NA,34.85773,31.37367,30/10/18,2375, 0.14190418,131,-0.8116033871367,0.584208817109289,837.5688746,"Lahav Far",46.639181,"Lahav Far 30/10/18",0,0,0,0,0,0,0,0,0,0,0,0,0,7
"1186","T2",2018,"Lahav Far 4","Mediterranean Desert Transition Zone",NA,"Lahav","Far",NA,NA,34.85916,31.37349,30/10/18,2375, 0.14190418,131,-0.8116033871367,0.584208817109289,725.4018096,"Lahav Far",37.777721,"Lahav Far 30/10/18",0,0,0,0,0,0,0,0,0,0,1,0,0,4
"1187","T2",2018,"Lahav Far 5","Mediterranean Desert Transition Zone",NA,"Lahav","Far",NA,NA,34.85967,31.37359,30/10/18,2375, 0.14190418,131,-0.8116033871367,0.584208817109289,677.9969675,"Lahav Far",29.63393,"Lahav Far 30/10/18",0,0,0,0,0,0,0,0,0,0,0,0,0,1
"1188","T2",2018,"Lahav Far 6","Mediterranean Desert Transition Zone",NA,"Lahav","Far",NA,NA,34.86006,31.37345,30/10/18,2375, 0.14190418,131,-0.8116033871367,0.584208817109289,654.1850989,"Lahav Far",45.690195,"Lahav Far 30/10/18",0,0,0,0,0,0,0,0,0,0,0,0,0,2
"1189","T2",2018,"Lahav Far 7","Mediterranean Desert Transition Zone",NA,"Lahav","Far",NA,NA,34.86086,31.37328,30/10/18,2375, 0.14190418,131,-0.8116033871367,0.584208817109289,599.6010524,"Lahav Far",61.462198,"Lahav Far 30/10/18",0,0,0,0,0,0,0,0,1,0,1,0,0,0
"1190","T2",2018,"Lahav Far 8","Mediterranean Desert Transition Zone",NA,"Lahav","Far",NA,NA,34.8613,31.37326,30/10/18,2375, 0.14190418,131,-0.8116033871367,0.584208817109289,566.8041391,"Lahav Far",66.180603,"Lahav Far 30/10/18",0,0,0,0,0,0,0,0,0,0,0,0,0,1
"1191","T2",2018,"Lahav Far 9","Mediterranean Desert Transition Zone",NA,"Lahav","Far",NA,NA,34.8618,31.37354,30/10/18,2375, 0.14190418,131,-0.8116033871367,0.584208817109289,510.1322278,"Lahav Far",38.036355,"Lahav Far 30/10/18",0,0,0,0,0,0,0,0,0,0,0,0,0,7
"1192","T2",2018,"Lahav Near 2","Mediterranean Desert Transition Zone",NA,"Lahav","Near",NA,NA,34.86286,31.38438,30/10/18,2375, 0.14190418,131,-0.8116033871367,0.584208817109289,531.6613146,"Lahav Near",696.354249,"Lahav Near 30/10/18",0,0,0,0,0,0,0,0,1,0,1,0,0,1
"1193","T2",2018,"Lahav Near 3","Mediterranean Desert Transition Zone",NA,"Lahav","Near",NA,NA,34.86345,31.38467,30/10/18,2375, 0.14190418,131,-0.8116033871367,0.584208817109289,518.6717707,"Lahav Near",722.93104,"Lahav Near 30/10/18",1,0,0,0,0,0,0,1,0,0,0,0,0,3
"1194","T2",2018,"Lahav Near 4","Mediterranean Desert Transition Zone",NA,"Lahav","Near",NA,NA,34.86398,31.38459,30/10/18,2375, 0.14190418,131,-0.8116033871367,0.584208817109289,481.9188259,"Lahav Near",712.63509,"Lahav Near 30/10/18",0,0,0,0,0,0,0,0,0,0,0,0,0,1
"1195","T2",2018,"Lahav Near 5","Mediterranean Desert Transition Zone",NA,"Lahav","Near",NA,NA,34.86448,31.38426,30/10/18,2375, 0.14190418,131,-0.8116033871367,0.584208817109289,425.4766659,"Lahav Near",678.052517,"Lahav Near 30/10/18",2,0,0,0,0,0,0,0,0,0,0,0,0,6
"1196","T2",2018,"Lahav Near 6","Mediterranean Desert Transition Zone",NA,"Lahav","Near",NA,NA,34.8651,31.38428,30/10/18,2375, 0.14190418,131,-0.8116033871367,0.584208817109289,375.1162665,"Lahav Near",686.523535,"Lahav Near 30/10/18",6,0,0,0,0,0,0,0,0,0,0,0,0,0
"1197","T2",2018,"Lahav Near 8","Mediterranean Desert Transition Zone",NA,"Lahav","Near",NA,NA,34.86625,31.38376,30/10/18,2375, 0.14190418,131,-0.8116033871367,0.584208817109289,251.701285,"Lahav Near",620.357889,"Lahav Near 30/10/18",3,0,0,0,0,0,0,1,0,0,0,0,0,7
"1198","T2",2018,"Lahav Near 9","Mediterranean Desert Transition Zone",NA,"Lahav","Near",NA,NA,34.8669,31.38364,30/10/18,2375, 0.14190418,131,-0.8116033871367,0.584208817109289,190.0937457,"Lahav Near",557.172715,"Lahav Near 30/10/18",0,0,0,0,0,0,0,0,0,0,0,0,0,2
"1199","T2",2018,"Lehavim Far 1","Mediterranean Desert Transition Zone",NA,"Lehavim","Far",NA,NA,34.82907,31.37475,08/12/18,2414, 0.17325054,170,0.34664945549703,0.937994752119441,532.4143492,"Lehavim Far",869.911366,"Lehavim Far 08/12/18",0,0,0,0,0,0,0,0,0,0,2,0,0,18
"1200","T2",2018,"Lehavim Far 2","Mediterranean Desert Transition Zone",NA,"Lehavim","Far",NA,NA,34.82832,31.37516,08/12/18,2414, 0.17325054,170,0.34664945549703,0.937994752119441,514.4079856,"Lehavim Far",949.57437,"Lehavim Far 08/12/18",0,0,0,0,0,0,0,0,1,0,0,0,0,5
"1201","T2",2018,"Lehavim Far 4","Mediterranean Desert Transition Zone",NA,"Lehavim","Far",NA,NA,34.82792,31.37651,08/12/18,2414, 0.17325054,170,0.34664945549703,0.937994752119441,617.0635642,"Lehavim Far",1088.032352,"Lehavim Far 08/12/18",0,0,0,0,0,0,0,0,0,0,0,0,0,8
"1202","T2",2018,"Lehavim Far 5","Mediterranean Desert Transition Zone",NA,"Lehavim","Far",NA,NA,34.82749,31.37775,08/12/18,2414, 0.17325054,170,0.34664945549703,0.937994752119441,705.9445906,"Lehavim Far",951.693009,"Lehavim Far 08/12/18",0,0,0,0,0,0,0,0,2,0,0,0,0,3
"1203","T2",2018,"Lehavim Far 7","Mediterranean Desert Transition Zone",NA,"Lehavim","Far",NA,NA,34.82621,31.37899,08/12/18,2414, 0.17325054,170,0.34664945549703,0.937994752119441,767.8214995,"Lehavim Far",830.379281,"Lehavim Far 08/12/18",0,0,0,0,0,0,0,0,7,0,0,0,0,2
"1204","T2",2018,"Lehavim Far 9","Mediterranean Desert Transition Zone",NA,"Lehavim","Far",NA,NA,34.82774,31.37982,08/12/18,2414, 0.17325054,170,0.34664945549703,0.937994752119441,913.475395,"Lehavim Far",721.383192,"Lehavim Far 08/12/18",0,0,0,0,0,0,0,0,10,0,0,0,0,5
"1205","T2",2018,"Lehavim Near 1","Mediterranean Desert Transition Zone",NA,"Lehavim","Near",NA,NA,34.823,31.36518,08/12/18,2414, 0.17325054,170,0.34664945549703,0.937994752119441,186.0196786,"Lehavim Near",764.478155,"Lehavim Near 08/12/18",0,0,0,0,0,0,0,0,0,33,0,0,0,7
"1206","T2",2018,"Lehavim Near 2","Mediterranean Desert Transition Zone",NA,"Lehavim","Near",NA,NA,34.82366,31.3645,08/12/18,2414, 0.17325054,170,0.34664945549703,0.937994752119441,281.2746408,"Lehavim Near",747.707078,"Lehavim Near 08/12/18",0,0,0,0,0,0,0,0,0,0,1,0,0,1
"1207","T2",2018,"Lehavim Near 3","Mediterranean Desert Transition Zone",NA,"Lehavim","Near",NA,NA,34.8226,31.3644,08/12/18,2414, 0.17325054,170,0.34664945549703,0.937994752119441,206.6044556,"Lehavim Near",674.262643,"Lehavim Near 08/12/18",0,0,0,0,0,0,0,0,0,1,0,0,0,0
"1208","T2",2018,"Lehavim Near 4","Mediterranean Desert Transition Zone",NA,"Lehavim","Near",NA,NA,34.82309,31.36382,08/12/18,2414, 0.17325054,170,0.34664945549703,0.937994752119441,282.2612516,"Lehavim Near",655.428595,"Lehavim Near 08/12/18",0,0,0,0,0,0,0,0,0,2,0,0,0,1
"1209","T2",2018,"Lehavim Near 7","Mediterranean Desert Transition Zone",NA,"Lehavim","Near",NA,NA,34.82568,31.36343,08/12/18,2414, 0.17325054,170,0.34664945549703,0.937994752119441,506.3829286,"Lehavim Near",692.49786,"Lehavim Near 08/12/18",1,0,0,0,0,0,0,0,0,0,0,0,0,1
"1210","T2",2018,"Mirsham Far 1","Mediterranean Desert Transition Zone",NA,"Mirsham","Far",NA,NA,34.90586,31.46342,29/10/18,2374, 0.14110042,130,-0.930105950186762,-0.367291330454696,1896.988738,"Mirsham Far",320.417541,"Mirsham Far 29/10/18",1,0,0,0,0,0,7,0,0,0,0,0,0,2
"1211","T2",2018,"Mirsham Far 2","Mediterranean Desert Transition Zone",NA,"Mirsham","Far",NA,NA,34.90532,31.46319,29/10/18,2374, 0.14110042,130,-0.930105950186762,-0.367291330454696,1953.528135,"Mirsham Far",265.208903,"Mirsham Far 29/10/18",0,0,0,0,0,0,2,0,0,0,0,0,0,2
"1212","T2",2018,"Mirsham Far 3","Mediterranean Desert Transition Zone",NA,"Mirsham","Far",NA,NA,34.90487,31.46338,29/10/18,2374, 0.14110042,130,-0.930105950186762,-0.367291330454696,1976.428047,"Mirsham Far",252.731325,"Mirsham Far 29/10/18",0,0,0,0,0,0,1,0,2,0,1,0,0,0
"1213","T2",2018,"Mirsham Far 4","Mediterranean Desert Transition Zone",NA,"Mirsham","Far",NA,NA,34.90441,31.46346,29/10/18,2374, 0.14110042,130,-0.930105950186762,-0.367291330454696,2007.710853,"Mirsham Far",237.041792,"Mirsham Far 29/10/18",0,0,0,0,0,0,1,0,0,0,1,0,0,6
"1214","T2",2018,"Mirsham Far 5","Mediterranean Desert Transition Zone",NA,"Mirsham","Far",NA,NA,34.90327,31.4634,29/10/18,2374, 0.14110042,130,-0.930105950186762,-0.367291330454696,2102.387789,"Mirsham Far",202.920424,"Mirsham Far 29/10/18",0,0,0,0,0,0,0,0,0,0,0,0,0,3
"1215","T2",2018,"Mirsham Far 7","Mediterranean Desert Transition Zone",NA,"Mirsham","Far",NA,NA,34.902,31.46393,29/10/18,2374, 0.14110042,130,-0.930105950186762,-0.367291330454696,2176.455346,"Mirsham Far",112.81454,"Mirsham Far 29/10/18",0,0,0,0,0,0,6,0,0,0,0,0,0,0
"1216","T2",2018,"Mirsham Far 9","Mediterranean Desert Transition Zone",NA,"Mirsham","Far",NA,NA,34.90098,31.46413,29/10/18,2374, 0.14110042,130,-0.930105950186762,-0.367291330454696,2251.392724,"Mirsham Far",81.297865,"Mirsham Far 29/10/18",1,0,0,0,0,0,3,0,0,0,1,0,0,8
"1217","T2",2018,"Mirsham Near 1","Mediterranean Desert Transition Zone",NA,"Mirsham","Near",NA,NA,34.92967,31.4792,29/10/18,2374, 0.14110042,130,-0.930105950186762,-0.367291330454696,165.8215884,"Mirsham Near",348.883533,"Mirsham Near 29/10/18",0,0,0,0,0,0,0,0,0,0,0,0,0,1
"1218","T2",2018,"Mirsham Near 2","Mediterranean Desert Transition Zone",NA,"Mirsham","Near",NA,NA,34.93002,31.47932,29/10/18,2374, 0.14110042,130,-0.930105950186762,-0.367291330454696,199.3547441,"Mirsham Near",327.159077,"Mirsham Near 29/10/18",1,0,0,0,0,0,6,0,8,0,0,0,0,0
"1219","T2",2018,"Mirsham Near 3","Mediterranean Desert Transition Zone",NA,"Mirsham","Near",NA,NA,34.93074,31.47997,29/10/18,2374, 0.14110042,130,-0.930105950186762,-0.367291330454696,298.4736149,"Mirsham Near",246.668597,"Mirsham Near 29/10/18",2,0,0,0,0,0,4,0,1,0,0,0,0,0
"1220","T2",2018,"Mirsham Near 4","Mediterranean Desert Transition Zone",NA,"Mirsham","Near",NA,NA,34.93135,31.48078,29/10/18,2374, 0.14110042,130,-0.930105950186762,-0.367291330454696,401.8329084,"Mirsham Near",159.739475,"Mirsham Near 29/10/18",2,0,0,0,0,0,8,0,0,0,0,0,0,0
"1221","T2",2018,"Mirsham Near 5","Mediterranean Desert Transition Zone",NA,"Mirsham","Near",NA,NA,34.93165,31.4817,29/10/18,2374, 0.14110042,130,-0.930105950186762,-0.367291330454696,491.6591959,"Mirsham Near",80.123896,"Mirsham Near 29/10/18",0,0,0,0,0,0,0,0,0,0,1,0,0,0
"1222","T2",2018,"Mirsham Near 6","Mediterranean Desert Transition Zone",NA,"Mirsham","Near",NA,NA,34.93116,31.48196,29/10/18,2374, 0.14110042,130,-0.930105950186762,-0.367291330454696,476.9378693,"Mirsham Near",28.626496,"Mirsham Near 29/10/18",19,0,0,0,0,0,12,0,0,0,0,0,0,1
"1223","T2",2018,"Mirsham Near 7","Mediterranean Desert Transition Zone",NA,"Mirsham","Near",NA,NA,34.92984,31.48242,29/10/18,2374, 0.14110042,130,-0.930105950186762,-0.367291330454696,440.3300355,"Mirsham Near",80.933896,"Mirsham Near 29/10/18",4,0,0,0,0,0,0,0,0,0,0,0,0,0
"1224","T2",2018,"Mirsham Near 8","Mediterranean Desert Transition Zone",NA,"Mirsham","Near",NA,NA,34.92894,31.48218,29/10/18,2374, 0.14110042,130,-0.930105950186762,-0.367291330454696,380.0713721,"Mirsham Near",169.384058,"Mirsham Near 29/10/18",3,0,0,0,0,0,0,0,0,0,0,0,0,1
"1225","T2",2018,"Mirsham Near 9","Mediterranean Desert Transition Zone",NA,"Mirsham","Near",NA,NA,34.92792,31.48194,29/10/18,2374, 0.14110042,130,-0.930105950186762,-0.367291330454696,323.4660904,"Mirsham Near",195.263844,"Mirsham Near 29/10/18",5,0,0,0,0,0,14,0,5,0,1,0,0,4
"1226","T2",2017,"Aderet Far 1","Mediterranean Maquis","Judea","Aderet","Far",NA,NA,34.98303,31.66637,03/10/17,1983,-0.17316699,104,-0.321622403162531,-0.946868010751213,932.4456853,"Aderet Far",855.28744,"Aderet Far 03/10/17",0,0,0,0,0,0,0,0,1,0,0,0,0,0
"1227","T2",2017,"Aderet Far 2","Mediterranean Maquis","Judea","Aderet","Far",NA,NA,34.98074,31.66564,03/10/17,1983,-0.17316699,104,-0.321622403162531,-0.946868010751213,1108.903231,"Aderet Far",748.77951,"Aderet Far 03/10/17",0,0,0,0,0,0,3,2,0,0,0,0,0,0
"1228","T2",2017,"Aderet Far 3","Mediterranean Maquis","Judea","Aderet","Far",NA,NA,34.98132,31.66616,03/10/17,1983,-0.17316699,104,-0.321622403162531,-0.946868010751213,1074.142511,"Aderet Far",808.921781,"Aderet Far 03/10/17",0,0,0,0,0,0,0,0,8,0,0,0,0,4
"1229","T2",2017,"Aderet Far 5","Mediterranean Maquis","Judea","Aderet","Far",NA,NA,34.98054,31.66522,03/10/17,1983,-0.17316699,104,-0.321622403162531,-0.946868010751213,1115.489618,"Aderet Far",701.703366,"Aderet Far 03/10/17",0,0,0,0,0,0,9,1,5,0,0,0,0,0
"1230","T2",2017,"Aderet Far 6","Mediterranean Maquis","Judea","Aderet","Far",NA,NA,34.98057,31.66456,03/10/17,1983,-0.17316699,104,-0.321622403162531,-0.946868010751213,1098.090841,"Aderet Far",628.625597,"Aderet Far 03/10/17",1,0,0,0,0,0,0,0,4,0,0,0,0,2
"1231","T2",2017,"Aderet Far 7","Mediterranean Maquis","Judea","Aderet","Far",NA,NA,34.9808,31.66417,03/10/17,1983,-0.17316699,104,-0.321622403162531,-0.946868010751213,1070.03598,"Aderet Far",586.001556,"Aderet Far 03/10/17",0,0,0,0,0,0,3,0,0,0,0,0,0,2
"1232","T2",2017,"Aderet Far 8","Mediterranean Maquis","Judea","Aderet","Far",NA,NA,34.98114,31.66365,03/10/17,1983,-0.17316699,104,-0.321622403162531,-0.946868010751213,1031.823717,"Aderet Far",530.135209,"Aderet Far 03/10/17",0,0,0,0,0,0,0,0,0,0,0,0,0,4
"1233","T2",2017,"Aderet Far 9","Mediterranean Maquis","Judea","Aderet","Far",NA,NA,34.9819,31.66299,03/10/17,1983,-0.17316699,104,-0.321622403162531,-0.946868010751213,934.7681344,"Aderet Far",467.74294,"Aderet Far 03/10/17",0,0,0,0,0,0,0,0,2,0,0,0,0,0
"1234","T2",2017,"Aderet Near 1","Mediterranean Maquis","Judea","Aderet","Near",NA,NA,34.9883,31.66151,03/10/17,1983,-0.17316699,104,-0.321622403162531,-0.946868010751213,342.9094936,"Aderet Near",533.74384,"Aderet Near 03/10/17",3,0,0,0,0,0,6,0,16,0,0,0,0,2
"1235","T2",2017,"Aderet Near 7","Mediterranean Maquis","Judea","Aderet","Near",NA,NA,34.98969,31.66321,03/10/17,1983,-0.17316699,104,-0.321622403162531,-0.946868010751213,220.3414406,"Aderet Near",529.275993,"Aderet Near 03/10/17",2,0,0,0,0,0,0,0,9,0,1,0,0,4
"1236","T2",2017,"Aderet Near 8","Mediterranean Maquis","Judea","Aderet","Near",NA,NA,34.98945,31.6627,03/10/17,1983,-0.17316699,104,-0.321622403162531,-0.946868010751213,241.3258031,"Aderet Near",553.787091,"Aderet Near 03/10/17",1,0,0,0,0,0,3,3,1,0,0,0,0,0
"1237","T2",2017,"Aderet Near 9","Mediterranean Maquis","Judea","Aderet","Near",NA,NA,34.98879,31.66192,03/10/17,1983,-0.17316699,104,-0.321622403162531,-0.946868010751213,319.8374737,"Aderet Near",596.945461,"Aderet Near 03/10/17",1,0,0,0,0,0,2,4,0,0,0,0,0,1
"1238","T2",2017,"Beit Oren Far 1","Mediterranean Maquis","Carmel","Beit Oren","Far",NA,NA,35.00815,32.72598,07/07/17,1895,-0.24389725,16,-0.287903316665065,-0.957659480323385,428.5421992,"Beit Oren Far",675.085931,"Beit Oren Far 07/07/17",0,0,0,0,0,0,0,0,0,0,0,0,1,0
"1239","T2",2017,"Beit Oren Far 2","Mediterranean Maquis","Carmel","Beit Oren","Far",NA,NA,35.00716,32.72617,07/07/17,1895,-0.24389725,16,-0.287903316665065,-0.957659480323385,397.2247368,"Beit Oren Far",665.031744,"Beit Oren Far 07/07/17",3,0,0,0,0,0,0,0,0,0,0,0,1,0
"1240","T2",2017,"Beit Oren Far 3","Mediterranean Maquis","Carmel","Beit Oren","Far",NA,NA,35.0066,32.72551,07/07/17,1895,-0.24389725,16,-0.287903316665065,-0.957659480323385,461.9823203,"Beit Oren Far",732.703289,"Beit Oren Far 07/07/17",3,0,0,0,0,0,0,0,0,0,0,0,2,0
"1241","T2",2017,"Beit Oren Far 4","Mediterranean Maquis","Carmel","Beit Oren","Far",NA,NA,35.00599,32.72516,07/07/17,1895,-0.24389725,16,-0.287903316665065,-0.957659480323385,490.3850472,"Beit Oren Far",751.882476,"Beit Oren Far 07/07/17",9,0,0,0,0,0,0,0,0,0,0,0,1,0
"1242","T2",2017,"Beit Oren Far 5","Mediterranean Maquis","Carmel","Beit Oren","Far",NA,NA,35.00524,32.72533,07/07/17,1895,-0.24389725,16,-0.287903316665065,-0.957659480323385,461.2503162,"Beit Oren Far",717.659624,"Beit Oren Far 07/07/17",0,0,0,0,0,0,0,0,5,0,0,0,0,0
"1243","T2",2017,"Beit Oren Far 6","Mediterranean Maquis","Carmel","Beit Oren","Far",NA,NA,35.0044,32.72569,07/07/17,1895,-0.24389725,16,-0.287903316665065,-0.957659480323385,420.9979055,"Beit Oren Far",667.751319,"Beit Oren Far 07/07/17",1,0,0,0,0,0,0,0,0,0,0,0,0,0
"1244","T2",2017,"Beit Oren Far 7","Mediterranean Maquis","Carmel","Beit Oren","Far",NA,NA,35.00376,32.72523,07/07/17,1895,-0.24389725,16,-0.287903316665065,-0.957659480323385,480.2366605,"Beit Oren Far",716.781103,"Beit Oren Far 07/07/17",4,0,0,0,0,0,0,0,9,0,0,0,3,0
"1245","T2",2017,"Beit Oren Far 8","Mediterranean Maquis","Carmel","Beit Oren","Far",NA,NA,35.0027,32.72518,07/07/17,1895,-0.24389725,16,-0.287903316665065,-0.957659480323385,495.1443636,"Beit Oren Far",728.353774,"Beit Oren Far 07/07/17",25,0,0,0,0,0,0,0,0,0,0,0,0,0
"1246","T2",2017,"Beit Oren Far 9","Mediterranean Maquis","Carmel","Beit Oren","Far",NA,NA,35.00172,32.72553,07/07/17,1895,-0.24389725,16,-0.287903316665065,-0.957659480323385,451.6806074,"Beit Oren Far",696.907051,"Beit Oren Far 07/07/17",8,0,0,0,0,0,0,0,0,0,0,0,0,0
"1247","T2",2017,"Beit Oren Near 1","Mediterranean Maquis","Carmel","Beit Oren","Near",NA,NA,35.00155,32.73383,07/07/17,1895,-0.24389725,16,-0.287903316665065,-0.957659480323385,97.19018466,"Beit Oren Near",167.965148,"Beit Oren Near 07/07/17",3,0,0,0,0,0,0,1,6,0,0,0,7,7
"1248","T2",2017,"Beit Oren Near 3","Mediterranean Maquis","Carmel","Beit Oren","Near",NA,NA,35.00198,32.73476,07/07/17,1895,-0.24389725,16,-0.287903316665065,-0.957659480323385,0,"Beit Oren Near",271.026411,"Beit Oren Near 07/07/17",0,0,0,0,0,0,0,0,1,0,0,0,2,0
"1249","T2",2017,"Beit Oren Near 6","Mediterranean Maquis","Carmel","Beit Oren","Near",NA,NA,35.00307,32.73327,07/07/17,1895,-0.24389725,16,-0.287903316665065,-0.957659480323385,67.80157246,"Beit Oren Near",120.856197,"Beit Oren Near 07/07/17",0,0,0,0,0,0,0,0,0,0,1,0,0,0
"1250","T2",2017,"Beit Oren Near 8","Mediterranean Maquis","Carmel","Beit Oren","Near",NA,NA,35.00403,32.73322,07/07/17,1895,-0.24389725,16,-0.287903316665065,-0.957659480323385,16.34792669,"Beit Oren Near",103.763749,"Beit Oren Near 07/07/17",0,0,0,0,0,0,0,0,3,0,0,0,9,0
"1251","T2",2017,"Beit Oren Near 9","Mediterranean Maquis","Carmel","Beit Oren","Near",NA,NA,35.00435,32.73286,07/07/17,1895,-0.24389725,16,-0.287903316665065,-0.957659480323385,20.67057455,"Beit Oren Near",54.521582,"Beit Oren Near 07/07/17",0,0,0,0,0,0,0,0,2,0,0,0,9,0
"1252","T2",2017,"Ein Yaakov Far 1","Mediterranean Maquis","Galilee","Ein Yaakov","Far",NA,NA,35.22711,33.00361,20/10/17,2000,-0.15950319,121,0.99881522472358,-0.0486636092001539,319.5880118,"Ein Yaakov Far",339.009692,"Ein Yaakov Far 20/10/17",41,0,0,0,0,0,0,0,0,0,0,0,40,0
"1253","T2",2017,"Ein Yaakov Far 2","Mediterranean Maquis","Galilee","Ein Yaakov","Far",NA,NA,35.22754,33.00326,20/10/17,2000,-0.15950319,121,0.99881522472358,-0.0486636092001539,360.9370871,"Ein Yaakov Far",394.792952,"Ein Yaakov Far 20/10/17",15,0,0,0,0,0,0,0,0,0,0,0,20,0
"1254","T2",2017,"Ein Yaakov Far 3","Mediterranean Maquis","Galilee","Ein Yaakov","Far",NA,NA,35.2279,33.00306,20/10/17,2000,-0.15950319,121,0.99881522472358,-0.0486636092001539,385.2599686,"Ein Yaakov Far",434.764334,"Ein Yaakov Far 20/10/17",21,0,0,0,0,0,0,0,0,0,0,0,15,0
"1255","T2",2017,"Ein Yaakov Far 4","Mediterranean Maquis","Galilee","Ein Yaakov","Far",NA,NA,35.2283,33.00272,20/10/17,2000,-0.15950319,121,0.99881522472358,-0.0486636092001539,425.3196801,"Ein Yaakov Far",487.68657,"Ein Yaakov Far 20/10/17",23,0,0,0,0,0,0,0,0,0,0,0,13,1
"1256","T2",2017,"Ein Yaakov Far 5","Mediterranean Maquis","Galilee","Ein Yaakov","Far",NA,NA,35.22908,33.00268,20/10/17,2000,-0.15950319,121,0.99881522472358,-0.0486636092001539,434.4886144,"Ein Yaakov Far",547.507622,"Ein Yaakov Far 20/10/17",0,0,0,0,0,0,0,0,0,0,0,0,1,0
"1257","T2",2017,"Ein Yaakov Far 7","Mediterranean Maquis","Galilee","Ein Yaakov","Far",NA,NA,35.2302,33.00263,20/10/17,2000,-0.15950319,121,0.99881522472358,-0.0486636092001539,449.9279826,"Ein Yaakov Far",637.803736,"Ein Yaakov Far 20/10/17",1,0,0,0,0,0,0,0,1,0,0,0,2,0
"1258","T2",2017,"Ein Yaakov Far 8","Mediterranean Maquis","Galilee","Ein Yaakov","Far",NA,NA,35.23071,33.00275,20/10/17,2000,-0.15950319,121,0.99881522472358,-0.0486636092001539,448.2077675,"Ein Yaakov Far",672.724703,"Ein Yaakov Far 20/10/17",0,0,0,0,0,0,0,0,0,0,0,0,25,1
"1259","T2",2017,"Ein Yaakov Far 9","Mediterranean Maquis","Galilee","Ein Yaakov","Far",NA,NA,35.2313,33.00284,20/10/17,2000,-0.15950319,121,0.99881522472358,-0.0486636092001539,457.9544341,"Ein Yaakov Far",717.561405,"Ein Yaakov Far 20/10/17",0,0,0,0,0,0,0,0,0,0,0,0,7,0
"1260","T2",2017,"Ein Yaakov Near 1","Mediterranean Maquis","Galilee","Ein Yaakov","Near",NA,NA,35.22754,33.00326,20/10/17,2000,-0.15950319,121,0.99881522472358,-0.0486636092001539,360.9370871,"Ein Yaakov Near",394.792952,"Ein Yaakov Near 20/10/17",27,0,0,0,0,0,0,0,0,0,0,0,33,0
"1261","T2",2017,"Ein Yaakov Near 2","Mediterranean Maquis","Galilee","Ein Yaakov","Near",NA,NA,35.226,33.00551,20/10/17,2000,-0.15950319,121,0.99881522472358,-0.0486636092001539,110.1885673,"Ein Yaakov Near",145.180029,"Ein Yaakov Near 20/10/17",29,0,0,0,0,0,0,0,0,0,0,0,14,0
"1262","T2",2017,"Ein Yaakov Near 3","Mediterranean Maquis","Galilee","Ein Yaakov","Near",NA,NA,35.22615,33.00562,20/10/17,2000,-0.15950319,121,0.99881522472358,-0.0486636092001539,94.79572589,"Ein Yaakov Near",155.197058,"Ein Yaakov Near 20/10/17",14,0,0,0,0,0,0,0,0,0,0,0,13,0
"1263","T2",2017,"Ein Yaakov Near 4","Mediterranean Maquis","Galilee","Ein Yaakov","Near",NA,NA,35.22655,33.00564,20/10/17,2000,-0.15950319,121,0.99881522472358,-0.0486636092001539,91.52354,"Ein Yaakov Near",191.349658,"Ein Yaakov Near 20/10/17",0,0,0,0,0,0,0,0,0,0,0,0,4,0
"1264","T2",2017,"Ein Yaakov Near 5","Mediterranean Maquis","Galilee","Ein Yaakov","Near",NA,NA,35.22716,33.00568,20/10/17,2000,-0.15950319,121,0.99881522472358,-0.0486636092001539,90.80623144,"Ein Yaakov Near",247.096941,"Ein Yaakov Near 20/10/17",9,0,0,0,0,0,0,0,0,0,0,0,5,0
"1265","T2",2017,"Ein Yaakov Near 7","Mediterranean Maquis","Galilee","Ein Yaakov","Near",NA,NA,35.22792,33.0058,20/10/17,2000,-0.15950319,121,0.99881522472358,-0.0486636092001539,82.14706007,"Ein Yaakov Near",316.775711,"Ein Yaakov Near 20/10/17",3,0,0,0,0,0,0,0,0,0,0,0,2,1
"1266","T2",2017,"Ein Yaakov Near 8","Mediterranean Maquis","Galilee","Ein Yaakov","Near",NA,NA,35.22834,33.00571,20/10/17,2000,-0.15950319,121,0.99881522472358,-0.0486636092001539,94.66090779,"Ein Yaakov Near",354.090343,"Ein Yaakov Near 20/10/17",2,0,0,0,0,0,0,0,2,0,0,0,12,0
"1267","T2",2017,"Ein Yaakov Near 9","Mediterranean Maquis","Galilee","Ein Yaakov","Near",NA,NA,35.22903,33.0058,20/10/17,2000,-0.15950319,121,0.99881522472358,-0.0486636092001539,88.89548311,"Ein Yaakov Near",365.488672,"Ein Yaakov Near 20/10/17",1,0,0,0,0,0,0,0,7,0,0,0,15,0
"1268","T2",2017,"Givat Yearim Far 1","Mediterranean Maquis","Judea","Givat Yearim","Far",NA,NA,35.0898,31.7755,29/07/17,1917,-0.22621469,38,0.296368578709385,0.955073644047295,538.5785018,"Givat Yearim Far",575.434946,"Givat Yearim Far 29/07/17",3,0,0,0,0,0,0,0,0,0,0,0,0,0
"1269","T2",2017,"Givat Yearim Far 3","Mediterranean Maquis","Judea","Givat Yearim","Far",NA,NA,35.0932,31.7749,29/07/17,1917,-0.22621469,38,0.296368578709385,0.955073644047295,381.8123377,"Givat Yearim Far",379.882548,"Givat Yearim Far 29/07/17",13,0,0,0,0,0,0,0,0,0,0,0,0,0
"1270","T2",2017,"Givat Yearim Far 7","Mediterranean Maquis","Judea","Givat Yearim","Far",NA,NA,35.09296,31.77377,29/07/17,1917,-0.22621469,38,0.296368578709385,0.955073644047295,504.187622,"Givat Yearim Far",498.519839,"Givat Yearim Far 29/07/17",0,0,0,0,0,0,1,0,0,0,0,0,0,0
"1271","T2",2017,"Givat Yearim Far 9","Mediterranean Maquis","Judea","Givat Yearim","Far",NA,NA,35.09097,31.77499,29/07/17,1917,-0.22621469,38,0.296368578709385,0.955073644047295,510.222157,"Givat Yearim Far",513.522543,"Givat Yearim Far 29/07/17",3,0,0,0,0,0,0,0,0,0,0,0,0,0
"1272","T2",2017,"Givat Yearim Near 1","Mediterranean Maquis","Judea","Givat Yearim","Near",NA,NA,35.09384,31.78672,29/07/17,1917,-0.22621469,38,0.296368578709385,0.955073644047295,40.04817908,"Givat Yearim Near",13.728785,"Givat Yearim Near 29/07/17",1,0,0,0,0,0,0,0,0,0,0,0,0,0
"1273","T2",2017,"Givat Yearim Near 2","Mediterranean Maquis","Judea","Givat Yearim","Near",NA,NA,35.0931,31.7868,29/07/17,1917,-0.22621469,38,0.296368578709385,0.955073644047295,20.88702255,"Givat Yearim Near",79.165451,"Givat Yearim Near 29/07/17",2,0,0,0,0,0,0,0,0,0,0,0,0,0
"1274","T2",2017,"Givat Yearim Near 3","Mediterranean Maquis","Judea","Givat Yearim","Near",NA,NA,35.0952,31.7864,29/07/17,1917,-0.22621469,38,0.296368578709385,0.955073644047295,43.30958272,"Givat Yearim Near",0,"Givat Yearim Near 29/07/17",15,0,0,0,0,0,0,0,1,0,0,0,0,0
"1275","T2",2017,"Givat Yearim Near 5","Mediterranean Maquis","Judea","Givat Yearim","Near",NA,NA,35.0945,31.7866,29/07/17,1917,-0.22621469,38,0.296368578709385,0.955073644047295,45.377184,"Givat Yearim Near",0,"Givat Yearim Near 29/07/17",26,0,0,0,0,0,0,1,7,0,2,0,0,0
"1276","T2",2017,"Givat Yearim Near 6","Mediterranean Maquis","Judea","Givat Yearim","Near",NA,NA,35.09587,31.78624,29/07/17,1917,-0.22621469,38,0.296368578709385,0.955073644047295,44.66719751,"Givat Yearim Near",0,"Givat Yearim Near 29/07/17",13,0,0,0,0,0,0,0,0,0,1,0,0,0
"1277","T2",2017,"Givat Yearim Near 7","Mediterranean Maquis","Judea","Givat Yearim","Near",NA,NA,35.0965,31.786,29/07/17,1917,-0.22621469,38,0.296368578709385,0.955073644047295,36.43819542,"Givat Yearim Near",0,"Givat Yearim Near 29/07/17",12,0,0,0,0,0,0,2,3,0,0,0,1,0
"1278","T2",2017,"Givat Yearim Near 9","Mediterranean Maquis","Judea","Givat Yearim","Near",NA,NA,35.094,31.7867,29/07/17,1917,-0.22621469,38,0.296368578709385,0.955073644047295,42.30502759,"Givat Yearim Near",0.203162,"Givat Yearim Near 29/07/17",77,0,0,0,0,0,0,1,1,0,0,0,0,0
"1279","T2",2017,"Givat Yeshayahu Far 1","Mediterranean Maquis","Judea","Givat Yeshayahu","Far",NA,NA,34.9583,31.66059,24/08/17,1943,-0.20531711,64,0.920026038196791,0.39185723042955,526.4746534,"Givat Yeshayahu Far",143.571535,"Givat Yeshayahu Far 24/08/17",0,0,0,0,0,0,0,0,1,0,0,0,0,1
"1280","T2",2017,"Givat Yeshayahu Far 2","Mediterranean Maquis","Judea","Givat Yeshayahu","Far",NA,NA,34.95758,31.66083,24/08/17,1943,-0.20531711,64,0.920026038196791,0.39185723042955,506.917407,"Givat Yeshayahu Far",187.824872,"Givat Yeshayahu Far 24/08/17",0,0,0,0,0,0,1,0,3,0,0,0,0,4
"1281","T2",2017,"Givat Yeshayahu Far 3","Mediterranean Maquis","Judea","Givat Yeshayahu","Far",NA,NA,34.95694,31.66066,24/08/17,1943,-0.20531711,64,0.920026038196791,0.39185723042955,538.7774064,"Givat Yeshayahu Far",206.653772,"Givat Yeshayahu Far 24/08/17",1,0,0,0,0,0,0,1,2,0,0,0,0,1
"1282","T2",2017,"Givat Yeshayahu Far 4","Mediterranean Maquis","Judea","Givat Yeshayahu","Far",NA,NA,34.95651,31.6613,24/08/17,1943,-0.20531711,64,0.920026038196791,0.39185723042955,485.1488385,"Givat Yeshayahu Far",286.937229,"Givat Yeshayahu Far 24/08/17",2,0,0,0,0,0,12,0,3,0,0,0,0,5
"1283","T2",2017,"Givat Yeshayahu Far 5","Mediterranean Maquis","Judea","Givat Yeshayahu","Far",NA,NA,34.95616,31.66175,24/08/17,1943,-0.20531711,64,0.920026038196791,0.39185723042955,454.7041867,"Givat Yeshayahu Far",327.556505,"Givat Yeshayahu Far 24/08/17",0,0,0,0,0,0,1,0,3,0,0,0,0,0
"1284","T2",2017,"Givat Yeshayahu Far 7","Mediterranean Maquis","Judea","Givat Yeshayahu","Far",NA,NA,34.955,31.66229,24/08/17,1943,-0.20531711,64,0.920026038196791,0.39185723042955,472.2488598,"Givat Yeshayahu Far",364.547148,"Givat Yeshayahu Far 24/08/17",0,0,0,0,0,0,0,0,1,0,0,0,0,0
"1285","T2",2017,"Givat Yeshayahu Far 9","Mediterranean Maquis","Judea","Givat Yeshayahu","Far",NA,NA,34.95896,31.66029,24/08/17,1943,-0.20531711,64,0.920026038196791,0.39185723042955,561.2343426,"Givat Yeshayahu Far",120.748158,"Givat Yeshayahu Far 24/08/17",2,0,0,0,0,0,0,0,0,0,0,0,0,7
"1286","T2",2017,"Givat Yeshayahu Near 1","Mediterranean Maquis","Judea","Givat Yeshayahu","Near",NA,NA,34.951,31.67254,24/08/17,1943,-0.20531711,64,0.920026038196791,0.39185723042955,137.3646537,"Givat Yeshayahu Near",49.434778,"Givat Yeshayahu Near 24/08/17",3,0,0,0,0,0,0,0,15,0,0,0,0,1
"1287","T2",2017,"Givat Yeshayahu Near 5","Mediterranean Maquis","Judea","Givat Yeshayahu","Near",NA,NA,34.95222,31.67171,24/08/17,1943,-0.20531711,64,0.920026038196791,0.39185723042955,149.03117,"Givat Yeshayahu Near",196.859818,"Givat Yeshayahu Near 24/08/17",1,0,0,0,0,0,0,0,13,0,0,0,0,4
"1288","T2",2017,"Givat Yeshayahu Near 7","Mediterranean Maquis","Judea","Givat Yeshayahu","Near",NA,NA,34.95361,31.67098,24/08/17,1943,-0.20531711,64,0.920026038196791,0.39185723042955,153.2115119,"Givat Yeshayahu Near",350.456486,"Givat Yeshayahu Near 24/08/17",0,0,0,0,0,0,0,0,30,0,0,0,0,16
"1289","T2",2017,"Goren Far 1","Mediterranean Maquis","Galilee","Goren","Far",NA,NA,35.23149,33.05409,20/10/17,2000,-0.15950319,121,0.99881522472358,-0.0486636092001539,64.2858005,"Goren Far",88.310738,"Goren Far 20/10/17",15,0,0,6,0,0,0,0,0,0,0,0,4,0
"1290","T2",2017,"Goren Far 2","Mediterranean Maquis","Galilee","Goren","Far",NA,NA,35.25433,33.04794,20/10/17,2000,-0.15950319,121,0.99881522472358,-0.0486636092001539,1122.78092,"Goren Far",124.712919,"Goren Far 20/10/17",0,0,0,0,0,0,0,0,3,0,0,0,4,0
"1291","T2",2017,"Goren Far 3","Mediterranean Maquis","Galilee","Goren","Far",NA,NA,35.25518,33.04858,20/10/17,2000,-0.15950319,121,0.99881522472358,-0.0486636092001539,1074.233566,"Goren Far",195.48097,"Goren Far 20/10/17",0,0,0,0,0,0,0,0,7,0,0,0,15,0
"1292","T2",2017,"Goren Far 4","Mediterranean Maquis","Galilee","Goren","Far",NA,NA,35.23134,33.05531,20/10/17,2000,-0.15950319,121,0.99881522472358,-0.0486636092001539,52.41960324,"Goren Far",85.846455,"Goren Far 20/10/17",2,0,0,0,0,0,0,0,5,0,0,0,2,1
"1293","T2",2017,"Goren Far 6","Mediterranean Maquis","Galilee","Goren","Far",NA,NA,35.25536,33.05049,20/10/17,2000,-0.15950319,121,0.99881522472358,-0.0486636092001539,874.7719446,"Goren Far",25.371244,"Goren Far 20/10/17",1,0,0,0,0,0,0,0,0,0,0,0,3,0
"1294","T2",2017,"Goren Far 7","Mediterranean Maquis","Galilee","Goren","Far",NA,NA,35.25492,33.05185,20/10/17,2000,-0.15950319,121,0.99881522472358,-0.0486636092001539,718.6138484,"Goren Far",146.79779,"Goren Far 20/10/17",0,0,0,0,0,0,0,0,2,0,0,0,1,0
"1295","T2",2017,"Goren Far 8","Mediterranean Maquis","Galilee","Goren","Far",NA,NA,35.2546,33.05289,20/10/17,2000,-0.15950319,121,0.99881522472358,-0.0486636092001539,599.7566514,"Goren Far",86.822689,"Goren Far 20/10/17",0,0,0,0,0,0,0,0,0,0,0,0,5,0
"1296","T2",2017,"Goren Far 9","Mediterranean Maquis","Galilee","Goren","Far",NA,NA,35.25561,33.05451,20/10/17,2000,-0.15950319,121,0.99881522472358,-0.0486636092001539,483.470011,"Goren Far",93.967844,"Goren Far 20/10/17",0,0,0,2,0,0,0,0,0,0,0,0,12,0
"1297","T2",2017,"Goren Near 1","Mediterranean Maquis","Galilee","Goren","Near",NA,NA,35.22944,33.05612,20/10/17,2000,-0.15950319,121,0.99881522472358,-0.0486636092001539,218.5997111,"Goren Near",284.526956,"Goren Near 20/10/17",1,0,0,0,0,0,0,0,0,0,0,0,0,0
"1298","T2",2017,"Goren Near 2","Mediterranean Maquis","Galilee","Goren","Near",NA,NA,35.23105,33.05449,20/10/17,2000,-0.15950319,121,0.99881522472358,-0.0486636092001539,89.59187318,"Goren Near",107.498525,"Goren Near 20/10/17",47,1,0,3,0,0,0,0,1,0,0,0,21,0
"1299","T2",2017,"Goren Near 3","Mediterranean Maquis","Galilee","Goren","Near",NA,NA,35.23114,33.05593,20/10/17,2000,-0.15950319,121,0.99881522472358,-0.0486636092001539,63.22127856,"Goren Near",146.216072,"Goren Near 20/10/17",59,0,0,11,0,0,0,0,15,0,1,0,9,0
"1300","T2",2017,"Goren Near 4","Mediterranean Maquis","Galilee","Goren","Near",NA,NA,35.23105,33.05449,20/10/17,2000,-0.15950319,121,0.99881522472358,-0.0486636092001539,89.59187318,"Goren Near",107.498525,"Goren Near 20/10/17",0,1,0,0,0,0,0,0,0,0,0,0,0,0
"1301","T2",2017,"Goren Near 5","Mediterranean Maquis","Galilee","Goren","Near",NA,NA,35.23105,33.05449,20/10/17,2000,-0.15950319,121,0.99881522472358,-0.0486636092001539,89.59187318,"Goren Near",107.498525,"Goren Near 20/10/17",14,0,0,3,0,0,0,0,0,0,0,0,12,0
"1302","T2",2017,"Goren Near 6","Mediterranean Maquis","Galilee","Goren","Near",NA,NA,35.23105,33.05449,20/10/17,2000,-0.15950319,121,0.99881522472358,-0.0486636092001539,89.59187318,"Goren Near",107.498525,"Goren Near 20/10/17",5,0,0,0,0,0,0,0,0,0,0,0,4,0
"1303","T2",2017,"Goren Near 7","Mediterranean Maquis","Galilee","Goren","Near",NA,NA,35.23157,33.05364,20/10/17,2000,-0.15950319,121,0.99881522472358,-0.0486636092001539,100.1453466,"Goren Near",113.419822,"Goren Near 20/10/17",46,0,0,3,0,0,0,0,1,0,0,0,26,1
"1304","T2",2017,"Goren Near 8","Mediterranean Maquis","Galilee","Goren","Near",NA,NA,35.23207,33.05306,20/10/17,2000,-0.15950319,121,0.99881522472358,-0.0486636092001539,136.5829367,"Goren Near",138.279448,"Goren Near 20/10/17",5,0,0,0,0,0,0,0,0,0,0,0,3,0
"1305","T2",2017,"Goren Near 9","Mediterranean Maquis","Galilee","Goren","Near",NA,NA,35.23153,33.05264,20/10/17,2000,-0.15950319,121,0.99881522472358,-0.0486636092001539,200.8733927,"Goren Near",204.689695,"Goren Near 20/10/17",17,0,0,0,0,0,0,0,1,0,0,0,8,0
"1306","T2",2017,"Iftach Far 1","Mediterranean Maquis","Galilee","Iftach","Far",NA,NA,35.55673,33.12481,04/11/17,2015,-0.14744689,136,-0.790433206722889,-0.6125482394961,172.8296753,"Iftach Far",77.158139,"Iftach Far 04/11/17",14,5,0,0,0,0,1,1,8,0,0,0,106,6
"1307","T2",2017,"Iftach Far 2","Mediterranean Maquis","Galilee","Iftach","Far",NA,NA,35.55666,33.1243,04/11/17,2015,-0.14744689,136,-0.790433206722889,-0.6125482394961,172.8199582,"Iftach Far",75.306267,"Iftach Far 04/11/17",0,0,0,0,0,0,0,0,3,0,0,0,0,1
"1308","T2",2017,"Iftach Far 3","Mediterranean Maquis","Galilee","Iftach","Far",NA,NA,35.55769,33.12443,04/11/17,2015,-0.14744689,136,-0.790433206722889,-0.6125482394961,266.6568389,"Iftach Far",169.77804,"Iftach Far 04/11/17",2,0,0,0,0,0,0,2,0,0,0,0,2,0
"1309","T2",2017,"Iftach Far 4","Mediterranean Maquis","Galilee","Iftach","Far",NA,NA,35.55754,33.12418,04/11/17,2015,-0.14744689,136,-0.790433206722889,-0.6125482394961,255.9273315,"Iftach Far",158.502728,"Iftach Far 04/11/17",0,0,0,0,0,0,1,0,1,0,1,0,4,1
"1310","T2",2017,"Iftach Far 5","Mediterranean Maquis","Galilee","Iftach","Far",NA,NA,35.55814,33.12472,04/11/17,2015,-0.14744689,136,-0.790433206722889,-0.6125482394961,304.6900916,"Iftach Far",209.122294,"Iftach Far 04/11/17",0,0,0,0,0,0,7,1,2,0,0,0,48,0
"1311","T2",2017,"Iftach Far 6","Mediterranean Maquis","Galilee","Iftach","Far",NA,NA,35.55812,33.12432,04/11/17,2015,-0.14744689,136,-0.790433206722889,-0.6125482394961,307.9187416,"Iftach Far",210.740601,"Iftach Far 04/11/17",1,0,0,0,0,0,0,1,0,0,1,0,43,1
"1312","T2",2017,"Iftach Far 7","Mediterranean Maquis","Galilee","Iftach","Far",NA,NA,35.55818,33.1239,04/11/17,2015,-0.14744689,136,-0.790433206722889,-0.6125482394961,318.8181397,"Iftach Far",223.394045,"Iftach Far 04/11/17",0,0,0,0,0,0,1,0,4,0,0,0,15,0
"1313","T2",2017,"Iftach Far 8","Mediterranean Maquis","Galilee","Iftach","Far",NA,NA,35.55813,33.12336,04/11/17,2015,-0.14744689,136,-0.790433206722889,-0.6125482394961,322.4126096,"Iftach Far",227.247648,"Iftach Far 04/11/17",3,2,0,0,0,0,1,0,3,0,0,0,5,0
"1314","T2",2017,"Iftach Far 9","Mediterranean Maquis","Galilee","Iftach","Far",NA,NA,35.5579,33.12307,04/11/17,2015,-0.14744689,136,-0.790433206722889,-0.6125482394961,310.09969,"Iftach Far",217.802164,"Iftach Far 04/11/17",0,1,0,0,0,0,1,1,0,0,0,0,6,0
"1315","T2",2017,"Iftach Near 1","Mediterranean Maquis","Galilee","Iftach","Near",NA,NA,35.5544,33.13142,04/11/17,2015,-0.14744689,136,-0.790433206722889,-0.6125482394961,47.94853921,"Iftach Near",124.239082,"Iftach Near 04/11/17",17,0,0,0,0,0,0,0,0,0,0,0,4,2
"1316","T2",2017,"Iftach Near 3","Mediterranean Maquis","Galilee","Iftach","Near",NA,NA,35.55502,33.1309,04/11/17,2015,-0.14744689,136,-0.790433206722889,-0.6125482394961,57.85689118,"Iftach Near",97.193081,"Iftach Near 04/11/17",5,0,0,0,0,0,0,0,1,0,0,0,0,0
"1317","T2",2017,"Iftach Near 4","Mediterranean Maquis","Galilee","Iftach","Near",NA,NA,35.55523,33.13017,04/11/17,2015,-0.14744689,136,-0.790433206722889,-0.6125482394961,23.64100828,"Iftach Near",120.680389,"Iftach Near 04/11/17",6,0,0,0,0,0,0,0,0,0,0,0,0,0
"1318","T2",2017,"Iftach Near 5","Mediterranean Maquis","Galilee","Iftach","Near",NA,NA,35.55553,33.12958,04/11/17,2015,-0.14744689,136,-0.790433206722889,-0.6125482394961,45.86678626,"Iftach Near",155.867274,"Iftach Near 04/11/17",1,0,0,0,0,0,0,0,1,0,0,0,11,1
"1319","T2",2017,"Iftach Near 6","Mediterranean Maquis","Galilee","Iftach","Near",NA,NA,35.5556,33.12901,04/11/17,2015,-0.14744689,136,-0.790433206722889,-0.6125482394961,49.02505461,"Iftach Near",212.914158,"Iftach Near 04/11/17",0,0,0,0,0,0,0,0,2,0,0,0,2,0
"1320","T2",2017,"Iftach Near 7","Mediterranean Maquis","Galilee","Iftach","Near",NA,NA,35.55566,33.12833,04/11/17,2015,-0.14744689,136,-0.790433206722889,-0.6125482394961,50.6022492,"Iftach Near",285.006501,"Iftach Near 04/11/17",2,0,0,0,0,0,0,0,0,0,0,0,2,1
"1321","T2",2017,"Kerem Maharal Far 1","Mediterranean Maquis","Carmel","Kerem Maharal","Far",NA,NA,35.0039,32.6714,11/08/17,1930,-0.21576590,51,0.670229175843375,0.742154196813783,2123.723,"Kerem Maharal Far",609.777654,"Kerem Maharal Far 11/08/17",1,0,0,0,0,0,0,0,4,0,1,0,0,2
"1322","T2",2017,"Kerem Maharal Far 2","Mediterranean Maquis","Carmel","Kerem Maharal","Far",NA,NA,35.005,32.6716,11/08/17,1930,-0.21576590,51,0.670229175843375,0.742154196813783,2121.57766,"Kerem Maharal Far",604.67605,"Kerem Maharal Far 11/08/17",0,0,0,0,0,0,1,0,0,0,1,0,0,0
"1323","T2",2017,"Kerem Maharal Far 3","Mediterranean Maquis","Carmel","Kerem Maharal","Far",NA,NA,35.00561,32.67185,11/08/17,1930,-0.21576590,51,0.670229175843375,0.742154196813783,2107.683989,"Kerem Maharal Far",624.896106,"Kerem Maharal Far 11/08/17",0,0,0,0,0,0,3,5,0,0,0,0,0,6
"1324","T2",2017,"Kerem Maharal Far 8","Mediterranean Maquis","Carmel","Kerem Maharal","Far",NA,NA,35.0033,32.66974,11/08/17,1930,-0.21576590,51,0.670229175843375,0.742154196813783,2297.546394,"Kerem Maharal Far",466.267735,"Kerem Maharal Far 11/08/17",0,0,0,0,0,0,0,0,0,0,0,0,3,0
"1325","T2",2017,"Kerem Maharal Far 9","Mediterranean Maquis","Carmel","Kerem Maharal","Far",NA,NA,35.00778,32.67194,11/08/17,1930,-0.21576590,51,0.670229175843375,0.742154196813783,2156.770672,"Kerem Maharal Far",648.193487,"Kerem Maharal Far 11/08/17",0,0,0,0,0,0,2,1,0,0,2,0,0,0
"1326","T2",2017,"Kerem Maharal Near 1","Mediterranean Maquis","Carmel","Kerem Maharal","Near",NA,NA,34.9954,32.6432,11/08/17,1930,-0.21576590,51,0.670229175843375,0.742154196813783,252.2546524,"Kerem Maharal Near",359.946433,"Kerem Maharal Near 11/08/17",1,0,0,0,0,0,0,1,4,0,0,0,7,0
"1327","T2",2017,"Kerem Maharal Near 3","Mediterranean Maquis","Carmel","Kerem Maharal","Near",NA,NA,34.9949,32.6438,11/08/17,1930,-0.21576590,51,0.670229175843375,0.742154196813783,199.0969964,"Kerem Maharal Near",360.956596,"Kerem Maharal Near 11/08/17",0,0,0,0,0,0,0,0,0,0,0,0,4,0
"1328","T2",2017,"Kerem Maharal Near 5","Mediterranean Maquis","Carmel","Kerem Maharal","Near",NA,NA,34.9952,32.6446,11/08/17,1930,-0.21576590,51,0.670229175843375,0.742154196813783,200.7696012,"Kerem Maharal Near",319.048506,"Kerem Maharal Near 11/08/17",2,0,0,0,0,0,0,0,0,0,0,0,2,0
"1329","T2",2017,"Kerem Maharal Near 6","Mediterranean Maquis","Carmel","Kerem Maharal","Near",NA,NA,34.99583,32.64488,11/08/17,1930,-0.21576590,51,0.670229175843375,0.742154196813783,206.8124962,"Kerem Maharal Near",338.030191,"Kerem Maharal Near 11/08/17",11,0,0,0,0,0,0,2,2,0,0,0,27,0
"1330","T2",2017,"Kerem Maharal Near 7","Mediterranean Maquis","Carmel","Kerem Maharal","Near",NA,NA,34.99528,32.64498,11/08/17,1930,-0.21576590,51,0.670229175843375,0.742154196813783,169.4672322,"Kerem Maharal Near",302.024622,"Kerem Maharal Near 11/08/17",3,0,0,0,0,0,0,0,0,0,0,0,0,0
"1331","T2",2017,"Kfar Shamai Far 1","Mediterranean Maquis","Galilee","Kfar Shamai","Far",NA,NA,35.45995,32.96618,28/09/17,1978,-0.17718575,99,-0.999206834186354,0.0398208803931389,447.6181573,"Kfar Shamai Far",104.985742,"Kfar Shamai Far 28/09/17",0,0,0,0,0,0,0,0,2,0,0,0,3,0
"1332","T2",2017,"Kfar Shamai Far 2","Mediterranean Maquis","Galilee","Kfar Shamai","Far",NA,NA,35.45975,32.96627,28/09/17,1978,-0.17718575,99,-0.999206834186354,0.0398208803931389,442.095313,"Kfar Shamai Far",84.190565,"Kfar Shamai Far 28/09/17",0,0,0,0,0,0,0,0,2,0,0,0,9,0
"1333","T2",2017,"Kfar Shamai Far 3","Mediterranean Maquis","Galilee","Kfar Shamai","Far",NA,NA,35.45915,32.96587,28/09/17,1978,-0.17718575,99,-0.999206834186354,0.0398208803931389,371.8192656,"Kfar Shamai Far",47.279794,"Kfar Shamai Far 28/09/17",7,0,0,0,0,0,0,0,0,0,0,0,4,0
"1334","T2",2017,"Kfar Shamai Far 4","Mediterranean Maquis","Galilee","Kfar Shamai","Far",NA,NA,35.45891,32.96518,28/09/17,1978,-0.17718575,99,-0.999206834186354,0.0398208803931389,300.4869002,"Kfar Shamai Far",45.37149,"Kfar Shamai Far 28/09/17",1,0,0,0,0,0,0,0,2,0,0,0,2,0
"1335","T2",2017,"Kfar Shamai Far 5","Mediterranean Maquis","Galilee","Kfar Shamai","Far",NA,NA,35.45882,32.96422,28/09/17,1978,-0.17718575,99,-0.999206834186354,0.0398208803931389,228.123748,"Kfar Shamai Far",37.556591,"Kfar Shamai Far 28/09/17",0,0,0,0,0,0,0,0,1,0,0,0,6,0
"1336","T2",2017,"Kfar Shamai Far 6","Mediterranean Maquis","Galilee","Kfar Shamai","Far",NA,NA,35.45853,32.96382,28/09/17,1978,-0.17718575,99,-0.999206834186354,0.0398208803931389,180.0472718,"Kfar Shamai Far",16.267499,"Kfar Shamai Far 28/09/17",0,0,0,0,0,0,0,0,1,0,0,0,0,0
"1337","T2",2017,"Kfar Shamai Far 7","Mediterranean Maquis","Galilee","Kfar Shamai","Far",NA,NA,35.46921,32.96712,28/09/17,1978,-0.17718575,99,-0.999206834186354,0.0398208803931389,1204.887455,"Kfar Shamai Far",873.094311,"Kfar Shamai Far 28/09/17",28,0,0,0,0,0,0,0,6,0,0,0,16,0
"1338","T2",2017,"Kfar Shamai Far 8","Mediterranean Maquis","Galilee","Kfar Shamai","Far",NA,NA,35.4586,32.96372,28/09/17,1978,-0.17718575,99,-0.999206834186354,0.0398208803931389,178.7798043,"Kfar Shamai Far",25.573772,"Kfar Shamai Far 28/09/17",1,0,0,0,0,0,0,0,1,0,0,0,0,0
"1339","T2",2017,"Kfar Shamai Far 9","Mediterranean Maquis","Galilee","Kfar Shamai","Far",NA,NA,35.46807,32.9669,28/09/17,1978,-0.17718575,99,-0.999206834186354,0.0398208803931389,1102.295782,"Kfar Shamai Far",793.959929,"Kfar Shamai Far 28/09/17",9,0,0,0,0,0,0,0,0,0,0,0,0,0
"1340","T2",2017,"Kfar Shamai Near 1","Mediterranean Maquis","Galilee","Kfar Shamai","Near",NA,NA,35.45995,32.96618,28/09/17,1978,-0.17718575,99,-0.999206834186354,0.0398208803931389,447.6181573,"Kfar Shamai Near",104.985742,"Kfar Shamai Near 28/09/17",9,0,0,0,0,0,0,0,8,0,0,0,10,4
"1341","T2",2017,"Kfar Shamai Near 2","Mediterranean Maquis","Galilee","Kfar Shamai","Near",NA,NA,35.45975,32.96627,28/09/17,1978,-0.17718575,99,-0.999206834186354,0.0398208803931389,442.095313,"Kfar Shamai Near",84.190565,"Kfar Shamai Near 28/09/17",0,0,0,0,0,0,0,0,1,0,0,0,4,0
"1342","T2",2017,"Kfar Shamai Near 3","Mediterranean Maquis","Galilee","Kfar Shamai","Near",NA,NA,35.45915,32.96587,28/09/17,1978,-0.17718575,99,-0.999206834186354,0.0398208803931389,371.8192656,"Kfar Shamai Near",47.279794,"Kfar Shamai Near 28/09/17",1,0,0,0,0,0,0,0,2,0,0,0,11,1
"1343","T2",2017,"Kfar Shamai Near 5","Mediterranean Maquis","Galilee","Kfar Shamai","Near",NA,NA,35.45882,32.96422,28/09/17,1978,-0.17718575,99,-0.999206834186354,0.0398208803931389,228.123748,"Kfar Shamai Near",37.556591,"Kfar Shamai Near 28/09/17",9,0,0,0,0,0,0,0,4,0,0,0,5,1
"1344","T2",2017,"Kfar Shamai Near 6","Mediterranean Maquis","Galilee","Kfar Shamai","Near",NA,NA,35.45853,32.96382,28/09/17,1978,-0.17718575,99,-0.999206834186354,0.0398208803931389,180.0472718,"Kfar Shamai Near",16.267499,"Kfar Shamai Near 28/09/17",3,0,0,0,0,0,0,0,7,0,0,0,4,0
"1345","T2",2017,"Kfar Shamai Near 7","Mediterranean Maquis","Galilee","Kfar Shamai","Near",NA,NA,35.4586,32.96372,28/09/17,1978,-0.17718575,99,-0.999206834186354,0.0398208803931389,178.7798043,"Kfar Shamai Near",25.573772,"Kfar Shamai Near 28/09/17",1,0,0,0,0,0,0,0,6,0,0,0,14,1
"1346","T2",2017,"Kfar Shamai Near 9","Mediterranean Maquis","Galilee","Kfar Shamai","Near",NA,NA,35.45905,32.96201,28/09/17,1978,-0.17718575,99,-0.999206834186354,0.0398208803931389,100.7455104,"Kfar Shamai Near",7.784837,"Kfar Shamai Near 28/09/17",41,0,0,0,0,0,0,0,22,0,0,0,60,1
"1347","T2",2017,"Kisalon Far 3","Mediterranean Maquis","Judea","Kisalon","Far",NA,NA,35.03913,31.76824,21/06/17,1879,-0.25675730,0,0,1,805.3693552,"Kisalon Far",1382.73106,"Kisalon Far 21/06/17",0,0,0,0,0,0,0,0,2,0,0,0,0,0
"1348","T2",2017,"Kisalon Far 4","Mediterranean Maquis","Judea","Kisalon","Far",NA,NA,35.03883,31.76825,21/06/17,1879,-0.25675730,0,0,1,816.8256548,"Kisalon Far",1411.009484,"Kisalon Far 21/06/17",0,0,0,0,0,0,1,0,0,0,0,0,0,0
"1349","T2",2017,"Kisalon Near 1","Mediterranean Maquis","Judea","Kisalon","Near",NA,NA,35.05093,31.77494,21/06/17,1879,-0.25675730,0,0,1,0,"Kisalon Near",115.935025,"Kisalon Near 21/06/17",8,0,0,0,0,0,0,0,3,0,0,0,0,0
"1350","T2",2017,"Kisalon Near 4","Mediterranean Maquis","Judea","Kisalon","Near",NA,NA,35.05252,31.77468,21/06/17,1879,-0.25675730,0,0,1,50.59914553,"Kisalon Near",78.567514,"Kisalon Near 21/06/17",29,0,0,0,0,0,0,5,1,0,0,0,0,0
"1351","T2",2017,"Kisalon Near 5","Mediterranean Maquis","Judea","Kisalon","Near",NA,NA,35.05268,31.7744,21/06/17,1879,-0.25675730,0,0,1,32.30239639,"Kisalon Near",100.671565,"Kisalon Near 21/06/17",37,0,0,0,0,0,0,2,15,0,0,0,0,0
"1352","T2",2017,"Kisalon Near 8","Mediterranean Maquis","Judea","Kisalon","Near",NA,NA,35.05447,31.77464,21/06/17,1879,-0.25675730,0,0,1,144.7286981,"Kisalon Near",15.137888,"Kisalon Near 21/06/17",17,0,0,0,0,0,0,2,0,0,0,0,0,5
"1353","T2",2017,"Kisalon Near 9","Mediterranean Maquis","Judea","Kisalon","Near",NA,NA,35.05238,31.77443,21/06/17,1879,-0.25675730,0,0,1,20.06338514,"Kisalon Near",109.296917,"Kisalon Near 21/06/17",0,0,0,0,0,0,0,5,11,0,0,0,0,1
"1354","T2",2017,"Margaliot Far 1","Mediterranean Maquis","Galilee","Margaliot","Far",NA,NA,35.5445,33.20345,04/11/17,2015,-0.14744689,136,-0.790433206722889,-0.6125482394961,368.4330787,"Margaliot Far",136.399051,"Margaliot Far 04/11/17",7,0,0,0,0,0,0,0,14,0,0,0,3,0
"1355","T2",2017,"Margaliot Far 2","Mediterranean Maquis","Galilee","Margaliot","Far",NA,NA,35.54395,33.20402,04/11/17,2015,-0.14744689,136,-0.790433206722889,-0.6125482394961,426.9011315,"Margaliot Far",139.238473,"Margaliot Far 04/11/17",2,0,0,0,0,0,0,0,13,0,1,0,1,0
"1356","T2",2017,"Margaliot Far 3","Mediterranean Maquis","Galilee","Margaliot","Far",NA,NA,35.54393,33.20407,04/11/17,2015,-0.14744689,136,-0.790433206722889,-0.6125482394961,432.4111869,"Margaliot Far",141.976197,"Margaliot Far 04/11/17",1,0,0,0,0,0,0,0,4,0,1,0,1,0
"1357","T2",2017,"Margaliot Far 4","Mediterranean Maquis","Galilee","Margaliot","Far",NA,NA,35.54441,33.20412,04/11/17,2015,-0.14744689,136,-0.790433206722889,-0.6125482394961,440.9469031,"Margaliot Far",176.813016,"Margaliot Far 04/11/17",2,0,0,0,0,0,0,0,5,0,0,0,13,0
"1358","T2",2017,"Margaliot Far 5","Mediterranean Maquis","Galilee","Margaliot","Far",NA,NA,35.5442,33.20427,04/11/17,2015,-0.14744689,136,-0.790433206722889,-0.6125482394961,455.6730128,"Margaliot Far",174.648286,"Margaliot Far 04/11/17",6,0,0,0,0,0,0,0,17,0,0,0,36,0
"1359","T2",2017,"Margaliot Far 6","Mediterranean Maquis","Galilee","Margaliot","Far",NA,NA,35.54428,33.20454,04/11/17,2015,-0.14744689,136,-0.790433206722889,-0.6125482394961,486.0992247,"Margaliot Far",175.463869,"Margaliot Far 04/11/17",5,0,0,0,0,0,0,0,9,0,0,0,20,0
"1360","T2",2017,"Margaliot Far 7","Mediterranean Maquis","Galilee","Margaliot","Far",NA,NA,35.54407,33.20493,04/11/17,2015,-0.14744689,136,-0.790433206722889,-0.6125482394961,528.1161757,"Margaliot Far",172.862427,"Margaliot Far 04/11/17",0,0,0,0,0,0,0,0,0,0,0,0,2,0
"1361","T2",2017,"Margaliot Far 8","Mediterranean Maquis","Galilee","Margaliot","Far",NA,NA,35.5434,33.20515,04/11/17,2015,-0.14744689,136,-0.790433206722889,-0.6125482394961,553.7629505,"Margaliot Far",131.905218,"Margaliot Far 04/11/17",5,0,0,0,0,0,0,0,0,0,1,0,5,0
"1362","T2",2017,"Margaliot Far 9","Mediterranean Maquis","Galilee","Margaliot","Far",NA,NA,35.54328,33.20583,04/11/17,2015,-0.14744689,136,-0.790433206722889,-0.6125482394961,607.5723972,"Margaliot Far",95.363554,"Margaliot Far 04/11/17",0,0,0,0,0,0,0,0,0,0,0,0,2,0
"1363","T2",2017,"Margaliot Near 2","Mediterranean Maquis","Galilee","Margaliot","Near",NA,NA,35.54083,33.21522,04/11/17,2015,-0.14744689,136,-0.790433206722889,-0.6125482394961,138.4418588,"Margaliot Near",97.95034,"Margaliot Near 04/11/17",2,0,0,0,0,0,0,0,0,0,0,0,38,0
"1364","T2",2017,"Margaliot Near 3","Mediterranean Maquis","Galilee","Margaliot","Near",NA,NA,35.54133,33.21505,04/11/17,2015,-0.14744689,136,-0.790433206722889,-0.6125482394961,110.9598694,"Margaliot Near",134.624467,"Margaliot Near 04/11/17",12,0,0,0,0,0,0,0,0,0,0,0,1,0
"1365","T2",2017,"Margaliot Near 5","Mediterranean Maquis","Galilee","Margaliot","Near",NA,NA,35.54188,33.21406,04/11/17,2015,-0.14744689,136,-0.790433206722889,-0.6125482394961,131.3664094,"Margaliot Near",102.169361,"Margaliot Near 04/11/17",0,0,0,0,0,0,0,0,0,0,0,0,3,0
"1366","T2",2017,"Margaliot Near 6","Mediterranean Maquis","Galilee","Margaliot","Near",NA,NA,35.54123,33.21294,04/11/17,2015,-0.14744689,136,-0.790433206722889,-0.6125482394961,208.8501153,"Margaliot Near",50.200483,"Margaliot Near 04/11/17",17,0,0,0,0,0,0,0,17,0,1,0,41,0
"1367","T2",2017,"Margaliot Near 7","Mediterranean Maquis","Galilee","Margaliot","Near",NA,NA,35.54124,33.21266,04/11/17,2015,-0.14744689,136,-0.790433206722889,-0.6125482394961,214.5892436,"Margaliot Near",36.016053,"Margaliot Near 04/11/17",2,0,0,0,0,0,0,0,0,0,0,0,1,0
"1368","T2",2017,"Margaliot Near 8","Mediterranean Maquis","Galilee","Margaliot","Near",NA,NA,35.54079,33.21268,04/11/17,2015,-0.14744689,136,-0.790433206722889,-0.6125482394961,255.0703722,"Margaliot Near",78.018166,"Margaliot Near 04/11/17",2,0,0,0,0,0,0,0,8,0,0,0,2,0
"1369","T2",2017,"Margaliot Near 9","Mediterranean Maquis","Galilee","Margaliot","Near",NA,NA,35.54105,33.21188,04/11/17,2015,-0.14744689,136,-0.790433206722889,-0.6125482394961,264.2365814,"Margaliot Near",81.227806,"Margaliot Near 04/11/17",3,0,0,0,0,0,0,0,1,0,0,0,1,0
"1370","T2",2017,"Nehusha Far 1","Mediterranean Maquis","Judea","Nehusha","Far",NA,NA,34.9449,31.6388,05/09/17,1955,-0.19567207,76,0.56610763689818,0.824331331107558,871.5361015,"Nehusha Far",425.359403,"Nehusha Far 05/09/17",7,0,0,0,0,0,3,0,5,0,0,0,0,4
"1371","T2",2017,"Nehusha Far 2","Mediterranean Maquis","Judea","Nehusha","Far",NA,NA,34.9452,31.6382,05/09/17,1955,-0.19567207,76,0.56610763689818,0.824331331107558,806.2985251,"Nehusha Far",439.780553,"Nehusha Far 05/09/17",0,0,0,0,0,0,0,0,0,0,0,0,0,2
"1372","T2",2017,"Nehusha Far 5","Mediterranean Maquis","Judea","Nehusha","Far",NA,NA,34.9461,31.6369,05/09/17,1955,-0.19567207,76,0.56610763689818,0.824331331107558,649.2575579,"Nehusha Far",422.524602,"Nehusha Far 05/09/17",1,0,0,0,0,0,0,0,0,0,0,0,0,0
"1373","T2",2017,"Nehusha Far 6","Mediterranean Maquis","Judea","Nehusha","Far",NA,NA,34.9462,31.6375,05/09/17,1955,-0.19567207,76,0.56610763689818,0.824331331107558,683.744292,"Nehusha Far",382.941476,"Nehusha Far 05/09/17",1,0,0,0,0,0,0,0,1,0,0,0,0,0
"1374","T2",2017,"Nehusha Far 7","Mediterranean Maquis","Judea","Nehusha","Far",NA,NA,34.94687,31.63762,05/09/17,1955,-0.19567207,76,0.56610763689818,0.824331331107558,645.8796861,"Nehusha Far",319.760134,"Nehusha Far 05/09/17",0,0,0,0,0,0,1,0,6,0,0,0,0,1
"1375","T2",2017,"Nehusha Far 8","Mediterranean Maquis","Judea","Nehusha","Far",NA,NA,34.9479,31.6375,05/09/17,1955,-0.19567207,76,0.56610763689818,0.824331331107558,570.2924144,"Nehusha Far",244.129801,"Nehusha Far 05/09/17",0,0,0,0,0,0,0,0,0,0,0,0,0,2
"1376","T2",2017,"Nehusha Near 1","Mediterranean Maquis","Judea","Nehusha","Near",NA,NA,34.95151,31.63589,05/09/17,1955,-0.19567207,76,0.56610763689818,0.824331331107558,264.0230982,"Nehusha Near",80.49336,"Nehusha Near 05/09/17",0,0,0,0,0,0,0,0,6,0,1,0,0,1
"1377","T2",2017,"Nehusha Near 4","Mediterranean Maquis","Judea","Nehusha","Near",NA,NA,34.95236,31.63576,05/09/17,1955,-0.19567207,76,0.56610763689818,0.824331331107558,253.1827619,"Nehusha Near",19.636643,"Nehusha Near 05/09/17",5,0,0,0,0,0,0,0,11,0,2,0,0,4
"1378","T2",2017,"Nehusha Near 7","Mediterranean Maquis","Judea","Nehusha","Near",NA,NA,34.95385,31.63519,05/09/17,1955,-0.19567207,76,0.56610763689818,0.824331331107558,205.346462,"Nehusha Near",45.799263,"Nehusha Near 05/09/17",17,0,0,0,0,0,1,0,6,0,0,0,1,1
"1379","T2",2017,"Nehusha Near 8","Mediterranean Maquis","Judea","Nehusha","Near",NA,NA,34.95403,31.63488,05/09/17,1955,-0.19567207,76,0.56610763689818,0.824331331107558,175.1662529,"Nehusha Near",48.068444,"Nehusha Near 05/09/17",1,0,0,0,0,0,0,0,7,0,1,0,0,1
"1380","T2",2017,"Nehusha Near 9","Mediterranean Maquis","Judea","Nehusha","Near",NA,NA,34.95439,31.63453,05/09/17,1955,-0.19567207,76,0.56610763689818,0.824331331107558,144.1176069,"Nehusha Near",52.403513,"Nehusha Near 05/09/17",8,0,0,0,0,0,2,0,12,0,6,0,2,0
"1381","T2",2017,"Nir Etzion Far 3","Mediterranean Maquis","Carmel","Nir Etzion","Far",NA,NA,35.00672,32.69824,16/06/17,1874,-0.26077606,-5,0.958924274663138,0.283662185463226,814.0554843,"Nir Etzion Far",495.282738,"Nir Etzion Far 16/06/17",0,0,0,0,0,0,0,0,1,0,0,0,0,0
"1382","T2",2017,"Nir Etzion Far 5","Mediterranean Maquis","Carmel","Nir Etzion","Far",NA,NA,35.00852,32.69747,16/06/17,1874,-0.26077606,-5,0.958924274663138,0.283662185463226,870.0686362,"Nir Etzion Far",313.065108,"Nir Etzion Far 16/06/17",0,0,0,0,0,0,0,4,0,0,0,0,0,0
"1383","T2",2017,"Nir Etzion Far 6","Mediterranean Maquis","Carmel","Nir Etzion","Far",NA,NA,35.00771,32.6981,16/06/17,1874,-0.26077606,-5,0.958924274663138,0.283662185463226,866.7060669,"Nir Etzion Far",416.085852,"Nir Etzion Far 16/06/17",3,0,0,0,0,0,0,1,0,0,0,0,5,0
"1384","T2",2017,"Nir Etzion Far 7","Mediterranean Maquis","Carmel","Nir Etzion","Far",NA,NA,35.00921,32.69676,16/06/17,1874,-0.26077606,-5,0.958924274663138,0.283662185463226,863.5836702,"Nir Etzion Far",211.530275,"Nir Etzion Far 16/06/17",2,0,0,0,0,0,0,1,0,0,0,0,9,2
"1385","T2",2017,"Nir Etzion Far 8","Mediterranean Maquis","Carmel","Nir Etzion","Far",NA,NA,35.00986,32.6968,16/06/17,1874,-0.26077606,-5,0.958924274663138,0.283662185463226,913.9691184,"Nir Etzion Far",176.992337,"Nir Etzion Far 16/06/17",4,0,0,0,0,0,0,0,0,0,0,0,2,2
"1386","T2",2017,"Nir Etzion Far 9","Mediterranean Maquis","Carmel","Nir Etzion","Far",NA,NA,35.01053,32.69668,16/06/17,1874,-0.26077606,-5,0.958924274663138,0.283662185463226,956.9341356,"Nir Etzion Far",132.4523,"Nir Etzion Far 16/06/17",0,0,0,0,0,0,0,0,0,0,0,0,2,1
"1387","T2",2017,"Nir Etzion Near 1","Mediterranean Maquis","Carmel","Nir Etzion","Near",NA,NA,34.99299,32.70119,16/06/17,1874,-0.26077606,-5,0.958924274663138,0.283662185463226,27.36911387,"Nir Etzion Near",751.251937,"Nir Etzion Near 16/06/17",0,0,0,0,0,0,0,0,0,0,0,0,1,0
"1388","T2",2017,"Nir Etzion Near 3","Mediterranean Maquis","Carmel","Nir Etzion","Near",NA,NA,34.99424,32.7008,16/06/17,1874,-0.26077606,-5,0.958924274663138,0.283662185463226,53.46230432,"Nir Etzion Near",803.470653,"Nir Etzion Near 16/06/17",3,0,0,0,0,0,0,1,3,0,1,0,0,0
"1389","T2",2017,"Nir Etzion Near 5","Mediterranean Maquis","Carmel","Nir Etzion","Near",NA,NA,34.99519,32.70024,16/06/17,1874,-0.26077606,-5,0.958924274663138,0.283662185463226,4.050987375,"Nir Etzion Near",836.751565,"Nir Etzion Near 16/06/17",1,0,0,0,0,0,0,1,0,0,1,0,3,0
"1390","T2",2017,"Nir Etzion Near 6","Mediterranean Maquis","Carmel","Nir Etzion","Near",NA,NA,34.99636,32.69998,16/06/17,1874,-0.26077606,-5,0.958924274663138,0.283662185463226,23.65089861,"Nir Etzion Near",915.977264,"Nir Etzion Near 16/06/17",0,0,0,0,0,0,0,0,0,0,0,0,5,0
"1391","T2",2017,"Nir Etzion Near 8","Mediterranean Maquis","Carmel","Nir Etzion","Near",NA,NA,34.9972,32.69961,16/06/17,1874,-0.26077606,-5,0.958924274663138,0.283662185463226,46.2045085,"Nir Etzion Near",968.573801,"Nir Etzion Near 16/06/17",9,0,0,0,0,0,0,1,0,0,0,0,8,0
"1392","T2",2017,"Nir Etzion Near 9","Mediterranean Maquis","Carmel","Nir Etzion","Near",NA,NA,34.9976,32.69948,16/06/17,1874,-0.26077606,-5,0.958924274663138,0.283662185463226,78.12371012,"Nir Etzion Near",997.369852,"Nir Etzion Near 16/06/17",0,0,0,0,0,0,0,2,0,0,0,0,0,0
"1393","T2",2017,"Ofer Far 1","Mediterranean Maquis","Carmel","Ofer","Far",NA,NA,34.9904,32.61497,13/05/17,1840,-0.28810366,-39,-0.963795386284088,0.266642932359937,594.4911702,"Ofer Far",4.603512,"Ofer Far 13/05/17",0,0,0,0,0,0,0,0,3,0,0,0,3,4
"1394","T2",2017,"Ofer Far 3","Mediterranean Maquis","Carmel","Ofer","Far",NA,NA,34.99153,32.61539,13/05/17,1840,-0.28810366,-39,-0.963795386284088,0.266642932359937,657.249819,"Ofer Far",37.482061,"Ofer Far 13/05/17",0,0,0,0,0,0,0,0,1,0,0,0,1,0
"1395","T2",2017,"Ofer Far 4","Mediterranean Maquis","Carmel","Ofer","Far",NA,NA,34.9925,32.61554,13/05/17,1840,-0.28810366,-39,-0.963795386284088,0.266642932359937,731.0495963,"Ofer Far",48.431185,"Ofer Far 13/05/17",0,0,0,0,0,0,0,0,1,0,0,0,1,1
"1396","T2",2017,"Ofer Far 5","Mediterranean Maquis","Carmel","Ofer","Far",NA,NA,34.99287,32.61567,13/05/17,1840,-0.28810366,-39,-0.963795386284088,0.266642932359937,757.1650023,"Ofer Far",43.031981,"Ofer Far 13/05/17",0,0,0,0,0,0,0,0,2,0,0,0,1,0
"1397","T2",2017,"Ofer Far 7","Mediterranean Maquis","Carmel","Ofer","Far",NA,NA,34.99385,32.61548,13/05/17,1840,-0.28810366,-39,-0.963795386284088,0.266642932359937,850.3684816,"Ofer Far",30.135552,"Ofer Far 13/05/17",0,0,0,0,0,0,1,0,14,0,0,0,0,1
"1398","T2",2017,"Ofer Near 1","Mediterranean Maquis","Carmel","Ofer","Near",NA,NA,34.9825,32.61693,13/05/17,1840,-0.28810366,-39,-0.963795386284088,0.266642932359937,76.78622714,"Ofer Near",154.699388,"Ofer Near 13/05/17",1,0,0,0,0,0,0,0,0,0,0,0,9,0
"1399","T2",2017,"Ofer Near 2","Mediterranean Maquis","Carmel","Ofer","Near",NA,NA,34.98277,32.61699,13/05/17,1840,-0.28810366,-39,-0.963795386284088,0.266642932359937,65.35514283,"Ofer Near",134.857982,"Ofer Near 13/05/17",5,0,0,0,0,0,0,0,0,0,0,0,18,0
"1400","T2",2017,"Ofer Near 3","Mediterranean Maquis","Carmel","Ofer","Near",NA,NA,34.98334,32.61713,13/05/17,1840,-0.28810366,-39,-0.963795386284088,0.266642932359937,64.79150699,"Ofer Near",99.667351,"Ofer Near 13/05/17",0,0,0,0,0,0,0,0,0,0,0,0,5,0
"1401","T2",2017,"Ofer Near 5","Mediterranean Maquis","Carmel","Ofer","Near",NA,NA,34.9853,32.61723,13/05/17,1840,-0.28810366,-39,-0.963795386284088,0.266642932359937,83.34513102,"Ofer Near",121.12436,"Ofer Near 13/05/17",3,0,0,0,0,0,0,0,1,0,0,0,1,1
"1402","T2",2017,"Ofer Near 6","Mediterranean Maquis","Carmel","Ofer","Near",NA,NA,34.98543,32.6177,13/05/17,1840,-0.28810366,-39,-0.963795386284088,0.266642932359937,63.78070149,"Ofer Near",98.210837,"Ofer Near 13/05/17",0,0,0,0,0,0,0,0,0,0,0,0,29,0
"1403","T2",2017,"Ofer Near 7","Mediterranean Maquis","Carmel","Ofer","Near",NA,NA,34.98595,32.61812,13/05/17,1840,-0.28810366,-39,-0.963795386284088,0.266642932359937,53.26105883,"Ofer Near",67.258485,"Ofer Near 13/05/17",18,0,0,0,0,0,0,0,1,0,0,0,80,1
"1404","T2",2017,"Ofer Near 8","Mediterranean Maquis","Carmel","Ofer","Near",NA,NA,34.98629,32.61793,13/05/17,1840,-0.28810366,-39,-0.963795386284088,0.266642932359937,90.77717621,"Ofer Near",97.574618,"Ofer Near 13/05/17",8,0,0,0,0,0,0,0,4,0,0,0,5,1
"1405","T2",2017,"Ofer Near 9","Mediterranean Maquis","Carmel","Ofer","Near",NA,NA,34.98662,32.61819,13/05/17,1840,-0.28810366,-39,-0.963795386284088,0.266642932359937,113.6858973,"Ofer Near",83.076019,"Ofer Near 13/05/17",2,0,0,0,0,0,0,0,4,0,0,0,21,0
"1406","T2",2017,"Yagur Far 1","Mediterranean Maquis","Carmel","Yagur","Far",NA,NA,35.05408,32.75573,28/08/17,1947,-0.20210210,68,-0.897927680689291,0.440143022496041,589.7795651,"Yagur Far",528.52176,"Yagur Far 28/08/17",1,0,0,0,0,0,0,0,0,0,0,0,1,1
"1407","T2",2017,"Yagur Far 2","Mediterranean Maquis","Carmel","Yagur","Far",NA,NA,35.05366,32.75572,28/08/17,1947,-0.20210210,68,-0.897927680689291,0.440143022496041,560.3077766,"Yagur Far",567.786987,"Yagur Far 28/08/17",0,0,0,0,0,0,0,0,0,0,0,0,1,1
"1408","T2",2017,"Yagur Far 5","Mediterranean Maquis","Carmel","Yagur","Far",NA,NA,35.05341,32.75482,28/08/17,1947,-0.20210210,68,-0.897927680689291,0.440143022496041,615.183146,"Yagur Far",608.83619,"Yagur Far 28/08/17",2,0,0,0,0,0,0,0,0,0,0,0,1,2
"1409","T2",2017,"Yagur Far 7","Mediterranean Maquis","Carmel","Yagur","Far",NA,NA,35.05454,32.75452,28/08/17,1947,-0.20210210,68,-0.897927680689291,0.440143022496041,711.5174152,"Yagur Far",518.462473,"Yagur Far 28/08/17",0,0,0,0,0,0,0,0,0,0,0,0,1,0
"1410","T2",2017,"Yagur Far 8","Mediterranean Maquis","Carmel","Yagur","Far",NA,NA,35.05488,32.7542,28/08/17,1947,-0.20210210,68,-0.897927680689291,0.440143022496041,759.1421333,"Yagur Far",503.78669,"Yagur Far 28/08/17",0,0,0,0,0,0,0,0,0,0,0,0,1,0
"1411","T2",2017,"Yagur Far 9","Mediterranean Maquis","Carmel","Yagur","Far",NA,NA,35.05563,32.75388,28/08/17,1947,-0.20210210,68,-0.897927680689291,0.440143022496041,834.2483794,"Yagur Far",461.009921,"Yagur Far 28/08/17",6,0,0,0,0,0,0,0,2,0,0,0,0,9
"1412","T2",2017,"Yagur Near 1","Mediterranean Maquis","Carmel","Yagur","Near",NA,NA,35.07487,32.73893,28/08/17,1947,-0.20210210,68,-0.897927680689291,0.440143022496041,49.7810274,"Yagur Near",655.333502,"Yagur Near 28/08/17",0,0,0,0,0,0,0,0,0,0,0,0,5,8
"1413","T2",2017,"Yagur Near 2","Mediterranean Maquis","Carmel","Yagur","Near",NA,NA,35.07557,32.73882,28/08/17,1947,-0.20210210,68,-0.897927680689291,0.440143022496041,55.70977252,"Yagur Near",597.686676,"Yagur Near 28/08/17",0,0,0,0,0,0,0,0,0,0,0,0,0,2
"1414","T2",2017,"Yagur Near 3","Mediterranean Maquis","Carmel","Yagur","Near",NA,NA,35.07627,32.7389,28/08/17,1947,-0.20210210,68,-0.897927680689291,0.440143022496041,40.81301333,"Yagur Near",557.49899,"Yagur Near 28/08/17",0,0,0,0,0,0,0,4,0,0,0,0,10,0
"1415","T2",2017,"Yagur Near 4","Mediterranean Maquis","Carmel","Yagur","Near",NA,NA,35.0769,32.73831,28/08/17,1947,-0.20210210,68,-0.897927680689291,0.440143022496041,76.61800556,"Yagur Near",469.36387,"Yagur Near 28/08/17",1,0,0,0,0,0,0,2,0,0,0,0,0,1
"1416","T2",2017,"Yagur Near 6","Mediterranean Maquis","Carmel","Yagur","Near",NA,NA,35.07715,32.73736,28/08/17,1947,-0.20210210,68,-0.897927680689291,0.440143022496041,158.7628538,"Yagur Near",379.680145,"Yagur Near 28/08/17",0,0,0,0,0,0,0,0,0,0,0,0,1,0
"1417","T2",2017,"Yagur Near 7","Mediterranean Maquis","Carmel","Yagur","Near",NA,NA,35.07451,32.7387,28/08/17,1947,-0.20210210,68,-0.897927680689291,0.440143022496041,85.69302876,"Yagur Near",666.571581,"Yagur Near 28/08/17",0,0,0,0,0,0,0,0,0,0,0,0,5,0
"1418","T2",2017,"Yagur Near 8","Mediterranean Maquis","Carmel","Yagur","Near",NA,NA,35.0789,32.73779,28/08/17,1947,-0.20210210,68,-0.897927680689291,0.440143022496041,16.92224338,"Yagur Near",316.028692,"Yagur Near 28/08/17",0,0,0,0,0,0,0,0,0,0,15,0,3,0
"1419","T2",2019,"Bislach Far 1","Negev Highlands",NA,"Bislach","Far",NA,NA,34.89462,31.00335,04/01/19,2441, 0.19495187,-168,0.99717328877408,-0.0751360908983532,2119.676779,"Bislach Far",4921.871741,"Bislach Far 04/01/19",0,0,0,0,0,1,0,0,2,2,0,0,0,0
"1420","T2",2019,"Bislach Far 4","Negev Highlands",NA,"Bislach","Far",NA,NA,34.89763,31.00435,04/01/19,2441, 0.19495187,-168,0.99717328877408,-0.0751360908983532,1986.714891,"Bislach Far",4725.230235,"Bislach Far 04/01/19",1,0,0,0,0,0,0,0,0,3,0,0,0,0
"1421","T2",2019,"Bislach Far 6","Negev Highlands",NA,"Bislach","Far",NA,NA,34.89863,31.00534,04/01/19,2441, 0.19495187,-168,0.99717328877408,-0.0751360908983532,2007.803518,"Bislach Far",4701.233048,"Bislach Far 04/01/19",11,0,0,0,0,0,0,0,2,0,0,0,0,1
"1422","T2",2019,"Bislach Far 7","Negev Highlands",NA,"Bislach","Far",NA,NA,34.89918,31.00555,04/01/19,2441, 0.19495187,-168,0.99717328877408,-0.0751360908983532,1994.024627,"Bislach Far",4669.604201,"Bislach Far 04/01/19",0,0,0,0,0,0,0,1,0,0,0,0,0,0
"1423","T2",2019,"Bislach Near 1","Negev Highlands",NA,"Bislach","Near",NA,NA,34.87205,31.02165,04/01/19,2441, 0.19495187,-168,0.99717328877408,-0.0751360908983532,1260.009005,"Bislach Near",4119.894334,"Bislach Near 04/01/19",1,0,0,0,0,0,0,1,2,2,0,0,0,0
"1424","T2",2019,"Bislach Near 2","Negev Highlands",NA,"Bislach","Near",NA,NA,34.87243,31.02111,04/01/19,2441, 0.19495187,-168,0.99717328877408,-0.0751360908983532,1254.939708,"Bislach Near",4184.954172,"Bislach Near 04/01/19",2,0,0,0,0,0,0,0,0,3,0,0,0,1
"1425","T2",2019,"Bislach Near 6","Negev Highlands",NA,"Bislach","Near",NA,NA,34.87678,31.01902,04/01/19,2441, 0.19495187,-168,0.99717328877408,-0.0751360908983532,1515.225495,"Bislach Near",4494.305683,"Bislach Near 04/01/19",2,0,0,0,0,0,0,0,0,0,0,0,0,0
"1426","T2",2019,"Bislach Near 9","Negev Highlands",NA,"Bislach","Near",NA,NA,34.87533,31.01972,04/01/19,2441, 0.19495187,-168,0.99717328877408,-0.0751360908983532,1425.839995,"Bislach Near",4390.569308,"Bislach Near 04/01/19",3,0,0,0,0,0,0,0,2,0,0,0,0,1
"1427","T2",2019,"Ezuz Far 1","Negev Highlands",NA,"Ezuz","Far",NA,NA,34.46585,30.78174,01/02/19,2469, 0.21745696,-140,-0.980239659440312,-0.197813574004268,1223.366427,"Ezuz Far",1267.985045,"Ezuz Far 01/02/19",0,0,0,0,0,3,0,0,0,2,0,0,0,0
"1428","T2",2019,"Ezuz Far 3","Negev Highlands",NA,"Ezuz","Far",NA,NA,34.46786,30.78173,01/02/19,2469, 0.21745696,-140,-0.980239659440312,-0.197813574004268,1138.531877,"Ezuz Far",1080.5317,"Ezuz Far 01/02/19",1,0,0,0,0,0,0,0,3,0,0,0,0,0
"1429","T2",2019,"Ezuz Far 4","Negev Highlands",NA,"Ezuz","Far",NA,NA,34.46781,30.7821,01/02/19,2469, 0.21745696,-140,-0.980239659440312,-0.197813574004268,1102.548916,"Ezuz Far",1076.170323,"Ezuz Far 01/02/19",0,0,0,0,0,0,0,0,1,1,0,0,0,0
"1430","T2",2019,"Ezuz Far 5","Negev Highlands",NA,"Ezuz","Far",NA,NA,34.46845,30.78174,01/02/19,2469, 0.21745696,-140,-0.980239659440312,-0.197813574004268,1117.350512,"Ezuz Far",1025.022135,"Ezuz Far 01/02/19",3,0,0,0,0,0,0,0,3,5,0,0,0,0
"1431","T2",2019,"Ezuz Far 6","Negev Highlands",NA,"Ezuz","Far",NA,NA,34.4672,30.78154,01/02/19,2469, 0.21745696,-140,-0.980239659440312,-0.197813574004268,1183.003981,"Ezuz Far",1146.676886,"Ezuz Far 01/02/19",0,0,0,0,0,0,0,0,1,3,0,0,0,0
"1432","T2",2019,"Ezuz Far 8","Negev Highlands",NA,"Ezuz","Far",NA,NA,34.46579,30.7829,01/02/19,2469, 0.21745696,-140,-0.980239659440312,-0.197813574004268,1117.831425,"Ezuz Far",1251.119093,"Ezuz Far 01/02/19",4,0,0,0,0,1,0,0,3,1,0,0,0,0
"1433","T2",2019,"Ezuz Far 9","Negev Highlands",NA,"Ezuz","Far",NA,NA,34.46547,30.78259,01/02/19,2469, 0.21745696,-140,-0.980239659440312,-0.197813574004268,1163.491764,"Ezuz Far",1286.204013,"Ezuz Far 01/02/19",4,0,0,0,0,0,0,0,0,3,0,0,0,0
"1434","T2",2019,"Ezuz Near 2","Negev Highlands",NA,"Ezuz","Near",NA,NA,34.46508,30.79828,01/02/19,2469, 0.21745696,-140,-0.980239659440312,-0.197813574004268,861.2927878,"Ezuz Near",730.972962,"Ezuz Near 01/02/19",0,0,0,0,0,0,0,0,0,2,0,0,0,0
"1435","T2",2019,"Ezuz Near 3","Negev Highlands",NA,"Ezuz","Near",NA,NA,34.46581,30.79797,01/02/19,2469, 0.21745696,-140,-0.980239659440312,-0.197813574004268,783.9607221,"Ezuz Near",687.758161,"Ezuz Near 01/02/19",0,0,0,0,0,0,0,0,0,3,0,0,0,0
"1436","T2",2019,"Ezuz Near 7","Negev Highlands",NA,"Ezuz","Near",NA,NA,34.46771,30.79652,01/02/19,2469, 0.21745696,-140,-0.980239659440312,-0.197813574004268,544.9036814,"Ezuz Near",664.226754,"Ezuz Near 01/02/19",3,0,0,0,0,0,0,0,0,3,0,0,0,0
"1437","T2",2019,"Ezuz Near 8","Negev Highlands",NA,"Ezuz","Near",NA,NA,34.46797,30.79589,01/02/19,2469, 0.21745696,-140,-0.980239659440312,-0.197813574004268,489.8237101,"Ezuz Near",706.451729,"Ezuz Near 01/02/19",0,0,0,0,0,0,0,0,0,2,0,0,0,0
"1438","T2",2019,"Ezuz Near 9","Negev Highlands",NA,"Ezuz","Near",NA,NA,34.46806,30.79531,01/02/19,2469, 0.21745696,-140,-0.980239659440312,-0.197813574004268,451.5949176,"Ezuz Near",754.071418,"Ezuz Near 01/02/19",1,0,0,0,0,0,0,0,3,0,0,0,0,0
"1439","T2",2019,"Merhav Am Far 2","Negev Highlands",NA,"Merhav Am","Far",NA,NA,34.83816,30.8967,20/01/19,2457, 0.20781192,-152,-0.933320523748862,0.359044286891116,1105.423537,"Merhav Am Far",611.658812,"Merhav Am Far 20/01/19",0,0,0,0,0,0,0,0,0,0,0,0,0,2
"1440","T2",2019,"Merhav Am Far 4","Negev Highlands",NA,"Merhav Am","Far",NA,NA,34.83662,30.89745,20/01/19,2457, 0.20781192,-152,-0.933320523748862,0.359044286891116,1102.060091,"Merhav Am Far",505.403696,"Merhav Am Far 20/01/19",0,0,0,0,0,0,0,1,0,0,0,0,0,0
"1441","T2",2019,"Merhav Am Far 5","Negev Highlands",NA,"Merhav Am","Far",NA,NA,34.83595,30.89733,20/01/19,2457, 0.20781192,-152,-0.933320523748862,0.359044286891116,1053.037584,"Merhav Am Far",520.083895,"Merhav Am Far 20/01/19",0,0,0,0,0,0,0,0,1,0,0,0,0,0
"1442","T2",2019,"Merhav Am Far 6","Negev Highlands",NA,"Merhav Am","Far",NA,NA,34.83547,30.89761,20/01/19,2457, 0.20781192,-152,-0.933320523748862,0.359044286891116,1052.990916,"Merhav Am Far",495.327916,"Merhav Am Far 20/01/19",3,0,0,0,0,0,0,1,1,0,0,0,0,1
"1443","T2",2019,"Merhav Am Far 8","Negev Highlands",NA,"Merhav Am","Far",NA,NA,34.83371,30.89812,20/01/19,2457, 0.20781192,-152,-0.933320523748862,0.359044286891116,1024.49543,"Merhav Am Far",501.763261,"Merhav Am Far 20/01/19",20,0,0,0,0,0,0,3,0,0,0,0,0,1
"1444","T2",2019,"Merhav Am Near 1","Negev Highlands",NA,"Merhav Am","Near",NA,NA,34.83199,30.88178,20/01/19,2457, 0.20781192,-152,-0.933320523748862,0.359044286891116,491.1219589,"Merhav Am Near",1087.213653,"Merhav Am Near 20/01/19",1,0,0,0,0,0,0,0,0,0,0,0,0,1
"1445","T2",2019,"Merhav Am Near 2","Negev Highlands",NA,"Merhav Am","Near",NA,NA,34.83116,30.88251,20/01/19,2457, 0.20781192,-152,-0.933320523748862,0.359044286891116,392.0596129,"Merhav Am Near",1015.377452,"Merhav Am Near 20/01/19",0,0,0,0,0,0,0,0,1,0,0,0,0,3
"1446","T2",2019,"Merhav Am Near 3","Negev Highlands",NA,"Merhav Am","Near",NA,NA,34.83157,30.88233,20/01/19,2457, 0.20781192,-152,-0.933320523748862,0.359044286891116,420.8737217,"Merhav Am Near",1051.917804,"Merhav Am Near 20/01/19",0,0,0,0,0,0,0,0,1,0,0,0,0,0
"1447","T2",2019,"Merhav Am Near 5","Negev Highlands",NA,"Merhav Am","Near",NA,NA,34.82848,30.88366,20/01/19,2457, 0.20781192,-152,-0.933320523748862,0.359044286891116,303.640368,"Merhav Am Near",794.369682,"Merhav Am Near 20/01/19",0,0,0,0,0,0,0,0,0,0,0,0,0,2
"1448","T2",2019,"Merhav Am Near 6","Negev Highlands",NA,"Merhav Am","Near",NA,NA,34.82795,30.88404,20/01/19,2457, 0.20781192,-152,-0.933320523748862,0.359044286891116,260.061897,"Merhav Am Near",762.429946,"Merhav Am Near 20/01/19",6,0,0,0,0,2,0,0,1,1,0,0,0,13
"1449","T2",2019,"Merhav Am Near 7","Negev Highlands",NA,"Merhav Am","Near",NA,NA,34.82763,30.88438,20/01/19,2457, 0.20781192,-152,-0.933320523748862,0.359044286891116,222.424499,"Merhav Am Near",750.790941,"Merhav Am Near 20/01/19",1,0,0,0,0,0,0,0,0,0,0,0,0,5
"1450","T2",2019,"Merhav Am Near 8","Negev Highlands",NA,"Merhav Am","Near",NA,NA,34.82693,30.88487,20/01/19,2457, 0.20781192,-152,-0.933320523748862,0.359044286891116,186.6059952,"Merhav Am Near",693.918363,"Merhav Am Near 20/01/19",2,0,0,0,0,0,0,0,0,0,0,0,0,6
"1451","T2",2019,"Merhav Am Near 9","Negev Highlands",NA,"Merhav Am","Near",NA,NA,34.82675,30.88546,20/01/19,2457, 0.20781192,-152,-0.933320523748862,0.359044286891116,142.4725426,"Merhav Am Near",662.161947,"Merhav Am Near 20/01/19",4,0,0,0,0,0,0,0,0,0,0,0,0,0
"1452","T2",2018,"Sde Boker Far 4","Negev Highlands",NA,"Sde Boker","Far",NA,NA,34.77424,30.88502,30/12/18,2436, 0.19093311,192,-0.354938357651846,-0.934889705937235,1742.867828,"Sde Boker Far",1150.056576,"Sde Boker Far 30/12/18",0,0,0,0,0,0,0,0,0,0,0,0,0,1
"1453","T2",2018,"Sde Boker Far 5","Negev Highlands",NA,"Sde Boker","Far",NA,NA,34.77451,30.88625,30/12/18,2436, 0.19093311,192,-0.354938357651846,-0.934889705937235,1811.40287,"Sde Boker Far",1218.889973,"Sde Boker Far 30/12/18",1,0,0,0,0,0,0,0,0,0,0,0,0,0
"1454","T2",2018,"Sde Boker Far 6","Negev Highlands",NA,"Sde Boker","Far",NA,NA,34.77465,30.88735,30/12/18,2436, 0.19093311,192,-0.354938357651846,-0.934889705937235,1882.097055,"Sde Boker Far",1296.536876,"Sde Boker Far 30/12/18",0,0,0,0,0,0,0,0,0,0,0,0,0,1
"1455","T2",2018,"Sde Boker Far 7","Negev Highlands",NA,"Sde Boker","Far",NA,NA,34.77624,30.88732,30/12/18,2436, 0.19093311,192,-0.354938357651846,-0.934889705937235,1771.518883,"Sde Boker Far",1196.753576,"Sde Boker Far 30/12/18",0,0,0,0,0,0,0,1,0,5,0,0,0,2
"1456","T2",2018,"Sde Boker Far 8","Negev Highlands",NA,"Sde Boker","Far",NA,NA,34.77622,30.88614,30/12/18,2436, 0.19093311,192,-0.354938357651846,-0.934889705937235,1680.822007,"Sde Boker Far",1096.455812,"Sde Boker Far 30/12/18",1,0,0,0,0,1,0,2,0,4,0,0,0,4
"1457","T2",2018,"Sde Boker Far 9","Negev Highlands",NA,"Sde Boker","Far",NA,NA,34.77718,30.88605,30/12/18,2436, 0.19093311,192,-0.354938357651846,-0.934889705937235,1607.97226,"Sde Boker Far",1030.305242,"Sde Boker Far 30/12/18",0,0,0,0,0,11,0,0,1,0,0,0,0,3
"1458","T2",2018,"Sde Boker Near 1","Negev Highlands",NA,"Sde Boker","Near",NA,NA,34.794,30.87963,30/12/18,2436, 0.19093311,192,-0.354938357651846,-0.934889705937235,390.0135742,"Sde Boker Near",181.230676,"Sde Boker Near 30/12/18",0,0,0,0,0,0,0,0,4,0,0,0,0,5
"1459","T2",2018,"Sde Boker Near 2","Negev Highlands",NA,"Sde Boker","Near",NA,NA,34.79331,30.87934,30/12/18,2436, 0.19093311,192,-0.354938357651846,-0.934889705937235,358.5744425,"Sde Boker Near",211.089073,"Sde Boker Near 30/12/18",4,0,0,0,0,0,0,0,1,0,0,0,0,3
"1460","T2",2018,"Sde Boker Near 3","Negev Highlands",NA,"Sde Boker","Near",NA,NA,34.79297,30.87879,30/12/18,2436, 0.19093311,192,-0.354938357651846,-0.934889705937235,298.7318725,"Sde Boker Near",219.278105,"Sde Boker Near 30/12/18",1,0,0,0,0,0,0,0,1,0,0,0,0,3
"1461","T2",2018,"Sde Boker Near 4","Negev Highlands",NA,"Sde Boker","Near",NA,NA,34.79232,30.87832,30/12/18,2436, 0.19093311,192,-0.354938357651846,-0.934889705937235,248.7565006,"Sde Boker Near",160.4361,"Sde Boker Near 30/12/18",1,0,0,0,0,0,0,1,0,0,0,0,0,6
"1462","T2",2018,"Sde Boker Near 5","Negev Highlands",NA,"Sde Boker","Near",NA,NA,34.79218,30.87786,30/12/18,2436, 0.19093311,192,-0.354938357651846,-0.934889705937235,198.2395907,"Sde Boker Near",107.758849,"Sde Boker Near 30/12/18",8,0,0,0,0,0,0,0,1,0,0,0,0,3
"1463","T2",2018,"Sde Boker Near 6","Negev Highlands",NA,"Sde Boker","Near",NA,NA,34.79147,30.87769,30/12/18,2436, 0.19093311,192,-0.354938357651846,-0.934889705937235,181.6999956,"Sde Boker Near",87.312472,"Sde Boker Near 30/12/18",6,0,0,0,0,0,0,1,0,0,0,0,0,0
"1464","T2",2018,"Sde Boker Near 7","Negev Highlands",NA,"Sde Boker","Near",NA,NA,34.791,30.8776,30/12/18,2436, 0.19093311,192,-0.354938357651846,-0.934889705937235,173.2484789,"Sde Boker Near",79.973266,"Sde Boker Near 30/12/18",4,0,0,0,0,0,0,0,0,0,0,0,0,2
"1465","T2",2018,"Sde Boker Near 8","Negev Highlands",NA,"Sde Boker","Near",NA,NA,34.79546,30.88094,30/12/18,2436, 0.19093311,192,-0.354938357651846,-0.934889705937235,558.3894045,"Sde Boker Near",90.223496,"Sde Boker Near 30/12/18",4,0,0,0,0,0,0,0,4,0,0,0,0,7
"1466","T2",2018,"Sde Boker Near 9","Negev Highlands",NA,"Sde Boker","Near",NA,NA,34.79467,30.88069,30/12/18,2436, 0.19093311,192,-0.354938357651846,-0.934889705937235,514.1040336,"Sde Boker Near",152.999912,"Sde Boker Near 30/12/18",0,0,0,0,0,0,0,0,1,0,0,0,0,6
"1467","T2",2018,"Yeruham Far 1","Negev Highlands",NA,"Yeruham","Far",NA,NA,34.89235,30.97854,11/12/18,2417, 0.17566180,173,-0.210810532913481,-0.977526940402531,2048.734278,"Yeruham Far",4589.047516,"Yeruham Far 11/12/18",1,0,0,0,0,0,0,0,0,0,0,0,0,0
"1468","T2",2018,"Yeruham Far 3","Negev Highlands",NA,"Yeruham","Far",NA,NA,34.89407,30.97834,11/12/18,2417, 0.17566180,173,-0.210810532913481,-0.977526940402531,1923.157202,"Yeruham Far",4427.827625,"Yeruham Far 11/12/18",0,0,0,0,0,0,0,0,4,0,0,0,0,0
"1469","T2",2018,"Yeruham Far 4","Negev Highlands",NA,"Yeruham","Far",NA,NA,34.89449,30.97799,11/12/18,2417, 0.17566180,173,-0.210810532913481,-0.977526940402531,1913.009933,"Yeruham Far",4392.232907,"Yeruham Far 11/12/18",0,0,0,0,0,0,0,0,0,1,0,0,0,0
"1470","T2",2018,"Yeruham Far 5","Negev Highlands",NA,"Yeruham","Far",NA,NA,34.89514,30.97759,11/12/18,2417, 0.17566180,173,-0.210810532913481,-0.977526940402531,1890.046396,"Yeruham Far",4335.963952,"Yeruham Far 11/12/18",0,0,0,0,0,0,0,0,0,1,0,0,0,0
"1471","T2",2018,"Yeruham Far 6","Negev Highlands",NA,"Yeruham","Far",NA,NA,34.89547,30.97694,11/12/18,2417, 0.17566180,173,-0.210810532913481,-0.977526940402531,1908.521127,"Yeruham Far",4314.496973,"Yeruham Far 11/12/18",5,0,0,0,0,0,0,1,3,2,0,0,0,1
"1472","T2",2018,"Yeruham Far 7","Negev Highlands",NA,"Yeruham","Far",NA,NA,34.8958,30.97627,11/12/18,2417, 0.17566180,173,-0.210810532913481,-0.977526940402531,1930.75296,"Yeruham Far",4294.699006,"Yeruham Far 11/12/18",6,0,0,0,0,0,0,2,0,0,0,0,0,1
"1473","T2",2018,"Yeruham Far 8","Negev Highlands",NA,"Yeruham","Far",NA,NA,34.89582,30.97576,11/12/18,2417, 0.17566180,173,-0.210810532913481,-0.977526940402531,1966.247564,"Yeruham Far",4302.331716,"Yeruham Far 11/12/18",0,0,0,0,0,0,0,1,0,0,0,0,0,0
"1474","T2",2018,"Yeruham Far 9","Negev Highlands",NA,"Yeruham","Far",NA,NA,34.89583,30.97493,11/12/18,2417, 0.17566180,173,-0.210810532913481,-0.977526940402531,2027.626899,"Yeruham Far",4318.423094,"Yeruham Far 11/12/18",2,0,0,0,0,0,0,2,0,0,0,0,0,1
"1475","T2",2018,"Yeruham Near 1","Negev Highlands",NA,"Yeruham","Near",NA,NA,34.91473,30.98359,11/12/18,2417, 0.17566180,173,-0.210810532913481,-0.977526940402531,153.6979987,"Yeruham Near",2432.255246,"Yeruham Near 11/12/18",0,0,0,0,0,0,0,0,0,1,0,0,0,3
"1476","T2",2018,"Yeruham Near 2","Negev Highlands",NA,"Yeruham","Near",NA,NA,34.9157,30.98446,11/12/18,2417, 0.17566180,173,-0.210810532913481,-0.977526940402531,25.56755117,"Yeruham Near",2346.381001,"Yeruham Near 11/12/18",9,0,0,0,0,0,0,0,11,0,0,0,0,4
"1477","T2",2018,"Yeruham Near 3","Negev Highlands",NA,"Yeruham","Near",NA,NA,34.91506,30.98448,11/12/18,2417, 0.17566180,173,-0.210810532913481,-0.977526940402531,66.19714423,"Yeruham Near",2407.469722,"Yeruham Near 11/12/18",14,0,0,0,0,0,0,2,23,0,0,0,0,2
"1478","T2",2018,"Yeruham Near 4","Negev Highlands",NA,"Yeruham","Near",NA,NA,34.91393,30.98488,11/12/18,2417, 0.17566180,173,-0.210810532913481,-0.977526940402531,121.4417911,"Yeruham Near",2519.142135,"Yeruham Near 11/12/18",2,0,0,0,0,0,0,0,3,0,0,0,0,9
"1479","T2",2018,"Yeruham Near 5","Negev Highlands",NA,"Yeruham","Near",NA,NA,34.91326,30.98524,11/12/18,2417, 0.17566180,173,-0.210810532913481,-0.977526940402531,88.71330186,"Yeruham Near",2587.091324,"Yeruham Near 11/12/18",0,0,0,0,0,0,0,1,0,0,0,0,0,0
"1480","T2",2018,"Yeruham Near 6","Negev Highlands",NA,"Yeruham","Near",NA,NA,34.91214,30.98582,11/12/18,2417, 0.17566180,173,-0.210810532913481,-0.977526940402531,99.22872625,"Yeruham Near",2701.226932,"Yeruham Near 11/12/18",3,0,0,0,0,0,0,3,5,0,0,0,0,0
"1481","T2",2018,"Yeruham Near 7","Negev Highlands",NA,"Yeruham","Near",NA,NA,34.91088,30.98625,11/12/18,2417, 0.17566180,173,-0.210810532913481,-0.977526940402531,132.295478,"Yeruham Near",2827.029131,"Yeruham Near 11/12/18",1,0,0,0,0,0,0,0,4,0,0,0,0,2
"1482","T2",2018,"Yeruham Near 8","Negev Highlands",NA,"Yeruham","Near",NA,NA,34.90986,30.98614,11/12/18,2417, 0.17566180,173,-0.210810532913481,-0.977526940402531,200.7288425,"Yeruham Near",2921.80418,"Yeruham Near 11/12/18",0,0,0,0,0,0,0,0,10,0,0,0,0,2
"1483","T2",2018,"Yeruham Near 9","Negev Highlands",NA,"Yeruham","Near",NA,NA,34.90887,30.98574,11/12/18,2417, 0.17566180,173,-0.210810532913481,-0.977526940402531,299.4814468,"Yeruham Near",3010.026814,"Yeruham Near 11/12/18",1,0,0,0,0,0,0,0,3,0,0,0,0,0
"1484","T2",2017,"Aderet Far 1","Planted Conifer Forests","Judea","Aderet","Far",NA,NA,34.98149,31.67884,21/08/17,1940,-0.20772837,61,-0.966117770008393,-0.258101635938267,639.7199587,"Aderet Far",161.945299,"Aderet Far 21/08/17",1,0,0,0,0,0,3,1,0,0,0,0,0,2
"1485","T2",2017,"Aderet Far 3","Planted Conifer Forests","Judea","Aderet","Far",NA,NA,34.9825,31.67802,21/08/17,1940,-0.20772837,61,-0.966117770008393,-0.258101635938267,725.9549171,"Aderet Far",217.303351,"Aderet Far 21/08/17",0,0,0,0,0,0,0,0,1,0,0,0,0,0
"1486","T2",2017,"Aderet Far 4","Planted Conifer Forests","Judea","Aderet","Far",NA,NA,34.98176,31.67851,21/08/17,1940,-0.20772837,61,-0.966117770008393,-0.258101635938267,675.0436466,"Aderet Far",187.134367,"Aderet Far 21/08/17",0,0,0,0,0,0,0,0,2,0,0,0,0,1
"1487","T2",2017,"Aderet Far 5","Planted Conifer Forests","Judea","Aderet","Far",NA,NA,34.98361,31.67725,21/08/17,1940,-0.20772837,61,-0.966117770008393,-0.258101635938267,806.1972535,"Aderet Far",263.798227,"Aderet Far 21/08/17",1,0,0,0,0,0,0,0,0,0,0,0,0,0
"1488","T2",2017,"Aderet Far 7","Planted Conifer Forests","Judea","Aderet","Far",NA,NA,34.98423,31.67654,21/08/17,1940,-0.20772837,61,-0.966117770008393,-0.258101635938267,882.0179357,"Aderet Far",332.490198,"Aderet Far 21/08/17",3,0,0,0,0,0,0,0,2,0,0,0,0,2
"1489","T2",2017,"Aderet Far 8","Planted Conifer Forests","Judea","Aderet","Far",NA,NA,34.9848,31.67663,21/08/17,1940,-0.20772837,61,-0.966117770008393,-0.258101635938267,869.4620934,"Aderet Far",298.264147,"Aderet Far 21/08/17",0,0,0,0,0,0,0,0,1,0,0,0,0,0
"1490","T2",2017,"Aderet Far 9","Planted Conifer Forests","Judea","Aderet","Far",NA,NA,34.98515,31.6761,21/08/17,1940,-0.20772837,61,-0.966117770008393,-0.258101635938267,926.5724362,"Aderet Far",331.377353,"Aderet Far 21/08/17",2,0,0,0,0,0,0,0,2,0,0,0,0,0
"1491","T2",2018,"Amatzia Far 3","Planted Conifer Forests","Judea","Amatzia","Far",NA,NA,34.89484,31.51019,12/02/18,2115,-0.06707160,-129,0.193473392038468,-0.981105522649388,2134.446086,"Amatzia Far",102.4488,"Amatzia Far 12/02/18",16,0,0,0,0,0,0,0,0,0,2,0,0,2
"1492","T2",2018,"Amatzia Far 4","Planted Conifer Forests","Judea","Amatzia","Far",NA,NA,34.89435,31.51105,12/02/18,2115,-0.06707160,-129,0.193473392038468,-0.981105522649388,2146.562547,"Amatzia Far",70.754547,"Amatzia Far 12/02/18",0,0,0,0,0,0,1,0,0,0,0,0,0,0
"1493","T2",2018,"Amatzia Far 5","Planted Conifer Forests","Judea","Amatzia","Far",NA,NA,34.89381,31.51147,12/02/18,2115,-0.06707160,-129,0.193473392038468,-0.981105522649388,2181.730939,"Amatzia Far",108.598366,"Amatzia Far 12/02/18",1,0,0,0,0,0,0,0,0,0,0,0,0,3
"1494","T2",2018,"Amatzia Far 6","Planted Conifer Forests","Judea","Amatzia","Far",NA,NA,34.89433,31.5118,12/02/18,2115,-0.06707160,-129,0.193473392038468,-0.981105522649388,2124.092628,"Amatzia Far",66.228461,"Amatzia Far 12/02/18",0,0,0,0,0,0,1,0,0,0,0,0,0,0
"1495","T2",2018,"Amatzia Far 8","Planted Conifer Forests","Judea","Amatzia","Far",NA,NA,34.8918,31.51173,12/02/18,2115,-0.06707160,-129,0.193473392038468,-0.981105522649388,2358.068887,"Amatzia Far",301.317688,"Amatzia Far 12/02/18",2,0,0,0,0,0,0,0,0,0,0,0,0,0
"1496","T2",2018,"Amatzia Far 9","Planted Conifer Forests","Judea","Amatzia","Far",NA,NA,34.89243,31.51093,12/02/18,2115,-0.06707160,-129,0.193473392038468,-0.981105522649388,2324.504127,"Amatzia Far",245.802113,"Amatzia Far 12/02/18",0,0,0,0,0,0,0,0,2,0,0,0,0,1
"1497","T2",2017,"Bat Shlomo Far 1","Planted Conifer Forests","Carmel","Bat Shlomo","Far",NA,NA,35.00779,32.58815,18/11/17,2029,-0.13619435,150,-0.714876429629165,0.699250806478375,800.8385757,"Bat Shlomo Far",318.635568,"Bat Shlomo Far 18/11/17",0,0,0,0,0,0,0,0,2,0,0,0,0,2
"1498","T2",2017,"Bat Shlomo Far 2","Planted Conifer Forests","Carmel","Bat Shlomo","Far",NA,NA,35.0081,32.58819,18/11/17,2029,-0.13619435,150,-0.714876429629165,0.699250806478375,804.0467774,"Bat Shlomo Far",322.126794,"Bat Shlomo Far 18/11/17",1,0,0,0,0,0,0,0,7,0,0,0,3,1
"1499","T2",2017,"Bat Shlomo Far 3","Planted Conifer Forests","Carmel","Bat Shlomo","Far",NA,NA,35.00889,32.58876,18/11/17,2029,-0.13619435,150,-0.714876429629165,0.699250806478375,768.8078218,"Bat Shlomo Far",297.594624,"Bat Shlomo Far 18/11/17",0,0,0,0,0,0,0,0,1,0,0,0,0,0
"1500","T2",2017,"Bat Shlomo Far 4","Planted Conifer Forests","Carmel","Bat Shlomo","Far",NA,NA,35.00919,32.58886,18/11/17,2029,-0.13619435,150,-0.714876429629165,0.699250806478375,769.9832063,"Bat Shlomo Far",305.135668,"Bat Shlomo Far 18/11/17",0,0,0,0,0,0,0,0,3,0,1,0,0,2
"1501","T2",2017,"Bat Shlomo Far 5","Planted Conifer Forests","Carmel","Bat Shlomo","Far",NA,NA,35.01002,32.58891,18/11/17,2029,-0.13619435,150,-0.714876429629165,0.699250806478375,801.0262381,"Bat Shlomo Far",355.3801,"Bat Shlomo Far 18/11/17",0,0,0,0,0,0,5,0,9,0,0,0,4,0
"1502","T2",2017,"Bat Shlomo Far 6","Planted Conifer Forests","Carmel","Bat Shlomo","Far",NA,NA,35.01007,32.58869,18/11/17,2029,-0.13619435,150,-0.714876429629165,0.699250806478375,824.5319888,"Bat Shlomo Far",375.214828,"Bat Shlomo Far 18/11/17",0,0,0,0,0,0,0,0,0,0,0,0,3,1
"1503","T2",2017,"Bat Shlomo Far 7","Planted Conifer Forests","Carmel","Bat Shlomo","Far",NA,NA,35.01053,32.58872,18/11/17,2029,-0.13619435,150,-0.714876429629165,0.699250806478375,843.819212,"Bat Shlomo Far",405.663242,"Bat Shlomo Far 18/11/17",0,0,0,0,0,0,3,0,0,0,4,0,1,0
"1504","T2",2017,"Bat Shlomo Far 8","Planted Conifer Forests","Carmel","Bat Shlomo","Far",NA,NA,35.01101,32.58844,18/11/17,2029,-0.13619435,150,-0.714876429629165,0.699250806478375,894.3584607,"Bat Shlomo Far",436.908825,"Bat Shlomo Far 18/11/17",0,0,0,0,0,0,0,0,3,0,0,0,7,2
"1505","T2",2017,"Bat Shlomo Far 9","Planted Conifer Forests","Carmel","Bat Shlomo","Far",NA,NA,35.01123,32.58833,18/11/17,2029,-0.13619435,150,-0.714876429629165,0.699250806478375,916.0007524,"Bat Shlomo Far",450.622666,"Bat Shlomo Far 18/11/17",1,0,0,0,0,0,0,0,5,0,1,0,0,1
"1506","T2",2017,"Eitanim Far 1","Planted Conifer Forests","Judea","Eitanim","Far",NA,NA,35.10686,31.77865,01/10/17,1981,-0.17477450,102,0.994826791358406,0.101585703696621,746.7251486,"Eitanim Far",400.864161,"Eitanim Far 01/10/17",4,0,0,0,0,0,0,0,0,0,0,0,0,3
"1507","T2",2017,"Eitanim Far 2","Planted Conifer Forests","Judea","Eitanim","Far",NA,NA,35.10641,31.77893,01/10/17,1981,-0.17477450,102,0.994826791358406,0.101585703696621,696.1260148,"Eitanim Far",357.34953,"Eitanim Far 01/10/17",0,0,0,0,0,0,0,0,0,0,0,0,0,1
"1508","T2",2017,"Eitanim Far 3","Planted Conifer Forests","Judea","Eitanim","Far",NA,NA,35.10638,31.77866,01/10/17,1981,-0.17477450,102,0.994826791358406,0.101585703696621,718.6200541,"Eitanim Far",384.614168,"Eitanim Far 01/10/17",0,0,0,0,0,0,0,0,0,0,0,0,0,1
"1509","T2",2017,"Eitanim Far 4","Planted Conifer Forests","Judea","Eitanim","Far",NA,NA,35.10642,31.77823,01/10/17,1981,-0.17477450,102,0.994826791358406,0.101585703696621,760.0919821,"Eitanim Far",429.493587,"Eitanim Far 01/10/17",0,0,0,0,0,0,0,0,5,0,0,0,0,4
"1510","T2",2017,"Eitanim Far 5","Planted Conifer Forests","Judea","Eitanim","Far",NA,NA,35.10593,31.7779,01/10/17,1981,-0.17477450,102,0.994826791358406,0.101585703696621,757.9641104,"Eitanim Far",442.158591,"Eitanim Far 01/10/17",5,0,0,0,0,0,0,0,1,0,0,0,0,0
"1511","T2",2017,"Eitanim Far 6","Planted Conifer Forests","Judea","Eitanim","Far",NA,NA,35.10544,31.77795,01/10/17,1981,-0.17477450,102,0.994826791358406,0.101585703696621,711.7261994,"Eitanim Far",419.084612,"Eitanim Far 01/10/17",0,0,0,0,0,0,0,1,0,0,0,0,0,0
"1512","T2",2017,"Eitanim Far 7","Planted Conifer Forests","Judea","Eitanim","Far",NA,NA,35.10495,31.77807,01/10/17,1981,-0.17477450,102,0.994826791358406,0.101585703696621,665.9423398,"Eitanim Far",391.909803,"Eitanim Far 01/10/17",5,0,0,0,0,0,0,2,0,0,0,0,0,1
"1513","T2",2017,"Eitanim Far 8","Planted Conifer Forests","Judea","Eitanim","Far",NA,NA,35.10442,31.77827,01/10/17,1981,-0.17477450,102,0.994826791358406,0.101585703696621,617.5447004,"Eitanim Far",359.730572,"Eitanim Far 01/10/17",0,0,0,0,0,0,0,1,0,0,0,0,0,0
"1514","T2",2017,"Elyakim Far 2","Planted Conifer Forests","Carmel","Elyakim","Far",NA,NA,35.05944,32.66623,07/11/17,2018,-0.14503563,139,0.696080131224742,0.717964101410472,1931.942107,"Elyakim Far",282.415367,"Elyakim Far 07/11/17",0,0,0,0,0,0,0,0,4,0,0,0,3,2
"1515","T2",2017,"Elyakim Far 3","Planted Conifer Forests","Carmel","Elyakim","Far",NA,NA,35.05927,32.66595,07/11/17,2018,-0.14503563,139,0.696080131224742,0.717964101410472,1966.835215,"Elyakim Far",251.094896,"Elyakim Far 07/11/17",0,0,0,0,0,0,0,0,1,0,0,0,11,3
"1516","T2",2017,"Elyakim Far 7","Planted Conifer Forests","Carmel","Elyakim","Far",NA,NA,35.05747,32.66593,07/11/17,2018,-0.14503563,139,0.696080131224742,0.717964101410472,2003.495659,"Elyakim Far",230.995805,"Elyakim Far 07/11/17",0,0,0,0,0,0,0,0,1,0,0,0,3,1
"1517","T2",2017,"Elyakim Far 8","Planted Conifer Forests","Carmel","Elyakim","Far",NA,NA,35.05704,32.66585,07/11/17,2018,-0.14503563,139,0.696080131224742,0.717964101410472,2012.992813,"Elyakim Far",222.793558,"Elyakim Far 07/11/17",0,0,0,0,0,0,0,0,2,0,0,0,0,11
"1518","T2",2017,"Elyakim Far 9","Planted Conifer Forests","Carmel","Elyakim","Far",NA,NA,35.05695,32.66609,07/11/17,2018,-0.14503563,139,0.696080131224742,0.717964101410472,1986.622201,"Elyakim Far",250.219196,"Elyakim Far 07/11/17",0,0,0,0,0,0,0,0,0,0,0,0,2,0
"1519","T2",2017,"Eshtaol Far 1","Planted Conifer Forests","Judea","Eshtaol","Far",NA,NA,35.02036,31.78916,22/10/17,2002,-0.15789568,123,-0.459903490689591,-0.887968906691855,887.6164244,"Eshtaol Far",636.46569,"Eshtaol Far 22/10/17",0,0,0,0,0,0,17,0,0,0,0,0,0,2
"1520","T2",2017,"Eshtaol Far 2","Planted Conifer Forests","Judea","Eshtaol","Far",NA,NA,35.02041,31.79007,22/10/17,2002,-0.15789568,123,-0.459903490689591,-0.887968906691855,957.9271689,"Eshtaol Far",623.176431,"Eshtaol Far 22/10/17",0,0,0,0,0,0,7,0,0,0,0,0,0,0
"1521","T2",2017,"Eshtaol Far 3","Planted Conifer Forests","Judea","Eshtaol","Far",NA,NA,35.01984,31.79071,22/10/17,2002,-0.15789568,123,-0.459903490689591,-0.887968906691855,971.8748138,"Eshtaol Far",557.067166,"Eshtaol Far 22/10/17",0,0,0,0,0,0,2,0,0,0,1,0,0,2
"1522","T2",2017,"Eshtaol Far 4","Planted Conifer Forests","Judea","Eshtaol","Far",NA,NA,35.02111,31.78871,22/10/17,2002,-0.15789568,123,-0.459903490689591,-0.887968906691855,915.0531459,"Eshtaol Far",711.185026,"Eshtaol Far 22/10/17",0,0,0,0,0,0,0,0,0,0,0,0,0,1
"1523","T2",2017,"Eshtaol Far 5","Planted Conifer Forests","Judea","Eshtaol","Far",NA,NA,35.02158,31.78781,22/10/17,2002,-0.15789568,123,-0.459903490689591,-0.887968906691855,902.8036852,"Eshtaol Far",751.939526,"Eshtaol Far 22/10/17",1,0,0,0,0,0,11,0,1,0,0,0,0,1
"1524","T2",2017,"Eshtaol Far 7","Planted Conifer Forests","Judea","Eshtaol","Far",NA,NA,35.02186,31.78623,22/10/17,2002,-0.15789568,123,-0.459903490689591,-0.887968906691855,854.7473577,"Eshtaol Far",768.449309,"Eshtaol Far 22/10/17",1,0,0,0,0,0,1,0,0,0,0,0,0,0
"1525","T2",2017,"Eshtaol Far 9","Planted Conifer Forests","Judea","Eshtaol","Far",NA,NA,35.02289,31.7868,22/10/17,2002,-0.15789568,123,-0.459903490689591,-0.887968906691855,969.5366911,"Eshtaol Far",867.573399,"Eshtaol Far 22/10/17",0,0,0,0,0,0,2,0,0,0,0,0,0,0
"1526","T2",2017,"Givat Yeshayahu Far 1","Planted Conifer Forests","Judea","Givat Yeshayahu","Far",NA,NA,34.92355,31.6691,23/08/17,1942,-0.20612086,63,0.167355700302807,0.98589658158255,1103.337921,"Givat Yeshayahu Far",352.949581,"Givat Yeshayahu Far 23/08/17",1,0,0,0,0,0,0,0,4,0,0,0,0,0
"1527","T2",2017,"Givat Yeshayahu Far 3","Planted Conifer Forests","Judea","Givat Yeshayahu","Far",NA,NA,34.92228,31.66951,23/08/17,1942,-0.20612086,63,0.167355700302807,0.98589658158255,1165.586383,"Givat Yeshayahu Far",481.177843,"Givat Yeshayahu Far 23/08/17",0,0,0,0,0,0,0,0,4,0,1,0,0,0
"1528","T2",2017,"Givat Yeshayahu Far 4","Planted Conifer Forests","Judea","Givat Yeshayahu","Far",NA,NA,34.92136,31.66943,23/08/17,1942,-0.20612086,63,0.167355700302807,0.98589658158255,1240.986543,"Givat Yeshayahu Far",563.376034,"Givat Yeshayahu Far 23/08/17",2,0,0,0,0,0,0,0,2,0,0,0,0,0
"1529","T2",2017,"Givat Yeshayahu Far 6","Planted Conifer Forests","Judea","Givat Yeshayahu","Far",NA,NA,34.92021,31.66884,23/08/17,1942,-0.20612086,63,0.167355700302807,0.98589658158255,1367.803101,"Givat Yeshayahu Far",660.190237,"Givat Yeshayahu Far 23/08/17",1,0,0,0,0,0,0,0,1,0,0,0,0,0
"1530","T2",2017,"Givat Yeshayahu Far 9","Planted Conifer Forests","Judea","Givat Yeshayahu","Far",NA,NA,34.92005,31.66778,23/08/17,1942,-0.20612086,63,0.167355700302807,0.98589658158255,1450.35527,"Givat Yeshayahu Far",673.475375,"Givat Yeshayahu Far 23/08/17",4,0,0,0,0,0,0,0,0,0,0,0,0,1
"1531","T2",2017,"Kabri Far 1","Planted Conifer Forests","Galilee","Kabri","Far",NA,NA,35.16758,33.02073,22/12/17,2063,-0.10886675,184,0.976584383290629,-0.215134707364621,1203.638696,"Kabri Far",110.959262,"Kabri Far 22/12/17",1,0,0,0,0,0,0,0,4,0,0,0,2,0
"1532","T2",2017,"Kabri Far 2","Planted Conifer Forests","Galilee","Kabri","Far",NA,NA,35.1669,33.021,22/12/17,2063,-0.10886675,184,0.976584383290629,-0.215134707364621,1146.642812,"Kabri Far",114.207424,"Kabri Far 22/12/17",1,0,0,3,0,0,0,0,0,0,0,0,2,0
"1533","T2",2017,"Kabri Far 4","Planted Conifer Forests","Galilee","Kabri","Far",NA,NA,35.16589,33.02096,22/12/17,2063,-0.10886675,184,0.976584383290629,-0.215134707364621,1053.442792,"Kabri Far",107.635848,"Kabri Far 22/12/17",0,0,0,1,0,0,1,0,0,0,0,0,0,0
"1534","T2",2017,"Kabri Far 9","Planted Conifer Forests","Galilee","Kabri","Far",NA,NA,35.1637,33.0198,22/12/17,2063,-0.10886675,184,0.976584383290629,-0.215134707364621,879.7685961,"Kabri Far",46.862708,"Kabri Far 22/12/17",0,0,0,2,0,0,0,0,0,0,0,0,1,0
"1535","T2",2017,"Kerem Maharal Far 1","Planted Conifer Forests","Carmel","Kerem Maharal","Far",NA,NA,34.98194,32.65957,07/11/17,2018,-0.14503563,139,0.696080131224742,0.717964101410472,1190.173844,"Kerem Maharal Far",783.354655,"Kerem Maharal Far 07/11/17",0,0,0,0,0,0,1,0,1,0,0,0,2,0
"1536","T2",2017,"Kerem Maharal Far 2","Planted Conifer Forests","Carmel","Kerem Maharal","Far",NA,NA,34.98162,32.6595,07/11/17,2018,-0.14503563,139,0.696080131224742,0.717964101410472,1195.395128,"Kerem Maharal Far",802.128521,"Kerem Maharal Far 07/11/17",0,0,0,0,0,0,2,0,0,0,0,0,5,0
"1537","T2",2017,"Kerem Maharal Far 3","Planted Conifer Forests","Carmel","Kerem Maharal","Far",NA,NA,34.98117,32.6589,07/11/17,2018,-0.14503563,139,0.696080131224742,0.717964101410472,1154.752471,"Kerem Maharal Far",731.90473,"Kerem Maharal Far 07/11/17",0,0,0,0,0,0,0,0,0,0,0,0,6,0
"1538","T2",2017,"Kerem Maharal Far 5","Planted Conifer Forests","Carmel","Kerem Maharal","Far",NA,NA,34.98008,32.65807,07/11/17,2018,-0.14503563,139,0.696080131224742,0.717964101410472,1129.928014,"Kerem Maharal Far",640.04601,"Kerem Maharal Far 07/11/17",0,0,0,0,0,0,0,0,2,0,0,0,13,0
"1539","T2",2017,"Kerem Maharal Far 6","Planted Conifer Forests","Carmel","Kerem Maharal","Far",NA,NA,34.9798,32.65743,07/11/17,2018,-0.14503563,139,0.696080131224742,0.717964101410472,1088.648366,"Kerem Maharal Far",572.256788,"Kerem Maharal Far 07/11/17",0,0,0,0,0,0,0,0,0,0,0,0,1,0
"1540","T2",2017,"Kerem Maharal Far 7","Planted Conifer Forests","Carmel","Kerem Maharal","Far",NA,NA,34.97974,32.65682,07/11/17,2018,-0.14503563,139,0.696080131224742,0.717964101410472,1040.072272,"Kerem Maharal Far",506.191415,"Kerem Maharal Far 07/11/17",0,0,0,0,0,0,0,0,0,0,0,0,4,1
"1541","T2",2017,"Kerem Maharal Far 8","Planted Conifer Forests","Carmel","Kerem Maharal","Far",NA,NA,34.9793,32.65635,07/11/17,2018,-0.14503563,139,0.696080131224742,0.717964101410472,1029.710034,"Kerem Maharal Far",464.07862,"Kerem Maharal Far 07/11/17",0,0,0,0,0,0,0,0,0,0,0,0,1,0
"1542","T2",2017,"Kerem Maharal Far 9","Planted Conifer Forests","Carmel","Kerem Maharal","Far",NA,NA,34.97813,32.6569,07/11/17,2018,-0.14503563,139,0.696080131224742,0.717964101410472,1150.684824,"Kerem Maharal Far",556.909466,"Kerem Maharal Far 07/11/17",0,0,0,0,0,0,0,0,0,0,0,0,1,0
"1543","T2",2017,"Manara Far 1","Planted Conifer Forests","Galilee","Manara","Far",NA,NA,35.55154,33.17095,08/12/17,2049,-0.12011929,170,0.34664945549703,0.937994752119441,2632.546808,"Manara Far",414.798357,"Manara Far 08/12/17",2,0,0,0,0,0,0,0,0,0,0,0,0,0
"1544","T2",2017,"Manara Far 2","Planted Conifer Forests","Galilee","Manara","Far",NA,NA,35.55054,33.17133,08/12/17,2049,-0.12011929,170,0.34664945549703,0.937994752119441,2570.889503,"Manara Far",323.873623,"Manara Far 08/12/17",2,0,0,0,0,0,0,0,5,0,0,0,9,0
"1545","T2",2017,"Manara Far 3","Planted Conifer Forests","Galilee","Manara","Far",NA,NA,35.55073,33.17169,08/12/17,2049,-0.12011929,170,0.34664945549703,0.937994752119441,2535.769211,"Manara Far",348.973081,"Manara Far 08/12/17",0,4,0,0,0,0,0,0,0,0,0,0,7,2
"1546","T2",2017,"Manara Far 3","Planted Conifer Forests","Galilee","Manara","Far",NA,NA,35.55074,33.17169,08/12/17,2049,-0.12011929,170,0.34664945549703,0.937994752119441,2535.769211,"Manara Far",348.973081,"Manara Far 08/12/17",0,0,0,0,0,0,0,0,0,0,0,0,8,2
"1547","T2",2017,"Manara Far 6","Planted Conifer Forests","Galilee","Manara","Far",NA,NA,35.55035,33.17345,08/12/17,2049,-0.12011929,170,0.34664945549703,0.937994752119441,2337.325404,"Manara Far",407.929379,"Manara Far 08/12/17",4,0,0,0,0,0,0,0,2,0,0,0,20,8
"1548","T2",2017,"Manara Far 7","Planted Conifer Forests","Galilee","Manara","Far",NA,NA,35.55028,33.17384,08/12/17,2049,-0.12011929,170,0.34664945549703,0.937994752119441,2293.689755,"Manara Far",433.44721,"Manara Far 08/12/17",7,0,0,0,0,0,0,0,5,0,0,0,5,4
"1549","T2",2017,"Manara Far 8","Planted Conifer Forests","Galilee","Manara","Far",NA,NA,35.54966,33.17486,08/12/17,2049,-0.12011929,170,0.34664945549703,0.937994752119441,2170.874702,"Manara Far",380.127855,"Manara Far 08/12/17",1,0,0,0,0,0,0,0,1,0,0,0,15,3
"1550","T2",2017,"Meron Far 1","Planted Conifer Forests","Galilee","Meron","Far",NA,NA,35.46234,32.98974,08/12/17,2049,-0.12011929,170,0.34664945549703,0.937994752119441,1205.460572,"Meron Far",107.420508,"Meron Far 08/12/17",12,0,0,0,0,0,2,0,0,0,0,0,27,4
"1551","T2",2017,"Meron Far 3","Planted Conifer Forests","Galilee","Meron","Far",NA,NA,35.46216,32.98874,08/12/17,2049,-0.12011929,170,0.34664945549703,0.937994752119441,1259.51187,"Meron Far",190.223344,"Meron Far 08/12/17",0,0,0,0,0,0,1,0,0,0,0,0,4,1
"1552","T2",2017,"Meron Far 6","Planted Conifer Forests","Galilee","Meron","Far",NA,NA,35.46115,32.98682,08/12/17,2049,-0.12011929,170,0.34664945549703,0.937994752119441,1341.723275,"Meron Far",389.175782,"Meron Far 08/12/17",4,0,0,0,0,0,0,0,0,0,0,0,11,0
"1553","T2",2017,"Meron Far 8","Planted Conifer Forests","Galilee","Meron","Far",NA,NA,35.462,32.9858,08/12/17,2049,-0.12011929,170,0.34664945549703,0.937994752119441,1479.356703,"Meron Far",411.718387,"Meron Far 08/12/17",0,0,0,0,0,0,0,0,0,0,0,0,8,1
"1554","T2",2017,"Ofer Far 2","Planted Conifer Forests","Carmel","Ofer","Far",NA,NA,34.9703,32.61285,07/11/17,2018,-0.14503563,139,0.696080131224742,0.717964101410472,915.2565563,"Ofer Far",171.453359,"Ofer Far 07/11/17",5,0,0,0,0,0,3,0,2,3,0,0,11,4
"1555","T2",2017,"Ofer Far 3","Planted Conifer Forests","Carmel","Ofer","Far",NA,NA,34.97079,32.61218,07/11/17,2018,-0.14503563,139,0.696080131224742,0.717964101410472,941.0012433,"Ofer Far",88.226627,"Ofer Far 07/11/17",0,0,0,0,0,0,0,0,0,0,0,0,9,1
"1556","T2",2017,"Ofer Far 4","Planted Conifer Forests","Carmel","Ofer","Far",NA,NA,34.97133,32.61177,07/11/17,2018,-0.14503563,139,0.696080131224742,0.717964101410472,947.4174276,"Ofer Far",20.166266,"Ofer Far 07/11/17",0,0,0,0,0,0,0,0,0,0,0,0,14,0
"1557","T2",2017,"Ofer Far 5","Planted Conifer Forests","Carmel","Ofer","Far",NA,NA,34.9705,32.61117,07/11/17,2018,-0.14503563,139,0.696080131224742,0.717964101410472,1046.687209,"Ofer Far",14.965741,"Ofer Far 07/11/17",2,0,0,0,0,0,1,0,0,0,0,0,0,2
"1558","T2",2017,"Ofer Far 6","Planted Conifer Forests","Carmel","Ofer","Far",NA,NA,34.96976,32.61109,07/11/17,2018,-0.14503563,139,0.696080131224742,0.717964101410472,1095.784365,"Ofer Far",66.568465,"Ofer Far 07/11/17",0,0,0,0,0,0,0,0,0,0,0,0,2,0
"1559","T2",2017,"Ofer Far 8","Planted Conifer Forests","Carmel","Ofer","Far",NA,NA,34.96693,32.61105,07/11/17,2018,-0.14503563,139,0.696080131224742,0.717964101410472,1271.001647,"Ofer Far",109.701483,"Ofer Far 07/11/17",18,0,0,0,0,0,0,1,2,0,0,0,11,2
"1560","T2",2017,"Ofer Far 9","Planted Conifer Forests","Carmel","Ofer","Far",NA,NA,34.96657,32.61319,07/11/17,2018,-0.14503563,139,0.696080131224742,0.717964101410472,1163.861053,"Ofer Far",339.912533,"Ofer Far 07/11/17",0,0,0,0,0,0,0,0,0,0,0,0,11,0
"1561","T2",2017,"Ramat Hashofet Far 1","Planted Conifer Forests","Carmel","Ramat Hashofet","Far",NA,NA,35.11165,32.61705,18/11/17,2029,-0.13619435,150,-0.714876429629165,0.699250806478375,1151.218949,"Ramat Hashofet Far",78.562594,"Ramat Hashofet Far 18/11/17",1,0,0,0,0,0,0,0,2,0,0,0,0,0
"1562","T2",2017,"Ramat Hashofet Far 2","Planted Conifer Forests","Carmel","Ramat Hashofet","Far",NA,NA,35.11201,32.61729,18/11/17,2029,-0.13619435,150,-0.714876429629165,0.699250806478375,1191.618445,"Ramat Hashofet Far",105.707682,"Ramat Hashofet Far 18/11/17",3,0,0,0,0,0,0,0,1,0,0,0,1,0
"1563","T2",2017,"Ramat Hashofet Far 3","Planted Conifer Forests","Carmel","Ramat Hashofet","Far",NA,NA,35.11271,32.6174,18/11/17,2029,-0.13619435,150,-0.714876429629165,0.699250806478375,1257.824108,"Ramat Hashofet Far",168.190763,"Ramat Hashofet Far 18/11/17",5,0,0,0,0,0,0,0,1,0,0,0,9,0
"1564","T2",2017,"Ramat Hashofet Far 6","Planted Conifer Forests","Carmel","Ramat Hashofet","Far",NA,NA,35.11412,32.61583,18/11/17,2029,-0.13619435,150,-0.714876429629165,0.699250806478375,1345.505679,"Ramat Hashofet Far",198.455125,"Ramat Hashofet Far 18/11/17",3,0,0,0,0,0,0,0,0,0,0,0,1,0
"1565","T2",2017,"Ramat Hashofet Far 7","Planted Conifer Forests","Carmel","Ramat Hashofet","Far",NA,NA,35.11402,32.61511,18/11/17,2029,-0.13619435,150,-0.714876429629165,0.699250806478375,1325.648204,"Ramat Hashofet Far",169.43539,"Ramat Hashofet Far 18/11/17",9,0,0,0,0,0,0,0,1,0,0,0,4,0
"1566","T2",2017,"Ramat Hashofet Far 8","Planted Conifer Forests","Carmel","Ramat Hashofet","Far",NA,NA,35.11441,32.61484,18/11/17,2029,-0.13619435,150,-0.714876429629165,0.699250806478375,1358.903624,"Ramat Hashofet Far",173.408465,"Ramat Hashofet Far 18/11/17",16,0,0,0,0,0,0,0,0,0,0,0,2,0
"1567","T2",2017,"Ramat Hashofet Far 9","Planted Conifer Forests","Carmel","Ramat Hashofet","Far",NA,NA,35.11505,32.61525,18/11/17,2029,-0.13619435,150,-0.714876429629165,0.699250806478375,1423.419285,"Ramat Hashofet Far",247.857619,"Ramat Hashofet Far 18/11/17",13,0,0,0,0,0,0,0,0,0,0,0,2,0
"1568","T2",2017,"Ramot Naftali Far 1","Planted Conifer Forests","Galilee","Ramot Naftali","Far",NA,NA,35.56086,33.09423,08/12/17,2049,-0.12011929,170,0.34664945549703,0.937994752119441,595.1551011,"Ramot Naftali Far",90.765106,"Ramot Naftali Far 08/12/17",1,0,0,0,0,0,2,0,0,0,0,0,0,0
"1569","T2",2017,"Ramot Naftali Far 2","Planted Conifer Forests","Galilee","Ramot Naftali","Far",NA,NA,35.11201,32.61729,08/12/17,2049,-0.12011929,170,0.34664945549703,0.937994752119441,1191.618445,"Ramot Naftali Far",105.707682,"Ramot Naftali Far 08/12/17",4,0,0,0,0,0,0,0,0,0,0,0,0,0
"1570","T2",2017,"Ramot Naftali Far 3","Planted Conifer Forests","Galilee","Ramot Naftali","Far",NA,NA,35.56132,33.09525,08/12/17,2049,-0.12011929,170,0.34664945549703,0.937994752119441,558.3735038,"Ramot Naftali Far",204.06557,"Ramot Naftali Far 08/12/17",5,0,0,0,0,0,1,0,0,0,0,0,1,1
"1571","T2",2017,"Ramot Naftali Far 5","Planted Conifer Forests","Galilee","Ramot Naftali","Far",NA,NA,35.56221,33.09631,08/12/17,2049,-0.12011929,170,0.34664945549703,0.937994752119441,582.9105933,"Ramot Naftali Far",329.01279,"Ramot Naftali Far 08/12/17",4,0,0,0,0,0,8,0,0,0,0,0,0,0
"1572","T2",2017,"Ramot Naftali Far 6","Planted Conifer Forests","Galilee","Ramot Naftali","Far",NA,NA,35.5627,33.09683,08/12/17,2049,-0.12011929,170,0.34664945549703,0.937994752119441,612.062891,"Ramot Naftali Far",394.232017,"Ramot Naftali Far 08/12/17",2,0,0,0,0,0,6,0,0,0,0,0,0,0
"1573","T2",2017,"Ramot Naftali Far 7","Planted Conifer Forests","Galilee","Ramot Naftali","Far",NA,NA,35.56279,33.09758,08/12/17,2049,-0.12011929,170,0.34664945549703,0.937994752119441,608.854805,"Ramot Naftali Far",477.250003,"Ramot Naftali Far 08/12/17",1,0,0,0,0,0,0,0,0,0,0,0,3,0
"1574","T2",2017,"Ramot Naftali Far 8","Planted Conifer Forests","Galilee","Ramot Naftali","Far",NA,NA,35.56212,33.09756,08/12/17,2049,-0.12011929,170,0.34664945549703,0.937994752119441,546.6616505,"Ramot Naftali Far",465.112474,"Ramot Naftali Far 08/12/17",2,0,0,0,0,0,0,0,0,0,0,0,7,0
"1575","T2",2017,"Ramot Naftali Far 9","Planted Conifer Forests","Galilee","Ramot Naftali","Far",NA,NA,35.56125,33.0967,08/12/17,2049,-0.12011929,170,0.34664945549703,0.937994752119441,484.3975931,"Ramot Naftali Far",364.855802,"Ramot Naftali Far 08/12/17",1,0,0,0,0,0,2,0,0,0,0,0,1,0
"1576","T2",2017,"Zuriel Far 1","Planted Conifer Forests","Galilee","Zuriel","Far",NA,NA,35.31378,33.00929,22/12/17,2063,-0.10886675,184,0.976584383290629,-0.215134707364621,129.3628173,"Zuriel Far",137.777885,"Zuriel Far 22/12/17",4,0,0,0,0,0,0,0,1,0,1,0,7,0
"1577","T2",2017,"Zuriel Far 2","Planted Conifer Forests","Galilee","Zuriel","Far",NA,NA,35.31366,33.00954,22/12/17,2063,-0.10886675,184,0.976584383290629,-0.215134707364621,155.0373651,"Zuriel Far",167.465431,"Zuriel Far 22/12/17",0,0,0,0,0,0,0,0,0,0,0,0,10,0
"1578","T2",2017,"Zuriel Far 3","Planted Conifer Forests","Galilee","Zuriel","Far",NA,NA,35.31313,33.01017,22/12/17,2063,-0.10886675,184,0.976584383290629,-0.215134707364621,197.8162556,"Zuriel Far",208.049206,"Zuriel Far 22/12/17",3,0,0,0,0,0,0,0,1,0,0,0,11,1
"1579","T2",2017,"Zuriel Far 4","Planted Conifer Forests","Galilee","Zuriel","Far",NA,NA,35.31302,33.01078,22/12/17,2063,-0.10886675,184,0.976584383290629,-0.215134707364621,241.5136541,"Zuriel Far",252.560823,"Zuriel Far 22/12/17",20,0,0,0,0,0,0,0,1,0,0,0,9,1
"1580","T2",2017,"Zuriel Far 5","Planted Conifer Forests","Galilee","Zuriel","Far",NA,NA,35.31302,33.01129,22/12/17,2063,-0.10886675,184,0.976584383290629,-0.215134707364621,285.7194159,"Zuriel Far",286.300931,"Zuriel Far 22/12/17",7,0,0,0,0,0,0,0,0,0,0,0,0,0
"1581","T2",2017,"Zuriel Far 6","Planted Conifer Forests","Galilee","Zuriel","Far",NA,NA,35.31351,33.01164,22/12/17,2063,-0.10886675,184,0.976584383290629,-0.215134707364621,344.1074905,"Zuriel Far",329.451292,"Zuriel Far 22/12/17",0,0,0,0,0,0,0,0,1,0,0,0,15,0
"1582","T2",2017,"Zuriel Far 7","Planted Conifer Forests","Galilee","Zuriel","Far",NA,NA,35.31376,33.01208,22/12/17,2063,-0.10886675,184,0.976584383290629,-0.215134707364621,397.1982069,"Zuriel Far",354.646543,"Zuriel Far 22/12/17",2,0,0,0,0,0,0,0,0,0,0,0,3,0
"1583","T2",2017,"Zuriel Far 8","Planted Conifer Forests","Galilee","Zuriel","Far",NA,NA,35.31435,33.01233,22/12/17,2063,-0.10886675,184,0.976584383290629,-0.215134707364621,396.956441,"Zuriel Far",393.921974,"Zuriel Far 22/12/17",0,0,0,0,0,0,0,0,0,0,0,0,1,0
"1584","T2",2017,"Zuriel Far 9","Planted Conifer Forests","Galilee","Zuriel","Far",NA,NA,35.31506,33.01298,22/12/17,2063,-0.10886675,184,0.976584383290629,-0.215134707364621,436.773674,"Zuriel Far",365.93746,"Zuriel Far 22/12/17",0,0,0,0,0,0,0,0,0,0,1,0,1,0
"1585","T3",2020,"Ein Yahav Far 3","Arid Desert",NA,"Ein Yahav",NA,"Far",NA,35.20128496,30.64740262,13/09/20,3059, 0.69167121,84,0.733190320073292,-0.680023495587339,3017.939534,"Ein Yahav Far",810.293252,"Ein Yahav Far 13/09/20",0,0,0,0,0,1,0,1,0,0,0,0,0,0
"1586","T3",2020,"Ein Yahav Far 9","Arid Desert",NA,"Ein Yahav",NA,"Far",NA,35.19746415,30.64976784,13/09/20,3059, 0.69167121,84,0.733190320073292,-0.680023495587339,3337.116205,"Ein Yahav Far",1226.909653,"Ein Yahav Far 13/09/20",0,0,0,0,0,0,0,1,0,0,0,0,0,0
"1587","T3",2020,"Ein Yahav Near 1","Arid Desert",NA,"Ein Yahav",NA,"Near",NA,35.24103094,30.67080277,13/09/20,3059, 0.69167121,84,0.733190320073292,-0.680023495587339,909.1361289,"Ein Yahav Near",85.165078,"Ein Yahav Near 13/09/20",0,0,0,0,0,0,0,0,0,9,0,0,0,1
"1588","T3",2020,"Ein Yahav Near 2","Arid Desert",NA,"Ein Yahav",NA,"Near",NA,35.24233751,30.67123937,13/09/20,3059, 0.69167121,84,0.733190320073292,-0.680023495587339,1008.857796,"Ein Yahav Near",97.752692,"Ein Yahav Near 13/09/20",1,0,0,0,0,0,0,0,0,3,0,0,0,0
"1589","T3",2020,"Ein Yahav Near 4","Arid Desert",NA,"Ein Yahav",NA,"Near",NA,35.24380602,30.67070905,13/09/20,3059, 0.69167121,84,0.733190320073292,-0.680023495587339,1011.450049,"Ein Yahav Near",86.11861,"Ein Yahav Near 13/09/20",0,0,0,0,0,0,0,0,0,0,0,0,0,1
"1590","T3",2020,"Ein Yahav Near 5","Arid Desert",NA,"Ein Yahav",NA,"Near",NA,35.24271369,30.67186658,13/09/20,3059, 0.69167121,84,0.733190320073292,-0.680023495587339,1086.458724,"Ein Yahav Near",173.848225,"Ein Yahav Near 13/09/20",0,0,0,0,0,0,0,0,0,2,0,0,0,0
"1591","T3",2020,"Lotan Far 2","Arid Desert",NA,"Lotan",NA,"Far",NA,35.08457635,30.01237036,25/09/20,3071, 0.70131625,96,0.983587745434345,-0.180430449291084,2319.26857,"Lotan Far",879.523996,"Lotan Far 25/09/20",0,0,0,0,0,4,0,0,0,0,0,0,0,0
"1592","T3",2020,"Lotan Far 3","Arid Desert",NA,"Lotan",NA,"Far",NA,35.08437216,30.01334438,25/09/20,3071, 0.70131625,96,0.983587745434345,-0.180430449291084,2426.866405,"Lotan Far",893.515269,"Lotan Far 25/09/20",0,0,0,0,0,1,0,0,0,0,0,0,0,0
"1593","T3",2020,"Lotan Far 5","Arid Desert",NA,"Lotan",NA,"Far",NA,35.08407477,30.01455791,25/09/20,3071, 0.70131625,96,0.983587745434345,-0.180430449291084,2561.168185,"Lotan Far",893.474442,"Lotan Far 25/09/20",0,0,1,0,0,0,0,0,0,0,0,0,0,0
"1594","T3",2020,"Lotan Far 7","Arid Desert",NA,"Lotan",NA,"Far",NA,35.08383639,30.0160295,25/09/20,3071, 0.70131625,96,0.983587745434345,-0.180430449291084,2724.35805,"Lotan Far",909.847212,"Lotan Far 25/09/20",0,0,0,0,0,3,0,1,0,0,0,0,0,0
"1595","T3",2020,"Lotan Far 8","Arid Desert",NA,"Lotan",NA,"Far",NA,35.08368284,30.01677734,25/09/20,3071, 0.70131625,96,0.983587745434345,-0.180430449291084,2807.39377,"Lotan Far",932.433996,"Lotan Far 25/09/20",0,0,1,0,0,1,0,0,0,0,0,0,0,0
"1596","T3",2020,"Lotan Far 9","Arid Desert",NA,"Lotan",NA,"Far",NA,35.08350346,30.01755507,25/09/20,3071, 0.70131625,96,0.983587745434345,-0.180430449291084,2893.853221,"Lotan Far",965.095577,"Lotan Far 25/09/20",0,0,0,0,0,2,0,0,0,0,0,0,0,0
"1597","T3",2020,"Lotan Near 3","Arid Desert",NA,"Lotan",NA,"Near",NA,35.08457065,29.98069239,25/09/20,3071, 0.70131625,96,0.983587745434345,-0.180430449291084,180.0238539,"Lotan Near",239.627363,"Lotan Near 25/09/20",0,0,0,0,0,0,0,0,0,0,0,0,0,2
"1598","T3",2020,"Lotan Near 4","Arid Desert",NA,"Lotan",NA,"Near",NA,35.08375123,29.98045629,25/09/20,3071, 0.70131625,96,0.983587745434345,-0.180430449291084,255.7916563,"Lotan Near",179.569223,"Lotan Near 25/09/20",0,0,0,0,0,0,0,0,0,0,0,0,0,1
"1599","T3",2020,"Lotan Near 5","Arid Desert",NA,"Lotan",NA,"Near",NA,35.08283291,29.97998,25/09/20,3071, 0.70131625,96,0.983587745434345,-0.180430449291084,358.2590936,"Lotan Near",97.627592,"Lotan Near 25/09/20",0,0,0,0,0,0,0,0,0,0,0,0,0,1
"1600","T3",2020,"Lotan Near 6","Arid Desert",NA,"Lotan",NA,"Near",NA,35.0839762,29.97979123,25/09/20,3071, 0.70131625,96,0.983587745434345,-0.180430449291084,293.6185208,"Lotan Near",124.579575,"Lotan Near 25/09/20",0,0,0,0,0,0,0,0,0,0,0,0,0,7
"1601","T3",2020,"Lotan Near 8","Arid Desert",NA,"Lotan",NA,"Near",NA,35.08430276,29.97899317,25/09/20,3071, 0.70131625,96,0.983587745434345,-0.180430449291084,353.7117634,"Lotan Near",61.5816,"Lotan Near 25/09/20",0,0,0,0,0,0,0,0,0,0,0,0,0,3
"1602","T3",2020,"Lotan Near 9","Arid Desert",NA,"Lotan",NA,"Near",NA,35.08500718,29.97861998,25/09/20,3071, 0.70131625,96,0.983587745434345,-0.180430449291084,371.6877738,"Lotan Near",57.861704,"Lotan Near 25/09/20",0,0,0,0,0,0,0,0,0,0,0,0,0,3
"1603","T3",2020,"Paran Far 2","Arid Desert",NA,"Paran",NA,"Far",NA,35.13997838,30.35137874,24/09/20,3070, 0.70051249,95,0.683261714736121,0.73017356099482,1308.828172,"Paran Far",1087.696877,"Paran Far 24/09/20",0,0,0,0,0,6,0,0,0,0,0,0,0,0
"1604","T3",2020,"Paran Far 3","Arid Desert",NA,"Paran",NA,"Far",NA,35.14016613,30.35053333,24/09/20,3070, 0.70051249,95,0.683261714736121,0.73017356099482,1355.64772,"Paran Far",1164.037656,"Paran Far 24/09/20",0,1,0,0,0,0,0,0,0,0,0,0,0,0
"1605","T3",2020,"Paran Far 5","Arid Desert",NA,"Paran",NA,"Far",NA,35.14008433,30.34927331,24/09/20,3070, 0.70051249,95,0.683261714736121,0.73017356099482,1458.375293,"Paran Far",1294.363542,"Paran Far 24/09/20",0,0,0,0,0,0,0,0,0,1,0,0,0,2
"1606","T3",2020,"Paran Far 6","Arid Desert",NA,"Paran",NA,"Far",NA,35.14051382,30.34871721,24/09/20,3070, 0.70051249,95,0.683261714736121,0.73017356099482,1475.7227,"Paran Far",1335.375941,"Paran Far 24/09/20",0,0,0,0,0,1,0,0,0,0,0,0,0,0
"1607","T3",2020,"Paran Far 9","Arid Desert",NA,"Paran",NA,"Far",NA,35.13985232,30.348723,24/09/20,3070, 0.70051249,95,0.683261714736121,0.73017356099482,1517.94975,"Paran Far",1359.186665,"Paran Far 24/09/20",0,0,0,0,0,0,0,0,0,3,0,0,0,0
"1608","T3",2020,"Paran Near 2","Arid Desert",NA,"Paran",NA,"Near",NA,35.15991826,30.38799858,24/09/20,3070, 0.70051249,95,0.683261714736121,0.73017356099482,2254.492451,"Paran Near",9.173698,"Paran Near 24/09/20",0,1,0,0,0,0,0,0,0,0,0,0,0,0
"1609","T3",2020,"Paran Near 4","Arid Desert",NA,"Paran",NA,"Near",NA,35.15934728,30.38850442,24/09/20,3070, 0.70051249,95,0.683261714736121,0.73017356099482,2300.666996,"Paran Near",83.923926,"Paran Near 24/09/20",0,0,0,0,0,0,0,0,0,0,0,0,0,1
"1610","T3",2020,"Paran Near 6","Arid Desert",NA,"Paran",NA,"Near",NA,35.15986092,30.38967024,24/09/20,3070, 0.70051249,95,0.683261714736121,0.73017356099482,2436.100124,"Paran Near",100.281732,"Paran Near 24/09/20",0,0,0,0,0,0,0,0,0,0,0,0,0,1
"1611","T3",2020,"Yotvata Far 1","Arid Desert",NA,"Yotvata",NA,"Far",NA,35.03,29.8841636,05/10/20,3081, 0.70935378,106,-0.727142500080853,0.686486550906984,2686.502196,"Yotvata Far",3258.923588,"Yotvata Far 05/10/20",0,0,0,0,0,5,0,0,0,0,0,0,0,0
"1612","T3",2020,"Yotvata Far 4","Arid Desert",NA,"Yotvata",NA,"Far",NA,35.03779627,29.88522493,05/10/20,3081, 0.70935378,106,-0.727142500080853,0.686486550906984,1951.921545,"Yotvata Far",2498.848454,"Yotvata Far 05/10/20",0,1,0,0,0,0,0,0,0,0,0,0,0,0
"1613","T3",2020,"Yotvata Far 6","Arid Desert",NA,"Yotvata",NA,"Far",NA,35.03749318,29.88455924,05/10/20,3081, 0.70935378,106,-0.727142500080853,0.686486550906984,2012.277317,"Yotvata Far",2545.519958,"Yotvata Far 05/10/20",0,0,0,0,0,1,0,0,0,0,0,0,0,0
"1614","T3",2020,"Yotvata Far 7","Arid Desert",NA,"Yotvata",NA,"Far",NA,35.03710491,29.88406682,05/10/20,3081, 0.70935378,106,-0.727142500080853,0.686486550906984,2071.546241,"Yotvata Far",2596.323355,"Yotvata Far 05/10/20",2,3,0,0,0,31,0,3,0,0,0,0,0,0
"1615","T3",2020,"Yotvata Far 8","Arid Desert",NA,"Yotvata",NA,"Far",NA,35.03623825,29.88329558,05/10/20,3081, 0.70935378,106,-0.727142500080853,0.686486550906984,2186.714774,"Yotvata Far",2701.133191,"Yotvata Far 05/10/20",0,1,0,0,0,8,0,0,0,0,0,0,0,0
"1616","T3",2020,"Yotvata Far 9","Arid Desert",NA,"Yotvata",NA,"Far",NA,35.03541715,29.88300953,05/10/20,3081, 0.70935378,106,-0.727142500080853,0.686486550906984,2271.232381,"Yotvata Far",2786.445459,"Yotvata Far 05/10/20",0,0,0,0,0,6,0,0,0,0,0,0,0,0
"1617","T3",2020,"Yotvata Near 1","Arid Desert",NA,"Yotvata",NA,"Near",NA,35.06266639,29.88823152,05/10/20,3081, 0.70935378,106,-0.727142500080853,0.686486550906984,443.7894007,"Yotvata Near",243.504061,"Yotvata Near 05/10/20",1,0,0,0,0,0,0,0,0,0,0,0,0,0
"1618","T3",2020,"Yotvata Near 2","Arid Desert",NA,"Yotvata",NA,"Near",NA,35.06335672,29.88759899,05/10/20,3081, 0.70935378,106,-0.727142500080853,0.686486550906984,481.2684748,"Yotvata Near",295.564433,"Yotvata Near 05/10/20",2,0,0,0,0,0,0,0,0,0,0,0,0,1
"1619","T3",2020,"Yotvata Near 3","Arid Desert",NA,"Yotvata",NA,"Near",NA,35.06275691,29.8870586,05/10/20,3081, 0.70935378,106,-0.727142500080853,0.686486550906984,557.8480025,"Yotvata Near",364.350262,"Yotvata Near 05/10/20",1,0,0,0,0,0,0,0,0,0,0,0,0,1
"1620","T3",2020,"Yotvata Near 4","Arid Desert",NA,"Yotvata",NA,"Near",NA,35.06278626,29.88762676,05/10/20,3081, 0.70935378,106,-0.727142500080853,0.686486550906984,499.0651263,"Yotvata Near",302.515524,"Yotvata Near 05/10/20",14,0,0,0,0,0,0,0,0,2,0,0,0,0
"1621","T3",2020,"Yotvata Near 5","Arid Desert",NA,"Yotvata",NA,"Near",NA,35.06231267,29.88876056,05/10/20,3081, 0.70935378,106,-0.727142500080853,0.686486550906984,406.0085879,"Yotvata Near",205.156688,"Yotvata Near 05/10/20",16,0,0,0,0,0,0,0,0,0,0,0,0,0
"1622","T3",2020,"Yotvata Near 6","Arid Desert",NA,"Yotvata",NA,"Near",NA,35.06199282,29.88806205,05/10/20,3081, 0.70935378,106,-0.727142500080853,0.686486550906984,489.1515633,"Yotvata Near",288.023556,"Yotvata Near 05/10/20",16,4,0,0,0,0,0,0,0,0,0,0,0,8
"1623","T3",2020,"Yotvata Near 7","Arid Desert",NA,"Yotvata",NA,"Near",NA,35.06183021,29.8877577,05/10/20,3081, 0.70935378,106,-0.727142500080853,0.686486550906984,521.3223035,"Yotvata Near",324.7716,"Yotvata Near 05/10/20",8,0,0,0,0,0,0,0,0,0,0,0,0,0
"1624","T3",2020,"Yotvata Near 8","Arid Desert",NA,"Yotvata",NA,"Near",NA,35.06188117,29.88727196,05/10/20,3081, 0.70935378,106,-0.727142500080853,0.686486550906984,572.6227122,"Yotvata Near",371.708319,"Yotvata Near 05/10/20",3,3,0,0,0,0,0,1,0,0,0,0,0,5
"1625","T3",2020,"Zofar Far 1","Arid Desert",NA,"Zofar",NA,"Far",NA,35.15495684,30.55653358,14/09/20,3060, 0.69247496,85,-0.176075619948587,-0.984376643394042,1859.298529,"Zofar Far",1903.998158,"Zofar Far 14/09/20",0,0,0,0,3,2,0,0,0,0,0,19,0,0
"1626","T3",2020,"Zofar Far 2","Arid Desert",NA,"Zofar",NA,"Far",NA,35.15428964,30.55702815,14/09/20,3060, 0.69247496,85,-0.176075619948587,-0.984376643394042,1921.925659,"Zofar Far",1958.16055,"Zofar Far 14/09/20",0,0,0,0,5,1,0,0,0,1,0,9,0,0
"1627","T3",2020,"Zofar Far 3","Arid Desert",NA,"Zofar",NA,"Far",NA,35.15378438,30.5566303,14/09/20,3060, 0.69247496,85,-0.176075619948587,-0.984376643394042,1971.486081,"Zofar Far",2012.923669,"Zofar Far 14/09/20",0,0,0,0,6,1,0,0,0,0,0,0,0,0
"1628","T3",2020,"Zofar Far 4","Arid Desert",NA,"Zofar",NA,"Far",NA,35.15314367,30.55602255,14/09/20,3060, 0.69247496,85,-0.176075619948587,-0.984376643394042,2034.804879,"Zofar Far",2085.420073,"Zofar Far 14/09/20",0,0,0,0,20,1,0,1,0,0,0,0,0,0
"1629","T3",2020,"Zofar Far 5","Arid Desert",NA,"Zofar",NA,"Far",NA,35.15177071,30.55616951,14/09/20,3060, 0.69247496,85,-0.176075619948587,-0.984376643394042,2165.912947,"Zofar Far",2211.949559,"Zofar Far 14/09/20",0,0,0,0,18,44,0,0,0,34,0,0,0,0
"1630","T3",2020,"Zofar Far 6","Arid Desert",NA,"Zofar",NA,"Far",NA,35.1508772,30.55657891,14/09/20,3060, 0.69247496,85,-0.176075619948587,-0.984376643394042,2250.465834,"Zofar Far",2289.340486,"Zofar Far 14/09/20",0,0,0,0,2,8,0,0,0,0,0,0,0,0
"1631","T3",2020,"Zofar Far 7","Arid Desert",NA,"Zofar",NA,"Far",NA,35.1506757,30.5574029,14/09/20,3060, 0.69247496,85,-0.176075619948587,-0.984376643394042,2267.512934,"Zofar Far",2297.012707,"Zofar Far 14/09/20",0,0,0,0,6,0,0,0,0,0,0,0,0,0
"1632","T3",2020,"Zofar Far 8","Arid Desert",NA,"Zofar",NA,"Far",NA,35.15166745,30.55783828,14/09/20,3060, 0.69247496,85,-0.176075619948587,-0.984376643394042,2171.187573,"Zofar Far",2197.541361,"Zofar Far 14/09/20",0,3,0,0,0,4,0,1,0,0,0,3,0,0
"1633","T3",2020,"Zofar Far 9","Arid Desert",NA,"Zofar",NA,"Far",NA,35.15287947,30.55725017,14/09/20,3060, 0.69247496,85,-0.176075619948587,-0.984376643394042,2056.565676,"Zofar Far",2088.913605,"Zofar Far 14/09/20",0,0,0,0,1,0,0,0,0,0,0,0,0,0
"1634","T3",2020,"Zofar Near 3","Arid Desert",NA,"Zofar",NA,"Near",NA,35.17814554,30.55372202,14/09/20,3060, 0.69247496,85,-0.176075619948587,-0.984376643394042,97.82322397,"Zofar Near",114.68068,"Zofar Near 14/09/20",0,0,0,0,1,0,0,0,0,0,0,0,0,0
"1635","T3",2020,"Zofar Near 4","Arid Desert",NA,"Zofar",NA,"Near",NA,35.17791655,30.55260321,14/09/20,3060, 0.69247496,85,-0.176075619948587,-0.984376643394042,221.0966987,"Zofar Near",240.774524,"Zofar Near 14/09/20",0,0,0,0,0,2,0,0,0,7,0,0,0,0
"1636","T3",2020,"Zofar Near 5","Arid Desert",NA,"Zofar",NA,"Near",NA,35.17845936,30.55241612,14/09/20,3060, 0.69247496,85,-0.176075619948587,-0.984376643394042,243.4803442,"Zofar Near",254.660939,"Zofar Near 14/09/20",0,0,0,0,1,0,0,0,0,0,0,0,0,0
"1637","T3",2020,"Zofar Near 6","Arid Desert",NA,"Zofar",NA,"Near",NA,35.17927442,30.55224721,14/09/20,3060, 0.69247496,85,-0.176075619948587,-0.984376643394042,264.6781292,"Zofar Near",269.176879,"Zofar Near 14/09/20",0,0,0,0,0,0,0,1,5,0,0,0,0,0
"1638","T3",2020,"Zofar Near 7","Arid Desert",NA,"Zofar",NA,"Near",NA,35.18022526,30.55132616,14/09/20,3060, 0.69247496,85,-0.176075619948587,-0.984376643394042,369.63024,"Zofar Near",374.673542,"Zofar Near 14/09/20",0,0,0,0,0,2,0,0,0,0,0,0,0,0
"1639","T3",2020,"Zofar Near 9","Arid Desert",NA,"Zofar",NA,"Near",NA,35.18031813,30.5530721,14/09/20,3060, 0.69247496,85,-0.176075619948587,-0.984376643394042,176.4522295,"Zofar Near",182.189677,"Zofar Near 14/09/20",0,0,0,0,0,3,0,0,0,34,0,0,0,0
"1640","T3",2020,"Gamla Far 1","Herbaceous and Dwarf Shrub Vegetation",NA,"Gamla","Far",NA,NA,35.74485574,32.92135068,30/06/20,2984, 0.63138974,9,0.412118485241757,-0.911130261884677,3719.654655,"Gamla Far",3087.41808,"Gamla Far 30/06/20",0,0,0,0,0,0,0,0,0,0,0,0,0,1
"1641","T3",2020,"Gamla Far 2","Herbaceous and Dwarf Shrub Vegetation",NA,"Gamla","Far",NA,NA,35.7455454,32.92098002,30/06/20,2984, 0.63138974,9,0.412118485241757,-0.911130261884677,3761.433434,"Gamla Far",3065.195334,"Gamla Far 30/06/20",0,0,0,0,0,0,0,0,0,0,0,0,2,0
"1642","T3",2020,"Gamla Far 3","Herbaceous and Dwarf Shrub Vegetation",NA,"Gamla","Far",NA,NA,35.74622937,32.91999611,30/06/20,2984, 0.63138974,9,0.412118485241757,-0.911130261884677,3872.241194,"Gamla Far",2980.160229,"Gamla Far 30/06/20",0,0,0,0,0,0,3,0,0,0,0,0,0,1
"1643","T3",2020,"Gamla Far 4","Herbaceous and Dwarf Shrub Vegetation",NA,"Gamla","Far",NA,NA,35.74602753,32.91878788,30/06/20,2984, 0.63138974,9,0.412118485241757,-0.911130261884677,4005.564994,"Gamla Far",2846.797785,"Gamla Far 30/06/20",0,0,0,0,0,0,3,0,0,0,1,0,0,0
"1644","T3",2020,"Gamla Far 6","Herbaceous and Dwarf Shrub Vegetation",NA,"Gamla","Far",NA,NA,35.74439172,32.9175208,30/06/20,2984, 0.63138974,9,0.412118485241757,-0.911130261884677,4144.554087,"Gamla Far",2666.588477,"Gamla Far 30/06/20",0,0,0,0,0,0,2,0,0,0,0,0,1,1
"1645","T3",2020,"Gamla Far 9","Herbaceous and Dwarf Shrub Vegetation",NA,"Gamla","Far",NA,NA,35.74232005,32.91611721,30/06/20,2984, 0.63138974,9,0.412118485241757,-0.911130261884677,4306.214719,"Gamla Far",2467.213305,"Gamla Far 30/06/20",0,0,0,0,0,0,4,0,0,0,0,0,0,0
"1646","T3",2020,"Karei Deshe Far 1","Herbaceous and Dwarf Shrub Vegetation",NA,"Karei Deshe","Far",NA,NA,35.58048829,32.92381518,02/06/20,2956, 0.60888466,-19,-0.149877209662952,0.988704618186669,1514.561883,"Karei Deshe Far",797.160781,"Karei Deshe Far 02/06/20",0,0,0,0,0,0,1,0,0,0,0,0,0,0
"1647","T3",2020,"Karei Deshe Far 2","Herbaceous and Dwarf Shrub Vegetation",NA,"Karei Deshe","Far",NA,NA,35.58045577,32.92443038,02/06/20,2956, 0.60888466,-19,-0.149877209662952,0.988704618186669,1455.237724,"Karei Deshe Far",861.61342,"Karei Deshe Far 02/06/20",1,0,0,0,0,0,0,0,0,0,0,0,0,0
"1648","T3",2020,"Karei Deshe Far 3","Herbaceous and Dwarf Shrub Vegetation",NA,"Karei Deshe","Far",NA,NA,35.58087621,32.92498733,02/06/20,2956, 0.60888466,-19,-0.149877209662952,0.988704618186669,1426.30396,"Karei Deshe Far",903.524066,"Karei Deshe Far 02/06/20",1,0,0,0,0,0,0,0,3,0,0,0,0,1
"1649","T3",2020,"Karei Deshe Far 4","Herbaceous and Dwarf Shrub Vegetation",NA,"Karei Deshe","Far",NA,NA,35.58206946,32.9256346,02/06/20,2956, 0.60888466,-19,-0.149877209662952,0.988704618186669,1438.988716,"Karei Deshe Far",934.32418,"Karei Deshe Far 02/06/20",0,0,0,0,0,0,1,0,0,0,0,0,0,0
"1650","T3",2020,"Karei Deshe Far 5","Herbaceous and Dwarf Shrub Vegetation",NA,"Karei Deshe","Far",NA,NA,35.58379713,32.92471575,02/06/20,2956, 0.60888466,-19,-0.149877209662952,0.988704618186669,1622.734436,"Karei Deshe Far",797.767836,"Karei Deshe Far 02/06/20",10,0,0,0,0,0,2,0,8,0,20,0,184,0
"1651","T3",2020,"Karei Deshe Far 6","Herbaceous and Dwarf Shrub Vegetation",NA,"Karei Deshe","Far",NA,NA,35.58379713,32.92423141,02/06/20,2956, 0.60888466,-19,-0.149877209662952,0.988704618186669,1662.528728,"Karei Deshe Far",744.305066,"Karei Deshe Far 02/06/20",3,0,0,0,0,0,0,0,0,0,0,0,0,0
"1652","T3",2020,"Karei Deshe Far 7","Herbaceous and Dwarf Shrub Vegetation",NA,"Karei Deshe","Far",NA,NA,35.58348333,32.92333167,02/06/20,2956, 0.60888466,-19,-0.149877209662952,0.988704618186669,1719.965845,"Karei Deshe Far",653.39538,"Karei Deshe Far 02/06/20",2,0,0,0,0,0,0,0,0,0,0,0,0,0
"1653","T3",2020,"Karei Deshe Far 8","Herbaceous and Dwarf Shrub Vegetation",NA,"Karei Deshe","Far",NA,NA,35.58326667,32.922645,02/06/20,2956, 0.60888466,-19,-0.149877209662952,0.988704618186669,1767.938409,"Karei Deshe Far",585.985439,"Karei Deshe Far 02/06/20",0,0,0,0,0,0,6,0,0,0,0,0,0,0
"1654","T3",2020,"Karei Deshe Far 9","Herbaceous and Dwarf Shrub Vegetation",NA,"Karei Deshe","Far",NA,NA,35.58302198,32.92195998,02/06/20,2956, 0.60888466,-19,-0.149877209662952,0.988704618186669,1797.544042,"Karei Deshe Far",518.481979,"Karei Deshe Far 02/06/20",2,0,0,0,0,0,2,0,0,0,0,0,0,1
"1655","T3",2020,"Natur Far 1","Herbaceous and Dwarf Shrub Vegetation",NA,"Natur","Far",NA,NA,35.73818542,32.84089983,16/07/20,3000, 0.64424979,25,-0.132351750097773,0.991202811863474,1722.75706,"Natur Far",748.201242,"Natur Far 16/07/20",1,0,0,0,0,0,0,0,0,0,0,0,0,0
"1656","T3",2020,"Natur Far 2","Herbaceous and Dwarf Shrub Vegetation",NA,"Natur","Far",NA,NA,35.73817771,32.84185702,16/07/20,3000, 0.64424979,25,-0.132351750097773,0.991202811863474,1662.226388,"Natur Far",817.327988,"Natur Far 16/07/20",35,0,0,0,0,0,0,0,0,0,0,0,23,2
"1657","T3",2020,"Natur Far 3","Herbaceous and Dwarf Shrub Vegetation",NA,"Natur","Far",NA,NA,35.73751755,32.84225251,16/07/20,3000, 0.64424979,25,-0.132351750097773,0.991202811863474,1690.833955,"Natur Far",892.091412,"Natur Far 16/07/20",1,0,0,0,0,0,0,0,0,0,1,0,0,0
"1658","T3",2020,"Natur Far 4","Herbaceous and Dwarf Shrub Vegetation",NA,"Natur","Far",NA,NA,35.73738746,32.84274884,16/07/20,3000, 0.64424979,25,-0.132351750097773,0.991202811863474,1673.526909,"Natur Far",939.00646,"Natur Far 16/07/20",0,0,0,0,0,0,0,0,0,0,0,0,1,0
"1659","T3",2020,"Natur Far 5","Herbaceous and Dwarf Shrub Vegetation",NA,"Natur","Far",NA,NA,35.73713735,32.84385276,16/07/20,3000, 0.64424979,25,-0.132351750097773,0.991202811863474,1633.606815,"Natur Far",1043.412523,"Natur Far 16/07/20",7,0,0,0,0,0,3,0,3,0,0,0,1,3
"1660","T3",2020,"Natur Far 6","Herbaceous and Dwarf Shrub Vegetation",NA,"Natur","Far",NA,NA,35.73702939,32.84485611,16/07/20,3000, 0.64424979,25,-0.132351750097773,0.991202811863474,1576.356248,"Natur Far",1135.662999,"Natur Far 16/07/20",0,0,0,0,0,0,1,0,0,0,0,0,0,0
"1661","T3",2020,"Natur Far 7","Herbaceous and Dwarf Shrub Vegetation",NA,"Natur","Far",NA,NA,35.73718328,32.84564932,16/07/20,3000, 0.64424979,25,-0.132351750097773,0.991202811863474,1513.216476,"Natur Far",1197.192173,"Natur Far 16/07/20",11,0,0,0,0,0,1,0,0,0,0,0,1,6
"1662","T3",2020,"Natur Far 8","Herbaceous and Dwarf Shrub Vegetation",NA,"Natur","Far",NA,NA,35.73705085,32.84663659,16/07/20,3000, 0.64424979,25,-0.132351750097773,0.991202811863474,1460.138228,"Natur Far",1295.111551,"Natur Far 16/07/20",2,0,0,0,0,0,0,0,0,0,0,0,9,0
"1663","T3",2020,"Natur Far 9","Herbaceous and Dwarf Shrub Vegetation",NA,"Natur","Far",NA,NA,35.73749945,32.84690221,16/07/20,3000, 0.64424979,25,-0.132351750097773,0.991202811863474,1408.854432,"Natur Far",1297.519757,"Natur Far 16/07/20",2,0,0,0,0,0,0,0,4,0,0,0,2,0
"1664","T3",2020,"Shaal Far 1","Herbaceous and Dwarf Shrub Vegetation",NA,"Shaal","Far",NA,NA,35.75161859,33.08791204,30/06/20,2984, 0.63138974,9,0.412118485241757,-0.911130261884677,497.2576384,"Shaal Far",546.253599,"Shaal Far 30/06/20",0,0,0,0,0,0,4,0,0,0,0,0,1,4
"1665","T3",2020,"Shaal Far 2","Herbaceous and Dwarf Shrub Vegetation",NA,"Shaal","Far",NA,NA,35.75014807,33.08834576,30/06/20,2984, 0.63138974,9,0.412118485241757,-0.911130261884677,631.4924617,"Shaal Far",679.173373,"Shaal Far 30/06/20",0,0,0,0,0,0,7,0,0,0,0,0,0,4
"1666","T3",2020,"Shaal Far 3","Herbaceous and Dwarf Shrub Vegetation",NA,"Shaal","Far",NA,NA,35.74950133,33.08813986,30/06/20,2984, 0.63138974,9,0.412118485241757,-0.911130261884677,693.101758,"Shaal Far",709.26474,"Shaal Far 30/06/20",0,0,0,0,0,0,2,0,0,0,0,0,2,11
"1667","T3",2020,"Shaal Far 4","Herbaceous and Dwarf Shrub Vegetation",NA,"Shaal","Far",NA,NA,35.74969377,33.08706567,30/06/20,2984, 0.63138974,9,0.412118485241757,-0.911130261884677,682.1604213,"Shaal Far",626.095977,"Shaal Far 30/06/20",0,0,0,0,0,0,1,0,0,0,0,0,0,4
"1668","T3",2020,"Shaal Far 5","Herbaceous and Dwarf Shrub Vegetation",NA,"Shaal","Far",NA,NA,35.74942756,33.08596871,30/06/20,2984, 0.63138974,9,0.412118485241757,-0.911130261884677,715.9720195,"Shaal Far",595.344719,"Shaal Far 30/06/20",0,0,0,0,0,0,2,0,0,0,0,0,1,1
"1669","T3",2020,"Shaal Far 6","Herbaceous and Dwarf Shrub Vegetation",NA,"Shaal","Far",NA,NA,35.74980039,33.08568443,30/06/20,2984, 0.63138974,9,0.412118485241757,-0.911130261884677,686.5073251,"Shaal Far",551.912578,"Shaal Far 30/06/20",0,0,0,0,0,0,1,0,0,0,0,0,2,2
"1670","T3",2020,"Yavneel Far 1","Herbaceous and Dwarf Shrub Vegetation",NA,"Yavneel","Far",NA,NA,35.50906911,32.68070436,16/07/20,3000, 0.64424979,25,-0.132351750097773,0.991202811863474,1673.919033,"Yavneel Far",12.218882,"Yavneel Far 16/07/20",0,0,0,0,0,0,0,0,1,0,0,0,0,1
"1671","T3",2020,"Yavneel Far 2","Herbaceous and Dwarf Shrub Vegetation",NA,"Yavneel","Far",NA,NA,35.50941177,32.68035838,16/07/20,3000, 0.64424979,25,-0.132351750097773,0.991202811863474,1714.783216,"Yavneel Far",60.258965,"Yavneel Far 16/07/20",2,0,0,0,0,0,0,0,1,0,0,0,0,5
"1672","T3",2020,"Yavneel Far 3","Herbaceous and Dwarf Shrub Vegetation",NA,"Yavneel","Far",NA,NA,35.50985869,32.67967856,16/07/20,3000, 0.64424979,25,-0.132351750097773,0.991202811863474,1793.984126,"Yavneel Far",104.277908,"Yavneel Far 16/07/20",0,0,0,0,0,0,1,0,1,0,0,0,0,0
"1673","T3",2020,"Yavneel Far 4","Herbaceous and Dwarf Shrub Vegetation",NA,"Yavneel","Far",NA,NA,35.51007159,32.67908565,16/07/20,3000, 0.64424979,25,-0.132351750097773,0.991202811863474,1861.570681,"Yavneel Far",95.986885,"Yavneel Far 16/07/20",1,0,0,0,0,0,1,0,0,0,0,0,0,4
"1674","T3",2020,"Yavneel Far 6","Herbaceous and Dwarf Shrub Vegetation",NA,"Yavneel","Far",NA,NA,35.51147841,32.67779568,16/07/20,3000, 0.64424979,25,-0.132351750097773,0.991202811863474,2022.230502,"Yavneel Far",56.028878,"Yavneel Far 16/07/20",0,0,0,0,0,0,3,0,1,0,0,0,0,1
"1675","T3",2020,"Yavneel Far 7","Herbaceous and Dwarf Shrub Vegetation",NA,"Yavneel","Far",NA,NA,35.51096141,32.67708564,16/07/20,3000, 0.64424979,25,-0.132351750097773,0.991202811863474,2092.344653,"Yavneel Far",12.937537,"Yavneel Far 16/07/20",0,0,0,0,0,0,0,0,0,0,1,0,0,1
"1676","T3",2020,"Yavneel Far 8","Herbaceous and Dwarf Shrub Vegetation",NA,"Yavneel","Far",NA,NA,35.51019765,32.67735289,16/07/20,3000, 0.64424979,25,-0.132351750097773,0.991202811863474,2053.830909,"Yavneel Far",26.717201,"Yavneel Far 16/07/20",0,0,0,0,0,0,1,0,0,0,0,0,0,1
"1677","T3",2020,"Yavneel Far 9","Herbaceous and Dwarf Shrub Vegetation",NA,"Yavneel","Far",NA,NA,35.51199909,32.67741187,16/07/20,3000, 0.64424979,25,-0.132351750097773,0.991202811863474,2072.96974,"Yavneel Far",13.571493,"Yavneel Far 16/07/20",0,0,0,0,0,0,1,0,0,0,0,0,0,0
"1678","T3",2020,"Beer Milka Far Shifting 1_1","Inland Sands",NA,"Beer Milka",NA,"Far","Shifting",34.41768497,30.9466808,18/07/20,3002, 0.64585729,27,0.956375928404503,-0.292138808733836,1617.399668,"Beer Milka Far Shifting 1",2173.616054,"Beer Milka Far Shifting 1 18/07/20",0,0,0,0,0,4,0,0,0,1,0,0,0,0
"1679","T3",2020,"Beer Milka Far Shifting 1_6","Inland Sands",NA,"Beer Milka",NA,"Far","Shifting",34.42055024,30.9468956,18/07/20,3002, 0.64585729,27,0.956375928404503,-0.292138808733836,1836.340722,"Beer Milka Far Shifting 1",2142.36488,"Beer Milka Far Shifting 1 18/07/20",0,0,0,0,0,4,0,0,0,0,0,0,0,0
"1680","T3",2020,"Beer Milka Far Shifting 2_1","Inland Sands",NA,"Beer Milka",NA,"Far","Shifting",34.37985174,30.981404,07/08/20,3022, 0.66193235,47,0.123573122745224,-0.992335469150929,5442.306353,"Beer Milka Far Shifting 2",1131.321244,"Beer Milka Far Shifting 2 07/08/20",0,0,0,0,0,0,0,0,0,0,0,0,0,3
"1681","T3",2020,"Beer Milka Far Shifting 2_2","Inland Sands",NA,"Beer Milka",NA,"Far","Shifting",34.37926233,30.98132495,07/08/20,3022, 0.66193235,47,0.123573122745224,-0.992335469150929,5458.841164,"Beer Milka Far Shifting 2",1088.4475,"Beer Milka Far Shifting 2 07/08/20",0,0,0,0,0,0,1,1,0,0,0,0,0,2
"1682","T3",2020,"Beer Milka Far Shifting 2_3","Inland Sands",NA,"Beer Milka",NA,"Far","Shifting",34.37878355,30.98124677,07/08/20,3022, 0.66193235,47,0.123573122745224,-0.992335469150929,5471.286399,"Beer Milka Far Shifting 2",1054.163224,"Beer Milka Far Shifting 2 07/08/20",0,0,0,0,0,0,0,0,0,0,0,0,0,1
"1683","T3",2020,"Beer Milka Far Shifting 2_4","Inland Sands",NA,"Beer Milka",NA,"Far","Shifting",34.3783524,30.9811637,07/08/20,3022, 0.66193235,47,0.123573122745224,-0.992335469150929,5481.555267,"Beer Milka Far Shifting 2",1021.675993,"Beer Milka Far Shifting 2 07/08/20",0,0,0,0,0,0,0,0,0,0,0,0,0,3
"1684","T3",2020,"Beer Milka Far Shifting 2_5","Inland Sands",NA,"Beer Milka",NA,"Far","Shifting",34.3779858,30.9815705,07/08/20,3022, 0.66193235,47,0.123573122745224,-0.992335469150929,5537.631448,"Beer Milka Far Shifting 2",1039.639231,"Beer Milka Far Shifting 2 07/08/20",0,0,0,0,0,0,0,0,0,0,0,0,0,2
"1685","T3",2020,"Beer Milka Far Shifting 2_7","Inland Sands",NA,"Beer Milka",NA,"Far","Shifting",34.37727615,30.98168455,07/08/20,3022, 0.66193235,47,0.123573122745224,-0.992335469150929,5579.954521,"Beer Milka Far Shifting 2",1015.343071,"Beer Milka Far Shifting 2 07/08/20",0,0,0,0,0,0,0,0,0,0,0,0,0,1
"1686","T3",2020,"Beer Milka Far Shifting 2_8","Inland Sands",NA,"Beer Milka",NA,"Far","Shifting",34.37623512,30.98186563,07/08/20,3022, 0.66193235,47,0.123573122745224,-0.992335469150929,5644.33534,"Beer Milka Far Shifting 2",983.18158,"Beer Milka Far Shifting 2 07/08/20",0,0,0,0,0,0,0,0,0,0,0,0,0,4
"1687","T3",2020,"Beer Milka Far Shifting 2_9","Inland Sands",NA,"Beer Milka",NA,"Far","Shifting",34.378004,30.9819817,07/08/20,3022, 0.66193235,47,0.123573122745224,-0.992335469150929,5577.501368,"Beer Milka Far Shifting 2",1079.10449,"Beer Milka Far Shifting 2 07/08/20",0,0,0,0,0,0,0,0,0,0,0,0,0,2
"1688","T3",2020,"Beer Milka Far Shifting 3_2","Inland Sands",NA,"Beer Milka",NA,"Far","Shifting",34.44450203,30.91561163,18/07/20,3002, 0.64585729,27,0.956375928404503,-0.292138808733836,1013.333236,"Beer Milka Far Shifting 3",1292.883859,"Beer Milka Far Shifting 3 18/07/20",0,0,0,0,0,5,0,0,0,0,0,0,0,0
"1689","T3",2020,"Beer Milka Far Shifting 3_3","Inland Sands",NA,"Beer Milka",NA,"Far","Shifting",34.4439403,30.9156734,18/07/20,3002, 0.64585729,27,0.956375928404503,-0.292138808733836,967.7031677,"Beer Milka Far Shifting 3",1274.542273,"Beer Milka Far Shifting 3 18/07/20",0,0,0,0,0,2,0,0,0,0,0,0,0,0
"1690","T3",2020,"Beer Milka Far Shifting 3_5","Inland Sands",NA,"Beer Milka",NA,"Far","Shifting",34.44489565,30.91611816,18/07/20,3002, 0.64585729,27,0.956375928404503,-0.292138808733836,1071.413943,"Beer Milka Far Shifting 3",1360.494703,"Beer Milka Far Shifting 3 18/07/20",0,0,0,0,0,1,0,0,0,0,0,0,0,0
"1691","T3",2020,"Beer Milka Far Shifting 3_8","Inland Sands",NA,"Beer Milka",NA,"Far","Shifting",34.44850456,30.91600569,18/07/20,3002, 0.64585729,27,0.956375928404503,-0.292138808733836,1384.798918,"Beer Milka Far Shifting 3",1483.241954,"Beer Milka Far Shifting 3 18/07/20",0,0,0,0,0,8,0,0,0,0,0,0,0,0
"1692","T3",2020,"Beer Milka Far Shifting 3_9","Inland Sands",NA,"Beer Milka",NA,"Far","Shifting",34.44762278,30.91641472,18/07/20,3002, 0.64585729,27,0.956375928404503,-0.292138808733836,1322.424968,"Beer Milka Far Shifting 3",1527.474999,"Beer Milka Far Shifting 3 18/07/20",0,0,0,0,0,1,0,0,0,0,0,0,0,0
"1693","T3",2020,"Beer Milka Near Semi-Shifting 1_2","Inland Sands",NA,"Beer Milka",NA,"Near","Semi-Shifting",34.39219594,30.96394077,22/06/20,2976, 0.62495971,1,0.841470984807897,0.54030230586814,3195.954405,"Beer Milka Near Semi-Shifting",119.109577,"Beer Milka Near Semi-Shifting 22/06/20",0,0,0,0,0,0,0,0,0,0,0,0,0,1
"1694","T3",2020,"Beer Milka Near Semi-Shifting 1_3","Inland Sands",NA,"Beer Milka",NA,"Near","Semi-Shifting",34.39201154,30.96409142,22/06/20,2976, 0.62495971,1,0.841470984807897,0.54030230586814,3217.919472,"Beer Milka Near Semi-Shifting",135.397836,"Beer Milka Near Semi-Shifting 22/06/20",0,0,0,0,0,0,1,0,0,0,0,0,0,1
"1695","T3",2020,"Beer Milka Near Semi-Shifting 1_7","Inland Sands",NA,"Beer Milka",NA,"Near","Semi-Shifting",34.39426225,30.96373464,22/06/20,2976, 0.62495971,1,0.841470984807897,0.54030230586814,3108.1409,"Beer Milka Near Semi-Shifting",144.518861,"Beer Milka Near Semi-Shifting 22/06/20",0,0,0,0,0,0,2,0,0,0,0,0,0,0
"1696","T3",2020,"Beer Milka Near Semi-Shifting 1_9","Inland Sands",NA,"Beer Milka",NA,"Near","Semi-Shifting",34.39332347,30.964692,22/06/20,2976, 0.62495971,1,0.841470984807897,0.54030230586814,3237.21796,"Beer Milka Near Semi-Shifting",201.600123,"Beer Milka Near Semi-Shifting 22/06/20",0,0,0,0,0,0,2,0,0,0,0,0,0,0
"1697","T3",2020,"Beer Milka Near Shifting 1_1","Inland Sands",NA,"Beer Milka",NA,"Near","Shifting",34.42474891,30.9294646,22/06/20,2976, 0.62495971,1,0.841470984807897,0.54030230586814,1517.553414,"Beer Milka Near Shifting",167.502001,"Beer Milka Near Shifting 22/06/20",3,0,0,0,0,0,1,0,0,0,0,0,0,2
"1698","T3",2020,"Beer Milka Near Shifting 1_2","Inland Sands",NA,"Beer Milka",NA,"Near","Shifting",34.42011036,30.92850315,22/06/20,2976, 0.62495971,1,0.841470984807897,0.54030230586814,1099.691861,"Beer Milka Near Shifting",147.862488,"Beer Milka Near Shifting 22/06/20",0,0,0,0,0,2,0,0,0,0,0,0,0,0
"1699","T3",2020,"Beer Milka Near Shifting 1_3","Inland Sands",NA,"Beer Milka",NA,"Near","Shifting",34.42019083,30.92899495,22/06/20,2976, 0.62495971,1,0.841470984807897,0.54030230586814,1094.907392,"Beer Milka Near Shifting",200.647634,"Beer Milka Near Shifting 22/06/20",0,0,0,0,0,0,0,0,0,4,0,0,0,1
"1700","T3",2020,"Beer Milka Near Shifting 1_8","Inland Sands",NA,"Beer Milka",NA,"Near","Shifting",34.42302994,30.92938436,22/06/20,2976, 0.62495971,1,0.841470984807897,0.54030230586814,1355.522833,"Beer Milka Near Shifting",199.890279,"Beer Milka Near Shifting 22/06/20",0,0,0,0,0,0,0,0,0,1,0,0,0,2
"1701","T3",2020,"Beer Milka Near Shifting 1_9","Inland Sands",NA,"Beer Milka",NA,"Near","Shifting",34.42350067,30.92895756,22/06/20,2976, 0.62495971,1,0.841470984807897,0.54030230586814,1406.894313,"Beer Milka Near Shifting",140.636315,"Beer Milka Near Shifting 22/06/20",0,0,0,0,0,0,0,0,0,0,0,0,0,2
"1702","T3",2020,"Secher Far Semi-Shifting 1_2","Inland Sands",NA,"Secher",NA,"Far","Semi-Shifting",34.7654213,31.08316195,07/08/20,3022, 0.66193235,47,0.123573122745224,-0.992335469150929,4807.544332,"Secher Far",3401.598441,"Secher Far 07/08/20",0,0,0,0,0,0,1,0,0,0,0,0,0,4
"1703","T3",2020,"Secher Far Semi-Shifting 1_4","Inland Sands",NA,"Secher",NA,"Far","Semi-Shifting",34.7654669,31.08426168,07/08/20,3022, 0.66193235,47,0.123573122745224,-0.992335469150929,4692.386734,"Secher Far",3476.393829,"Secher Far 07/08/20",0,0,0,0,0,1,0,0,0,0,0,0,0,0
"1704","T3",2020,"Secher Far Semi-Shifting 1_6","Inland Sands",NA,"Secher",NA,"Far","Semi-Shifting",34.76268042,31.08344191,07/08/20,3022, 0.66193235,47,0.123573122745224,-0.992335469150929,4879.369194,"Secher Far",3209.077618,"Secher Far 07/08/20",0,0,0,0,0,0,0,0,0,0,0,0,0,2
"1705","T3",2020,"Secher Far Shifting 1_2","Inland Sands",NA,"Secher",NA,"Far","Shifting",34.77712043,31.10115884,07/08/20,3022, 0.66193235,47,0.123573122745224,-0.992335469150929,2564.652854,"Secher Far",3980.551642,"Secher Far 07/08/20",0,0,0,0,0,0,0,0,0,0,0,0,0,1
"1706","T3",2020,"Secher Far Shifting 1_4","Inland Sands",NA,"Secher",NA,"Far","Shifting",34.77617227,31.10002601,07/08/20,3022, 0.66193235,47,0.123573122745224,-0.992335469150929,2708.871712,"Secher Far",4115.899307,"Secher Far 07/08/20",0,0,0,0,0,0,0,0,0,0,0,0,0,2
"1707","T3",2020,"Secher Far Shifting 1_8","Inland Sands",NA,"Secher",NA,"Far","Shifting",34.77839682,31.10236515,07/08/20,3022, 0.66193235,47,0.123573122745224,-0.992335469150929,2407.186033,"Secher Far",3814.411495,"Secher Far 07/08/20",0,0,0,0,0,0,0,0,0,0,0,0,0,1
"1708","T3",2020,"Secher Far Shifting 1_9","Inland Sands",NA,"Secher",NA,"Far","Shifting",34.77777824,31.10218802,07/08/20,3022, 0.66193235,47,0.123573122745224,-0.992335469150929,2439.071014,"Secher Far",3876.473894,"Secher Far 07/08/20",0,0,0,0,0,0,0,0,0,0,0,0,0,4
"1709","T3",2020,"Shunra East Far Semi-Shifting 2_1","Inland Sands",NA,"Shunra",NA,"Far","Semi-Shifting",34.60697819,30.95656103,18/07/20,3002, 0.64585729,27,0.956375928404503,-0.292138808733836,8492.757081,"Shunra Far",3720.719633,"Shunra Far 18/07/20",0,0,0,0,0,0,0,0,0,0,0,0,0,2
"1710","T3",2020,"Shunra East Far Semi-Shifting 2_2","Inland Sands",NA,"Shunra",NA,"Far","Semi-Shifting",34.60704692,30.95756878,18/07/20,3002, 0.64585729,27,0.956375928404503,-0.292138808733836,8477.423723,"Shunra Far",3826.514634,"Shunra Far 18/07/20",0,0,0,0,0,5,0,0,0,0,0,0,0,3
"1711","T3",2020,"Shunra East Far Semi-Shifting 2_3","Inland Sands",NA,"Shunra",NA,"Far","Semi-Shifting",34.60644208,30.95762053,18/07/20,3002, 0.64585729,27,0.956375928404503,-0.292138808733836,8534.655434,"Shunra Far",3847.947018,"Shunra Far 18/07/20",0,0,0,0,0,0,0,0,0,0,0,0,0,3
"1712","T3",2020,"Shunra East Far Semi-Shifting 2_4","Inland Sands",NA,"Shunra",NA,"Far","Semi-Shifting",34.60737113,30.95850205,18/07/20,3002, 0.64585729,27,0.956375928404503,-0.292138808733836,8439.668572,"Shunra Far",3917.744277,"Shunra Far 18/07/20",0,0,0,0,0,0,0,0,0,0,0,0,0,1
"1713","T3",2020,"Shunra East Far Semi-Shifting 2_5","Inland Sands",NA,"Shunra",NA,"Far","Semi-Shifting",34.60719243,30.95967452,18/07/20,3002, 0.64585729,27,0.956375928404503,-0.292138808733836,8449.899925,"Shunra Far",4047.521532,"Shunra Far 18/07/20",0,0,0,0,0,1,0,0,0,0,0,0,0,3
"1714","T3",2020,"Shunra East Far Semi-Shifting 2_6","Inland Sands",NA,"Shunra",NA,"Far","Semi-Shifting",34.60773692,30.95826284,18/07/20,3002, 0.64585729,27,0.956375928404503,-0.292138808733836,8406.42698,"Shunra Far",3883.119189,"Shunra Far 18/07/20",0,0,0,0,0,0,0,0,0,0,0,0,0,3
"1715","T3",2020,"Beit Yatir Far 2","Mediterranean Desert Transition Zone",NA,"Beit Yatir","Far",NA,NA,35.12397364,31.37217382,16/11/20,3123, 0.74311140,148,-0.338333394324277,-0.941026309029144,1004.258857,"Beit Yatir Far",970.361841,"Beit Yatir Far 16/11/20",0,0,0,0,0,0,0,0,0,0,0,0,0,5
"1716","T3",2020,"Beit Yatir Far 3","Mediterranean Desert Transition Zone",NA,"Beit Yatir","Far",NA,NA,35.12501031,31.37273804,16/11/20,3123, 0.74311140,148,-0.338333394324277,-0.941026309029144,1101.331414,"Beit Yatir Far",859.476463,"Beit Yatir Far 16/11/20",4,0,0,0,0,0,1,0,0,0,0,0,0,0
"1717","T3",2020,"Beit Yatir Far 4","Mediterranean Desert Transition Zone",NA,"Beit Yatir","Far",NA,NA,35.12568422,31.37241342,16/11/20,3123, 0.74311140,148,-0.338333394324277,-0.941026309029144,1166.197006,"Beit Yatir Far",852.35536,"Beit Yatir Far 16/11/20",0,0,0,0,0,0,0,0,0,3,0,0,0,3
"1718","T3",2020,"Beit Yatir Far 5","Mediterranean Desert Transition Zone",NA,"Beit Yatir","Far",NA,NA,35.12591992,31.37174529,16/11/20,3123, 0.74311140,148,-0.338333394324277,-0.941026309029144,1190.647176,"Beit Yatir Far",900.264187,"Beit Yatir Far 16/11/20",0,0,0,0,0,0,0,0,0,0,0,0,0,2
"1719","T3",2020,"Beit Yatir Far 6","Mediterranean Desert Transition Zone",NA,"Beit Yatir","Far",NA,NA,35.1264406,31.37118507,16/11/20,3123, 0.74311140,148,-0.338333394324277,-0.941026309029144,1241.869325,"Beit Yatir Far",927.969427,"Beit Yatir Far 16/11/20",8,0,0,0,0,0,6,0,0,0,0,0,0,5
"1720","T3",2020,"Beit Yatir Near 3","Mediterranean Desert Transition Zone",NA,"Beit Yatir","Near",NA,NA,35.1061289,31.35656992,16/11/20,3123, 0.74311140,148,-0.338333394324277,-0.941026309029144,671.0664952,"Beit Yatir Near",0,"Beit Yatir Near 16/11/20",0,0,0,0,0,0,0,0,0,0,0,0,0,1
"1721","T3",2020,"Beit Yatir Near 4","Mediterranean Desert Transition Zone",NA,"Beit Yatir","Near",NA,NA,35.10666031,31.3568024,16/11/20,3123, 0.74311140,148,-0.338333394324277,-0.941026309029144,614.5248003,"Beit Yatir Near",0,"Beit Yatir Near 16/11/20",2,0,0,0,0,0,3,0,0,0,0,0,0,2
"1722","T3",2020,"Beit Yatir Near 5","Mediterranean Desert Transition Zone",NA,"Beit Yatir","Near",NA,NA,35.10740999,31.35722929,16/11/20,3123, 0.74311140,148,-0.338333394324277,-0.941026309029144,530.9921371,"Beit Yatir Near",0,"Beit Yatir Near 16/11/20",0,0,0,0,0,0,13,0,0,0,0,0,0,0
"1723","T3",2020,"Beit Yatir Near 6","Mediterranean Desert Transition Zone",NA,"Beit Yatir","Near",NA,NA,35.10802958,31.35748438,16/11/20,3123, 0.74311140,148,-0.338333394324277,-0.941026309029144,465.971394,"Beit Yatir Near",0,"Beit Yatir Near 16/11/20",0,0,0,0,0,0,18,0,0,0,0,0,0,10
"1724","T3",2020,"Beit Yatir Near 8","Mediterranean Desert Transition Zone",NA,"Beit Yatir","Near",NA,NA,35.10846678,31.35707754,16/11/20,3123, 0.74311140,148,-0.338333394324277,-0.941026309029144,445.0599674,"Beit Yatir Near",0,"Beit Yatir Near 16/11/20",0,0,0,0,0,0,24,0,0,0,0,0,0,2
"1725","T3",2020,"Beit Yatir Near 9","Mediterranean Desert Transition Zone",NA,"Beit Yatir","Near",NA,NA,35.10791559,31.35642219,16/11/20,3123, 0.74311140,148,-0.338333394324277,-0.941026309029144,526.0218148,"Beit Yatir Near",0,"Beit Yatir Near 16/11/20",1,0,0,0,0,0,10,0,0,0,0,0,0,2
"1726","T3",2020,"Har Amasa Far 3","Mediterranean Desert Transition Zone",NA,"Har Amasa","Far",NA,NA,35.09253815,31.33406603,16/11/20,3123, 0.74311140,148,-0.338333394324277,-0.941026309029144,1208.790479,"Har Amasa Far",168.174834,"Har Amasa Far 16/11/20",0,0,0,0,0,0,0,0,0,0,0,0,0,3
"1727","T3",2020,"Har Amasa Far 4","Mediterranean Desert Transition Zone",NA,"Har Amasa","Far",NA,NA,35.09245399,31.33356316,16/11/20,3123, 0.74311140,148,-0.338333394324277,-0.941026309029144,1257.07086,"Har Amasa Far",178.165699,"Har Amasa Far 16/11/20",0,0,0,0,0,0,0,0,0,0,0,0,0,1
"1728","T3",2020,"Har Amasa Far 5","Mediterranean Desert Transition Zone",NA,"Har Amasa","Far",NA,NA,35.09253915,31.3331124,16/11/20,3123, 0.74311140,148,-0.338333394324277,-0.941026309029144,1291.674607,"Har Amasa Far",204.279343,"Har Amasa Far 16/11/20",1,0,0,0,0,0,1,0,0,0,0,0,0,3
"1729","T3",2020,"Har Amasa Far 6","Mediterranean Desert Transition Zone",NA,"Har Amasa","Far",NA,NA,35.09248618,31.33224782,16/11/20,3123, 0.74311140,148,-0.338333394324277,-0.941026309029144,1372.448012,"Har Amasa Far",259.444515,"Har Amasa Far 16/11/20",0,0,0,0,0,0,0,0,0,1,0,0,0,3
"1730","T3",2020,"Har Amasa Far 7","Mediterranean Desert Transition Zone",NA,"Har Amasa","Far",NA,NA,35.0922126,31.33183084,16/11/20,3123, 0.74311140,148,-0.338333394324277,-0.941026309029144,1425.295596,"Har Amasa Far",280.778108,"Har Amasa Far 16/11/20",0,0,0,0,0,0,3,0,0,1,1,0,0,9
"1731","T3",2020,"Har Amasa Far 8","Mediterranean Desert Transition Zone",NA,"Har Amasa","Far",NA,NA,35.09163022,31.33153329,16/11/20,3123, 0.74311140,148,-0.338333394324277,-0.941026309029144,1484.088557,"Har Amasa Far",240.566294,"Har Amasa Far 16/11/20",2,0,0,0,0,0,9,0,0,9,0,0,0,13
"1732","T3",2020,"Har Amasa Far 9","Mediterranean Desert Transition Zone",NA,"Har Amasa","Far",NA,NA,35.09037092,31.33184516,16/11/20,3123, 0.74311140,148,-0.338333394324277,-0.941026309029144,1530.000098,"Har Amasa Far",174.533319,"Har Amasa Far 16/11/20",8,0,0,0,0,0,8,0,0,5,1,0,0,4
"1733","T3",2020,"Har Amasa Near 1","Mediterranean Desert Transition Zone",NA,"Har Amasa","Near",NA,NA,35.09918835,31.34370381,16/11/20,3123, 0.74311140,148,-0.338333394324277,-0.941026309029144,89.88472632,"Har Amasa Near",0,"Har Amasa Near 16/11/20",0,0,0,0,0,0,0,0,0,0,0,0,0,1
"1734","T3",2020,"Har Amasa Near 2","Mediterranean Desert Transition Zone",NA,"Har Amasa","Near",NA,NA,35.09886045,31.34421637,16/11/20,3123, 0.74311140,148,-0.338333394324277,-0.941026309029144,122.5867128,"Har Amasa Near",0,"Har Amasa Near 16/11/20",0,0,0,0,0,0,0,0,0,0,0,0,0,8
"1735","T3",2020,"Har Amasa Near 3","Mediterranean Desert Transition Zone",NA,"Har Amasa","Near",NA,NA,35.09846214,31.34495628,16/11/20,3123, 0.74311140,148,-0.338333394324277,-0.941026309029144,169.3272467,"Har Amasa Near",0,"Har Amasa Near 16/11/20",1,0,0,0,0,0,0,0,0,0,0,0,0,0
"1736","T3",2020,"Har Amasa Near 4","Mediterranean Desert Transition Zone",NA,"Har Amasa","Near",NA,NA,35.09744626,31.34535688,16/11/20,3123, 0.74311140,148,-0.338333394324277,-0.941026309029144,270.6471278,"Har Amasa Near",0,"Har Amasa Near 16/11/20",1,0,0,0,0,0,7,0,0,2,0,0,0,4
"1737","T3",2020,"Har Amasa Near 5","Mediterranean Desert Transition Zone",NA,"Har Amasa","Near",NA,NA,35.09683002,31.34515472,16/11/20,3123, 0.74311140,148,-0.338333394324277,-0.941026309029144,326.1179431,"Har Amasa Near",0,"Har Amasa Near 16/11/20",0,0,0,0,0,0,0,0,0,0,0,0,0,4
"1738","T3",2020,"Har Amasa Near 6","Mediterranean Desert Transition Zone",NA,"Har Amasa","Near",NA,NA,35.09627145,31.34528901,16/11/20,3123, 0.74311140,148,-0.338333394324277,-0.941026309029144,380.5907622,"Har Amasa Near",0,"Har Amasa Near 16/11/20",7,0,0,0,0,0,0,0,0,0,0,0,0,8
"1739","T3",2020,"Har Amasa Near 7","Mediterranean Desert Transition Zone",NA,"Har Amasa","Near",NA,NA,35.09627245,31.3433602,16/11/20,3123, 0.74311140,148,-0.338333394324277,-0.941026309029144,369.7800788,"Har Amasa Near",54.516816,"Har Amasa Near 16/11/20",0,0,0,0,0,0,0,1,0,0,1,0,0,7
"1740","T3",2020,"Har Amasa Near 9","Mediterranean Desert Transition Zone",NA,"Har Amasa","Near",NA,NA,35.09740938,31.34296217,16/11/20,3123, 0.74311140,148,-0.338333394324277,-0.941026309029144,275.9944353,"Har Amasa Near",48.860275,"Har Amasa Near 16/11/20",0,0,0,0,0,0,0,0,0,0,2,0,0,3
"1741","T3",2020,"Lahav Far 1","Mediterranean Desert Transition Zone",NA,"Lahav","Far",NA,NA,34.8572132,31.37400014,25/08/20,3040, 0.67639991,65,0.826828679490103,-0.562453851238172,869.0857737,"Lahav Far",53.679083,"Lahav Far 25/08/20",2,0,0,0,0,0,0,0,0,0,0,0,0,1
"1742","T3",2020,"Lahav Far 2","Mediterranean Desert Transition Zone",NA,"Lahav","Far",NA,NA,34.85791326,31.37374509,25/08/20,3040, 0.67639991,65,0.826828679490103,-0.562453851238172,818.2549379,"Lahav Far",27.126323,"Lahav Far 25/08/20",2,0,0,0,0,0,0,0,0,0,0,0,0,0
"1743","T3",2020,"Lahav Near 2","Mediterranean Desert Transition Zone",NA,"Lahav","Near",NA,NA,34.86301683,31.38448677,25/08/20,3040, 0.67639991,65,0.826828679490103,-0.562453851238172,529.8769836,"Lahav Near",706.791853,"Lahav Near 25/08/20",2,0,0,0,0,0,0,0,0,0,0,0,0,0
"1744","T3",2020,"Lahav Near 5","Mediterranean Desert Transition Zone",NA,"Lahav","Near",NA,NA,34.86442667,31.38435826,25/08/20,3040, 0.67639991,65,0.826828679490103,-0.562453851238172,437.2831484,"Lahav Near",688.741099,"Lahav Near 25/08/20",0,0,0,0,0,0,2,0,0,0,0,0,0,0
"1745","T3",2020,"Lehavim Far 1","Mediterranean Desert Transition Zone",NA,"Lehavim","Far",NA,NA,34.82886627,31.37490184,05/09/20,3051, 0.68524119,76,0.56610763689818,0.824331331107558,529.3167756,"Lehavim Far",856.046168,"Lehavim Far 05/09/20",0,0,0,0,0,0,0,0,0,1,0,0,0,7
"1746","T3",2020,"Lehavim Far 5","Mediterranean Desert Transition Zone",NA,"Lehavim","Far",NA,NA,34.82749365,31.37775229,05/09/20,3051, 0.68524119,76,0.56610763689818,0.824331331107558,706.3533315,"Lehavim Far",656.109485,"Lehavim Far 05/09/20",0,0,0,0,0,0,0,0,0,0,2,0,0,8
"1747","T3",2020,"Lehavim Near 2","Mediterranean Desert Transition Zone",NA,"Lehavim","Near",NA,NA,34.82390653,31.36451004,05/09/20,3051, 0.68524119,76,0.56610763689818,0.824331331107558,299.5093105,"Lehavim Near",760.530702,"Lehavim Near 05/09/20",0,0,0,0,0,0,0,0,0,0,0,0,0,1
"1748","T3",2020,"Lehavim Near 3","Mediterranean Desert Transition Zone",NA,"Lehavim","Near",NA,NA,34.82266165,31.36451004,05/09/20,3051, 0.68524119,76,0.56610763689818,0.824331331107558,204.1004632,"Lehavim Near",706.594724,"Lehavim Near 05/09/20",0,0,0,0,0,0,0,0,0,0,0,0,0,1
"1749","T3",2020,"Lehavim Near 4","Mediterranean Desert Transition Zone",NA,"Lehavim","Near",NA,NA,34.82278168,31.36394005,05/09/20,3051, 0.68524119,76,0.56610763689818,0.824331331107558,250.7445302,"Lehavim Near",653.755178,"Lehavim Near 05/09/20",0,0,0,0,0,0,0,0,0,2,1,0,0,3
"1750","T3",2020,"Lehavim Near 5","Mediterranean Desert Transition Zone",NA,"Lehavim","Near",NA,NA,34.82355315,31.36353495,05/09/20,3051, 0.68524119,76,0.56610763689818,0.824331331107558,336.4839772,"Lehavim Near",650.717098,"Lehavim Near 05/09/20",0,0,0,0,0,0,0,0,0,6,0,0,0,4
"1751","T3",2020,"Lehavim Near 8","Mediterranean Desert Transition Zone",NA,"Lehavim","Near",NA,NA,34.82634835,31.36369012,05/09/20,3051, 0.68524119,76,0.56610763689818,0.824331331107558,540.7181981,"Lehavim Near",708.485034,"Lehavim Near 05/09/20",0,0,0,0,0,0,0,0,0,0,0,0,0,2
"1752","T3",2020,"Mirsham Far 3","Mediterranean Desert Transition Zone",NA,"Mirsham","Far",NA,NA,34.90497731,31.46356448,13/08/20,3028, 0.66675487,53,0.395925150181834,-0.918282786212119,1956.476461,"Mirsham Far",274.878664,"Mirsham Far 13/08/20",0,0,0,0,0,0,2,0,0,0,0,0,0,0
"1753","T3",2020,"Mirsham Far 7","Mediterranean Desert Transition Zone",NA,"Mirsham","Far",NA,NA,34.90202922,31.46404778,13/08/20,3028, 0.66675487,53,0.395925150181834,-0.918282786212119,2167.706798,"Mirsham Far",101.078168,"Mirsham Far 13/08/20",0,0,0,0,0,0,0,0,0,0,1,0,0,1
"1754","T3",2020,"Mirsham Far 8","Mediterranean Desert Transition Zone",NA,"Mirsham","Far",NA,NA,34.90141768,31.4642045,13/08/20,3028, 0.66675487,53,0.395925150181834,-0.918282786212119,2210.687797,"Mirsham Far",75.430611,"Mirsham Far 13/08/20",0,0,0,0,0,0,4,0,1,0,0,0,0,0
"1755","T3",2020,"Mirsham Near 1","Mediterranean Desert Transition Zone",NA,"Mirsham","Near",NA,NA,34.93060146,31.47995634,13/08/20,3028, 0.66675487,53,0.395925150181834,-0.918282786212119,287.729887,"Mirsham Near",248.423299,"Mirsham Near 13/08/20",0,0,0,0,0,0,0,0,0,1,0,0,0,0
"1756","T3",2020,"Mirsham Near 3","Mediterranean Desert Transition Zone",NA,"Mirsham","Near",NA,NA,34.93150704,31.48056938,13/08/20,3028, 0.66675487,53,0.395925150181834,-0.918282786212119,397.1093175,"Mirsham Near",185.688123,"Mirsham Near 13/08/20",0,0,0,0,0,0,0,0,0,0,0,0,0,1
"1757","T3",2020,"Mirsham Near 9","Mediterranean Desert Transition Zone",NA,"Mirsham","Near",NA,NA,34.9280718,31.48217714,13/08/20,3028, 0.66675487,53,0.395925150181834,-0.918282786212119,353.0100712,"Mirsham Near",195.907479,"Mirsham Near 13/08/20",3,0,0,0,0,0,0,0,0,0,1,0,0,0
"1758","T3",2019,"Aderet Far 2","Mediterranean Maquis","Judea","Aderet","Far",NA,NA,34.98074703,31.66564194,29/09/19,2709, 0.41035767,100,-0.506365641109759,0.862318872287684,1108.321185,"Aderet Far",780.27401,"Aderet Far 29/09/19",0,0,0,0,0,0,0,0,0,0,0,0,0,2
"1759","T3",2019,"Aderet Far 4","Mediterranean Maquis","Judea","Aderet","Far",NA,NA,34.98142865,31.6661165,29/09/19,2709, 0.41035767,100,-0.506365641109759,0.862318872287684,1062.816772,"Aderet Far",863.561429,"Aderet Far 29/09/19",0,0,0,0,0,0,3,0,0,0,0,0,0,0
"1760","T3",2019,"Aderet Far 5","Mediterranean Maquis","Judea","Aderet","Far",NA,NA,34.98054419,31.6652236,29/09/19,2709, 0.41035767,100,-0.506365641109759,0.862318872287684,1115.195279,"Aderet Far",739.203982,"Aderet Far 29/09/19",0,0,0,0,0,0,5,2,0,0,0,0,0,0
"1761","T3",2019,"Aderet Far 6","Mediterranean Maquis","Judea","Aderet","Far",NA,NA,34.98073328,31.66452417,29/09/19,2709, 0.41035767,100,-0.506365641109759,0.862318872287684,1082.159621,"Aderet Far",718.555497,"Aderet Far 29/09/19",0,0,0,0,0,0,0,0,1,0,0,0,0,0
"1762","T3",2019,"Aderet Far 7","Mediterranean Maquis","Judea","Aderet","Far",NA,NA,34.98098943,31.66428161,29/09/19,2709, 0.41035767,100,-0.506365641109759,0.862318872287684,1053.962552,"Aderet Far",730.14469,"Aderet Far 29/09/19",2,0,0,0,0,0,4,0,2,0,0,0,0,1
"1763","T3",2019,"Aderet Far 8","Mediterranean Maquis","Judea","Aderet","Far",NA,NA,34.98128649,31.66379991,29/09/19,2709, 0.41035767,100,-0.506365641109759,0.862318872287684,1019.475583,"Aderet Far",701.108715,"Aderet Far 29/09/19",0,0,0,0,0,0,0,1,3,0,0,0,0,1
"1764","T3",2019,"Aderet Far 9","Mediterranean Maquis","Judea","Aderet","Far",NA,NA,34.98201102,31.66318037,29/09/19,2709, 0.41035767,100,-0.506365641109759,0.862318872287684,935.1487605,"Aderet Far",622.481412,"Aderet Far 29/09/19",1,0,0,0,0,0,8,1,0,0,0,0,0,0
"1765","T3",2019,"Aderet Near 1","Mediterranean Maquis","Judea","Aderet","Near",NA,NA,34.98868503,31.66191561,29/09/19,2709, 0.41035767,100,-0.506365641109759,0.862318872287684,329.6312311,"Aderet Near",591.607063,"Aderet Near 29/09/19",1,0,0,0,0,0,13,3,4,0,0,0,0,0
"1766","T3",2019,"Aderet Near 2","Mediterranean Maquis","Judea","Aderet","Near",NA,NA,34.98882953,31.66106091,29/09/19,2709, 0.41035767,100,-0.506365641109759,0.862318872287684,272.3593327,"Aderet Near",518.652669,"Aderet Near 29/09/19",0,0,0,0,0,0,3,0,2,0,2,0,0,0
"1767","T3",2019,"Aderet Near 3","Mediterranean Maquis","Judea","Aderet","Near",NA,NA,34.98916313,31.66053981,29/09/19,2709, 0.41035767,100,-0.506365641109759,0.862318872287684,208.3907426,"Aderet Near",486.36916,"Aderet Near 29/09/19",1,0,0,0,0,0,1,0,4,0,1,0,0,0
"1768","T3",2019,"Aderet Near 4","Mediterranean Maquis","Judea","Aderet","Near",NA,NA,34.98949338,31.66023959,29/09/19,2709, 0.41035767,100,-0.506365641109759,0.862318872287684,162.6984617,"Aderet Near",476.719492,"Aderet Near 29/09/19",0,0,0,0,0,0,0,0,2,0,1,0,0,0
"1769","T3",2019,"Aderet Near 5","Mediterranean Maquis","Judea","Aderet","Near",NA,NA,34.98874135,31.65940514,29/09/19,2709, 0.41035767,100,-0.506365641109759,0.862318872287684,187.5503856,"Aderet Near",360.292077,"Aderet Near 29/09/19",1,0,0,0,0,0,1,0,0,0,0,0,0,0
"1770","T3",2019,"Aderet Near 6","Mediterranean Maquis","Judea","Aderet","Near",NA,NA,34.98958826,31.65960976,29/09/19,2709, 0.41035767,100,-0.506365641109759,0.862318872287684,115.1763348,"Aderet Near",429.371331,"Aderet Near 29/09/19",0,0,0,0,0,0,0,0,0,0,0,0,0,1
"1771","T3",2019,"Aderet Near 7","Mediterranean Maquis","Judea","Aderet","Near",NA,NA,34.9894565,31.66325828,29/09/19,2709, 0.41035767,100,-0.506365641109759,0.862318872287684,243.0597899,"Aderet Near",551.555745,"Aderet Near 29/09/19",1,0,0,0,0,0,2,0,4,0,0,0,0,0
"1772","T3",2019,"Aderet Near 9","Mediterranean Maquis","Judea","Aderet","Near",NA,NA,34.98873297,31.66252459,29/09/19,2709, 0.41035767,100,-0.506365641109759,0.862318872287684,311.08647,"Aderet Near",623.362145,"Aderet Near 29/09/19",0,0,0,0,0,0,0,0,1,0,0,0,0,0
"1773","T3",2019,"Beit Oren Far 1","Mediterranean Maquis","Carmel","Beit Oren","Far",NA,NA,35.0081577,32.72598763,05/11/19,2746, 0.44009653,137,-0.942514454558251,0.334165382630761,427.7820632,"Beit Oren Far",551.555522,"Beit Oren Far 05/11/19",8,0,0,0,0,0,0,0,4,0,0,0,25,0
"1774","T3",2019,"Beit Oren Far 2","Mediterranean Maquis","Carmel","Beit Oren","Far",NA,NA,35.00716746,32.72617094,05/11/19,2746, 0.44009653,137,-0.942514454558251,0.334165382630761,397.1993557,"Beit Oren Far",556.824618,"Beit Oren Far 05/11/19",0,0,0,0,0,0,0,0,0,0,0,0,44,0
"1775","T3",2019,"Beit Oren Far 3","Mediterranean Maquis","Carmel","Beit Oren","Far",NA,NA,35.00664108,32.72580649,05/11/19,2746, 0.44009653,137,-0.942514454558251,0.334165382630761,430.2537917,"Beit Oren Far",609.647361,"Beit Oren Far 05/11/19",0,0,0,0,0,0,0,0,1,0,0,0,34,0
"1776","T3",2019,"Beit Oren Far 4","Mediterranean Maquis","Carmel","Beit Oren","Far",NA,NA,35.00615861,32.72528441,05/11/19,2746, 0.44009653,137,-0.942514454558251,0.334165382630761,479.5117967,"Beit Oren Far",680.197125,"Beit Oren Far 05/11/19",2,0,0,0,0,0,0,0,3,0,0,0,15,0
"1777","T3",2019,"Beit Oren Far 5","Mediterranean Maquis","Carmel","Beit Oren","Far",NA,NA,35.00520844,32.72528892,05/11/19,2746, 0.44009653,137,-0.942514454558251,0.334165382630761,465.5291375,"Beit Oren Far",715.424926,"Beit Oren Far 05/11/19",3,0,0,0,0,0,0,0,0,0,0,0,9,0
"1778","T3",2019,"Beit Oren Far 6","Mediterranean Maquis","Carmel","Beit Oren","Far",NA,NA,35.00456337,32.72562118,05/11/19,2746, 0.44009653,137,-0.942514454558251,0.334165382630761,427.5648592,"Beit Oren Far",676.842648,"Beit Oren Far 05/11/19",4,0,0,0,0,0,0,0,3,0,1,0,19,0
"1779","T3",2019,"Beit Oren Far 8","Mediterranean Maquis","Carmel","Beit Oren","Far",NA,NA,35.00292923,32.7252232,05/11/19,2746, 0.44009653,137,-0.942514454558251,0.334165382630761,493.9755971,"Beit Oren Far",722.296202,"Beit Oren Far 05/11/19",0,0,0,0,0,0,0,0,0,0,0,0,1,0
"1780","T3",2019,"Beit Oren Far 9","Mediterranean Maquis","Carmel","Beit Oren","Far",NA,NA,35.00203002,32.72541302,05/11/19,2746, 0.44009653,137,-0.942514454558251,0.334165382630761,464.2485808,"Beit Oren Far",707.696852,"Beit Oren Far 05/11/19",1,0,0,0,0,0,0,0,0,0,0,0,0,0
"1781","T3",2019,"Beit Oren Near 2","Mediterranean Maquis","Carmel","Beit Oren","Near",NA,NA,35.00183892,32.73441812,05/11/19,2746, 0.44009653,137,-0.942514454558251,0.334165382630761,27.91420947,"Beit Oren Near",233.345152,"Beit Oren Near 05/11/19",2,0,0,0,0,0,0,0,2,0,1,0,0,0
"1782","T3",2019,"Beit Oren Near 4","Mediterranean Maquis","Carmel","Beit Oren","Near",NA,NA,35.0020498,32.73452839,05/11/19,2746, 0.44009653,137,-0.942514454558251,0.334165382630761,6.764731165,"Beit Oren Near",245.597349,"Beit Oren Near 05/11/19",0,0,0,0,0,0,0,0,2,0,0,0,15,0
"1783","T3",2019,"Beit Oren Near 5","Mediterranean Maquis","Carmel","Beit Oren","Near",NA,NA,35.00228114,32.73337996,05/11/19,2746, 0.44009653,137,-0.942514454558251,0.334165382630761,100.6141629,"Beit Oren Near",121.206981,"Beit Oren Near 05/11/19",0,0,0,0,0,0,0,0,9,0,3,0,13,0
"1784","T3",2019,"Beit Oren Near 6","Mediterranean Maquis","Carmel","Beit Oren","Near",NA,NA,35.00317365,32.73320708,05/11/19,2746, 0.44009653,137,-0.942514454558251,0.334165382630761,67.80159728,"Beit Oren Near",114.66614,"Beit Oren Near 05/11/19",1,0,0,0,0,0,0,0,0,0,0,0,0,0
"1785","T3",2019,"Beit Oren Near 8","Mediterranean Maquis","Carmel","Beit Oren","Near",NA,NA,35.00413857,32.73308552,05/11/19,2746, 0.44009653,137,-0.942514454558251,0.334165382630761,24.51269737,"Beit Oren Near",86.753997,"Beit Oren Near 05/11/19",15,0,0,0,0,0,0,0,25,0,13,0,29,4
"1786","T3",2019,"Beit Oren Near 9","Mediterranean Maquis","Carmel","Beit Oren","Near",NA,NA,35.00421602,32.73291038,05/11/19,2746, 0.44009653,137,-0.942514454558251,0.334165382630761,34.39430785,"Beit Oren Near",65.867376,"Beit Oren Near 05/11/19",5,0,0,0,0,0,0,0,0,0,0,0,0,0
"1787","T3",2020,"Ein Yaakov Far 1","Mediterranean Maquis","Galilee","Ein Yaakov","Far",NA,NA,35.22731815,33.00373802,06/02/20,2839, 0.51484556,-136,0.790433206722889,-0.6125482394961,306.6858495,"Ein Yaakov Far",345.222493,"Ein Yaakov Far 06/02/20",4,0,0,0,0,0,0,0,0,0,0,0,6,0
"1788","T3",2020,"Ein Yaakov Far 2","Mediterranean Maquis","Galilee","Ein Yaakov","Far",NA,NA,35.22761084,33.00325862,06/02/20,2839, 0.51484556,-136,0.790433206722889,-0.6125482394961,361.5205627,"Ein Yaakov Far",399.809492,"Ein Yaakov Far 06/02/20",3,0,0,0,0,0,0,0,0,0,0,0,1,1
"1789","T3",2020,"Ein Yaakov Far 4","Mediterranean Maquis","Galilee","Ein Yaakov","Far",NA,NA,35.22836722,33.00273085,06/02/20,2839, 0.51484556,-136,0.790433206722889,-0.6125482394961,424.527613,"Ein Yaakov Far",491.735898,"Ein Yaakov Far 06/02/20",10,0,0,0,0,0,0,0,0,0,0,0,11,0
"1790","T3",2020,"Ein Yaakov Far 5","Mediterranean Maquis","Galilee","Ein Yaakov","Far",NA,NA,35.22906795,33.00280395,06/02/20,2839, 0.51484556,-136,0.790433206722889,-0.6125482394961,420.6978639,"Ein Yaakov Far",538.828188,"Ein Yaakov Far 06/02/20",1,0,0,0,0,0,0,0,0,0,0,0,1,0
"1791","T3",2020,"Ein Yaakov Far 6","Mediterranean Maquis","Galilee","Ein Yaakov","Far",NA,NA,35.22961378,33.00281436,06/02/20,2839, 0.51484556,-136,0.790433206722889,-0.6125482394961,422.8639489,"Ein Yaakov Far",580.6837,"Ein Yaakov Far 06/02/20",6,0,0,0,0,0,0,0,0,0,0,0,3,0
"1792","T3",2020,"Ein Yaakov Far 7","Mediterranean Maquis","Galilee","Ein Yaakov","Far",NA,NA,35.23029506,33.00278849,06/02/20,2839, 0.51484556,-136,0.790433206722889,-0.6125482394961,434.4185825,"Ein Yaakov Far",636.564059,"Ein Yaakov Far 06/02/20",0,0,0,0,0,0,0,0,0,0,0,0,3,1
"1793","T3",2020,"Ein Yaakov Far 8","Mediterranean Maquis","Galilee","Ein Yaakov","Far",NA,NA,35.23064811,33.00288437,06/02/20,2839, 0.51484556,-136,0.790433206722889,-0.6125482394961,432.2723499,"Ein Yaakov Far",660.925409,"Ein Yaakov Far 06/02/20",5,0,0,0,0,0,0,0,0,0,0,0,2,0
"1794","T3",2020,"Ein Yaakov Far 9","Mediterranean Maquis","Galilee","Ein Yaakov","Far",NA,NA,35.23121573,33.0029333,06/02/20,2839, 0.51484556,-136,0.790433206722889,-0.6125482394961,445.3220226,"Ein Yaakov Far",706.205909,"Ein Yaakov Far 06/02/20",5,0,0,0,0,0,0,0,0,0,0,0,13,0
"1795","T3",2020,"Ein Yaakov Near 1","Mediterranean Maquis","Galilee","Ein Yaakov","Near",NA,NA,35.22520356,33.005499,06/02/20,2839, 0.51484556,-136,0.790433206722889,-0.6125482394961,151.3983525,"Ein Yaakov Near",79.619844,"Ein Yaakov Near 06/02/20",8,0,0,0,0,0,0,0,0,0,0,0,0,2
"1796","T3",2020,"Ein Yaakov Near 2","Mediterranean Maquis","Galilee","Ein Yaakov","Near",NA,NA,35.2260907,33.00550828,06/02/20,2839, 0.51484556,-136,0.790433206722889,-0.6125482394961,108.0989576,"Ein Yaakov Near",153.201136,"Ein Yaakov Near 06/02/20",113,0,0,0,0,0,0,0,0,0,0,0,48,10
"1797","T3",2020,"Ein Yaakov Near 3","Mediterranean Maquis","Galilee","Ein Yaakov","Near",NA,NA,35.22622112,33.00567192,06/02/20,2839, 0.51484556,-136,0.790433206722889,-0.6125482394961,87.95496574,"Ein Yaakov Near",160.525944,"Ein Yaakov Near 06/02/20",31,0,0,0,0,0,0,0,0,0,0,0,35,1
"1798","T3",2020,"Ein Yaakov Near 4","Mediterranean Maquis","Galilee","Ein Yaakov","Near",NA,NA,35.22674181,33.00564886,06/02/20,2839, 0.51484556,-136,0.790433206722889,-0.6125482394961,91.70945981,"Ein Yaakov Near",208.840241,"Ein Yaakov Near 06/02/20",36,0,0,0,0,0,0,0,0,0,0,0,27,0
"1799","T3",2020,"Ein Yaakov Near 5","Mediterranean Maquis","Galilee","Ein Yaakov","Near",NA,NA,35.22719074,33.00564858,06/02/20,2839, 0.51484556,-136,0.790433206722889,-0.6125482394961,94.4703915,"Ein Yaakov Near",250.361755,"Ein Yaakov Near 06/02/20",22,0,0,0,0,0,0,0,0,0,0,0,5,1
"1800","T3",2020,"Ein Yaakov Near 6","Mediterranean Maquis","Galilee","Ein Yaakov","Near",NA,NA,35.22741839,33.00580435,06/02/20,2839, 0.51484556,-136,0.790433206722889,-0.6125482394961,78.61567254,"Ein Yaakov Near",269.971588,"Ein Yaakov Near 06/02/20",1,0,0,0,0,0,0,0,0,0,0,0,4,0
"1801","T3",2020,"Ein Yaakov Near 7","Mediterranean Maquis","Galilee","Ein Yaakov","Near",NA,NA,35.22787336,33.00584427,06/02/20,2839, 0.51484556,-136,0.790433206722889,-0.6125482394961,76.96413981,"Ein Yaakov Near",312.226764,"Ein Yaakov Near 06/02/20",7,0,0,0,0,0,0,0,0,0,0,0,3,0
"1802","T3",2020,"Ein Yaakov Near 8","Mediterranean Maquis","Galilee","Ein Yaakov","Near",NA,NA,35.22842322,33.00578045,06/02/20,2839, 0.51484556,-136,0.790433206722889,-0.6125482394961,87.37019197,"Ein Yaakov Near",348.515857,"Ein Yaakov Near 06/02/20",10,7,0,0,0,0,0,0,0,0,0,0,1,0
"1803","T3",2020,"Ein Yaakov Near 9","Mediterranean Maquis","Galilee","Ein Yaakov","Near",NA,NA,35.22879705,33.00580828,06/02/20,2839, 0.51484556,-136,0.790433206722889,-0.6125482394961,86.56297194,"Ein Yaakov Near",356.17207,"Ein Yaakov Near 06/02/20",35,7,0,0,0,0,0,0,0,0,2,0,0,1
"1804","T3",2019,"Givat Yearim Far 1","Mediterranean Maquis","Judea","Givat Yearim","Far",NA,NA,35.09059221,31.77560842,15/09/19,2695, 0.39910513,86,-0.92345844700406,-0.383698444949742,479.9898444,"Givat Yearim Far",503.847406,"Givat Yearim Far 15/09/19",1,0,0,0,0,0,0,0,0,0,0,0,0,0
"1805","T3",2019,"Givat Yearim Far 2","Mediterranean Maquis","Judea","Givat Yearim","Far",NA,NA,35.09177238,31.77558477,15/09/19,2695, 0.39910513,86,-0.92345844700406,-0.383698444949742,409.6784601,"Givat Yearim Far",413.296478,"Givat Yearim Far 15/09/19",2,0,0,0,0,0,0,0,0,0,0,0,0,0
"1806","T3",2019,"Givat Yearim Far 4","Mediterranean Maquis","Judea","Givat Yearim","Far",NA,NA,35.09359092,31.77459031,15/09/19,2695, 0.39910513,86,-0.92345844700406,-0.383698444949742,397.0981156,"Givat Yearim Far",390.14847,"Givat Yearim Far 15/09/19",1,0,0,0,0,0,0,0,0,0,0,0,0,0
"1807","T3",2019,"Givat Yearim Far 5","Mediterranean Maquis","Judea","Givat Yearim","Far",NA,NA,35.09239197,31.77499676,15/09/19,2695, 0.39910513,86,-0.92345844700406,-0.383698444949742,415.6107264,"Givat Yearim Far",416.652212,"Givat Yearim Far 15/09/19",50,0,0,0,0,0,2,8,0,0,0,0,10,0
"1808","T3",2019,"Givat Yearim Far 6","Mediterranean Maquis","Judea","Givat Yearim","Far",NA,NA,35.09298876,31.77341343,15/09/19,2695, 0.39910513,86,-0.92345844700406,-0.383698444949742,539.4577913,"Givat Yearim Far",532.500911,"Givat Yearim Far 15/09/19",0,0,0,0,0,0,0,0,0,0,0,0,0,1
"1809","T3",2019,"Givat Yearim Far 7","Mediterranean Maquis","Judea","Givat Yearim","Far",NA,NA,35.0934682,31.77366853,15/09/19,2695, 0.39910513,86,-0.92345844700406,-0.383698444949742,497.0905373,"Givat Yearim Far",486.177374,"Givat Yearim Far 15/09/19",2,0,0,0,0,0,0,0,0,0,0,0,0,0
"1810","T3",2019,"Givat Yearim Far 8","Mediterranean Maquis","Judea","Givat Yearim","Far",NA,NA,35.09081047,31.77586608,15/09/19,2695, 0.39910513,86,-0.92345844700406,-0.383698444949742,444.7645132,"Givat Yearim Far",471.669685,"Givat Yearim Far 15/09/19",3,0,0,0,0,0,0,0,0,0,0,0,0,0
"1811","T3",2019,"Givat Yearim Far 9","Mediterranean Maquis","Judea","Givat Yearim","Far",NA,NA,35.08997563,31.77564035,15/09/19,2695, 0.39910513,86,-0.92345844700406,-0.383698444949742,515.8290148,"Givat Yearim Far",553.533703,"Givat Yearim Far 15/09/19",0,0,0,0,0,0,0,1,0,0,0,0,0,0
"1812","T3",2019,"Givat Yearim Near 1","Mediterranean Maquis","Judea","Givat Yearim","Near",NA,NA,35.09519689,31.78676729,16/09/19,2696, 0.39990888,87,-0.821817836630823,0.569750334265312,82.21239266,"Givat Yearim Near",385.124909,"Givat Yearim Near 16/09/19",2,0,0,0,0,0,0,3,2,0,0,0,0,0
"1813","T3",2019,"Givat Yearim Near 2","Mediterranean Maquis","Judea","Givat Yearim","Near",NA,NA,35.09369452,31.78708762,16/09/19,2696, 0.39990888,87,-0.821817836630823,0.569750334265312,75.08894882,"Givat Yearim Near",408.767046,"Givat Yearim Near 16/09/19",15,0,0,0,0,0,0,3,17,0,2,0,0,0
"1814","T3",2019,"Givat Yearim Near 3","Mediterranean Maquis","Judea","Givat Yearim","Near",NA,NA,35.09612761,31.786321,16/09/19,2696, 0.39990888,87,-0.821817836630823,0.569750334265312,60.31768191,"Givat Yearim Near",293.526559,"Givat Yearim Near 16/09/19",0,0,0,0,0,0,0,1,0,0,0,0,0,0
"1815","T3",2019,"Givat Yearim Near 4","Mediterranean Maquis","Judea","Givat Yearim","Near",NA,NA,35.09525556,31.78662138,16/09/19,2696, 0.39990888,87,-0.821817836630823,0.569750334265312,68.33010662,"Givat Yearim Near",368.714516,"Givat Yearim Near 16/09/19",0,0,0,0,0,0,0,0,1,0,0,0,0,0
"1816","T3",2019,"Givat Yearim Near 6","Mediterranean Maquis","Judea","Givat Yearim","Near",NA,NA,35.09673949,31.7864367,16/09/19,2696, 0.39990888,87,-0.821817836630823,0.569750334265312,89.35025425,"Givat Yearim Near",280.546498,"Givat Yearim Near 16/09/19",0,0,0,0,0,0,0,0,13,0,0,0,0,0
"1817","T3",2019,"Givat Yearim Near 9","Mediterranean Maquis","Judea","Givat Yearim","Near",NA,NA,35.0946524,31.7866607,16/09/19,2696, 0.39990888,87,-0.821817836630823,0.569750334265312,55.9924242,"Givat Yearim Near",397.319633,"Givat Yearim Near 16/09/19",0,0,0,0,0,0,0,1,33,0,2,0,0,0
"1818","T3",2019,"Givat Yeshayahu Far 1","Mediterranean Maquis","Judea","Givat Yeshayahu","Far",NA,NA,34.9583048,31.6605925,03/09/19,2683, 0.38946009,74,-0.985146260468247,0.171717341830778,526.1824529,"Givat Yeshayahu Far",143.533227,"Givat Yeshayahu Far 03/09/19",1,0,0,0,0,0,0,0,0,0,0,0,0,0
"1819","T3",2019,"Givat Yeshayahu Far 3","Mediterranean Maquis","Judea","Givat Yeshayahu","Far",NA,NA,34.95698232,31.66077154,03/09/19,2683, 0.38946009,74,-0.985146260468247,0.171717341830778,525.7844115,"Givat Yeshayahu Far",213.108396,"Givat Yeshayahu Far 03/09/19",0,0,0,0,0,0,0,0,1,0,0,0,0,1
"1820","T3",2019,"Givat Yeshayahu Far 4","Mediterranean Maquis","Judea","Givat Yeshayahu","Far",NA,NA,34.956581,31.66123984,03/09/19,2683, 0.38946009,74,-0.985146260468247,0.171717341830778,488.7777412,"Givat Yeshayahu Far",277.524128,"Givat Yeshayahu Far 03/09/19",0,0,0,0,0,0,3,0,1,0,0,0,0,11
"1821","T3",2019,"Givat Yeshayahu Far 5","Mediterranean Maquis","Judea","Givat Yeshayahu","Far",NA,NA,34.95617732,31.66180859,03/09/19,2683, 0.38946009,74,-0.985146260468247,0.171717341830778,448.2302162,"Givat Yeshayahu Far",334.352769,"Givat Yeshayahu Far 03/09/19",0,0,0,0,0,0,0,0,0,0,1,0,0,0
"1822","T3",2019,"Givat Yeshayahu Far 6","Mediterranean Maquis","Judea","Givat Yeshayahu","Far",NA,NA,34.95604187,31.6620777,03/09/19,2683, 0.38946009,74,-0.985146260468247,0.171717341830778,429.2501468,"Givat Yeshayahu Far",358.362691,"Givat Yeshayahu Far 03/09/19",0,0,0,0,0,0,0,0,0,0,0,0,0,1
"1823","T3",2019,"Givat Yeshayahu Far 7","Mediterranean Maquis","Judea","Givat Yeshayahu","Far",NA,NA,34.95618034,31.6624815,03/09/19,2683, 0.38946009,74,-0.985146260468247,0.171717341830778,384.7023215,"Givat Yeshayahu Far",404.6128,"Givat Yeshayahu Far 03/09/19",0,0,0,0,0,0,0,0,0,0,0,0,0,2
"1824","T3",2019,"Givat Yeshayahu Far 9","Mediterranean Maquis","Judea","Givat Yeshayahu","Far",NA,NA,34.95888837,31.66037914,03/09/19,2683, 0.38946009,74,-0.985146260468247,0.171717341830778,550.8716832,"Givat Yeshayahu Far",127.41133,"Givat Yeshayahu Far 03/09/19",0,0,0,0,0,0,0,0,0,0,0,0,0,1
"1825","T3",2019,"Givat Yeshayahu Near 2","Mediterranean Maquis","Judea","Givat Yeshayahu","Near",NA,NA,34.95102346,31.67218364,03/09/19,2683, 0.38946009,74,-0.985146260468247,0.171717341830778,106.5285694,"Givat Yeshayahu Near",84.13831,"Givat Yeshayahu Near 03/09/19",0,0,0,0,0,0,0,0,13,0,0,0,0,0
"1826","T3",2019,"Givat Yeshayahu Near 3","Mediterranean Maquis","Judea","Givat Yeshayahu","Near",NA,NA,34.95151531,31.67223757,03/09/19,2683, 0.38946009,74,-0.985146260468247,0.171717341830778,138.5923716,"Givat Yeshayahu Near",107.881057,"Givat Yeshayahu Near 03/09/19",1,0,0,0,0,0,0,0,8,0,0,0,0,3
"1827","T3",2019,"Givat Yeshayahu Near 4","Mediterranean Maquis","Judea","Givat Yeshayahu","Near",NA,NA,34.95195284,31.67198904,03/09/19,2683, 0.38946009,74,-0.985146260468247,0.171717341830778,149.30383,"Givat Yeshayahu Near",157.57342,"Givat Yeshayahu Near 03/09/19",0,0,0,0,0,0,0,0,52,0,0,0,0,13
"1828","T3",2019,"Givat Yeshayahu Near 5","Mediterranean Maquis","Judea","Givat Yeshayahu","Near",NA,NA,34.9522215,31.6717151,03/09/19,2683, 0.38946009,74,-0.985146260468247,0.171717341830778,149.5018402,"Givat Yeshayahu Near",196.247908,"Givat Yeshayahu Near 03/09/19",0,0,0,0,0,0,0,0,10,0,0,0,0,8
"1829","T3",2019,"Givat Yeshayahu Near 6","Mediterranean Maquis","Judea","Givat Yeshayahu","Near",NA,NA,34.9533372,31.67112473,03/09/19,2683, 0.38946009,74,-0.985146260468247,0.171717341830778,159.2079015,"Givat Yeshayahu Near",320.448069,"Givat Yeshayahu Near 03/09/19",1,0,0,0,0,0,0,0,5,0,0,0,0,5
"1830","T3",2019,"Givat Yeshayahu Near 7","Mediterranean Maquis","Judea","Givat Yeshayahu","Near",NA,NA,34.953614,31.6709883,03/09/19,2683, 0.38946009,74,-0.985146260468247,0.171717341830778,154.2068818,"Givat Yeshayahu Near",350.100913,"Givat Yeshayahu Near 03/09/19",5,0,0,0,0,0,1,0,38,0,0,0,0,43
"1831","T3",2019,"Givat Yeshayahu Near 8","Mediterranean Maquis","Judea","Givat Yeshayahu","Near",NA,NA,34.95020539,31.67281995,03/09/19,2683, 0.38946009,74,-0.985146260468247,0.171717341830778,103.8470334,"Givat Yeshayahu Near",20.179297,"Givat Yeshayahu Near 03/09/19",0,0,0,0,0,0,0,0,29,0,0,0,0,0
"1832","T3",2019,"Givat Yeshayahu Near 9","Mediterranean Maquis","Judea","Givat Yeshayahu","Near",NA,NA,34.95261401,31.67153249,03/09/19,2683, 0.38946009,74,-0.985146260468247,0.171717341830778,165.204888,"Givat Yeshayahu Near",238.389788,"Givat Yeshayahu Near 03/09/19",0,0,0,0,0,0,0,0,13,0,0,0,0,1
"1833","T3",2020,"Goren Far 1","Mediterranean Maquis","Galilee","Goren","Far",NA,NA,35.25366582,33.04702177,14/01/20,2816, 0.49635924,-159,-0.939519731713148,-0.342494779115907,1115.932576,"Goren Far",76.765941,"Goren Far 14/01/20",0,0,0,0,0,0,0,0,3,0,0,0,5,0
"1834","T3",2020,"Goren Far 2","Mediterranean Maquis","Galilee","Goren","Far",NA,NA,35.25400411,33.04751977,14/01/20,2816, 0.49635924,-159,-0.939519731713148,-0.342494779115907,1160.153133,"Goren Far",87.9777,"Goren Far 14/01/20",1,0,0,0,0,0,0,0,3,0,0,0,7,0
"1835","T3",2020,"Goren Far 3","Mediterranean Maquis","Galilee","Goren","Far",NA,NA,35.25420226,33.04804755,14/01/20,2816, 0.49635924,-159,-0.939519731713148,-0.342494779115907,1108.21917,"Goren Far",116.868378,"Goren Far 14/01/20",1,0,0,0,0,0,0,0,0,0,0,0,3,1
"1836","T3",2020,"Goren Far 4","Mediterranean Maquis","Galilee","Goren","Far",NA,NA,35.25515411,33.0486231,14/01/20,2816, 0.49635924,-159,-0.939519731713148,-0.342494779115907,1068.996828,"Goren Far",192.460461,"Goren Far 14/01/20",2,0,0,1,0,0,0,0,7,0,0,0,11,0
"1837","T3",2020,"Goren Far 5","Mediterranean Maquis","Galilee","Goren","Far",NA,NA,35.25555074,33.04923013,14/01/20,2816, 0.49635924,-159,-0.939519731713148,-0.342494779115907,1013.631618,"Goren Far",115.556408,"Goren Far 14/01/20",0,0,0,0,0,0,0,0,2,0,0,0,5,0
"1838","T3",2020,"Goren Far 6","Mediterranean Maquis","Galilee","Goren","Far",NA,NA,35.25574319,33.04983068,14/01/20,2816, 0.49635924,-159,-0.939519731713148,-0.342494779115907,955.382478,"Goren Far",48.0601,"Goren Far 14/01/20",0,0,0,1,0,0,0,0,1,0,3,0,2,0
"1839","T3",2020,"Goren Far 7","Mediterranean Maquis","Galilee","Goren","Far",NA,NA,35.25491472,33.05095338,14/01/20,2816, 0.49635924,-159,-0.939519731713148,-0.342494779115907,813.5349822,"Goren Far",85.467427,"Goren Far 14/01/20",6,0,0,2,0,0,0,0,2,0,0,0,0,2
"1840","T3",2020,"Goren Far 8","Mediterranean Maquis","Galilee","Goren","Far",NA,NA,35.25497574,33.05392235,14/01/20,2816, 0.49635924,-159,-0.939519731713148,-0.342494779115907,507.7391118,"Goren Far",23.929923,"Goren Far 14/01/20",1,0,0,6,0,0,0,0,0,0,0,0,0,0
"1841","T3",2020,"Goren Far 9","Mediterranean Maquis","Galilee","Goren","Far",NA,NA,35.25542635,33.05439304,14/01/20,2816, 0.49635924,-159,-0.939519731713148,-0.342494779115907,484.0984767,"Goren Far",72.368922,"Goren Far 14/01/20",2,0,0,10,0,0,0,0,0,0,0,0,0,0
"1842","T3",2020,"Goren Near 1","Mediterranean Maquis","Galilee","Goren","Near",NA,NA,35.229692,33.056086,14/01/20,2816, 0.49635924,-159,-0.939519731713148,-0.342494779115907,195.6402302,"Goren Near",262.35799,"Goren Near 14/01/20",20,0,0,1,0,0,0,0,0,0,0,0,9,0
"1843","T3",2020,"Goren Near 2","Mediterranean Maquis","Galilee","Goren","Near",NA,NA,35.23101423,33.05619741,14/01/20,2816, 0.49635924,-159,-0.939519731713148,-0.342494779115907,71.54634168,"Goren Near",177.167417,"Goren Near 14/01/20",2,0,0,1,0,0,0,0,0,0,1,0,23,2
"1844","T3",2020,"Goren Near 3","Mediterranean Maquis","Galilee","Goren","Near",NA,NA,35.23131263,33.05577646,14/01/20,2816, 0.49635924,-159,-0.939519731713148,-0.342494779115907,49.1227919,"Goren Near",123.164789,"Goren Near 14/01/20",61,0,0,3,0,0,0,0,6,0,0,0,17,0
"1845","T3",2020,"Goren Near 4","Mediterranean Maquis","Galilee","Goren","Near",NA,NA,35.23127005,33.05523917,14/01/20,2816, 0.49635924,-159,-0.939519731713148,-0.342494779115907,59.79714356,"Goren Near",87.90044,"Goren Near 14/01/20",48,0,0,1,0,0,0,0,3,0,0,0,16,0
"1846","T3",2020,"Goren Near 5","Mediterranean Maquis","Galilee","Goren","Near",NA,NA,35.23145143,33.05500509,14/01/20,2816, 0.49635924,-159,-0.939519731713148,-0.342494779115907,45.89428591,"Goren Near",63.740766,"Goren Near 14/01/20",65,0,0,2,0,0,0,0,8,0,0,0,35,0
"1847","T3",2020,"Goren Near 6","Mediterranean Maquis","Galilee","Goren","Near",NA,NA,35.23142695,33.05458385,14/01/20,2816, 0.49635924,-159,-0.939519731713148,-0.342494779115907,53.43683109,"Goren Near",70.970624,"Goren Near 14/01/20",56,0,0,5,0,0,0,0,14,0,0,0,16,1
"1848","T3",2020,"Goren Near 7","Mediterranean Maquis","Galilee","Goren","Near",NA,NA,35.23157448,33.05406988,14/01/20,2816, 0.49635924,-159,-0.939519731713148,-0.342494779115907,60.02478476,"Goren Near",83.167796,"Goren Near 14/01/20",11,0,0,0,0,0,0,0,6,0,0,0,5,0
"1849","T3",2020,"Goren Near 8","Mediterranean Maquis","Galilee","Goren","Near",NA,NA,35.23199324,33.0530422,14/01/20,2816, 0.49635924,-159,-0.939519731713148,-0.342494779115907,141.5714153,"Goren Near",144.035473,"Goren Near 14/01/20",16,0,0,2,0,0,0,0,0,0,0,0,5,0
"1850","T3",2020,"Goren Near 9","Mediterranean Maquis","Galilee","Goren","Near",NA,NA,35.22911288,33.05589139,14/01/20,2816, 0.49635924,-159,-0.939519731713148,-0.342494779115907,251.816696,"Goren Near",279.642388,"Goren Near 14/01/20",14,0,0,8,0,0,0,0,4,0,0,0,23,0
"1851","T3",2020,"Iftach Far 1","Mediterranean Maquis","Galilee","Iftach","Far",NA,NA,35.55674102,33.12485742,16/04/20,2909, 0.57110827,-66,0.0265511540239668,-0.99964745596635,173.2488105,"Iftach Far",77.748493,"Iftach Far 16/04/20",1,0,0,0,0,0,0,0,2,0,0,0,8,6
"1852","T3",2020,"Iftach Far 2","Mediterranean Maquis","Galilee","Iftach","Far",NA,NA,35.55659115,33.12428517,16/04/20,2909, 0.57110827,-66,0.0265511540239668,-0.99964745596635,166.6254633,"Iftach Far",69.162771,"Iftach Far 16/04/20",0,0,0,0,0,0,0,0,0,0,0,0,6,1
"1853","T3",2020,"Iftach Far 3","Mediterranean Maquis","Galilee","Iftach","Far",NA,NA,35.55758256,33.12458618,16/04/20,2909, 0.57110827,-66,0.0265511540239668,-0.99964745596635,254.7118775,"Iftach Far",158.390577,"Iftach Far 16/04/20",0,0,0,0,0,0,0,0,0,0,1,0,9,0
"1854","T3",2020,"Iftach Far 4","Mediterranean Maquis","Galilee","Iftach","Far",NA,NA,35.55757988,33.12418016,16/04/20,2909, 0.57110827,-66,0.0265511540239668,-0.99964745596635,259.6224772,"Iftach Far",162.178964,"Iftach Far 16/04/20",0,0,0,0,0,0,1,0,3,0,0,0,13,0
"1855","T3",2020,"Iftach Far 5","Mediterranean Maquis","Galilee","Iftach","Far",NA,NA,35.55819981,33.12465694,16/04/20,2909, 0.57110827,-66,0.0265511540239668,-0.99964745596635,311.036202,"Iftach Far",215.208584,"Iftach Far 16/04/20",0,0,0,0,0,0,1,0,1,0,0,0,17,0
"1856","T3",2020,"Iftach Far 6","Mediterranean Maquis","Galilee","Iftach","Far",NA,NA,35.55813376,33.12434863,16/04/20,2909, 0.57110827,-66,0.0265511540239668,-0.99964745596635,308.8305942,"Iftach Far",211.759833,"Iftach Far 16/04/20",0,0,0,0,0,0,0,0,11,0,0,0,13,0
"1857","T3",2020,"Iftach Far 8","Mediterranean Maquis","Galilee","Iftach","Far",NA,NA,35.55816293,33.12336839,16/04/20,2909, 0.57110827,-66,0.0265511540239668,-0.99964745596635,325.2325718,"Iftach Far",229.943092,"Iftach Far 16/04/20",0,0,0,0,0,0,0,0,0,0,0,0,2,0
"1858","T3",2020,"Iftach Near 1","Mediterranean Maquis","Galilee","Iftach","Near",NA,NA,35.55391096,33.13156995,16/04/20,2909, 0.57110827,-66,0.0265511540239668,-0.99964745596635,22.31654202,"Iftach Near",104.77379,"Iftach Near 16/04/20",0,0,0,0,0,0,0,0,1,0,0,0,0,0
"1859","T3",2020,"Iftach Near 2","Mediterranean Maquis","Galilee","Iftach","Near",NA,NA,35.55462174,33.13107159,16/04/20,2909, 0.57110827,-66,0.0265511540239668,-0.99964745596635,40.37013432,"Iftach Near",122.471883,"Iftach Near 16/04/20",0,0,0,0,0,0,0,0,0,0,0,0,1,0
"1860","T3",2020,"Iftach Near 3","Mediterranean Maquis","Galilee","Iftach","Near",NA,NA,35.55501837,33.13090706,16/04/20,2909, 0.57110827,-66,0.0265511540239668,-0.99964745596635,58.22063558,"Iftach Near",96.848263,"Iftach Near 16/04/20",0,0,0,0,0,0,0,0,3,0,0,0,3,0
"1861","T3",2020,"Iftach Near 4","Mediterranean Maquis","Galilee","Iftach","Near",NA,NA,35.55556823,33.12991145,16/04/20,2909, 0.57110827,-66,0.0265511540239668,-0.99964745596635,51.38572205,"Iftach Near",121.807313,"Iftach Near 16/04/20",0,0,0,0,0,0,0,0,2,0,0,0,22,0
"1862","T3",2020,"Iftach Near 5","Mediterranean Maquis","Galilee","Iftach","Near",NA,NA,35.55540662,33.12972783,16/04/20,2909, 0.57110827,-66,0.0265511540239668,-0.99964745596635,35.2423793,"Iftach Near",146.702112,"Iftach Near 16/04/20",0,0,0,0,0,0,0,0,6,0,0,0,6,0
"1863","T3",2020,"Iftach Near 6","Mediterranean Maquis","Galilee","Iftach","Near",NA,NA,35.55557493,33.12924743,16/04/20,2909, 0.57110827,-66,0.0265511540239668,-0.99964745596635,48.09043161,"Iftach Near",188.252224,"Iftach Near 16/04/20",0,0,0,0,0,0,0,0,0,0,0,0,3,0
"1864","T3",2020,"Iftach Near 7","Mediterranean Maquis","Galilee","Iftach","Near",NA,NA,35.55550218,33.1285702,16/04/20,2909, 0.57110827,-66,0.0265511540239668,-0.99964745596635,37.31361246,"Iftach Near",262.369003,"Iftach Near 16/04/20",0,0,0,0,0,0,0,0,1,0,0,0,4,0
"1865","T3",2020,"Iftach Near 9","Mediterranean Maquis","Galilee","Iftach","Near",NA,NA,35.55580191,33.12734573,16/04/20,2909, 0.57110827,-66,0.0265511540239668,-0.99964745596635,58.01641616,"Iftach Near",193.107596,"Iftach Near 16/04/20",0,0,0,0,0,0,0,0,0,0,0,0,2,0
"1866","T3",2019,"Kerem Maharal Far 1","Mediterranean Maquis","Carmel","Kerem Maharal","Far",NA,NA,35.00440244,32.67151321,07/12/19,2778, 0.46581663,169,-0.601999867677605,0.798496186162556,2119.711841,"Kerem Maharal Far",607.167999,"Kerem Maharal Far 07/12/19",0,0,0,0,0,0,0,0,2,0,2,0,14,2
"1867","T3",2019,"Kerem Maharal Far 2","Mediterranean Maquis","Carmel","Kerem Maharal","Far",NA,NA,35.00462808,32.67145197,07/12/19,2778, 0.46581663,169,-0.601999867677605,0.798496186162556,2130.457193,"Kerem Maharal Far",595.459661,"Kerem Maharal Far 07/12/19",0,0,0,0,0,0,0,0,0,0,2,0,12,0
"1868","T3",2019,"Kerem Maharal Far 4","Mediterranean Maquis","Carmel","Kerem Maharal","Far",NA,NA,35.00508707,32.67168452,07/12/19,2778, 0.46581663,169,-0.601999867677605,0.798496186162556,2114.199002,"Kerem Maharal Far",612.084548,"Kerem Maharal Far 07/12/19",0,0,0,0,0,0,0,0,2,0,0,0,8,1
"1869","T3",2019,"Kerem Maharal Far 5","Mediterranean Maquis","Carmel","Kerem Maharal","Far",NA,NA,35.00558663,32.67200429,07/12/19,2778, 0.46581663,169,-0.601999867677605,0.798496186162556,2090.554932,"Kerem Maharal Far",641.664726,"Kerem Maharal Far 07/12/19",0,0,0,0,0,0,0,0,0,0,0,0,8,0
"1870","T3",2019,"Kerem Maharal Far 6","Mediterranean Maquis","Carmel","Kerem Maharal","Far",NA,NA,35.0058277,32.67179939,07/12/19,2778, 0.46581663,169,-0.601999867677605,0.798496186162556,2118.173371,"Kerem Maharal Far",617.74393,"Kerem Maharal Far 07/12/19",0,0,0,0,0,0,3,0,1,0,0,0,12,5
"1871","T3",2019,"Kerem Maharal Far 9","Mediterranean Maquis","Carmel","Kerem Maharal","Far",NA,NA,35.00742126,32.67163118,07/12/19,2778, 0.46581663,169,-0.601999867677605,0.798496186162556,2178.332514,"Kerem Maharal Far",607.724226,"Kerem Maharal Far 07/12/19",0,0,0,0,0,0,0,0,2,0,1,0,2,5
"1872","T3",2019,"Kerem Maharal Near 1","Mediterranean Maquis","Carmel","Kerem Maharal","Near",NA,NA,34.9909468,32.65551083,07/12/19,2778, 0.46581663,169,-0.601999867677605,0.798496186162556,625.488109,"Kerem Maharal Near",100.47901,"Kerem Maharal Near 07/12/19",0,0,0,0,0,0,0,0,0,0,0,0,1,0
"1873","T3",2019,"Kerem Maharal Near 2","Mediterranean Maquis","Carmel","Kerem Maharal","Near",NA,NA,34.99140713,32.65530844,07/12/19,2778, 0.46581663,169,-0.601999867677605,0.798496186162556,612.6137362,"Kerem Maharal Near",56.543984,"Kerem Maharal Near 07/12/19",2,0,0,0,0,0,0,0,0,0,1,0,0,0
"1874","T3",2019,"Kerem Maharal Near 3","Mediterranean Maquis","Carmel","Kerem Maharal","Near",NA,NA,34.99131024,32.65504592,07/12/19,2778, 0.46581663,169,-0.601999867677605,0.798496186162556,582.1596174,"Kerem Maharal Near",40.396898,"Kerem Maharal Near 07/12/19",0,0,0,0,0,0,0,0,0,0,1,0,4,2
"1875","T3",2019,"Kerem Maharal Near 4","Mediterranean Maquis","Carmel","Kerem Maharal","Near",NA,NA,34.99135114,32.6572776,07/12/19,2778, 0.46581663,169,-0.601999867677605,0.798496186162556,825.0353181,"Kerem Maharal Near",29.812716,"Kerem Maharal Near 07/12/19",0,0,0,0,0,0,0,0,0,0,0,0,9,0
"1876","T3",2019,"Kerem Maharal Near 5","Mediterranean Maquis","Carmel","Kerem Maharal","Near",NA,NA,34.99100983,32.65714098,07/12/19,2778, 0.46581663,169,-0.601999867677605,0.798496186162556,804.9687895,"Kerem Maharal Near",65.388633,"Kerem Maharal Near 07/12/19",0,0,0,0,0,0,0,0,0,0,0,0,25,2
"1877","T3",2019,"Kerem Maharal Near 6","Mediterranean Maquis","Carmel","Kerem Maharal","Near",NA,NA,34.99107387,32.6572505,07/12/19,2778, 0.46581663,169,-0.601999867677605,0.798496186162556,817.8543308,"Kerem Maharal Near",54.857016,"Kerem Maharal Near 07/12/19",0,0,0,0,0,0,3,0,1,0,0,0,17,0
"1878","T3",2019,"Kerem Maharal Near 7","Mediterranean Maquis","Carmel","Kerem Maharal","Near",NA,NA,34.99072418,32.65749552,07/12/19,2778, 0.46581663,169,-0.601999867677605,0.798496186162556,840.7036963,"Kerem Maharal Near",73.185426,"Kerem Maharal Near 07/12/19",0,0,0,0,0,0,0,0,2,0,0,0,4,0
"1879","T3",2019,"Kerem Maharal Near 8","Mediterranean Maquis","Carmel","Kerem Maharal","Near",NA,NA,34.99055788,32.65740999,07/12/19,2778, 0.46581663,169,-0.601999867677605,0.798496186162556,829.7767446,"Kerem Maharal Near",91.522853,"Kerem Maharal Near 07/12/19",0,0,0,0,0,0,1,0,1,0,1,0,8,3
"1880","T3",2019,"Kerem Maharal Near 9","Mediterranean Maquis","Carmel","Kerem Maharal","Near",NA,NA,34.99047909,32.65701847,07/12/19,2778, 0.46581663,169,-0.601999867677605,0.798496186162556,785.8897465,"Kerem Maharal Near",116.209629,"Kerem Maharal Near 07/12/19",0,0,0,0,0,0,1,4,0,0,0,0,12,0
"1881","T3",2020,"Kfar Shamai Far 1","Mediterranean Maquis","Galilee","Kfar Shamai","Far",NA,NA,35.46842183,32.97040891,24/05/20,2947, 0.60165088,-28,-0.270905788307869,-0.962605866313567,1357.866261,"Kfar Shamai Far",980.174685,"Kfar Shamai Far 24/05/20",0,0,0,0,0,0,0,0,0,0,0,0,8,0
"1882","T3",2020,"Kfar Shamai Far 2","Mediterranean Maquis","Galilee","Kfar Shamai","Far",NA,NA,35.4691498,32.96950291,24/05/20,2947, 0.60165088,-28,-0.270905788307869,-0.962605866313567,1353.465867,"Kfar Shamai Far",1005.851644,"Kfar Shamai Far 24/05/20",1,0,0,0,0,0,0,0,1,0,0,0,8,0
"1883","T3",2020,"Kfar Shamai Far 3","Mediterranean Maquis","Galilee","Kfar Shamai","Far",NA,NA,35.46940494,32.96894625,24/05/20,2947, 0.60165088,-28,-0.270905788307869,-0.962605866313567,1336.265938,"Kfar Shamai Far",1011.345589,"Kfar Shamai Far 24/05/20",2,0,0,0,0,0,0,0,7,0,0,0,66,0
"1884","T3",2020,"Kfar Shamai Far 4","Mediterranean Maquis","Galilee","Kfar Shamai","Far",NA,NA,35.46984449,32.96843121,24/05/20,2947, 0.60165088,-28,-0.270905788307869,-0.962605866313567,1335.706478,"Kfar Shamai Far",1026.177624,"Kfar Shamai Far 24/05/20",1,0,0,0,0,0,3,0,1,0,0,0,72,0
"1885","T3",2020,"Kfar Shamai Far 5","Mediterranean Maquis","Galilee","Kfar Shamai","Far",NA,NA,35.46978565,32.96801319,24/05/20,2947, 0.60165088,-28,-0.270905788307869,-0.962605866313567,1304.379364,"Kfar Shamai Far",984.68694,"Kfar Shamai Far 24/05/20",2,0,0,0,0,0,1,0,3,0,0,0,167,0
"1886","T3",2020,"Kfar Shamai Far 6","Mediterranean Maquis","Galilee","Kfar Shamai","Far",NA,NA,35.46952497,32.96765289,24/05/20,2947, 0.60165088,-28,-0.270905788307869,-0.962605866313567,1261.764632,"Kfar Shamai Far",938.016527,"Kfar Shamai Far 24/05/20",1,0,0,0,0,0,0,0,0,0,0,0,66,0
"1887","T3",2020,"Kfar Shamai Far 7","Mediterranean Maquis","Galilee","Kfar Shamai","Far",NA,NA,35.46921476,32.96712224,24/05/20,2947, 0.60165088,-28,-0.270905788307869,-0.962605866313567,1205.396392,"Kfar Shamai Far",873.355927,"Kfar Shamai Far 24/05/20",0,0,0,0,0,0,0,0,0,0,0,0,18,0
"1888","T3",2020,"Kfar Shamai Far 8","Mediterranean Maquis","Galilee","Kfar Shamai","Far",NA,NA,35.46918031,32.96656457,24/05/20,2947, 0.60165088,-28,-0.270905788307869,-0.962605866313567,1170.808443,"Kfar Shamai Far",821.936067,"Kfar Shamai Far 24/05/20",0,0,0,0,0,0,0,0,2,0,0,0,14,0
"1889","T3",2020,"Kfar Shamai Far 9","Mediterranean Maquis","Galilee","Kfar Shamai","Far",NA,NA,35.46883028,32.96639777,24/05/20,2947, 0.60165088,-28,-0.270905788307869,-0.962605866313567,1133.218223,"Kfar Shamai Far",787.839249,"Kfar Shamai Far 24/05/20",1,0,0,0,0,0,0,0,1,0,0,0,11,0
"1890","T3",2020,"Kfar Shamai Near 1","Mediterranean Maquis","Galilee","Kfar Shamai","Near",NA,NA,35.45916427,32.96593223,24/05/20,2947, 0.60165088,-28,-0.270905788307869,-0.962605866313567,377.9789503,"Kfar Shamai Near",46.111234,"Kfar Shamai Near 24/05/20",32,0,0,0,0,0,0,0,16,0,0,0,81,1
"1891","T3",2020,"Kfar Shamai Near 2","Mediterranean Maquis","Galilee","Kfar Shamai","Near",NA,NA,35.45938253,32.96560958,24/05/20,2947, 0.60165088,-28,-0.270905788307869,-0.962605866313567,365.371361,"Kfar Shamai Near",77.992247,"Kfar Shamai Near 24/05/20",15,0,0,0,0,0,0,0,5,0,0,0,52,2
"1892","T3",2020,"Kfar Shamai Near 3","Mediterranean Maquis","Galilee","Kfar Shamai","Near",NA,NA,35.45921389,32.96519101,24/05/20,2947, 0.60165088,-28,-0.270905788307869,-0.962605866313567,322.3598815,"Kfar Shamai Near",73.151748,"Kfar Shamai Near 24/05/20",0,0,0,0,0,0,0,0,5,0,0,0,37,0
"1893","T3",2020,"Kfar Shamai Near 5","Mediterranean Maquis","Galilee","Kfar Shamai","Near",NA,NA,35.45879513,32.9644121,24/05/20,2947, 0.60165088,-28,-0.270905788307869,-0.962605866313567,238.8278788,"Kfar Shamai Near",37.597165,"Kfar Shamai Near 24/05/20",12,0,0,0,0,0,0,0,0,0,2,0,14,0
"1894","T3",2020,"Kfar Shamai Near 6","Mediterranean Maquis","Galilee","Kfar Shamai","Near",NA,NA,35.45867644,32.96381208,24/05/20,2947, 0.60165088,-28,-0.270905788307869,-0.962605866313567,190.5775353,"Kfar Shamai Near",29.975777,"Kfar Shamai Near 24/05/20",0,0,0,0,0,0,0,0,0,0,0,0,2,0
"1895","T3",2020,"Kfar Shamai Near 7","Mediterranean Maquis","Galilee","Kfar Shamai","Near",NA,NA,35.45859564,32.96372122,24/05/20,2947, 0.60165088,-28,-0.270905788307869,-0.962605866313567,178.5307382,"Kfar Shamai Near",25.208554,"Kfar Shamai Near 24/05/20",1,0,0,0,0,0,0,0,0,0,0,0,2,0
"1896","T3",2020,"Kfar Shamai Near 8","Mediterranean Maquis","Galilee","Kfar Shamai","Near",NA,NA,35.45866035,32.96293864,24/05/20,2947, 0.60165088,-28,-0.270905788307869,-0.962605866313567,132.1621097,"Kfar Shamai Near",37.195029,"Kfar Shamai Near 24/05/20",10,0,0,0,0,0,0,0,8,0,0,0,14,0
"1897","T3",2020,"Kfar Shamai Near 9","Mediterranean Maquis","Galilee","Kfar Shamai","Near",NA,NA,35.45909386,32.96230598,24/05/20,2947, 0.60165088,-28,-0.270905788307869,-0.962605866313567,123.4384044,"Kfar Shamai Near",41.298046,"Kfar Shamai Near 24/05/20",22,0,0,0,0,0,0,0,11,0,0,0,8,0
"1898","T3",2019,"Kisalon Far 1","Mediterranean Maquis","Judea","Kisalon","Far",NA,NA,35.0407571,31.76838022,22/10/19,2732, 0.42884399,123,-0.459903490689591,-0.887968906691855,738.0713933,"Kisalon Far",1227.89921,"Kisalon Far 22/10/19",0,0,0,0,0,0,2,0,0,0,0,0,5,0
"1899","T3",2019,"Kisalon Far 2","Mediterranean Maquis","Judea","Kisalon","Far",NA,NA,35.03996953,31.7681747,22/10/19,2732, 0.42884399,123,-0.459903490689591,-0.887968906691855,781.8503136,"Kisalon Far",1303.993792,"Kisalon Far 22/10/19",1,0,0,0,0,0,0,0,2,0,0,0,0,1
"1900","T3",2019,"Kisalon Far 4","Mediterranean Maquis","Judea","Kisalon","Far",NA,NA,35.03892481,31.76830012,22/10/19,2732, 0.42884399,123,-0.459903490689591,-0.887968906691855,807.8242887,"Kisalon Far",1401.68603,"Kisalon Far 22/10/19",0,0,0,0,0,0,0,0,2,0,0,0,0,0
"1901","T3",2019,"Kisalon Far 5","Mediterranean Maquis","Judea","Kisalon","Far",NA,NA,35.03832769,31.76840787,22/10/19,2732, 0.42884399,123,-0.459903490689591,-0.887968906691855,824.2868158,"Kisalon Far",1457.450723,"Kisalon Far 22/10/19",0,0,0,0,0,0,0,0,5,0,0,0,0,0
"1902","T3",2019,"Kisalon Far 6","Mediterranean Maquis","Judea","Kisalon","Far",NA,NA,35.04103236,31.76864218,22/10/19,2732, 0.42884399,123,-0.459903490689591,-0.887968906691855,701.6133768,"Kisalon Far",1200.307813,"Kisalon Far 22/10/19",0,0,0,0,0,0,1,0,0,0,0,0,1,0
"1903","T3",2019,"Kisalon Far 8","Mediterranean Maquis","Judea","Kisalon","Far",NA,NA,35.03789619,31.76837737,22/10/19,2732, 0.42884399,123,-0.459903490689591,-0.887968906691855,848.555493,"Kisalon Far",1498.44611,"Kisalon Far 22/10/19",0,0,0,0,0,0,0,0,6,0,0,0,0,0
"1904","T3",2019,"Kisalon Near 1","Mediterranean Maquis","Judea","Kisalon","Near",NA,NA,35.05102057,31.77499448,22/10/19,2732, 0.42884399,123,-0.459903490689591,-0.887968906691855,4.900259449,"Kisalon Near",106.415778,"Kisalon Near 22/10/19",1,0,0,0,0,0,0,0,1,0,0,0,0,0
"1905","T3",2019,"Kisalon Near 4","Mediterranean Maquis","Judea","Kisalon","Near",NA,NA,35.05480215,31.77461824,22/10/19,2732, 0.42884399,123,-0.459903490689591,-0.887968906691855,159.3569514,"Kisalon Near",12.321744,"Kisalon Near 22/10/19",2,0,0,0,0,0,0,0,0,0,0,0,0,0
"1906","T3",2019,"Kisalon Near 5","Mediterranean Maquis","Judea","Kisalon","Near",NA,NA,35.05353179,31.77454556,22/10/19,2732, 0.42884399,123,-0.459903490689591,-0.887968906691855,88.74956897,"Kisalon Near",55.792786,"Kisalon Near 22/10/19",0,0,0,0,0,0,0,0,0,0,0,0,1,0
"1907","T3",2019,"Kisalon Near 6","Mediterranean Maquis","Judea","Kisalon","Near",NA,NA,35.0538208,31.77455753,22/10/19,2732, 0.42884399,123,-0.459903490689591,-0.887968906691855,104.3835876,"Kisalon Near",44.089648,"Kisalon Near 22/10/19",2,0,0,0,0,0,0,0,5,0,0,0,0,0
"1908","T3",2019,"Kisalon Near 7","Mediterranean Maquis","Judea","Kisalon","Near",NA,NA,35.05513072,31.77469093,22/10/19,2732, 0.42884399,123,-0.459903490689591,-0.887968906691855,182.6866841,"Kisalon Near",5.196224,"Kisalon Near 22/10/19",0,0,0,0,0,0,0,0,6,0,0,0,7,0
"1909","T3",2020,"Margaliot Far 1","Mediterranean Maquis","Galilee","Margaliot","Far",NA,NA,35.54457687,33.20323543,16/03/20,2878, 0.54619192,-97,-0.379607739027522,-0.925147536596414,345.876873,"Margaliot Far",128.572722,"Margaliot Far 16/03/20",3,0,0,0,0,0,0,0,0,0,0,0,5,0
"1910","T3",2020,"Margaliot Far 2","Mediterranean Maquis","Galilee","Margaliot","Far",NA,NA,35.54389592,33.20412304,16/03/20,2878, 0.54619192,-97,-0.379607739027522,-0.925147536596414,438.253822,"Margaliot Far",143.809991,"Margaliot Far 16/03/20",5,0,0,0,0,0,0,0,1,0,0,0,0,0
"1911","T3",2020,"Margaliot Far 4","Mediterranean Maquis","Galilee","Margaliot","Far",NA,NA,35.54435927,33.20406609,16/03/20,2878, 0.54619192,-97,-0.379607739027522,-0.925147536596414,434.4724515,"Margaliot Far",169.53457,"Margaliot Far 16/03/20",7,0,0,0,0,0,0,0,7,0,0,0,4,0
"1912","T3",2020,"Margaliot Far 5","Mediterranean Maquis","Galilee","Margaliot","Far",NA,NA,35.54427277,33.20421197,16/03/20,2878, 0.54619192,-97,-0.379607739027522,-0.925147536596414,449.790022,"Margaliot Far",175.242088,"Margaliot Far 16/03/20",7,0,0,0,0,0,0,0,2,0,0,0,4,0
"1913","T3",2020,"Margaliot Far 6","Mediterranean Maquis","Galilee","Margaliot","Far",NA,NA,35.54390296,33.20512005,16/03/20,2878, 0.54619192,-97,-0.379607739027522,-0.925147536596414,548.8319204,"Margaliot Far",156.766337,"Margaliot Far 16/03/20",1,0,0,0,0,0,0,0,17,0,0,0,3,0
"1914","T3",2020,"Margaliot Far 8","Mediterranean Maquis","Galilee","Margaliot","Far",NA,NA,35.54334339,33.20580174,16/03/20,2878, 0.54619192,-97,-0.379607739027522,-0.925147536596414,608.8812126,"Margaliot Far",100.358137,"Margaliot Far 16/03/20",0,0,0,0,0,0,0,0,0,0,0,0,1,0
"1915","T3",2020,"Margaliot Far 9","Mediterranean Maquis","Galilee","Margaliot","Far",NA,NA,35.54312915,33.20598998,16/03/20,2878, 0.54619192,-97,-0.379607739027522,-0.925147536596414,594.9968716,"Margaliot Far",74.667157,"Margaliot Far 16/03/20",2,0,0,0,0,0,0,0,1,0,0,0,5,0
"1916","T3",2020,"Margaliot Near 1","Mediterranean Maquis","Galilee","Margaliot","Near",NA,NA,35.54010739,33.21541303,16/03/20,2878, 0.54619192,-97,-0.379607739027522,-0.925147536596414,181.3988899,"Margaliot Near",49.712366,"Margaliot Near 16/03/20",10,0,0,0,0,0,0,0,6,0,1,0,7,0
"1917","T3",2020,"Margaliot Near 2","Mediterranean Maquis","Galilee","Margaliot","Near",NA,NA,35.54087307,33.21542699,16/03/20,2878, 0.54619192,-97,-0.379607739027522,-0.925147536596414,122.0010999,"Margaliot Near",76.720563,"Margaliot Near 16/03/20",4,0,0,0,0,0,0,0,2,0,0,0,4,0
"1918","T3",2020,"Margaliot Near 3","Mediterranean Maquis","Galilee","Margaliot","Near",NA,NA,35.54143969,33.21511676,16/03/20,2878, 0.54619192,-97,-0.379607739027522,-0.925147536596414,98.33747194,"Margaliot Near",134.034462,"Margaliot Near 16/03/20",6,0,0,0,0,0,0,0,0,0,0,0,2,0
"1919","T3",2020,"Margaliot Near 4","Mediterranean Maquis","Galilee","Margaliot","Near",NA,NA,35.54196842,33.21392996,16/03/20,2878, 0.54619192,-97,-0.379607739027522,-0.925147536596414,124.8362203,"Margaliot Near",90.165894,"Margaliot Near 16/03/20",13,0,0,0,0,0,0,0,8,0,0,0,8,0
"1920","T3",2020,"Margaliot Near 5","Mediterranean Maquis","Galilee","Margaliot","Near",NA,NA,35.54192416,33.21400373,16/03/20,2878, 0.54619192,-97,-0.379607739027522,-0.925147536596414,130.0828673,"Margaliot Near",97.210256,"Margaliot Near 16/03/20",12,0,0,0,0,0,0,0,1,0,0,0,8,0
"1921","T3",2020,"Margaliot Near 6","Mediterranean Maquis","Galilee","Margaliot","Near",NA,NA,35.54131027,33.21309882,16/03/20,2878, 0.54619192,-97,-0.379607739027522,-0.925147536596414,197.7873402,"Margaliot Near",55.192592,"Margaliot Near 16/03/20",9,0,0,0,0,0,0,0,3,0,0,0,0,0
"1922","T3",2020,"Margaliot Near 7","Mediterranean Maquis","Galilee","Margaliot","Near",NA,NA,35.54124925,33.21266825,16/03/20,2878, 0.54619192,-97,-0.379607739027522,-0.925147536596414,213.5399226,"Margaliot Near",27.655148,"Margaliot Near 16/03/20",23,0,0,0,0,0,0,0,0,0,0,0,4,0
"1923","T3",2020,"Margaliot Near 8","Mediterranean Maquis","Galilee","Margaliot","Near",NA,NA,35.54098472,33.21250471,16/03/20,2878, 0.54619192,-97,-0.379607739027522,-0.925147536596414,241.9860551,"Margaliot Near",53.864324,"Margaliot Near 16/03/20",6,0,0,0,0,0,0,0,3,0,0,0,1,0
"1924","T3",2020,"Margaliot Near 9","Mediterranean Maquis","Galilee","Margaliot","Near",NA,NA,35.54077249,33.21263571,16/03/20,2878, 0.54619192,-97,-0.379607739027522,-0.925147536596414,257.7114201,"Margaliot Near",71.73379,"Margaliot Near 16/03/20",0,0,0,0,0,0,0,0,2,0,0,0,0,0
"1925","T3",2019,"Nehusha Far 1","Mediterranean Maquis","Judea","Nehusha","Far",NA,NA,34.94517591,31.63887196,02/10/19,2712, 0.41276893,103,0.622988631442349,-0.782230889887116,857.8512188,"Nehusha Far",398.919958,"Nehusha Far 02/10/19",3,0,0,0,0,0,1,1,1,0,0,0,0,0
"1926","T3",2019,"Nehusha Far 3","Mediterranean Maquis","Judea","Nehusha","Far",NA,NA,34.94545083,31.6376611,02/10/19,2712, 0.41276893,103,0.622988631442349,-0.782230889887116,750.1101446,"Nehusha Far",442.348693,"Nehusha Far 02/10/19",0,0,0,0,0,0,0,0,5,0,1,0,0,0
"1927","T3",2019,"Nehusha Far 4","Mediterranean Maquis","Judea","Nehusha","Far",NA,NA,34.94567279,31.63726604,02/10/19,2712, 0.41276893,103,0.622988631442349,-0.782230889887116,706.2685063,"Nehusha Far",439.014701,"Nehusha Far 02/10/19",0,0,0,0,0,0,0,0,2,0,0,0,0,2
"1928","T3",2019,"Nehusha Far 5","Mediterranean Maquis","Judea","Nehusha","Far",NA,NA,34.94605735,31.63715443,02/10/19,2712, 0.41276893,103,0.622988631442349,-0.782230889887116,670.073281,"Nehusha Far",412.18159,"Nehusha Far 02/10/19",0,0,0,0,0,0,0,0,4,0,0,0,0,0
"1929","T3",2019,"Nehusha Far 6","Mediterranean Maquis","Judea","Nehusha","Far",NA,NA,34.94626388,31.63750924,02/10/19,2712, 0.41276893,103,0.622988631442349,-0.782230889887116,679.7985991,"Nehusha Far",376.957507,"Nehusha Far 02/10/19",0,0,0,0,0,0,0,0,2,0,0,0,0,0
"1930","T3",2019,"Nehusha Far 7","Mediterranean Maquis","Judea","Nehusha","Far",NA,NA,34.94689219,31.63753836,02/10/19,2712, 0.41276893,103,0.622988631442349,-0.782230889887116,638.025378,"Nehusha Far",321.95097,"Nehusha Far 02/10/19",0,0,0,0,0,0,0,0,0,0,0,0,0,2
"1931","T3",2019,"Nehusha Near 1","Mediterranean Maquis","Judea","Nehusha","Near",NA,NA,34.95147038,31.63579739,02/10/19,2712, 0.41276893,103,0.622988631442349,-0.782230889887116,254.0736004,"Nehusha Near",79.045744,"Nehusha Near 02/10/19",3,0,0,0,0,0,0,0,24,0,0,0,0,0
"1932","T3",2019,"Nehusha Near 2","Mediterranean Maquis","Judea","Nehusha","Near",NA,NA,34.9506617,31.63575714,02/10/19,2712, 0.41276893,103,0.622988631442349,-0.782230889887116,267.465779,"Nehusha Near",151.282372,"Nehusha Near 02/10/19",4,0,0,0,0,0,0,0,4,0,0,0,0,0
"1933","T3",2019,"Nehusha Near 3","Mediterranean Maquis","Judea","Nehusha","Near",NA,NA,34.95203264,31.63587018,02/10/19,2712, 0.41276893,103,0.622988631442349,-0.782230889887116,262.8940629,"Nehusha Near",44.664487,"Nehusha Near 02/10/19",0,0,0,0,0,0,0,0,1,0,0,0,0,1
"1934","T3",2019,"Nehusha Near 4","Mediterranean Maquis","Judea","Nehusha","Near",NA,NA,34.95236993,31.63582051,02/10/19,2712, 0.41276893,103,0.622988631442349,-0.782230889887116,259.9457666,"Nehusha Near",25.126083,"Nehusha Near 02/10/19",1,0,0,0,0,0,0,0,1,0,0,0,0,0
"1935","T3",2019,"Nehusha Near 5","Mediterranean Maquis","Judea","Nehusha","Near",NA,NA,34.95322723,31.63596752,02/10/19,2712, 0.41276893,103,0.622988631442349,-0.782230889887116,282.6556179,"Nehusha Near",77.501116,"Nehusha Near 02/10/19",0,0,0,0,0,0,0,0,2,0,0,0,0,0
"1936","T3",2019,"Nehusha Near 6","Mediterranean Maquis","Judea","Nehusha","Near",NA,NA,34.95344181,31.63586618,02/10/19,2712, 0.41276893,103,0.622988631442349,-0.782230889887116,273.0717391,"Nehusha Near",88.562104,"Nehusha Near 02/10/19",1,0,0,0,0,0,0,0,3,0,1,0,0,0
"1937","T3",2019,"Nehusha Near 7","Mediterranean Maquis","Judea","Nehusha","Near",NA,NA,34.95363023,31.63556703,02/10/19,2712, 0.41276893,103,0.622988631442349,-0.782230889887116,242.2557265,"Nehusha Near",60.026837,"Nehusha Near 02/10/19",0,0,0,0,0,0,0,0,4,0,0,0,0,0
"1938","T3",2019,"Nehusha Near 9","Mediterranean Maquis","Judea","Nehusha","Near",NA,NA,34.95434169,31.63500782,02/10/19,2712, 0.41276893,103,0.622988631442349,-0.782230889887116,195.0581115,"Nehusha Near",80.111683,"Nehusha Near 02/10/19",1,0,0,0,0,0,0,0,2,0,0,0,0,1
"1939","T3",2019,"Nir Etzion Far 1","Mediterranean Maquis","Carmel","Nir Etzion","Far",NA,NA,35.00607178,32.69857765,25/11/19,2766, 0.45617159,157,-0.0795485428747221,0.996830993361718,805.2454709,"Nir Etzion Far",566.302976,"Nir Etzion Far 25/11/19",0,0,0,0,0,0,0,0,1,0,0,0,5,1
"1940","T3",2019,"Nir Etzion Far 2","Mediterranean Maquis","Carmel","Nir Etzion","Far",NA,NA,35.00641543,32.6984157,25/11/19,2766, 0.45617159,157,-0.0795485428747221,0.996830993361718,810.6168341,"Nir Etzion Far",530.040924,"Nir Etzion Far 25/11/19",0,0,0,0,0,0,0,2,0,0,0,0,8,0
"1941","T3",2019,"Nir Etzion Far 3","Mediterranean Maquis","Carmel","Nir Etzion","Far",NA,NA,35.00676177,32.69830989,25/11/19,2766, 0.45617159,157,-0.0795485428747221,0.996830993361718,822.4691181,"Nir Etzion Far",497.216493,"Nir Etzion Far 25/11/19",0,0,0,0,0,0,0,1,3,0,0,0,9,1
"1942","T3",2019,"Nir Etzion Far 4","Mediterranean Maquis","Carmel","Nir Etzion","Far",NA,NA,35.00689052,32.69832964,25/11/19,2766, 0.45617159,157,-0.0795485428747221,0.996830993361718,832.0877967,"Nir Etzion Far",489.503838,"Nir Etzion Far 25/11/19",1,0,0,0,0,0,0,1,5,0,0,0,17,1
"1943","T3",2019,"Nir Etzion Far 5","Mediterranean Maquis","Carmel","Nir Etzion","Far",NA,NA,35.00760634,32.69807261,25/11/19,2766, 0.45617159,157,-0.0795485428747221,0.996830993361718,857.7285412,"Nir Etzion Far",420.619023,"Nir Etzion Far 25/11/19",0,0,0,0,0,0,0,0,0,0,0,0,6,0
"1944","T3",2019,"Nir Etzion Far 7","Mediterranean Maquis","Carmel","Nir Etzion","Far",NA,NA,35.00916872,32.69795665,25/11/19,2766, 0.45617159,157,-0.0795485428747221,0.996830993361718,951.1967533,"Nir Etzion Far",319.995733,"Nir Etzion Far 25/11/19",0,0,0,0,0,0,0,0,0,0,0,0,1,0
"1945","T3",2019,"Nir Etzion Far 8","Mediterranean Maquis","Carmel","Nir Etzion","Far",NA,NA,35.00957072,32.69824443,25/11/19,2766, 0.45617159,157,-0.0795485428747221,0.996830993361718,1000.379226,"Nir Etzion Far",319.696109,"Nir Etzion Far 25/11/19",0,0,0,0,0,0,0,2,0,0,0,0,3,0
"1946","T3",2019,"Nir Etzion Near 1","Mediterranean Maquis","Carmel","Nir Etzion","Near",NA,NA,34.99235932,32.70141963,25/11/19,2766, 0.45617159,157,-0.0795485428747221,0.996830993361718,29.71538917,"Nir Etzion Near",734.601731,"Nir Etzion Near 25/11/19",0,0,0,0,0,0,0,0,0,0,0,0,9,0
"1947","T3",2019,"Nir Etzion Near 2","Mediterranean Maquis","Carmel","Nir Etzion","Near",NA,NA,34.99289442,32.70111069,25/11/19,2766, 0.45617159,157,-0.0795485428747221,0.996830993361718,15.92709692,"Nir Etzion Near",738.682036,"Nir Etzion Near 25/11/19",0,0,0,0,0,0,0,0,0,0,0,0,4,0
"1948","T3",2019,"Nir Etzion Near 3","Mediterranean Maquis","Carmel","Nir Etzion","Near",NA,NA,34.99315526,32.70107768,25/11/19,2766, 0.45617159,157,-0.0795485428747221,0.996830993361718,23.2068327,"Nir Etzion Near",752.366739,"Nir Etzion Near 25/11/19",0,0,0,0,0,0,0,0,0,0,0,0,1,1
"1949","T3",2019,"Nir Etzion Near 4","Mediterranean Maquis","Carmel","Nir Etzion","Near",NA,NA,34.99350932,32.70083448,25/11/19,2766, 0.45617159,157,-0.0795485428747221,0.996830993361718,39.9081102,"Nir Etzion Near",755.367253,"Nir Etzion Near 25/11/19",1,0,0,0,0,0,0,0,0,0,0,0,19,0
"1950","T3",2019,"Nir Etzion Near 5","Mediterranean Maquis","Carmel","Nir Etzion","Near",NA,NA,34.99401122,32.70080824,25/11/19,2766, 0.45617159,157,-0.0795485428747221,0.996830993361718,51.45016601,"Nir Etzion Near",788.127973,"Nir Etzion Near 25/11/19",1,0,0,0,0,0,0,0,0,0,0,0,17,0
"1951","T3",2019,"Nir Etzion Near 6","Mediterranean Maquis","Carmel","Nir Etzion","Near",NA,NA,34.99427542,32.70058648,25/11/19,2766, 0.45617159,157,-0.0795485428747221,0.996830993361718,30.4548148,"Nir Etzion Near",790.972694,"Nir Etzion Near 25/11/19",0,0,0,0,0,0,0,0,0,0,0,0,1,0
"1952","T3",2019,"Nir Etzion Near 8","Mediterranean Maquis","Carmel","Nir Etzion","Near",NA,NA,34.99510221,32.70036105,25/11/19,2766, 0.45617159,157,-0.0795485428747221,0.996830993361718,16.2309818,"Nir Etzion Near",837.430866,"Nir Etzion Near 25/11/19",4,0,0,0,0,0,0,6,10,0,8,0,74,9
"1953","T3",2019,"Nir Etzion Near 9","Mediterranean Maquis","Carmel","Nir Etzion","Near",NA,NA,34.99540564,32.70026823,25/11/19,2766, 0.45617159,157,-0.0795485428747221,0.996830993361718,9.902708051,"Nir Etzion Near",855.462913,"Nir Etzion Near 25/11/19",0,0,0,0,0,0,0,2,14,1,9,0,52,8
"1954","T3",2019,"Ofer Far 1","Mediterranean Maquis","Carmel","Ofer","Far",NA,NA,34.99040512,32.61497436,16/12/19,2787, 0.47305040,178,0.877575335804269,-0.479438765629173,594.5718048,"Ofer Far",4.835566,"Ofer Far 16/12/19",3,0,0,0,0,0,0,0,3,0,0,0,1,1
"1955","T3",2019,"Ofer Far 2","Mediterranean Maquis","Carmel","Ofer","Far",NA,NA,34.99097712,32.61516607,16/12/19,2787, 0.47305040,178,0.877575335804269,-0.479438765629173,625.774715,"Ofer Far",20.540433,"Ofer Far 16/12/19",0,0,0,0,0,0,0,0,2,0,0,0,3,0
"1956","T3",2019,"Ofer Far 3","Mediterranean Maquis","Carmel","Ofer","Far",NA,NA,34.99159288,32.61530131,16/12/19,2787, 0.47305040,178,0.877575335804269,-0.479438765629173,667.2174843,"Ofer Far",48.346622,"Ofer Far 16/12/19",2,0,0,0,0,0,0,0,10,0,5,0,2,17
"1957","T3",2019,"Ofer Far 4","Mediterranean Maquis","Carmel","Ofer","Far",NA,NA,34.99212664,32.61556593,16/12/19,2787, 0.47305040,178,0.877575335804269,-0.479438765629173,698.0747246,"Ofer Far",36.51627,"Ofer Far 16/12/19",0,0,0,0,0,0,0,0,7,0,2,0,2,1
"1958","T3",2019,"Ofer Far 5","Mediterranean Maquis","Carmel","Ofer","Far",NA,NA,34.99268655,32.6155038,16/12/19,2787, 0.47305040,178,0.877575335804269,-0.479438765629173,748.6546581,"Ofer Far",57.371002,"Ofer Far 16/12/19",0,0,0,0,0,0,0,1,8,0,2,0,3,6
"1959","T3",2019,"Ofer Far 6","Mediterranean Maquis","Carmel","Ofer","Far",NA,NA,34.99320354,32.61539479,16/12/19,2787, 0.47305040,178,0.877575335804269,-0.479438765629173,797.9126586,"Ofer Far",78.16652,"Ofer Far 16/12/19",0,0,0,0,0,0,0,0,0,0,0,0,1,0
"1960","T3",2019,"Ofer Far 7","Mediterranean Maquis","Carmel","Ofer","Far",NA,NA,34.99395087,32.61518891,16/12/19,2787, 0.47305040,178,0.877575335804269,-0.479438765629173,871.3582129,"Ofer Far",47.87727,"Ofer Far 16/12/19",7,0,0,0,0,0,0,1,8,0,1,0,5,14
"1961","T3",2019,"Ofer Far 9","Mediterranean Maquis","Carmel","Ofer","Far",NA,NA,34.99487188,32.61496355,16/12/19,2787, 0.47305040,178,0.877575335804269,-0.479438765629173,960.7328533,"Ofer Far",18.875358,"Ofer Far 16/12/19",0,0,0,0,0,0,0,0,2,0,1,0,0,0
"1962","T3",2019,"Ofer Near 1","Mediterranean Maquis","Carmel","Ofer","Near",NA,NA,34.98248912,32.61688334,16/12/19,2787, 0.47305040,178,0.877575335804269,-0.479438765629173,81.99721723,"Ofer Near",159.727982,"Ofer Near 16/12/19",0,0,0,0,0,0,0,0,1,0,0,0,1,0
"1963","T3",2019,"Ofer Near 2","Mediterranean Maquis","Carmel","Ofer","Near",NA,NA,34.98271745,32.61712112,16/12/19,2787, 0.47305040,178,0.877575335804269,-0.479438765629173,51.18814061,"Ofer Near",125.582752,"Ofer Near 16/12/19",2,0,0,0,0,0,0,0,2,0,0,0,12,0
"1964","T3",2019,"Ofer Near 4","Mediterranean Maquis","Carmel","Ofer","Near",NA,NA,34.98333,32.61725723,16/12/19,2787, 0.47305040,178,0.877575335804269,-0.479438765629173,51.2303946,"Ofer Near",86.387179,"Ofer Near 16/12/19",6,0,0,0,0,0,0,0,0,0,0,0,7,1
"1965","T3",2019,"Ofer Near 5","Mediterranean Maquis","Carmel","Ofer","Near",NA,NA,34.98378932,32.61717844,16/12/19,2787, 0.47305040,178,0.877575335804269,-0.479438765629173,69.41002853,"Ofer Near",80.386169,"Ofer Near 16/12/19",1,0,0,0,0,0,0,0,3,0,0,0,0,0
"1966","T3",2019,"Ofer Near 6","Mediterranean Maquis","Carmel","Ofer","Near",NA,NA,34.98443406,32.61716545,16/12/19,2787, 0.47305040,178,0.877575335804269,-0.479438765629173,61.22935459,"Ofer Near",75.112277,"Ofer Near 16/12/19",1,0,0,0,0,0,0,0,0,0,1,0,7,0
"1967","T3",2019,"Ofer Near 7","Mediterranean Maquis","Carmel","Ofer","Near",NA,NA,34.98521559,32.61750687,16/12/19,2787, 0.47305040,178,0.877575335804269,-0.479438765629173,60.95342119,"Ofer Near",98.31189,"Ofer Near 16/12/19",33,0,0,0,0,0,0,0,7,0,0,0,54,2
"1968","T3",2019,"Ofer Near 8","Mediterranean Maquis","Carmel","Ofer","Near",NA,NA,34.98600919,32.61821259,16/12/19,2787, 0.47305040,178,0.877575335804269,-0.479438765629173,56.39379092,"Ofer Near",59.582361,"Ofer Near 16/12/19",25,0,0,0,0,0,0,0,11,0,1,0,33,1
"1969","T3",2019,"Ofer Near 9","Mediterranean Maquis","Carmel","Ofer","Near",NA,NA,34.98645376,32.61839897,16/12/19,2787, 0.47305040,178,0.877575335804269,-0.479438765629173,98.65599154,"Ofer Near",55.044719,"Ofer Near 16/12/19",1,0,0,0,0,0,0,0,12,0,1,0,19,2
"1970","T3",2019,"Yagur Far 1","Mediterranean Maquis","Carmel","Yagur","Far",NA,NA,35.05393412,32.75575506,23/12/19,2794, 0.47867667,185,0.346621180094276,-0.93800520121695,577.401508,"Yagur Far",541.78747,"Yagur Far 23/12/19",7,0,0,0,0,0,0,0,2,0,1,0,3,3
"1971","T3",2019,"Yagur Far 2","Mediterranean Maquis","Carmel","Yagur","Far",NA,NA,35.05387478,32.75608833,23/12/19,2794, 0.47867667,185,0.346621180094276,-0.93800520121695,550.2738124,"Yagur Far",545.047429,"Yagur Far 23/12/19",3,0,0,0,0,0,0,0,7,0,2,0,15,2
"1972","T3",2019,"Yagur Far 4","Mediterranean Maquis","Carmel","Yagur","Far",NA,NA,35.05372055,32.7558794,23/12/19,2794, 0.47867667,185,0.346621180094276,-0.93800520121695,553.1828763,"Yagur Far",560.62996,"Yagur Far 23/12/19",1,0,0,0,0,0,0,0,0,0,0,0,11,1
"1973","T3",2019,"Yagur Far 8","Mediterranean Maquis","Carmel","Yagur","Far",NA,NA,35.05353481,32.75482176,23/12/19,2794, 0.47867667,185,0.346621180094276,-0.93800520121695,622.6647307,"Yagur Far",597.540568,"Yagur Far 23/12/19",13,0,0,0,0,0,0,0,15,0,0,0,4,0
"1974","T3",2019,"Yagur Far 9","Mediterranean Maquis","Carmel","Yagur","Far",NA,NA,35.05358979,32.7546069,23/12/19,2794, 0.47867667,185,0.346621180094276,-0.93800520121695,644.109093,"Yagur Far",599.141822,"Yagur Far 23/12/19",0,0,0,0,0,0,0,0,0,0,0,0,2,0
"1975","T3",2019,"Yagur Near 1","Mediterranean Maquis","Carmel","Yagur","Near",NA,NA,35.07479399,32.73942372,23/12/19,2794, 0.47867667,185,0.346621180094276,-0.93800520121695,14.33753939,"Yagur Near",696.266304,"Yagur Near 23/12/19",2,0,0,0,0,0,0,0,0,0,1,0,0,4
"1976","T3",2019,"Yagur Near 3","Mediterranean Maquis","Carmel","Yagur","Near",NA,NA,35.07388439,32.73901565,23/12/19,2794, 0.47867667,185,0.346621180094276,-0.93800520121695,108.3575754,"Yagur Near",734.915273,"Yagur Near 23/12/19",0,0,0,0,0,0,0,0,4,0,0,0,1,2
"1977","T3",2019,"Yagur Near 4","Mediterranean Maquis","Carmel","Yagur","Near",NA,NA,35.07399403,32.73879765,23/12/19,2794, 0.47867667,185,0.346621180094276,-0.93800520121695,110.7721991,"Yagur Near",712.561681,"Yagur Near 23/12/19",0,0,0,0,0,0,0,0,0,0,0,0,3,0
"1978","T3",2019,"Yagur Near 5","Mediterranean Maquis","Carmel","Yagur","Near",NA,NA,35.07444698,32.73881401,23/12/19,2794, 0.47867667,185,0.346621180094276,-0.93800520121695,78.43318907,"Yagur Near",678.522828,"Yagur Near 23/12/19",0,0,0,0,0,0,0,0,0,0,0,0,4,0
"1979","T3",2019,"Yagur Near 6","Mediterranean Maquis","Carmel","Yagur","Near",NA,NA,35.07486206,32.73897588,23/12/19,2794, 0.47867667,185,0.346621180094276,-0.93800520121695,44.92342026,"Yagur Near",659.431337,"Yagur Near 23/12/19",0,0,0,0,0,0,0,0,0,0,0,0,6,1
"1980","T3",2019,"Yagur Near 7","Mediterranean Maquis","Carmel","Yagur","Near",NA,NA,35.07534184,32.73901452,23/12/19,2794, 0.47867667,185,0.346621180094276,-0.93800520121695,36.20584115,"Yagur Near",627.687341,"Yagur Near 23/12/19",0,0,0,0,0,0,0,0,4,0,15,0,6,4
"1981","T3",2019,"Yagur Near 8","Mediterranean Maquis","Carmel","Yagur","Near",NA,NA,35.07598389,32.73899788,23/12/19,2794, 0.47867667,185,0.346621180094276,-0.93800520121695,32.48264679,"Yagur Near",583.904564,"Yagur Near 23/12/19",3,0,0,0,0,0,0,0,10,0,0,0,5,0
"1982","T3",2019,"Yagur Near 9","Mediterranean Maquis","Carmel","Yagur","Near",NA,NA,35.07678319,32.73871051,23/12/19,2794, 0.47867667,185,0.346621180094276,-0.93800520121695,41.26200056,"Yagur Near",509.943463,"Yagur Near 23/12/19",0,0,0,0,0,0,0,0,0,0,0,0,3,0
"1983","T3",2020,"Bislach Far 3","Negev Highlands",NA,"Bislach","Far",NA,NA,34.89655215,31.00363404,16/10/20,3092, 0.71819506,117,-0.689697940935389,-0.724097196700474,2002.40155,"Bislach Far",6309.085747,"Bislach Far 16/10/20",0,0,0,0,0,5,0,0,0,4,0,0,0,2
"1984","T3",2020,"Bislach Far 4","Negev Highlands",NA,"Bislach","Far",NA,NA,34.8976264,31.0043507,16/10/20,3092, 0.71819506,117,-0.689697940935389,-0.724097196700474,1987.005127,"Bislach Far",6282.663142,"Bislach Far 16/10/20",0,0,0,0,0,2,0,0,0,0,0,0,0,0
"1985","T3",2020,"Bislach Far 5","Negev Highlands",NA,"Bislach","Far",NA,NA,34.89813868,31.00486314,16/10/20,3092, 0.71819506,117,-0.689697940935389,-0.724097196700474,1996.948925,"Bislach Far",6254.557877,"Bislach Far 16/10/20",0,0,0,0,0,2,0,0,0,0,0,0,0,0
"1986","T3",2020,"Bislach Far 6","Negev Highlands",NA,"Bislach","Far",NA,NA,34.89876766,31.00540972,16/10/20,3092, 0.71819506,117,-0.689697940935389,-0.724097196700474,2005.704845,"Bislach Far",6228.5531,"Bislach Far 16/10/20",0,0,0,0,0,2,0,0,0,0,0,0,0,0
"1987","T3",2020,"Bislach Far 8","Negev Highlands",NA,"Bislach","Far",NA,NA,34.89927795,31.00627557,16/10/20,3092, 0.71819506,117,-0.689697940935389,-0.724097196700474,2053.417381,"Bislach Far",6167.082103,"Bislach Far 16/10/20",0,0,0,0,0,0,0,0,0,0,0,0,0,1
"1988","T3",2020,"Bislach Far 9","Negev Highlands",NA,"Bislach","Far",NA,NA,34.90000013,31.00662759,16/10/20,3092, 0.71819506,117,-0.689697940935389,-0.724097196700474,2046.76544,"Bislach Far",6167.004545,"Bislach Far 16/10/20",0,0,0,0,0,0,0,0,0,0,0,0,0,1
"1989","T3",2020,"Bislach Near 1","Negev Highlands",NA,"Bislach","Near",NA,NA,34.87189695,31.02175774,16/10/20,3092, 0.71819506,117,-0.689697940935389,-0.724097196700474,1255.647687,"Bislach Near",3698.841349,"Bislach Near 16/10/20",0,0,0,0,0,0,0,0,7,5,0,0,0,1
"1990","T3",2020,"Bislach Near 2","Negev Highlands",NA,"Bislach","Near",NA,NA,34.87252593,31.02118424,16/10/20,3092, 0.71819506,117,-0.689697940935389,-0.724097196700474,1267.130655,"Bislach Near",3769.220131,"Bislach Near 16/10/20",0,0,0,0,0,0,0,0,1,3,0,0,0,4
"1991","T3",2020,"Bislach Near 4","Negev Highlands",NA,"Bislach","Near",NA,NA,34.87428244,31.02019843,16/10/20,3092, 0.71819506,117,-0.689697940935389,-0.724097196700474,1358.070144,"Bislach Near",3899.380845,"Bislach Near 16/10/20",0,0,0,0,0,0,0,0,0,1,0,0,0,0
"1992","T3",2020,"Bislach Near 5","Negev Highlands",NA,"Bislach","Near",NA,NA,34.87041,31.02378995,16/10/20,3092, 0.71819506,117,-0.689697940935389,-0.724097196700474,1308.664823,"Bislach Near",3461.793848,"Bislach Near 16/10/20",0,0,0,0,0,2,0,1,2,4,0,0,0,0
"1993","T3",2020,"Bislach Near 6","Negev Highlands",NA,"Bislach","Near",NA,NA,34.87141985,31.02228555,16/10/20,3092, 0.71819506,117,-0.689697940935389,-0.724097196700474,1257.702105,"Bislach Near",3636.022522,"Bislach Near 16/10/20",0,0,0,0,0,0,0,0,7,0,0,0,0,0
"1994","T3",2020,"Bislach Near 8","Negev Highlands",NA,"Bislach","Near",NA,NA,34.87535466,31.01977663,16/10/20,3092, 0.71819506,117,-0.689697940935389,-0.724097196700474,1430.643684,"Bislach Near",3962.223522,"Bislach Near 16/10/20",0,0,0,0,0,0,0,1,0,0,0,0,0,0
"1995","T3",2020,"Ezuz Far 1","Negev Highlands",NA,"Ezuz","Far",NA,NA,34.46613371,30.78165275,09/10/20,3085, 0.71256879,110,-0.044242678085071,-0.999020813314648,1218.19082,"Ezuz Far",1243.746626,"Ezuz Far 09/10/20",2,0,0,0,0,11,0,0,0,2,0,0,0,0
"1996","T3",2020,"Ezuz Far 3","Negev Highlands",NA,"Ezuz","Far",NA,NA,34.46788754,30.78177661,09/10/20,3085, 0.71256879,110,-0.044242678085071,-0.999020813314648,1132.751352,"Ezuz Far",1076.851131,"Ezuz Far 09/10/20",0,0,0,0,0,0,0,0,0,0,0,0,0,1
"1997","T3",2020,"Ezuz Far 4","Negev Highlands",NA,"Ezuz","Far",NA,NA,34.46778093,30.78209259,09/10/20,3085, 0.71256879,110,-0.044242678085071,-0.999020813314648,1104.404731,"Ezuz Far",1079.128663,"Ezuz Far 09/10/20",0,0,0,0,0,0,0,0,1,1,0,0,0,0
"1998","T3",2020,"Ezuz Far 5","Negev Highlands",NA,"Ezuz","Far",NA,NA,34.46863119,30.78186935,09/10/20,3085, 0.71256879,110,-0.044242678085071,-0.999020813314648,1098.091206,"Ezuz Far",1005.094386,"Ezuz Far 09/10/20",1,0,0,0,2,3,0,0,0,1,0,0,0,0
"1999","T3",2020,"Ezuz Far 6","Negev Highlands",NA,"Ezuz","Far",NA,NA,34.46754657,30.78158822,09/10/20,3085, 0.71256879,110,-0.044242678085071,-0.999020813314648,1164.634222,"Ezuz Far",1113.072041,"Ezuz Far 09/10/20",0,0,0,0,0,5,0,0,0,0,0,0,0,0
"2000","T3",2020,"Ezuz Far 8","Negev Highlands",NA,"Ezuz","Far",NA,NA,34.46581554,30.78288557,09/10/20,3085, 0.71256879,110,-0.044242678085071,-0.999020813314648,1117.783005,"Ezuz Far",1248.834672,"Ezuz Far 09/10/20",1,0,0,0,0,0,0,0,0,0,0,0,0,0
"2001","T3",2020,"Ezuz Near 1","Negev Highlands",NA,"Ezuz","Near",NA,NA,34.464573,30.79899084,09/10/20,3085, 0.71256879,110,-0.044242678085071,-0.999020813314648,945.4638854,"Ezuz Near",744.638549,"Ezuz Near 09/10/20",1,0,0,0,0,0,0,0,0,0,0,0,0,0
"2002","T3",2020,"Ezuz Near 2","Negev Highlands",NA,"Ezuz","Near",NA,NA,34.46502697,30.79838922,09/10/20,3085, 0.71256879,110,-0.044242678085071,-0.999020813314648,872.119626,"Ezuz Near",732.545944,"Ezuz Near 09/10/20",3,0,0,0,0,0,0,0,0,0,0,0,0,0
"2003","T3",2020,"Ezuz Near 3","Negev Highlands",NA,"Ezuz","Near",NA,NA,34.46584873,30.79800504,09/10/20,3085, 0.71256879,110,-0.044242678085071,-0.999020813314648,783.0037002,"Ezuz Near",686.142973,"Ezuz Near 09/10/20",0,0,0,0,2,2,0,0,0,0,0,0,0,0
"2004","T3",2020,"Ezuz Near 4","Negev Highlands",NA,"Ezuz","Near",NA,NA,34.46602173,30.79751055,09/10/20,3085, 0.71256879,110,-0.044242678085071,-0.999020813314648,739.7877868,"Ezuz Near",705.221051,"Ezuz Near 09/10/20",0,0,0,0,0,0,0,0,1,0,0,0,0,0
"2005","T3",2020,"Ezuz Near 5","Negev Highlands",NA,"Ezuz","Near",NA,NA,34.46670469,30.79727468,09/10/20,3085, 0.71256879,110,-0.044242678085071,-0.999020813314648,670.3341582,"Ezuz Near",673.015142,"Ezuz Near 09/10/20",1,0,0,0,0,0,0,0,0,0,0,0,0,0
"2006","T3",2020,"Ezuz Near 7","Negev Highlands",NA,"Ezuz","Near",NA,NA,34.46770247,30.79675513,09/10/20,3085, 0.71256879,110,-0.044242678085071,-0.999020813314648,558.8208296,"Ezuz Near",651.126833,"Ezuz Near 09/10/20",20,0,0,0,0,0,0,0,1,0,0,0,0,0
"2007","T3",2020,"Ezuz Near 9","Negev Highlands",NA,"Ezuz","Near",NA,NA,34.46807865,30.79532147,09/10/20,3085, 0.71256879,110,-0.044242678085071,-0.999020813314648,450.7638952,"Ezuz Near",755.060863,"Ezuz Near 09/10/20",2,0,0,0,0,0,0,0,1,0,0,0,0,0
"2008","T3",2020,"Merhav Am Far 2","Negev Highlands",NA,"Merhav Am","Far",NA,NA,34.8381595,30.8967013,05/10/20,3081, 0.70935378,106,-0.727142500080853,0.686486550906984,1105.524698,"Merhav Am Far",611.645633,"Merhav Am Far 05/10/20",7,0,0,0,0,0,0,0,2,0,0,0,0,13
"2009","T3",2020,"Merhav Am Far 3","Negev Highlands",NA,"Merhav Am","Far",NA,NA,34.83723611,30.89717201,05/10/20,3081, 0.70935378,106,-0.727142500080853,0.686486550906984,1110.462813,"Merhav Am Far",541.911117,"Merhav Am Far 05/10/20",5,0,0,0,0,0,0,0,5,0,0,0,0,14
"2010","T3",2020,"Merhav Am Far 4","Negev Highlands",NA,"Merhav Am","Far",NA,NA,34.83651526,30.89738059,05/10/20,3081, 0.70935378,106,-0.727142500080853,0.686486550906984,1089.839053,"Merhav Am Far",512.850158,"Merhav Am Far 05/10/20",0,0,0,0,0,0,0,0,8,0,0,0,0,5
"2011","T3",2020,"Merhav Am Far 5","Negev Highlands",NA,"Merhav Am","Far",NA,NA,34.83603414,30.89709549,05/10/20,3081, 0.70935378,106,-0.727142500080853,0.686486550906984,1036.81909,"Merhav Am Far",544.920726,"Merhav Am Far 05/10/20",0,2,0,0,0,0,0,0,3,0,0,0,0,4
"2012","T3",2020,"Merhav Am Far 6","Negev Highlands",NA,"Merhav Am","Far",NA,NA,34.83500082,30.89732277,05/10/20,3081, 0.70935378,106,-0.727142500080853,0.686486550906984,1002.202031,"Merhav Am Far",536.401499,"Merhav Am Far 05/10/20",0,0,0,0,0,0,0,0,1,0,0,0,0,8
"2013","T3",2020,"Merhav Am Far 7","Negev Highlands",NA,"Merhav Am","Far",NA,NA,34.83442884,30.89811709,05/10/20,3081, 0.70935378,106,-0.727142500080853,0.686486550906984,1052.896066,"Merhav Am Far",470.218545,"Merhav Am Far 05/10/20",11,0,0,0,0,0,0,0,1,0,0,0,0,0
"2014","T3",2020,"Merhav Am Far 8","Negev Highlands",NA,"Merhav Am","Far",NA,NA,34.83348336,30.89816629,05/10/20,3081, 0.70935378,106,-0.727142500080853,0.686486550906984,1021.012486,"Merhav Am Far",508.574015,"Merhav Am Far 05/10/20",21,0,0,0,0,0,0,0,7,0,0,0,0,0
"2015","T3",2020,"Merhav Am Far 9","Negev Highlands",NA,"Merhav Am","Far",NA,NA,34.83321548,30.89856474,05/10/20,3081, 0.70935378,106,-0.727142500080853,0.686486550906984,1053.347568,"Merhav Am Far",488.571541,"Merhav Am Far 05/10/20",12,0,0,0,0,0,0,1,9,0,0,0,0,1
"2016","T3",2020,"Merhav Am Near 1","Negev Highlands",NA,"Merhav Am","Near",NA,NA,34.83224854,30.88155396,05/10/20,3081, 0.70935378,106,-0.727142500080853,0.686486550906984,523.0255517,"Merhav Am Near",1110.998002,"Merhav Am Near 05/10/20",2,0,0,0,0,3,0,0,0,2,0,0,0,2
"2017","T3",2020,"Merhav Am Near 2","Negev Highlands",NA,"Merhav Am","Near",NA,NA,34.83126584,30.88245086,05/10/20,3081, 0.70935378,106,-0.727142500080853,0.686486550906984,400.6030751,"Merhav Am Near",1024.56744,"Merhav Am Near 05/10/20",17,0,0,0,0,0,0,0,0,0,0,0,0,0
"2018","T3",2020,"Merhav Am Near 4","Negev Highlands",NA,"Merhav Am","Near",NA,NA,34.8290899,30.88304331,05/10/20,3081, 0.70935378,106,-0.727142500080853,0.686486550906984,346.2275349,"Merhav Am Near",831.142981,"Merhav Am Near 05/10/20",5,0,0,0,0,0,0,0,0,0,0,0,0,2
"2019","T3",2020,"Merhav Am Near 5","Negev Highlands",NA,"Merhav Am","Near",NA,NA,34.82854508,30.88358513,05/10/20,3081, 0.70935378,106,-0.727142500080853,0.686486550906984,310.8496753,"Merhav Am Near",797.753751,"Merhav Am Near 05/10/20",8,0,0,0,0,0,0,0,0,0,0,0,0,6
"2020","T3",2020,"Merhav Am Near 6","Negev Highlands",NA,"Merhav Am","Near",NA,NA,34.82775986,30.88414995,05/10/20,3081, 0.70935378,106,-0.727142500080853,0.686486550906984,247.4280104,"Merhav Am Near",750.819198,"Merhav Am Near 05/10/20",8,0,0,0,0,0,0,0,0,0,0,0,0,1
"2021","T3",2020,"Merhav Am Near 8","Negev Highlands",NA,"Merhav Am","Near",NA,NA,34.82697431,30.88471881,05/10/20,3081, 0.70935378,106,-0.727142500080853,0.686486550906984,200.1080534,"Merhav Am Near",702.668755,"Merhav Am Near 05/10/20",2,0,0,0,0,0,0,0,0,0,0,0,0,0
"2022","T3",2020,"Merhav Am Near 9","Negev Highlands",NA,"Merhav Am","Near",NA,NA,34.82685462,30.88576673,05/10/20,3081, 0.70935378,106,-0.727142500080853,0.686486550906984,112.3359757,"Merhav Am Near",666.560235,"Merhav Am Near 05/10/20",8,0,0,0,0,0,0,0,0,0,0,0,0,0
"2023","T3",2020,"Sde Boker Far 1","Negev Highlands",NA,"Sde Boker","Far",NA,NA,34.77629296,30.88441496,20/10/20,3096, 0.72141007,121,0.99881522472358,-0.0486636092001539,1550.837582,"Sde Boker Far",955.404989,"Sde Boker Far 20/10/20",1,0,0,0,0,0,0,1,4,3,0,0,0,0
"2024","T3",2020,"Sde Boker Far 2","Negev Highlands",NA,"Sde Boker","Far",NA,NA,34.77820069,30.88521745,20/10/20,3096, 0.72141007,121,0.99881522472358,-0.0486636092001539,1473.706412,"Sde Boker Far",898.01619,"Sde Boker Far 20/10/20",0,0,0,0,0,7,0,1,3,0,0,0,0,3
"2025","T3",2020,"Sde Boker Far 3","Negev Highlands",NA,"Sde Boker","Far",NA,NA,34.77629095,30.88497316,20/10/20,3096, 0.72141007,121,0.99881522472358,-0.0486636092001539,1589.957769,"Sde Boker Far",997.724212,"Sde Boker Far 20/10/20",0,0,0,0,0,0,0,2,1,1,0,0,0,0
"2026","T3",2020,"Sde Boker Far 4","Negev Highlands",NA,"Sde Boker","Far",NA,NA,34.77430645,30.88486929,20/10/20,3096, 0.72141007,121,0.99881522472358,-0.0486636092001539,1727.062806,"Sde Boker Far",1134.931028,"Sde Boker Far 20/10/20",0,0,0,0,0,1,0,0,0,1,0,0,0,5
"2027","T3",2020,"Sde Boker Far 5","Negev Highlands",NA,"Sde Boker","Far",NA,NA,34.77448985,30.886396,20/10/20,3096, 0.72141007,121,0.99881522472358,-0.0486636092001539,1823.293915,"Sde Boker Far",1231.750055,"Sde Boker Far 20/10/20",0,0,0,0,0,0,0,0,0,0,0,0,0,1
"2028","T3",2020,"Sde Boker Far 8","Negev Highlands",NA,"Sde Boker","Far",NA,NA,34.77624334,30.8863842,20/10/20,3096, 0.72141007,121,0.99881522472358,-0.0486636092001539,1697.83783,"Sde Boker Far",1115.150885,"Sde Boker Far 20/10/20",0,0,0,0,0,0,0,3,0,0,0,0,0,2
"2029","T3",2020,"Sde Boker Far 9","Negev Highlands",NA,"Sde Boker","Far",NA,NA,34.77797605,30.88608582,20/10/20,3096, 0.72141007,121,0.99881522472358,-0.0486636092001539,1558.103057,"Sde Boker Far",989.165923,"Sde Boker Far 20/10/20",2,0,0,0,0,0,0,0,0,0,0,0,0,2
"2030","T3",2020,"Sde Boker Near 1","Negev Highlands",NA,"Sde Boker","Near",NA,NA,34.79411054,30.87943125,20/10/20,3096, 0.72141007,121,0.99881522472358,-0.0486636092001539,368.7807481,"Sde Boker Near",157.537527,"Sde Boker Near 20/10/20",24,0,0,0,0,0,0,1,1,0,0,0,0,0
"2031","T3",2020,"Sde Boker Near 2","Negev Highlands",NA,"Sde Boker","Near",NA,NA,34.79474153,30.88008559,20/10/20,3096, 0.72141007,121,0.99881522472358,-0.0486636092001539,449.5218284,"Sde Boker Near",150.505753,"Sde Boker Near 20/10/20",10,0,0,0,0,0,0,0,0,0,0,0,0,0
"2032","T3",2020,"Sde Boker Near 3","Negev Highlands",NA,"Sde Boker","Near",NA,NA,34.7929173,30.87877201,20/10/20,3096, 0.72141007,121,0.99881522472358,-0.0486636092001539,296.9089581,"Sde Boker Near",223.760181,"Sde Boker Near 20/10/20",5,0,0,0,0,0,0,0,0,0,0,0,0,0
"2033","T3",2020,"Sde Boker Near 4","Negev Highlands",NA,"Sde Boker","Near",NA,NA,34.79251932,30.87825808,20/10/20,3096, 0.72141007,121,0.99881522472358,-0.0486636092001539,241.2507649,"Sde Boker Near",160.83943,"Sde Boker Near 20/10/20",7,0,0,0,0,0,0,1,0,0,0,0,0,0
"2034","T3",2020,"Sde Boker Near 5","Negev Highlands",NA,"Sde Boker","Near",NA,NA,34.79215186,30.87806529,20/10/20,3096, 0.72141007,121,0.99881522472358,-0.0486636092001539,221.0775584,"Sde Boker Near",129.467943,"Sde Boker Near 20/10/20",3,0,0,0,0,0,0,0,0,0,0,0,0,2
"2035","T3",2020,"Sde Boker Near 6","Negev Highlands",NA,"Sde Boker","Near",NA,NA,34.79165733,30.87758704,20/10/20,3096, 0.72141007,121,0.99881522472358,-0.0486636092001539,169.6855154,"Sde Boker Near",74.179153,"Sde Boker Near 20/10/20",5,0,0,0,0,0,0,2,0,0,0,0,0,2
"2036","T3",2020,"Sde Boker Near 7","Negev Highlands",NA,"Sde Boker","Near",NA,NA,34.79101896,30.8772377,20/10/20,3096, 0.72141007,121,0.99881522472358,-0.0486636092001539,133.0428852,"Sde Boker Near",40.053327,"Sde Boker Near 20/10/20",3,0,0,0,0,0,0,0,0,0,0,0,0,0
"2037","T3",2020,"Sde Boker Near 8","Negev Highlands",NA,"Sde Boker","Near",NA,NA,34.79523439,30.88073648,20/10/20,3096, 0.72141007,121,0.99881522472358,-0.0486636092001539,530.7508615,"Sde Boker Near",101.24965,"Sde Boker Near 20/10/20",10,0,0,0,0,0,0,0,0,0,0,0,0,0
"2038","T3",2020,"Sde Boker Near 9","Negev Highlands",NA,"Sde Boker","Near",NA,NA,34.79526423,30.87993683,20/10/20,3096, 0.72141007,121,0.99881522472358,-0.0486636092001539,446.7219884,"Sde Boker Near",101.187304,"Sde Boker Near 20/10/20",4,0,0,0,0,0,0,0,3,0,0,0,0,0
"2039","T3",2020,"Yeruham Far 1","Negev Highlands",NA,"Yeruham","Far",NA,NA,34.89227839,30.97856344,17/09/20,3063, 0.69488622,88,0.0353983027336607,0.999373283695125,2053.213256,"Yeruham Far",4830.493989,"Yeruham Far 17/09/20",0,0,0,0,0,0,0,0,2,0,0,0,0,0
"2040","T3",2020,"Yeruham Far 3","Negev Highlands",NA,"Yeruham","Far",NA,NA,34.89399835,30.97870832,17/09/20,3063, 0.69488622,88,0.0353983027336607,0.999373283695125,1905.930532,"Yeruham Far",4912.349984,"Yeruham Far 17/09/20",0,0,0,0,0,0,0,1,0,0,0,0,0,0
"2041","T3",2020,"Yeruham Far 4","Negev Highlands",NA,"Yeruham","Far",NA,NA,34.89449993,30.97816992,17/09/20,3063, 0.69488622,88,0.0353983027336607,0.999373283695125,1900.49899,"Yeruham Far",4878.550427,"Yeruham Far 17/09/20",0,0,0,0,0,0,0,0,1,0,0,0,0,0
"2042","T3",2020,"Yeruham Far 5","Negev Highlands",NA,"Yeruham","Far",NA,NA,34.8951431,30.9775921,17/09/20,3063, 0.69488622,88,0.0353983027336607,0.999373283695125,1889.669765,"Yeruham Far",4847.790689,"Yeruham Far 17/09/20",4,0,0,0,0,0,0,0,3,0,0,0,0,0
"2043","T3",2020,"Yeruham Far 6","Negev Highlands",NA,"Yeruham","Far",NA,NA,34.89578336,30.97709656,17/09/20,3063, 0.69488622,88,0.0353983027336607,0.999373283695125,1874.2376,"Yeruham Far",4827.197143,"Yeruham Far 17/09/20",0,0,0,0,0,0,0,0,0,4,0,0,0,0
"2044","T3",2020,"Yeruham Far 7","Negev Highlands",NA,"Yeruham","Far",NA,NA,34.89585008,30.97666164,17/09/20,3063, 0.69488622,88,0.0353983027336607,0.999373283695125,1899.341816,"Yeruham Far",4786.952569,"Yeruham Far 17/09/20",1,0,0,0,0,0,0,0,2,0,0,0,0,1
"2045","T3",2020,"Yeruham Far 9","Negev Highlands",NA,"Yeruham","Far",NA,NA,34.89537835,30.97487507,17/09/20,3063, 0.69488622,88,0.0353983027336607,0.999373283695125,2063.311788,"Yeruham Far",4591.69532,"Yeruham Far 17/09/20",1,0,0,0,0,0,0,0,2,0,0,0,0,1
"2046","T3",2020,"Yeruham Near 1","Negev Highlands",NA,"Yeruham","Near",NA,NA,34.91457157,30.98489494,17/09/20,3063, 0.69488622,88,0.0353983027336607,0.999373283695125,110.1960311,"Yeruham Near",6532.02358,"Yeruham Near 17/09/20",1,0,0,0,0,0,0,0,57,0,0,0,0,9
"2047","T3",2020,"Yeruham Near 2","Negev Highlands",NA,"Yeruham","Near",NA,NA,34.91561998,30.98442844,17/09/20,3063, 0.69488622,88,0.0353983027336607,0.999373283695125,30.25969973,"Yeruham Near",6554.485716,"Yeruham Near 17/09/20",0,0,0,0,0,0,0,0,65,0,0,0,0,5
"2048","T3",2020,"Yeruham Near 3","Negev Highlands",NA,"Yeruham","Near",NA,NA,34.91505839,30.98442499,17/09/20,3063, 0.69488622,88,0.0353983027336607,0.999373283695125,68.72409211,"Yeruham Near",6519.99408,"Yeruham Near 17/09/20",0,0,0,0,0,0,0,0,3,0,0,0,0,8
"2049","T3",2020,"Yeruham Near 5","Negev Highlands",NA,"Yeruham","Near",NA,NA,34.91334345,30.98538329,17/09/20,3063, 0.69488622,88,0.0353983027336607,0.999373283695125,70.93939302,"Yeruham Near",6503.752409,"Yeruham Near 17/09/20",3,0,0,0,0,0,0,1,41,0,0,0,0,5
"2050","T3",2020,"Yeruham Near 6","Negev Highlands",NA,"Yeruham","Near",NA,NA,34.91214,30.985815,17/09/20,3063, 0.69488622,88,0.0353983027336607,0.999373283695125,99.67486318,"Yeruham Near",6473.926373,"Yeruham Near 17/09/20",0,0,0,0,0,0,0,0,4,0,0,0,0,2
"2051","T3",2020,"Yeruham Near 7","Negev Highlands",NA,"Yeruham","Near",NA,NA,34.91101999,30.98664999,17/09/20,3063, 0.69488622,88,0.0353983027336607,0.999373283695125,88.6685998,"Yeruham Near",6488.278327,"Yeruham Near 17/09/20",1,0,0,0,0,0,0,0,0,0,0,0,0,0
"2052","T3",2020,"Yeruham Near 8","Negev Highlands",NA,"Yeruham","Near",NA,NA,34.91003662,30.98618321,17/09/20,3063, 0.69488622,88,0.0353983027336607,0.999373283695125,186.2033239,"Yeruham Near",6392.216956,"Yeruham Near 17/09/20",0,0,0,0,0,0,0,2,0,0,0,0,0,1
"2053","T3",2020,"Yeruham Near 9","Negev Highlands",NA,"Yeruham","Near",NA,NA,34.90885679,30.98575321,17/09/20,3063, 0.69488622,88,0.0353983027336607,0.999373283695125,299.4943216,"Yeruham Near",6289.813477,"Yeruham Near 17/09/20",1,0,0,0,0,0,0,0,2,0,0,0,0,0
"2054","T3",2019,"Aderet KKL Plantings 1","Planted Conifer Forests","Judea","Aderet","Far",NA,NA,34.98157986,31.67883844,28/10/19,2738, 0.43366651,129,-0.193473392038468,-0.981105522649388,639.4849831,"Aderet Far",158.688626,"Aderet Far 28/10/19",0,0,0,0,0,0,7,0,0,0,0,0,0,1
"2055","T3",2019,"Aderet KKL Plantings 2","Planted Conifer Forests","Judea","Aderet","Far",NA,NA,34.98168077,31.67856139,28/10/19,2738, 0.43366651,129,-0.193473392038468,-0.981105522649388,669.7115215,"Aderet Far",184.123979,"Aderet Far 28/10/19",0,0,0,0,0,0,0,0,1,0,0,0,0,0
"2056","T3",2019,"Aderet KKL Plantings 4","Planted Conifer Forests","Judea","Aderet","Far",NA,NA,34.98283781,31.67768573,28/10/19,2738, 0.43366651,129,-0.193473392038468,-0.981105522649388,761.4434824,"Aderet Far",235.798931,"Aderet Far 28/10/19",0,0,0,0,0,0,0,0,2,0,0,0,0,0
"2057","T3",2019,"Aderet KKL Plantings 5","Planted Conifer Forests","Judea","Aderet","Far",NA,NA,34.98354122,31.67740896,28/10/19,2738, 0.43366651,129,-0.193473392038468,-0.981105522649388,788.9040157,"Aderet Far",247.5881,"Aderet Far 28/10/19",0,0,0,0,0,0,0,0,5,0,0,0,0,0
"2058","T3",2019,"Aderet KKL Plantings 7","Planted Conifer Forests","Judea","Aderet","Far",NA,NA,34.98439852,31.67679095,28/10/19,2738, 0.43366651,129,-0.193473392038468,-0.981105522649388,853.4591151,"Aderet Far",301.644084,"Aderet Far 28/10/19",2,0,0,0,0,0,2,0,8,0,1,0,0,0
"2059","T3",2019,"Aderet KKL Plantings 8","Planted Conifer Forests","Judea","Aderet","Far",NA,NA,34.98478342,31.67675642,28/10/19,2738, 0.43366651,129,-0.193473392038468,-0.981105522649388,855.5358585,"Aderet Far",287.810625,"Aderet Far 28/10/19",0,0,0,0,0,0,4,1,6,0,0,0,0,1
"2060","T3",2019,"Aderet KKL Plantings 9","Planted Conifer Forests","Judea","Aderet","Far",NA,NA,34.98542748,31.67629476,28/10/19,2738, 0.43366651,129,-0.193473392038468,-0.981105522649388,903.9703905,"Aderet Far",301.269538,"Aderet Far 28/10/19",1,0,0,0,0,0,4,0,10,0,0,0,0,0
"2061","T3",2019,"Amatzia KKL Plantings 1","Planted Conifer Forests","Judea","Amatzia","Far",NA,NA,34.8933625,31.5093064,17/12/19,2788, 0.47385416,179,0.0707221672389912,-0.997496052654355,2300.869929,"Amatzia Far",271.91059,"Amatzia Far 17/12/19",0,0,0,0,0,0,0,0,3,0,0,0,0,7
"2062","T3",2019,"Amatzia KKL Plantings 2","Planted Conifer Forests","Judea","Amatzia","Far",NA,NA,34.89405669,31.50918681,17/12/19,2788, 0.47385416,179,0.0707221672389912,-0.997496052654355,2244.940655,"Amatzia Far",221.001857,"Amatzia Far 17/12/19",0,0,0,0,0,0,0,0,0,0,0,0,0,7
"2063","T3",2019,"Amatzia KKL Plantings 5","Planted Conifer Forests","Judea","Amatzia","Far",NA,NA,34.89423607,31.51122427,17/12/19,2788, 0.47385416,179,0.0707221672389912,-0.997496052654355,2150.973848,"Amatzia Far",77.925009,"Amatzia Far 17/12/19",15,0,0,0,0,0,2,0,0,0,0,0,0,6
"2064","T3",2019,"Amatzia KKL Plantings 6","Planted Conifer Forests","Judea","Amatzia","Far",NA,NA,34.89485532,31.51068604,17/12/19,2788, 0.47385416,179,0.0707221672389912,-0.997496052654355,2114.100772,"Amatzia Far",63.655951,"Amatzia Far 17/12/19",3,0,0,0,0,0,0,0,0,0,0,0,0,0
"2065","T3",2019,"Amatzia KKL Plantings 7","Planted Conifer Forests","Judea","Amatzia","Far",NA,NA,34.89297844,31.51200488,17/12/19,2788, 0.47385416,179,0.0707221672389912,-0.997496052654355,2242.063801,"Amatzia Far",203.807587,"Amatzia Far 17/12/19",0,0,0,0,0,0,2,0,2,0,0,0,0,2
"2066","T3",2019,"Amatzia KKL Plantings 8","Planted Conifer Forests","Judea","Amatzia","Far",NA,NA,34.89335764,31.51146094,17/12/19,2788, 0.47385416,179,0.0707221672389912,-0.997496052654355,529.8769836,"Amatzia Far",706.791853,"Amatzia Far 17/12/19",0,0,0,0,0,0,23,0,4,1,0,0,0,1
"2067","T3",2019,"Amatzia KKL Plantings 8","Planted Conifer Forests","Judea","Amatzia","Far",NA,NA,34.86301683,31.38448677,17/12/19,2788, 0.47385416,179,0.0707221672389912,-0.997496052654355,529.8769836,"Amatzia Far",706.791853,"Amatzia Far 17/12/19",0,0,0,0,0,0,0,0,2,0,0,0,0,0
"2068","T3",2019,"Amatzia KKL Plantings 9","Planted Conifer Forests","Judea","Amatzia","Far",NA,NA,34.89373919,31.5114698,17/12/19,2788, 0.47385416,179,0.0707221672389912,-0.997496052654355,2188.188255,"Amatzia Far",122.192036,"Amatzia Far 17/12/19",2,0,0,0,0,0,0,0,0,0,0,0,0,0
"2069","T3",2019,"Bat Shlomo KKL Plantings 3","Planted Conifer Forests","Carmel","Bat Shlomo","Far",NA,NA,35.00750609,32.58915772,30/11/19,2771, 0.46019035,162,-0.97845035079338,0.206482229337811,685.9548327,"Bat Shlomo Far",203.507355,"Bat Shlomo Far 30/11/19",0,0,0,0,0,0,0,0,1,0,0,0,8,0
"2070","T3",2019,"Bat Shlomo KKL Plantings 5","Planted Conifer Forests","Carmel","Bat Shlomo","Far",NA,NA,35.00793558,32.58899021,30/11/19,2771, 0.46019035,162,-0.97845035079338,0.206482229337811,714.5469028,"Bat Shlomo Far",233.353293,"Bat Shlomo Far 30/11/19",0,0,0,0,0,0,0,0,3,0,0,0,1,1
"2071","T3",2019,"Bat Shlomo KKL Plantings 6","Planted Conifer Forests","Carmel","Bat Shlomo","Far",NA,NA,35.00892967,32.58854302,30/11/19,2771, 0.46019035,162,-0.97845035079338,0.206482229337811,792.4760665,"Bat Shlomo Far",320.22769,"Bat Shlomo Far 30/11/19",2,0,0,0,0,0,0,0,5,0,0,0,15,2
"2072","T3",2019,"Bat Shlomo KKL Plantings 7","Planted Conifer Forests","Carmel","Bat Shlomo","Far",NA,NA,35.00976652,32.58880744,30/11/19,2771, 0.46019035,162,-0.97845035079338,0.206482229337811,799.3757544,"Bat Shlomo Far",345.480958,"Bat Shlomo Far 30/11/19",0,0,0,0,0,0,2,0,0,0,0,0,3,0
"2073","T3",2019,"Bat Shlomo KKL Plantings 8","Planted Conifer Forests","Carmel","Bat Shlomo","Far",NA,NA,35.01035191,32.58830715,30/11/19,2771, 0.46019035,162,-0.97845035079338,0.206482229337811,874.5204629,"Bat Shlomo Far",423.551547,"Bat Shlomo Far 30/11/19",0,0,0,0,0,0,1,0,2,0,0,0,1,0
"2074","T3",2019,"Bat Shlomo KKL Plantings 9","Planted Conifer Forests","Carmel","Bat Shlomo","Far",NA,NA,35.01121391,32.58818144,30/11/19,2771, 0.46019035,162,-0.97845035079338,0.206482229337811,928.835376,"Bat Shlomo Far",467.051817,"Bat Shlomo Far 30/11/19",10,0,0,0,0,0,1,0,3,0,0,0,2,0
"2075","T3",2019,"Eitanim KKL Plantings 1","Planted Conifer Forests","Judea","Eitanim","Far",NA,NA,35.10688059,31.77880292,09/11/19,2750, 0.44331154,141,0.363171365373259,-0.93172236174352,734.6951325,"Eitanim Far",385.841389,"Eitanim Far 09/11/19",0,0,0,0,0,0,2,0,0,0,0,0,0,0
"2076","T3",2019,"Eitanim KKL Plantings 2","Planted Conifer Forests","Judea","Eitanim","Far",NA,NA,35.10658488,31.77894884,09/11/19,2750, 0.44331154,141,0.363171365373259,-0.93172236174352,704.5695822,"Eitanim Far",360.79923,"Eitanim Far 09/11/19",1,0,0,0,0,0,0,1,0,0,0,0,0,0
"2077","T3",2019,"Eitanim KKL Plantings 3","Planted Conifer Forests","Judea","Eitanim","Far",NA,NA,35.10648865,31.77871998,09/11/19,2750, 0.44331154,141,0.363171365373259,-0.93172236174352,719.2560212,"Eitanim Far",381.785924,"Eitanim Far 09/11/19",1,0,0,0,0,0,0,0,0,0,0,0,0,0
"2078","T3",2019,"Eitanim KKL Plantings 4","Planted Conifer Forests","Judea","Eitanim","Far",NA,NA,35.10618221,31.77838793,09/11/19,2750, 0.44331154,141,0.363171365373259,-0.93172236174352,733.1122603,"Eitanim Far",403.085116,"Eitanim Far 09/11/19",0,0,0,0,0,0,0,0,0,0,0,0,0,1
"2079","T3",2019,"Eitanim KKL Plantings 5","Planted Conifer Forests","Judea","Eitanim","Far",NA,NA,35.10560855,31.77813684,09/11/19,2750, 0.44331154,141,0.363171365373259,-0.93172236174352,728.6449898,"Eitanim Far",405.707272,"Eitanim Far 09/11/19",0,0,0,0,0,0,0,2,1,0,0,0,0,0
"2080","T3",2019,"Eitanim KKL Plantings 6","Planted Conifer Forests","Judea","Eitanim","Far",NA,NA,35.10551602,31.77815536,09/11/19,2750, 0.44331154,141,0.363171365373259,-0.93172236174352,720.0258089,"Eitanim Far",400.217734,"Eitanim Far 09/11/19",0,0,0,0,0,0,0,0,7,0,0,0,0,0
"2081","T3",2019,"Eitanim KKL Plantings 7","Planted Conifer Forests","Judea","Eitanim","Far",NA,NA,35.10494974,31.77820923,09/11/19,2750, 0.44331154,141,0.363171365373259,-0.93172236174352,666.9483651,"Eitanim Far",376.957935,"Eitanim Far 09/11/19",0,0,0,1,0,0,0,0,0,0,0,0,0,0
"2082","T3",2019,"Eitanim KKL Plantings 8","Planted Conifer Forests","Judea","Eitanim","Far",NA,NA,35.10449845,31.77832523,09/11/19,2750, 0.44331154,141,0.363171365373259,-0.93172236174352,625.5493217,"Eitanim Far",354.361197,"Eitanim Far 09/11/19",0,0,0,0,0,0,0,0,1,0,0,0,0,1
"2083","T3",2019,"Eitanim KKL Plantings 9","Planted Conifer Forests","Judea","Eitanim","Far",NA,NA,35.10426611,31.77841843,09/11/19,2750, 0.44331154,141,0.363171365373259,-0.93172236174352,604.8671629,"Eitanim Far",341.311614,"Eitanim Far 09/11/19",0,0,0,0,0,0,0,0,7,0,0,0,0,2
"2084","T3",2020,"Elyakim KKL Plantings 2","Planted Conifer Forests","Carmel","Elyakim","Far",NA,NA,35.05906887,32.67013762,16/02/20,2849, 0.52288309,-126,-0.329990825673782,0.943984139152314,1543.111908,"Elyakim Far",716.086013,"Elyakim Far 16/02/20",0,0,0,0,0,0,0,0,0,0,0,0,1,1
"2085","T3",2020,"Elyakim KKL Plantings 3","Planted Conifer Forests","Carmel","Elyakim","Far",NA,NA,35.05906887,32.67013762,16/02/20,2849, 0.52288309,-126,-0.329990825673782,0.943984139152314,1543.111908,"Elyakim Far",716.086013,"Elyakim Far 16/02/20",0,0,0,0,0,0,0,0,0,0,0,0,2,0
"2086","T3",2020,"Elyakim KKL Plantings 4","Planted Conifer Forests","Carmel","Elyakim","Far",NA,NA,35.05906887,32.67013762,16/02/20,2849, 0.52288309,-126,-0.329990825673782,0.943984139152314,1543.111908,"Elyakim Far",716.086013,"Elyakim Far 16/02/20",0,0,0,0,0,0,0,0,0,0,0,0,11,0
"2087","T3",2020,"Elyakim KKL Plantings 6","Planted Conifer Forests","Carmel","Elyakim","Far",NA,NA,35.05906887,32.67013762,16/02/20,2849, 0.52288309,-126,-0.329990825673782,0.943984139152314,1543.111908,"Elyakim Far",716.086013,"Elyakim Far 16/02/20",0,0,0,0,0,0,0,0,0,0,0,0,20,0
"2088","T3",2020,"Elyakim KKL Plantings 7","Planted Conifer Forests","Carmel","Elyakim","Far",NA,NA,35.05906887,32.67013762,16/02/20,2849, 0.52288309,-126,-0.329990825673782,0.943984139152314,1543.111908,"Elyakim Far",716.086013,"Elyakim Far 16/02/20",0,0,0,0,0,0,0,0,0,0,0,0,1,0
"2089","T3",2020,"Elyakim KKL Plantings 8","Planted Conifer Forests","Carmel","Elyakim","Far",NA,NA,35.05906887,32.67013762,16/02/20,2849, 0.52288309,-126,-0.329990825673782,0.943984139152314,1543.111908,"Elyakim Far",716.086013,"Elyakim Far 16/02/20",0,0,0,0,0,0,0,0,1,0,0,0,3,2
"2090","T3",2020,"Elyakim KKL Plantings 9","Planted Conifer Forests","Carmel","Elyakim","Far",NA,NA,35.05906887,32.67013762,16/02/20,2849, 0.52288309,-126,-0.329990825673782,0.943984139152314,1543.111908,"Elyakim Far",716.086013,"Elyakim Far 16/02/20",0,0,0,0,0,0,0,0,0,0,0,0,2,0
"2091","T3",2019,"Eshtaol KKL Plantings 1","Planted Conifer Forests","Judea","Eshtaol","Far",NA,NA,35.0203614,31.7891679,01/12/19,2772, 0.46099411,163,-0.354910175844935,0.93490040489975,888.2722576,"Eshtaol Far",636.311927,"Eshtaol Far 01/12/19",5,0,0,0,0,0,26,0,3,0,0,0,10,1
"2092","T3",2019,"Eshtaol KKL Plantings 2","Planted Conifer Forests","Judea","Eshtaol","Far",NA,NA,35.020412,31.7900704,01/12/19,2772, 0.46099411,163,-0.354910175844935,0.93490040489975,958.0948709,"Eshtaol Far",623.364921,"Eshtaol Far 01/12/19",0,0,0,0,0,0,0,0,0,0,0,0,0,1
"2093","T3",2019,"Eshtaol KKL Plantings 3","Planted Conifer Forests","Judea","Eshtaol","Far",NA,NA,35.02027776,31.79091408,01/12/19,2772, 0.46099411,163,-0.354910175844935,0.93490040489975,1016.322369,"Eshtaol Far",594.83577,"Eshtaol Far 01/12/19",2,0,0,0,0,0,6,0,6,0,0,0,0,3
"2094","T3",2019,"Eshtaol KKL Plantings 4","Planted Conifer Forests","Judea","Eshtaol","Far",NA,NA,35.02104353,31.78866787,01/12/19,2772, 0.46099411,163,-0.354910175844935,0.93490040489975,907.2225887,"Eshtaol Far",704.658548,"Eshtaol Far 01/12/19",0,0,0,0,0,0,6,0,1,0,0,0,0,0
"2095","T3",2019,"Eshtaol KKL Plantings 5","Planted Conifer Forests","Judea","Eshtaol","Far",NA,NA,35.02115451,31.78780493,01/12/19,2772, 0.46099411,163,-0.354910175844935,0.93490040489975,866.8379884,"Eshtaol Far",711.651835,"Eshtaol Far 01/12/19",1,0,0,0,0,0,3,0,2,0,0,0,0,0
"2096","T3",2019,"Eshtaol KKL Plantings 6","Planted Conifer Forests","Judea","Eshtaol","Far",NA,NA,35.02101772,31.7872019,01/12/19,2772, 0.46099411,163,-0.354910175844935,0.93490040489975,825.4964354,"Eshtaol Far",694.183812,"Eshtaol Far 01/12/19",2,0,0,0,0,0,5,0,3,0,0,0,0,1
"2097","T3",2019,"Eshtaol KKL Plantings 7","Planted Conifer Forests","Judea","Eshtaol","Far",NA,NA,35.02167385,31.78643556,01/12/19,2772, 0.46099411,163,-0.354910175844935,0.93490040489975,847.8555134,"Eshtaol Far",750.871848,"Eshtaol Far 01/12/19",0,0,0,0,0,0,10,0,0,0,0,0,9,0
"2098","T3",2019,"Eshtaol KKL Plantings 8","Planted Conifer Forests","Judea","Eshtaol","Far",NA,NA,35.02250802,31.78624946,01/12/19,2772, 0.46099411,163,-0.354910175844935,0.93490040489975,911.7401763,"Eshtaol Far",829.796871,"Eshtaol Far 01/12/19",1,0,0,0,0,0,39,0,8,0,0,0,1,0
"2099","T3",2019,"Eshtaol KKL Plantings 9","Planted Conifer Forests","Judea","Eshtaol","Far",NA,NA,35.0228919,31.7868039,01/12/19,2772, 0.46099411,163,-0.354910175844935,0.93490040489975,969.8763238,"Eshtaol Far",867.752999,"Eshtaol Far 01/12/19",0,0,0,0,0,0,12,0,2,0,0,0,0,0
"2100","T3",2019,"Givat Yeshayahu KKL Plantings 1","Planted Conifer Forests","Judea","Givat Yeshayahu","Far",NA,NA,34.9234879,31.6690434,28/10/19,2738, 0.43366651,129,-0.193473392038468,-0.981105522649388,1111.927896,"Givat Yeshayahu Far",357.038078,"Givat Yeshayahu Far 28/10/19",1,0,0,0,0,0,0,0,7,0,0,0,0,0
"2101","T3",2019,"Givat Yeshayahu KKL Plantings 2","Planted Conifer Forests","Judea","Givat Yeshayahu","Far",NA,NA,34.92291056,31.66951879,28/10/19,2738, 0.43366651,129,-0.193473392038468,-0.981105522649388,1118.181692,"Givat Yeshayahu Far",424.483912,"Givat Yeshayahu Far 28/10/19",3,0,0,0,0,0,0,0,14,0,2,0,0,1
"2102","T3",2019,"Givat Yeshayahu KKL Plantings 3","Planted Conifer Forests","Judea","Givat Yeshayahu","Far",NA,NA,34.92226783,31.66947028,28/10/19,2738, 0.43366651,129,-0.193473392038468,-0.981105522649388,1169.190947,"Givat Yeshayahu Far",481.059514,"Givat Yeshayahu Far 28/10/19",0,0,0,0,0,0,0,0,11,0,0,0,0,0
"2103","T3",2019,"Givat Yeshayahu KKL Plantings 4","Planted Conifer Forests","Judea","Givat Yeshayahu","Far",NA,NA,34.92141288,31.66949225,28/10/19,2738, 0.43366651,129,-0.193473392038468,-0.981105522649388,1232.900687,"Givat Yeshayahu Far",560.034668,"Givat Yeshayahu Far 28/10/19",0,0,0,0,0,0,0,0,4,0,0,0,0,1
"2104","T3",2019,"Givat Yeshayahu KKL Plantings 5","Planted Conifer Forests","Judea","Givat Yeshayahu","Far",NA,NA,34.92068499,31.66917523,28/10/19,2738, 0.43366651,129,-0.193473392038468,-0.981105522649388,1309.589723,"Givat Yeshayahu Far",620.655465,"Givat Yeshayahu Far 28/10/19",0,0,0,0,0,0,0,0,3,0,0,0,0,0
"2105","T3",2019,"Givat Yeshayahu KKL Plantings 7","Planted Conifer Forests","Judea","Givat Yeshayahu","Far",NA,NA,34.92000338,31.66840421,28/10/19,2738, 0.43366651,129,-0.193473392038468,-0.981105522649388,1411.874442,"Givat Yeshayahu Far",676.595629,"Givat Yeshayahu Far 28/10/19",2,0,0,0,0,0,1,0,6,0,1,0,0,1
"2106","T3",2019,"Givat Yeshayahu KKL Plantings 8","Planted Conifer Forests","Judea","Givat Yeshayahu","Far",NA,NA,34.92027596,31.66762262,28/10/19,2738, 0.43366651,129,-0.193473392038468,-0.981105522649388,1444.701813,"Givat Yeshayahu Far",635.747923,"Givat Yeshayahu Far 28/10/19",1,0,0,0,0,0,0,0,7,0,0,0,0,1
"2107","T3",2019,"Givat Yeshayahu KKL Plantings 9","Planted Conifer Forests","Judea","Givat Yeshayahu","Far",NA,NA,34.92021494,31.66782751,28/10/19,2738, 0.43366651,129,-0.193473392038468,-0.981105522649388,1434.845839,"Givat Yeshayahu Far",645.156532,"Givat Yeshayahu Far 28/10/19",1,0,0,0,0,0,0,0,0,0,0,0,0,0
"2108","T3",2019,"Kabri KKL Plantings 1","Planted Conifer Forests","Galilee","Kabri","Far",NA,NA,35.16741201,33.02105019,14/12/19,2785, 0.47144290,176,0.0707522360803452,0.997493920327152,1189.81563,"Kabri Far",133.895015,"Kabri Far 14/12/19",0,0,0,3,0,0,0,0,0,0,0,0,11,0
"2109","T3",2019,"Kabri KKL Plantings 2","Planted Conifer Forests","Galilee","Kabri","Far",NA,NA,35.16677331,33.0211573,14/12/19,2785, 0.47144290,176,0.0707522360803452,0.997493920327152,1133.07138,"Kabri Far",130.065665,"Kabri Far 14/12/19",0,0,0,2,0,0,0,0,0,0,0,0,12,1
"2110","T3",2019,"Kabri KKL Plantings 3","Planted Conifer Forests","Galilee","Kabri","Far",NA,NA,35.16634483,33.02083823,14/12/19,2785, 0.47144290,176,0.0707522360803452,0.997493920327152,1097.31488,"Kabri Far",94.151623,"Kabri Far 14/12/19",1,0,0,0,0,0,0,0,0,0,0,0,33,0
"2111","T3",2019,"Kabri KKL Plantings 4","Planted Conifer Forests","Galilee","Kabri","Far",NA,NA,35.16545434,33.02070891,14/12/19,2785, 0.47144290,176,0.0707522360803452,0.997493920327152,1017.030849,"Kabri Far",86.794597,"Kabri Far 14/12/19",0,0,0,3,0,0,0,0,0,0,0,0,14,0
"2112","T3",2019,"Kabri KKL Plantings 5","Planted Conifer Forests","Galilee","Kabri","Far",NA,NA,35.1645568,33.02030101,14/12/19,2785, 0.47144290,176,0.0707522360803452,0.997493920327152,943.015191,"Kabri Far",70.123506,"Kabri Far 14/12/19",0,0,0,6,0,0,0,0,0,0,0,0,5,0
"2113","T3",2019,"Kabri KKL Plantings 8","Planted Conifer Forests","Galilee","Kabri","Far",NA,NA,35.16383596,33.02087787,14/12/19,2785, 0.47144290,176,0.0707522360803452,0.997493920327152,864.765309,"Kabri Far",154.078913,"Kabri Far 14/12/19",0,0,0,0,0,0,0,0,0,0,0,0,3,0
"2114","T3",2019,"Kabri KKL Plantings 9","Planted Conifer Forests","Galilee","Kabri","Far",NA,NA,35.16358651,33.0211483,14/12/19,2785, 0.47144290,176,0.0707522360803452,0.997493920327152,837.3180207,"Kabri Far",190.168098,"Kabri Far 14/12/19",0,0,0,0,0,0,0,0,0,0,0,0,2,0
"2115","T3",2019,"Kerem Maharal KKL Plantings 1","Planted Conifer Forests","Carmel","Kerem Maharal","Far",NA,NA,34.98194438,32.65957919,16/11/19,2757, 0.44893781,148,-0.338333394324277,-0.941026309029144,1190.945459,"Kerem Maharal Far",782.985005,"Kerem Maharal Far 16/11/19",0,0,0,0,0,0,0,0,0,0,0,0,1,1
"2116","T3",2019,"Kerem Maharal KKL Plantings 2","Planted Conifer Forests","Carmel","Kerem Maharal","Far",NA,NA,34.98162839,32.65950836,16/11/19,2757, 0.44893781,148,-0.338333394324277,-0.941026309029144,1195.904672,"Kerem Maharal Far",812.363856,"Kerem Maharal Far 16/11/19",0,0,0,0,0,0,0,0,0,0,1,0,1,0
"2117","T3",2019,"Kerem Maharal KKL Plantings 4","Planted Conifer Forests","Carmel","Kerem Maharal","Far",NA,NA,34.98038661,32.65868023,16/11/19,2757, 0.44893781,148,-0.338333394324277,-0.941026309029144,1170.515762,"Kerem Maharal Far",931.228315,"Kerem Maharal Far 16/11/19",0,0,0,0,0,0,0,0,0,0,0,0,7,0
"2118","T3",2019,"Kerem Maharal KKL Plantings 5","Planted Conifer Forests","Carmel","Kerem Maharal","Far",NA,NA,34.98008804,32.65807698,16/11/19,2757, 0.44893781,148,-0.338333394324277,-0.941026309029144,1130.129757,"Kerem Maharal Far",966.3217,"Kerem Maharal Far 16/11/19",0,0,0,0,0,0,0,0,0,0,0,0,2,0
"2119","T3",2019,"Kerem Maharal KKL Plantings 7","Planted Conifer Forests","Carmel","Kerem Maharal","Far",NA,NA,34.97974489,32.65682846,16/11/19,2757, 0.44893781,148,-0.338333394324277,-0.941026309029144,1040.48246,"Kerem Maharal Far",1025.839891,"Kerem Maharal Far 16/11/19",0,0,0,0,0,0,0,0,0,0,0,0,12,0
"2120","T3",2019,"Kerem Maharal KKL Plantings 8","Planted Conifer Forests","Carmel","Kerem Maharal","Far",NA,NA,34.97930593,32.65635966,16/11/19,2757, 0.44893781,148,-0.338333394324277,-0.941026309029144,1030.085247,"Kerem Maharal Far",1037.322261,"Kerem Maharal Far 16/11/19",0,0,0,0,0,0,0,0,0,0,0,0,4,0
"2121","T3",2020,"Manara KKL Plantings 3","Planted Conifer Forests","Galilee","Manara","Far",NA,NA,35.55105776,33.17250004,11/01/20,2813, 0.49394798,-162,0.97845035079338,0.206482229337811,2454.880331,"Manara Far",405.833988,"Manara Far 11/01/20",4,0,0,0,0,0,0,0,0,0,0,0,3,0
"2122","T3",2020,"Manara KKL Plantings 5","Planted Conifer Forests","Galilee","Manara","Far",NA,NA,35.55077344,33.17320724,11/01/20,2813, 0.49394798,-162,0.97845035079338,0.206482229337811,2372.428633,"Manara Far",422.153966,"Manara Far 11/01/20",1,0,0,0,0,0,0,0,0,0,0,0,0,0
"2123","T3",2020,"Manara KKL Plantings 7","Planted Conifer Forests","Galilee","Manara","Far",NA,NA,35.55070404,33.17401378,11/01/20,2813, 0.49394798,-162,0.97845035079338,0.206482229337811,2283.949335,"Manara Far",474.570545,"Manara Far 11/01/20",1,0,0,0,0,0,0,0,0,0,0,0,0,3
"2124","T3",2020,"Meron KKL Plantings 2","Planted Conifer Forests","Galilee","Meron","Far",NA,NA,35.46161313,32.98878672,10/01/20,2812, 0.49314423,-163,0.354910175844935,0.93490040489975,1217.209535,"Meron Far",228.919909,"Meron Far 10/01/20",0,0,0,0,0,0,0,0,0,0,0,0,7,0
"2125","T3",2020,"Meron KKL Plantings 3","Planted Conifer Forests","Galilee","Meron","Far",NA,NA,35.4622126,32.98829092,10/01/20,2812, 0.49314423,-163,0.354910175844935,0.93490040489975,1295.581843,"Meron Far",211.304912,"Meron Far 10/01/20",0,0,0,0,0,0,14,0,0,0,0,0,21,1
"2126","T3",2020,"Meron KKL Plantings 5","Planted Conifer Forests","Galilee","Meron","Far",NA,NA,35.4619541,32.98746642,10/01/20,2812, 0.49314423,-163,0.354910175844935,0.93490040489975,1340.384068,"Meron Far",285.056502,"Meron Far 10/01/20",0,0,0,0,0,0,0,0,0,0,0,0,3,0
"2127","T3",2020,"Meron KKL Plantings 6","Planted Conifer Forests","Galilee","Meron","Far",NA,NA,35.46115983,32.98682911,10/01/20,2812, 0.49314423,-163,0.354910175844935,0.93490040489975,1341.556906,"Meron Far",387.748752,"Meron Far 10/01/20",1,0,0,0,0,0,0,0,0,0,0,0,8,0
"2128","T3",2020,"Meron KKL Plantings 7","Planted Conifer Forests","Galilee","Meron","Far",NA,NA,35.46159267,32.98598683,10/01/20,2812, 0.49314423,-163,0.354910175844935,0.93490040489975,1439.051567,"Meron Far",426.449671,"Meron Far 10/01/20",3,0,0,0,0,0,3,0,0,0,0,0,7,0
"2129","T3",2020,"Meron KKL Plantings 8","Planted Conifer Forests","Galilee","Meron","Far",NA,NA,35.46200741,32.98580656,10/01/20,2812, 0.49314423,-163,0.354910175844935,0.93490040489975,1479.247822,"Meron Far",410.449419,"Meron Far 10/01/20",0,0,0,0,0,0,8,0,0,0,0,0,1,0
"2130","T3",2020,"Meron KKL Plantings 9","Planted Conifer Forests","Galilee","Meron","Far",NA,NA,35.46260574,32.98565795,10/01/20,2812, 0.49314423,-163,0.354910175844935,0.93490040489975,1528.273079,"Meron Far",384.849747,"Meron Far 10/01/20",3,0,0,0,0,0,20,0,3,0,0,0,12,0
"2131","T3",2019,"Ofer KKL Plantings 1","Planted Conifer Forests","Carmel","Ofer","Far",NA,NA,34.97042086,32.61321943,16/11/19,2757, 0.44893781,148,-0.338333394324277,-0.941026309029144,878.032187,"Ofer Far",171.404724,"Ofer Far 16/11/19",0,0,0,0,0,0,0,1,3,0,0,0,0,0
"2132","T3",2019,"Ofer KKL Plantings 4","Planted Conifer Forests","Carmel","Ofer","Far",NA,NA,34.9712101,32.61246845,16/11/19,2757, 0.44893781,148,-0.338333394324277,-0.941026309029144,891.4782923,"Ofer Far",82.681719,"Ofer Far 16/11/19",2,0,0,0,0,0,0,0,3,0,0,0,11,0
"2133","T3",2019,"Ofer KKL Plantings 5","Planted Conifer Forests","Carmel","Ofer","Far",NA,NA,34.97050602,32.61117818,16/11/19,2757, 0.44893781,148,-0.338333394324277,-0.941026309029144,1045.621052,"Ofer Far",15.150793,"Ofer Far 16/11/19",0,0,0,0,0,0,0,0,1,0,0,0,3,0
"2134","T3",2019,"Ofer KKL Plantings 7","Planted Conifer Forests","Carmel","Ofer","Far",NA,NA,34.96793009,32.61077282,16/11/19,2757, 0.44893781,148,-0.338333394324277,-0.941026309029144,1235.476521,"Ofer Far",53.514151,"Ofer Far 16/11/19",0,0,0,0,0,0,0,3,0,0,0,0,8,0
"2135","T3",2019,"Ofer KKL Plantings 9","Planted Conifer Forests","Carmel","Ofer","Far",NA,NA,34.96622823,32.61364075,16/11/19,2757, 0.44893781,148,-0.338333394324277,-0.941026309029144,1165.654525,"Ofer Far",381.98753,"Ofer Far 16/11/19",0,0,0,0,0,0,0,0,0,0,0,0,5,0
"2136","T3",2020,"Ramat Hashofat KKL Plantings 5","Planted Conifer Forests","Carmel","Ramat Hashofet","Far",NA,NA,35.11240359,32.61734111,26/01/20,2828, 0.50600427,-147,-0.609044021883292,-0.793136419166478,1228.462903,"Ramat Hashofet Far",140.847005,"Ramat Hashofet Far 26/01/20",2,0,0,0,0,0,0,0,1,0,0,0,1,1
"2137","T3",2020,"Ramat Hashofet KKL Plantings 1","Planted Conifer Forests","Carmel","Ramat Hashofet","Far",NA,NA,35.11166632,32.61744305,26/01/20,2828, 0.50600427,-147,-0.609044021883292,-0.793136419166478,1166.719611,"Ramat Hashofet Far",70.791979,"Ramat Hashofet Far 26/01/20",2,0,0,0,0,0,0,0,0,0,0,0,5,1
"2138","T3",2020,"Ramat Hashofet KKL Plantings 3","Planted Conifer Forests","Carmel","Ramat Hashofet","Far",NA,NA,35.11181418,32.61720781,26/01/20,2828, 0.50600427,-147,-0.609044021883292,-0.793136419166478,1171.300023,"Ramat Hashofet Far",89.455065,"Ramat Hashofet Far 26/01/20",14,0,0,0,0,0,0,0,0,0,0,0,1,0
"2139","T3",2020,"Ramat Hashofet KKL Plantings 4","Planted Conifer Forests","Carmel","Ramat Hashofet","Far",NA,NA,35.11220377,32.61735579,26/01/20,2828, 0.50600427,-147,-0.609044021883292,-0.793136419166478,1211.180742,"Ramat Hashofet Far",122.001465,"Ramat Hashofet Far 26/01/20",4,0,0,0,0,0,0,0,0,0,0,0,13,0
"2140","T3",2020,"Ramat Hashofet KKL Plantings 7","Planted Conifer Forests","Carmel","Ramat Hashofet","Far",NA,NA,35.11313818,32.61707452,26/01/20,2828, 0.50600427,-147,-0.609044021883292,-0.793136419166478,1285.666652,"Ramat Hashofet Far",187.957953,"Ramat Hashofet Far 26/01/20",0,0,0,0,0,0,0,0,0,0,0,0,2,0
"2141","T3",2020,"Ramat Hashofet KKL Plantings 9","Planted Conifer Forests","Carmel","Ramat Hashofet","Far",NA,NA,35.11406958,32.61734195,26/01/20,2828, 0.50600427,-147,-0.609044021883292,-0.793136419166478,1377.878705,"Ramat Hashofet Far",270.701536,"Ramat Hashofet Far 26/01/20",0,0,0,0,0,0,0,0,5,0,0,0,0,1
"2142","T3",2020,"Ramot Naftali KKL Plantings 1","Planted Conifer Forests","Galilee","Ramot Naftali","Far",NA,NA,35.56153379,33.09454987,11/01/20,2813, 0.49394798,-162,0.97845035079338,0.206482229337811,619.4850652,"Ramot Naftali Far",127.68411,"Ramot Naftali Far 11/01/20",0,0,0,0,0,0,1,0,0,0,0,0,4,0
"2143","T3",2020,"Ramot Naftali KKL Plantings 2","Planted Conifer Forests","Galilee","Ramot Naftali","Far",NA,NA,35.56148317,33.09515714,11/01/20,2813, 0.49394798,-162,0.97845035079338,0.206482229337811,576.75532,"Ramot Naftali Far",194.696299,"Ramot Naftali Far 11/01/20",1,0,0,0,0,0,11,0,1,0,1,0,9,0
"2144","T3",2020,"Ramot Naftali KKL Plantings 3","Planted Conifer Forests","Galilee","Ramot Naftali","Far",NA,NA,35.56126524,33.09657503,11/01/20,2813, 0.49394798,-162,0.97845035079338,0.206482229337811,489.946808,"Ramot Naftali Far",351.552305,"Ramot Naftali Far 11/01/20",5,0,0,0,0,0,12,0,0,0,1,0,7,1
"2145","T3",2020,"Ramot Naftali KKL Plantings 5","Planted Conifer Forests","Galilee","Ramot Naftali","Far",NA,NA,35.56134403,33.0975609,11/01/20,2813, 0.49394798,-162,0.97845035079338,0.206482229337811,474.4996138,"Ramot Naftali Far",460.272454,"Ramot Naftali Far 11/01/20",9,0,0,0,0,0,5,0,0,0,0,0,9,1
"2146","T3",2020,"Ramot Naftali KKL Plantings 6","Planted Conifer Forests","Galilee","Ramot Naftali","Far",NA,NA,35.56162331,33.09769797,11/01/20,2813, 0.49394798,-162,0.97845035079338,0.206482229337811,499.3221989,"Ramot Naftali Far",476.646514,"Ramot Naftali Far 11/01/20",6,0,0,0,0,0,4,0,0,0,0,0,16,3
"2147","T3",2020,"Ramot Naftali KKL Plantings 7","Planted Conifer Forests","Galilee","Ramot Naftali","Far",NA,NA,35.56181006,33.09830803,11/01/20,2813, 0.49394798,-162,0.97845035079338,0.206482229337811,517.2545057,"Ramot Naftali Far",545.386183,"Ramot Naftali Far 11/01/20",9,0,0,0,0,0,1,0,0,0,1,0,1,0
"2148","T3",2020,"Ramot Naftali KKL Plantings 8","Planted Conifer Forests","Galilee","Ramot Naftali","Far",NA,NA,35.56214031,33.09823163,11/01/20,2813, 0.49394798,-162,0.97845035079338,0.206482229337811,547.4847521,"Ramot Naftali Far",539.214076,"Ramot Naftali Far 11/01/20",0,0,0,0,0,0,2,0,0,0,0,0,0,0
"2149","T3",2020,"Ramot Naftali KKL Plantings 9","Planted Conifer Forests","Galilee","Ramot Naftali","Far",NA,NA,35.56291312,33.09857373,11/01/20,2813, 0.49394798,-162,0.97845035079338,0.206482229337811,622.4890901,"Ramot Naftali Far",587.16412,"Ramot Naftali Far 11/01/20",16,0,0,0,0,0,4,0,0,0,0,0,17,0
"2150","T3",2019,"Zuriel KKL Plantings 1","Planted Conifer Forests","Galilee","Zuriel","Far",NA,NA,35.31380765,33.00954802,28/12/19,2799, 0.48269544,190,0.9977992786806,0.0663068583517113,158.0356777,"Zuriel Far",165.356771,"Zuriel Far 28/12/19",0,1,0,0,0,0,0,0,0,0,0,0,4,0
"2151","T3",2019,"Zuriel KKL Plantings 2","Planted Conifer Forests","Galilee","Zuriel","Far",NA,NA,35.31345159,33.00971165,28/12/19,2799, 0.48269544,190,0.9977992786806,0.0663068583517113,170.8566486,"Zuriel Far",191.37439,"Zuriel Far 28/12/19",1,0,0,0,0,0,0,0,2,0,1,0,5,0
"2152","T3",2019,"Zuriel KKL Plantings 3","Planted Conifer Forests","Galilee","Zuriel","Far",NA,NA,35.31321354,33.01008811,28/12/19,2799, 0.48269544,190,0.9977992786806,0.0663068583517113,196.2229039,"Zuriel Far",208.168313,"Zuriel Far 28/12/19",6,0,0,0,0,0,0,0,3,0,0,0,3,1
"2153","T3",2019,"Zuriel KKL Plantings 4","Planted Conifer Forests","Galilee","Zuriel","Far",NA,NA,35.31315554,33.01041397,28/12/19,2799, 0.48269544,190,0.9977992786806,0.0663068583517113,219.6131919,"Zuriel Far",228.471171,"Zuriel Far 28/12/19",0,0,0,0,0,0,0,0,0,0,0,0,1,1
"2154","T3",2019,"Zuriel KKL Plantings 5","Planted Conifer Forests","Galilee","Zuriel","Far",NA,NA,35.31283133,33.01068107,28/12/19,2799, 0.48269544,190,0.9977992786806,0.0663068583517113,221.6027339,"Zuriel Far",233.566793,"Zuriel Far 28/12/19",2,0,0,0,0,0,0,0,1,0,0,0,2,1
"2155","T3",2019,"Zuriel KKL Plantings 6","Planted Conifer Forests","Galilee","Zuriel","Far",NA,NA,35.31294532,33.01094591,28/12/19,2799, 0.48269544,190,0.9977992786806,0.0663068583517113,250.9666773,"Zuriel Far",264.63235,"Zuriel Far 28/12/19",0,0,0,0,0,0,0,0,0,0,0,0,1,0
"2156","T3",2019,"Zuriel KKL Plantings 7","Planted Conifer Forests","Galilee","Zuriel","Far",NA,NA,35.31308178,33.01131309,28/12/19,2799, 0.48269544,190,0.9977992786806,0.0663068583517113,291.1444066,"Zuriel Far",292.348338,"Zuriel Far 28/12/19",3,0,0,0,0,0,0,0,0,0,0,0,0,0
"2157","T3",2019,"Zuriel KKL Plantings 8","Planted Conifer Forests","Galilee","Zuriel","Far",NA,NA,35.3136256,33.01163613,28/12/19,2799, 0.48269544,190,0.9977992786806,0.0663068583517113,350.455167,"Zuriel Far",340.870776,"Zuriel Far 28/12/19",0,0,0,0,0,0,0,0,0,0,0,0,5,0
"2158","T3",2019,"Zuriel KKL Plantings 9","Planted Conifer Forests","Galilee","Zuriel","Far",NA,NA,35.31344254,33.01122931,28/12/19,2799, 0.48269544,190,0.9977992786806,0.0663068583517113,304.9858632,"Zuriel Far",316.088809,"Zuriel Far 28/12/19",5,0,0,0,0,0,0,0,2,0,0,0,7,0
"2159","T4",2022,"Ein Yahav Far 1","Arid Desert",NA,"Ein Yahav",NA,"Far",NA,35.20218953,30.64830516,16/07/22,3730, 1.23098946,25,-0.132351750097773,0.991202811863474,2759.604139,"Ein Yahav Far",759.54783,"Ein Yahav Far 16/07/22",0,0,0,0,0,4,0,1,0,0,0,0,0,0
"2160","T4",2022,"Ein Yahav Far 2","Arid Desert",NA,"Ein Yahav",NA,"Far",NA,35.201648,30.64866167,16/07/22,3730, 1.23098946,25,-0.132351750097773,0.991202811863474,2802.72767,"Ein Yahav Far",813.804609,"Ein Yahav Far 16/07/22",0,0,0,0,0,1,0,0,0,3,0,0,0,0
"2161","T4",2022,"Ein Yahav Far 3","Arid Desert",NA,"Ein Yahav",NA,"Far",NA,35.2011753,30.6474805,16/07/22,3730, 1.23098946,25,-0.132351750097773,0.991202811863474,2874.350175,"Ein Yahav Far",822.960907,"Ein Yahav Far 16/07/22",0,0,0,0,0,1,0,0,0,2,0,0,0,0
"2162","T4",2022,"Ein Yahav Far 4","Arid Desert",NA,"Ein Yahav",NA,"Far",NA,35.2003787,30.64867552,16/07/22,3730, 1.23098946,25,-0.132351750097773,0.991202811863474,2922.045504,"Ein Yahav Far",935.18912,"Ein Yahav Far 16/07/22",0,0,0,0,0,1,0,0,0,1,0,0,0,0
"2163","T4",2022,"Ein Yahav Far 5","Arid Desert",NA,"Ein Yahav",NA,"Far",NA,35.20015507,30.64782057,16/07/22,3730, 1.23098946,25,-0.132351750097773,0.991202811863474,2938.138261,"Ein Yahav Far",927.488554,"Ein Yahav Far 16/07/22",0,0,0,0,0,6,0,1,0,5,0,0,0,0
"2164","T4",2022,"Ein Yahav Far 6","Arid Desert",NA,"Ein Yahav",NA,"Far",NA,35.19899535,30.64770837,16/07/22,3730, 1.23098946,25,-0.132351750097773,0.991202811863474,2906.518942,"Ein Yahav Far",1030.915301,"Ein Yahav Far 16/07/22",0,0,0,0,0,0,0,0,0,1,0,0,0,0
"2165","T4",2022,"Ein Yahav Far 7","Arid Desert",NA,"Ein Yahav",NA,"Far",NA,35.19848071,30.64896251,16/07/22,3730, 1.23098946,25,-0.132351750097773,0.991202811863474,3036.972863,"Ein Yahav Far",1119.125959,"Ein Yahav Far 16/07/22",0,0,0,0,0,5,0,0,0,1,0,0,0,2
"2166","T4",2022,"Ein Yahav Far 8","Arid Desert",NA,"Ein Yahav",NA,"Far",NA,35.19746683,30.64975601,16/07/22,3730, 1.23098946,25,-0.132351750097773,0.991202811863474,3113.098485,"Ein Yahav Far",1226.399599,"Ein Yahav Far 16/07/22",0,0,0,0,0,1,0,0,0,0,0,0,0,0
"2167","T4",2022,"Ein Yahav Far 9","Arid Desert",NA,"Ein Yahav",NA,"Far",NA,35.19784,30.648195,16/07/22,3730, 1.23098946,25,-0.132351750097773,0.991202811863474,2944.972862,"Ein Yahav Far",1152.019979,"Ein Yahav Far 16/07/22",0,0,0,0,0,1,0,0,0,0,0,0,0,0
"2168","T4",2022,"Ein Yahav Near 1","Arid Desert",NA,"Ein Yahav",NA,"Near",NA,35.241277,30.671307,16/07/22,3730, 1.23098946,25,-0.132351750097773,0.991202811863474,185.296455,"Ein Yahav Near",109.231281,"Ein Yahav Near 16/07/22",0,0,0,0,0,0,0,0,0,28,0,0,0,1
"2169","T4",2022,"Ein Yahav Near 2","Arid Desert",NA,"Ein Yahav",NA,"Near",NA,35.242358,30.6708616,16/07/22,3730, 1.23098946,25,-0.132351750097773,0.991202811863474,134.80611,"Ein Yahav Near",57.342955,"Ein Yahav Near 16/07/22",0,2,0,0,0,0,0,0,0,7,0,0,0,1
"2170","T4",2022,"Ein Yahav Near 3","Arid Desert",NA,"Ein Yahav",NA,"Near",NA,35.243001,30.671282,16/07/22,3730, 1.23098946,25,-0.132351750097773,0.991202811863474,183.379158,"Ein Yahav Near",116.507581,"Ein Yahav Near 16/07/22",0,1,0,0,0,0,0,0,0,1,0,0,0,2
"2171","T4",2022,"Ein Yahav Near 4","Arid Desert",NA,"Ein Yahav",NA,"Near",NA,35.243977,30.670872,16/07/22,3730, 1.23098946,25,-0.132351750097773,0.991202811863474,157.911705,"Ein Yahav Near",110.38045,"Ein Yahav Near 16/07/22",0,2,0,0,0,0,0,0,0,20,0,0,0,1
"2172","T4",2022,"Ein Yahav Near 5","Arid Desert",NA,"Ein Yahav",NA,"Near",NA,35.238738,30.774683,16/07/22,3730, 1.23098946,25,-0.132351750097773,0.991202811863474,276.947688,"Ein Yahav Near",206.279332,"Ein Yahav Near 16/07/22",0,1,0,0,0,0,0,1,0,4,0,0,0,1
"2173","T4",2022,"Ein Yahav Near 6","Arid Desert",NA,"Ein Yahav",NA,"Near",NA,35.244313,30.671601,16/07/22,3730, 1.23098946,25,-0.132351750097773,0.991202811863474,243.650422,"Ein Yahav Near",193.222646,"Ein Yahav Near 16/07/22",0,0,0,0,0,0,0,0,0,6,0,0,0,0
"2174","T4",2022,"Ein Yahav Near 7","Arid Desert",NA,"Ein Yahav",NA,"Near",NA,35.238782,30.774657,16/07/22,3730, 1.23098946,25,-0.132351750097773,0.991202811863474,337.565482,"Ein Yahav Near",177.422671,"Ein Yahav Near 16/07/22",0,2,0,0,0,0,0,0,0,9,0,0,0,0
"2175","T4",2022,"Ein Yahav Near 8","Arid Desert",NA,"Ein Yahav",NA,"Near",NA,35.241795,30.67178,16/07/22,3730, 1.23098946,25,-0.132351750097773,0.991202811863474,237.214541,"Ein Yahav Near",148.748545,"Ein Yahav Near 16/07/22",0,0,0,0,0,0,0,0,0,5,0,0,0,3
"2176","T4",2022,"Ein Yahav Near 9","Arid Desert",NA,"Ein Yahav",NA,"Near",NA,35.240858,30.672468,16/07/22,3730, 1.23098946,25,-0.132351750097773,0.991202811863474,314.414433,"Ein Yahav Near",167.091159,"Ein Yahav Near 16/07/22",0,0,0,0,0,0,0,1,0,17,0,0,0,1
"2177","T4",2022,"Lotan Far 1","Arid Desert",NA,"Lotan",NA,"Far",NA,35.084575,30.011762,24/08/22,3769, 1.26233582,64,0.920026038196791,0.39185723042955,2231.039115,"Lotan Far",865.991565,"Lotan Far 24/08/22",0,1,0,0,0,7,0,0,0,0,0,0,0,1
"2178","T4",2022,"Lotan Far 2","Arid Desert",NA,"Lotan",NA,"Far",NA,35.08451264,30.01234945,24/08/22,3769, 1.26233582,64,0.920026038196791,0.39185723042955,2296.036555,"Lotan Far",885.028745,"Lotan Far 24/08/22",0,0,0,0,0,2,0,0,0,0,0,0,0,0
"2179","T4",2022,"Lotan Far 3","Arid Desert",NA,"Lotan",NA,"Far",NA,35.08434668,30.01308512,24/08/22,3769, 1.26233582,64,0.920026038196791,0.39185723042955,2377.473436,"Lotan Far",904.225642,"Lotan Far 24/08/22",0,14,0,0,0,1,0,0,0,0,0,0,0,1
"2180","T4",2022,"Lotan Far 4","Arid Desert",NA,"Lotan",NA,"Far",NA,35.0840714,30.0139467,24/08/22,3769, 1.26233582,64,0.920026038196791,0.39185723042955,2472.802679,"Lotan Far",905.277981,"Lotan Far 24/08/22",0,23,0,0,0,1,0,0,0,0,0,0,0,1
"2181","T4",2022,"Lotan Far 5","Arid Desert",NA,"Lotan",NA,"Far",NA,35.08401,30.014519,24/08/22,3769, 1.26233582,64,0.920026038196791,0.39185723042955,2536.239603,"Lotan Far",900.178444,"Lotan Far 24/08/22",0,2,2,0,0,0,0,0,0,0,0,0,0,3
"2182","T4",2022,"Lotan Far 6","Arid Desert",NA,"Lotan",NA,"Far",NA,35.08401,30.01533,24/08/22,3769, 1.26233582,64,0.920026038196791,0.39185723042955,2626.18916,"Lotan Far",892.537777,"Lotan Far 24/08/22",0,2,0,0,0,5,0,0,0,0,0,0,0,1
"2183","T4",2022,"Lotan Far 7","Arid Desert",NA,"Lotan",NA,"Far",NA,35.083753,30.016023,24/08/22,3769, 1.26233582,64,0.920026038196791,0.39185723042955,2703.078502,"Lotan Far",917.849371,"Lotan Far 24/08/22",0,4,1,0,0,2,0,0,0,0,0,0,0,0
"2184","T4",2022,"Lotan Far 8","Arid Desert",NA,"Lotan",NA,"Far",NA,35.083689,30.01678,24/08/22,3769, 1.26233582,64,0.920026038196791,0.39185723042955,2787.436584,"Lotan Far",931.826522,"Lotan Far 24/08/22",0,39,2,0,0,0,0,0,0,0,0,0,0,0
"2185","T4",2022,"Lotan Far 9","Arid Desert",NA,"Lotan",NA,"Far",NA,35.083657,30.017544,24/08/22,3769, 1.26233582,64,0.920026038196791,0.39185723042955,2871.64702,"Lotan Far",950.167962,"Lotan Far 24/08/22",0,26,1,0,0,0,0,0,0,0,0,0,0,0
"2186","T4",2022,"Lotan Near 2","Arid Desert",NA,"Lotan",NA,"Near",NA,35.08427,29.981192,24/08/22,3769, 1.26233582,64,0.920026038196791,0.39185723042955,187.728268,"Lotan Near",274.761806,"Lotan Near 24/08/22",0,0,0,0,0,0,0,0,0,0,0,0,0,2
"2187","T4",2022,"Lotan Near 3","Arid Desert",NA,"Lotan",NA,"Near",NA,35.084574,29.980673,24/08/22,3769, 1.26233582,64,0.920026038196791,0.39185723042955,204.666068,"Lotan Near",238.267226,"Lotan Near 24/08/22",0,0,0,0,0,0,0,0,0,0,0,0,0,8
"2188","T4",2022,"Lotan Near 4","Arid Desert",NA,"Lotan",NA,"Near",NA,35.083769,29.980466,24/08/22,3769, 1.26233582,64,0.920026038196791,0.39185723042955,275.158595,"Lotan Near",181.067826,"Lotan Near 24/08/22",0,0,0,0,0,0,0,0,0,0,0,0,0,2
"2189","T4",2022,"Lotan Near 5","Arid Desert",NA,"Lotan",NA,"Near",NA,35.082744,29.979943,24/08/22,3769, 1.26233582,64,0.920026038196791,0.39185723042955,388.32109,"Lotan Near",92.925736,"Lotan Near 24/08/22",0,0,0,0,0,0,0,0,0,4,0,0,0,8
"2190","T4",2022,"Lotan Near 7","Arid Desert",NA,"Lotan",NA,"Near",NA,35.084973,29.979604,24/08/22,3769, 1.26233582,64,0.920026038196791,0.39185723042955,292.099545,"Lotan Near",152.370381,"Lotan Near 24/08/22",2,0,0,0,0,0,0,0,0,1,0,0,0,7
"2191","T4",2022,"Lotan Near 8","Arid Desert",NA,"Lotan",NA,"Near",NA,35.083636,29.978994,24/08/22,3769, 1.26233582,64,0.920026038196791,0.39185723042955,409.096678,"Lotan Near",31.394271,"Lotan Near 24/08/22",0,0,0,0,0,0,0,0,0,2,0,0,0,6
"2192","T4",2022,"Lotan Near 9","Arid Desert",NA,"Lotan",NA,"Near",NA,35.08459,29.978335,24/08/22,3769, 1.26233582,64,0.920026038196791,0.39185723042955,437.283032,"Lotan Near",11.236325,"Lotan Near 24/08/22",3,0,0,0,0,0,0,2,0,4,0,0,0,1
"2193","T4",2022,"Paran Far 1","Arid Desert",NA,"Paran",NA,"Far",NA,35.139183,30.351888,09/08/22,3754, 1.25027953,49,-0.953752652759472,0.300592543743637,1239.783169,"Paran Far",1075.771438,"Paran Far 09/08/22",0,3,0,0,0,12,0,0,0,4,0,0,0,4
"2194","T4",2022,"Paran Far 2","Arid Desert",NA,"Paran",NA,"Far",NA,35.139932,30.351318,09/08/22,3754, 1.25027953,49,-0.953752652759472,0.300592543743637,1213.30769,"Paran Far",1095.841647,"Paran Far 09/08/22",0,2,0,0,0,16,0,0,0,0,0,0,0,0
"2195","T4",2022,"Paran Far 3","Arid Desert",NA,"Paran",NA,"Far",NA,35.140095,30.350506,09/08/22,3754, 1.25027953,49,-0.953752652759472,0.300592543743637,1254.536496,"Paran Far",1169.37518,"Paran Far 09/08/22",0,2,0,0,0,1,0,1,0,2,0,0,0,1
"2196","T4",2022,"Paran Far 5","Arid Desert",NA,"Paran",NA,"Far",NA,35.140142,30.349323,09/08/22,3754, 1.25027953,49,-0.953752652759472,0.300592543743637,1337.030144,"Paran Far",1286.772459,"Paran Far 09/08/22",0,3,0,0,0,2,0,0,0,5,0,0,0,0
"2197","T4",2022,"Paran Far 6","Arid Desert",NA,"Paran",NA,"Far",NA,35.1405,30.348778,09/08/22,3754, 1.25027953,49,-0.953752652759472,0.300592543743637,1354.499169,"Paran Far",1329.528013,"Paran Far 09/08/22",0,0,0,0,0,3,0,0,0,2,0,0,0,0
"2198","T4",2022,"Paran Far 7","Arid Desert",NA,"Paran",NA,"Far",NA,35.14121,30.347941,09/08/22,3754, 1.25027953,49,-0.953752652759472,0.300592543743637,1378.758464,"Paran Far",1395.409346,"Paran Far 09/08/22",0,0,0,0,0,0,0,0,0,2,0,0,0,0
"2199","T4",2022,"Paran Far 8","Arid Desert",NA,"Paran",NA,"Far",NA,35.13931,30.34786,09/08/22,3754, 1.25027953,49,-0.953752652759472,0.300592543743637,1507.382545,"Paran Far",1467.056965,"Paran Far 09/08/22",0,0,0,0,0,5,0,0,0,2,0,0,0,1
"2200","T4",2022,"Paran Far 9","Arid Desert",NA,"Paran",NA,"Far",NA,35.139663,30.348675,09/08/22,3754, 1.25027953,49,-0.953752652759472,0.300592543743637,1419.852869,"Paran Far",1370.890677,"Paran Far 09/08/22",0,0,0,0,0,0,0,0,0,2,0,0,0,0
"2201","T4",2022,"Paran near 2","Arid Desert",NA,"Paran",NA,"Near",NA,35.159978,30.387984,09/08/22,3754, 1.25027953,49,-0.953752652759472,0.300592543743637,1419.106528,"Paran Near",4.858192,"Paran Near 09/08/22",0,2,0,0,0,0,0,0,0,0,0,0,0,0
"2202","T4",2022,"Paran near 4","Arid Desert",NA,"Paran",NA,"Near",NA,35.159549,30.388813,09/08/22,3754, 1.25027953,49,-0.953752652759472,0.300592543743637,1479.078612,"Paran Near",101.122305,"Paran Near 09/08/22",0,3,0,0,0,0,0,0,0,0,0,0,0,0
"2203","T4",2022,"Paran near 6","Arid Desert",NA,"Paran",NA,"Near",NA,35.161523,30.391556,09/08/22,3754, 1.25027953,49,-0.953752652759472,0.300592543743637,1836.757651,"Paran Near",8.778784,"Paran Near 09/08/22",0,1,0,0,0,0,0,0,0,0,0,0,0,0
"2204","T4",2022,"Paran near 7","Arid Desert",NA,"Paran",NA,"Near",NA,35.160042,30.390508,09/08/22,3754, 1.25027953,49,-0.953752652759472,0.300592543743637,1668.173037,"Paran Near",110.823361,"Paran Near 09/08/22",0,0,0,0,0,0,0,0,0,0,0,0,0,1
"2205","T4",2022,"Paran near 8","Arid Desert",NA,"Paran",NA,"Near",NA,35.160719,30.392327,09/08/22,3754, 1.25027953,49,-0.953752652759472,0.300592543743637,1878.054489,"Paran Near",104.176169,"Paran Near 09/08/22",0,2,0,0,0,0,0,0,0,0,0,0,0,0
"2206","T4",2022,"Paran near 9","Arid Desert",NA,"Paran",NA,"Near",NA,35.160842,30.391343,09/08/22,3754, 1.25027953,49,-0.953752652759472,0.300592543743637,1785.345635,"Paran Near",64.426732,"Paran Near 09/08/22",0,2,0,0,0,0,0,0,0,0,0,0,0,0
"2207","T4",2022,"Yotvata Far 1","Arid Desert",NA,"Yotvata",NA,"Far",NA,35.039338,29.884136,06/09/22,3782, 1.27278461,77,0.999520158580731,-0.0309750317312165,1828.494074,"Yotvata Far",2481.473772,"Yotvata Far 06/09/22",0,1,2,0,0,1,0,1,0,0,0,0,0,9
"2208","T4",2022,"Yotvata Far 2","Arid Desert",NA,"Yotvata",NA,"Far",NA,35.038837,29.88454,06/09/22,3782, 1.27278461,77,0.999520158580731,-0.0309750317312165,1845.953994,"Yotvata Far",2538.83768,"Yotvata Far 06/09/22",0,0,4,0,0,1,0,0,0,0,0,0,0,17
"2209","T4",2022,"Yotvata Far 3","Arid Desert",NA,"Yotvata",NA,"Far",NA,35.038417,29.884988,06/09/22,3782, 1.27278461,77,0.999520158580731,-0.0309750317312165,1856.447727,"Yotvata Far",2590.334696,"Yotvata Far 06/09/22",0,0,0,0,0,0,0,0,0,0,0,0,0,2
"2210","T4",2022,"Yotvata Far 5","Arid Desert",NA,"Yotvata",NA,"Far",NA,35.038281,29.885747,06/09/22,3782, 1.27278461,77,0.999520158580731,-0.0309750317312165,1829.024768,"Yotvata Far",2604.20928,"Yotvata Far 06/09/22",0,0,2,0,0,0,0,0,0,0,0,0,0,1
"2211","T4",2022,"Yotvata Far 6","Arid Desert",NA,"Yotvata",NA,"Far",NA,35.03735,29.884368,06/09/22,3782, 1.27278461,77,0.999520158580731,-0.0309750317312165,1979.918003,"Yotvata Far",2674.454734,"Yotvata Far 06/09/22",0,0,0,0,0,0,0,0,0,3,0,0,0,3
"2212","T4",2022,"Yotvata Far 8","Arid Desert",NA,"Yotvata",NA,"Far",NA,35.035696,29.883144,06/09/22,3782, 1.27278461,77,0.999520158580731,-0.0309750317312165,2185.987212,"Yotvata Far",2806.206268,"Yotvata Far 06/09/22",0,0,0,0,0,1,0,1,0,0,0,0,0,0
"2213","T4",2022,"Yotvata Far 9","Arid Desert",NA,"Yotvata",NA,"Far",NA,35.03444,29.883637,06/09/22,3782, 1.27278461,77,0.999520158580731,-0.0309750317312165,2265.856849,"Yotvata Far",2934.839078,"Yotvata Far 06/09/22",0,0,0,0,0,0,0,1,0,5,0,0,0,5
"2214","T4",2022,"Yotvata Near 1","Arid Desert",NA,"Yotvata",NA,"Near",NA,35.063678,29.887578,06/09/22,3782, 1.27278461,77,0.999520158580731,-0.0309750317312165,204.824829,"Yotvata Near",337.163495,"Yotvata Near 06/09/22",12,0,0,0,0,0,0,0,0,3,0,0,0,3
"2215","T4",2022,"Yotvata Near 2","Arid Desert",NA,"Yotvata",NA,"Near",NA,35.064008,29.886728,06/09/22,3782, 1.27278461,77,0.999520158580731,-0.0309750317312165,294.923362,"Yotvata Near",272.827508,"Yotvata Near 06/09/22",2,0,0,0,0,0,0,1,0,0,0,0,0,8
"2216","T4",2022,"Yotvata Near 3","Arid Desert",NA,"Yotvata",NA,"Near",NA,35.063645,29.885883,06/09/22,3782, 1.27278461,77,0.999520158580731,-0.0309750317312165,387.248706,"Yotvata Near",270.855426,"Yotvata Near 06/09/22",6,0,0,0,0,0,0,0,0,0,0,0,0,7
"2217","T4",2022,"Yotvata Near 4","Arid Desert",NA,"Yotvata",NA,"Near",NA,35.06196,29.88588,06/09/22,3782, 1.27278461,77,0.999520158580731,-0.0309750317312165,397.064318,"Yotvata Near",421.859747,"Yotvata Near 06/09/22",1,0,0,0,0,0,0,1,0,0,0,0,0,0
"2218","T4",2022,"Yotvata Near 5","Arid Desert",NA,"Yotvata",NA,"Near",NA,35.06282,29.888307,06/09/22,3782, 1.27278461,77,0.999520158580731,-0.0309750317312165,133.174116,"Yotvata Near",444.030451,"Yotvata Near 06/09/22",11,0,0,0,0,0,0,0,0,0,0,0,0,0
"2219","T4",2022,"Yotvata Near 6","Arid Desert",NA,"Yotvata",NA,"Near",NA,35.062345,29.8888,06/09/22,3782, 1.27278461,77,0.999520158580731,-0.0309750317312165,114.398847,"Yotvata Near",507.222501,"Yotvata Near 06/09/22",105,0,0,0,0,0,0,0,0,0,0,0,0,0
"2220","T4",2022,"Yotvata Near 7","Arid Desert",NA,"Yotvata",NA,"Near",NA,35.06195124,29.88815012,06/09/22,3782, 1.27278461,77,0.999520158580731,-0.0309750317312165,193.485717,"Yotvata Near",515.698149,"Yotvata Near 06/09/22",33,0,0,0,0,0,0,0,0,0,0,0,0,2
"2221","T4",2022,"Yotvata Near 8","Arid Desert",NA,"Yotvata",NA,"Near",NA,35.06208769,29.88720103,06/09/22,3782, 1.27278461,77,0.999520158580731,-0.0309750317312165,274.39121,"Yotvata Near",464.545203,"Yotvata Near 06/09/22",3,0,0,0,0,0,0,0,0,3,0,0,0,0
"2222","T4",2022,"Yotvata Near 9","Arid Desert",NA,"Yotvata",NA,"Near",NA,35.06126828,29.8867118,06/09/22,3782, 1.27278461,77,0.999520158580731,-0.0309750317312165,285.968835,"Yotvata Near",518.132839,"Yotvata Near 06/09/22",2,0,0,0,0,0,0,0,0,0,0,0,0,5
"2223","T4",2022,"Zofar Far 1b","Arid Desert",NA,"Zofar",NA,"Far",NA,35.15484855,30.55654051,28/07/22,3742, 1.24063449,37,-0.643538133356999,0.765414051945343,2068.773631,"Zofar Far",1911.464233,"Zofar Far 28/07/22",0,2,0,0,0,4,0,3,0,19,0,26,0,0
"2224","T4",2022,"Zofar Far 2b","Arid Desert",NA,"Zofar",NA,"Far",NA,35.15436407,30.55702555,28/07/22,3742, 1.24063449,37,-0.643538133356999,0.765414051945343,2100.312171,"Zofar Far",1950.162265,"Zofar Far 28/07/22",0,0,0,0,0,2,0,2,0,5,0,7,0,0
"2225","T4",2022,"Zofar Far 3b","Arid Desert",NA,"Zofar",NA,"Far",NA,35.15379008,30.55674809,28/07/22,3742, 1.24063449,37,-0.643538133356999,0.765414051945343,2161.146485,"Zofar Far",2008.730784,"Zofar Far 28/07/22",0,0,0,0,1,1,0,1,0,2,0,5,0,0
"2226","T4",2022,"Zofar Far 4b","Arid Desert",NA,"Zofar",NA,"Far",NA,35.15312724,30.55608549,28/07/22,3742, 1.24063449,37,-0.643538133356999,0.765414051945343,2241.39372,"Zofar Far",2082.613737,"Zofar Far 28/07/22",0,0,0,0,0,5,0,0,0,1,0,0,0,0
"2227","T4",2022,"Zofar Far 5b","Arid Desert",NA,"Zofar",NA,"Far",NA,35.15182402,30.55619896,28/07/22,3742, 1.24063449,37,-0.643538133356999,0.765414051945343,2358.958235,"Zofar Far",2204.092589,"Zofar Far 28/07/22",0,0,0,0,0,2,0,0,0,0,0,0,0,0
"2228","T4",2022,"Zofar Far 6b","Arid Desert",NA,"Zofar",NA,"Far",NA,35.15072498,30.55648103,28/07/22,3742, 1.24063449,37,-0.643538133356999,0.765414051945343,2453.968116,"Zofar Far",2304.136494,"Zofar Far 28/07/22",0,0,0,0,5,1,0,0,0,3,0,0,0,0
"2229","T4",2022,"Zofar Far 8b","Arid Desert",NA,"Zofar",NA,"Far",NA,35.15169326,30.55781633,28/07/22,3742, 1.24063449,37,-0.643538133356999,0.765414051945343,2333.232429,"Zofar Far",2195.338794,"Zofar Far 28/07/22",0,0,0,0,0,12,0,2,0,6,0,2,0,0
"2230","T4",2022,"Zofar Far 9b","Arid Desert",NA,"Zofar",NA,"Far",NA,35.15315305,30.55731484,28/07/22,3742, 1.24063449,37,-0.643538133356999,0.765414051945343,2206.450521,"Zofar Far",2061.97853,"Zofar Far 28/07/22",0,0,0,0,0,2,0,0,0,2,0,1,0,0
"2231","T4",2022,"Zofar Near 1b","Arid Desert",NA,"Zofar",NA,"Near",NA,35.180249,30.554239,28/07/22,3742, 1.24063449,37,-0.643538133356999,0.765414051945343,0,"Zofar Near",52.53759,"Zofar Near 28/07/22",0,2,0,0,0,0,0,3,9,0,0,0,0,0
"2232","T4",2022,"Zofar Near 2b","Arid Desert",NA,"Zofar",NA,"Near",NA,35.179236,30.554192,28/07/22,3742, 1.24063449,37,-0.643538133356999,0.765414051945343,0,"Zofar Near",53.879411,"Zofar Near 28/07/22",0,0,0,0,0,3,0,1,0,1,0,0,0,0
"2233","T4",2022,"Zofar Near 3b","Arid Desert",NA,"Zofar",NA,"Near",NA,35.178185,30.553441,28/07/22,3742, 1.24063449,37,-0.643538133356999,0.765414051945343,54.929608,"Zofar Near",144.417659,"Zofar Near 28/07/22",0,0,0,0,0,1,0,0,4,0,0,0,0,1
"2234","T4",2022,"Zofar Near 4b","Arid Desert",NA,"Zofar",NA,"Near",NA,35.1779309,30.552576,28/07/22,3742, 1.24063449,37,-0.643538133356999,0.765414051945343,153.62967,"Zofar Near",243.053428,"Zofar Near 28/07/22",0,0,0,0,0,76,0,0,0,1,0,0,0,1
"2235","T4",2022,"Zofar Near 5b","Arid Desert",NA,"Zofar",NA,"Near",NA,35.178661,30.552183,28/07/22,3742, 1.24063449,37,-0.643538133356999,0.765414051945343,174.598973,"Zofar Near",279.522407,"Zofar Near 28/07/22",0,0,0,0,0,3,0,1,0,0,0,0,0,3
"2236","T4",2022,"Zofar Near 6b","Arid Desert",NA,"Zofar",NA,"Near",NA,35.17943233,30.55121557,28/07/22,3742, 1.24063449,37,-0.643538133356999,0.765414051945343,276.842668,"Zofar Near",384.197686,"Zofar Near 28/07/22",0,0,0,0,6,8,0,0,0,8,0,0,0,0
"2237","T4",2022,"Zofar Near 7b","Arid Desert",NA,"Zofar",NA,"Near",NA,35.18051795,30.55083156,28/07/22,3742, 1.24063449,37,-0.643538133356999,0.765414051945343,314.43539,"Zofar Near",430.305463,"Zofar Near 28/07/22",0,0,0,0,0,6,0,3,0,2,0,0,0,1
"2238","T4",2022,"Zofar Near 8b","Arid Desert",NA,"Zofar",NA,"Near",NA,35.18135949,30.55168736,28/07/22,3742, 1.24063449,37,-0.643538133356999,0.765414051945343,215.841605,"Zofar Near",335.534235,"Zofar Near 28/07/22",0,0,0,0,8,0,0,3,0,0,0,0,0,0
"2239","T4",2022,"Zofar Near 9b","Arid Desert",NA,"Zofar",NA,"Near",NA,35.1802634,30.55262169,28/07/22,3742, 1.24063449,37,-0.643538133356999,0.765414051945343,117.356297,"Zofar Near",231.70512,"Zofar Near 28/07/22",0,0,0,0,11,33,0,0,0,0,0,0,0,0
"2240","T4",2022,"Gamla Far 2 round 2","Herbaceous and Dwarf Shrub Vegetation",NA,"Gamla","Far",NA,NA,35.745624,32.918367,31/08/22,3776, 1.26796209,71,0.951054653254375,-0.309022728166071,3855.274158,"Gamla Far",2790.443301,"Gamla Far 31/08/22",4,0,0,0,0,0,8,0,0,0,0,0,1,3
"2241","T4",2022,"Gamla Far 3 round 2","Herbaceous and Dwarf Shrub Vegetation",NA,"Gamla","Far",NA,NA,35.744353,32.917687,31/08/22,3776, 1.26796209,71,0.951054653254375,-0.309022728166071,3913.647517,"Gamla Far",2683.465692,"Gamla Far 31/08/22",0,0,0,0,0,0,5,0,0,0,0,0,3,0
"2242","T4",2022,"Gamla Far 4 round 1","Herbaceous and Dwarf Shrub Vegetation",NA,"Gamla","Far",NA,NA,35.743611,32.917053,02/08/22,3747, 1.24465326,42,-0.916521547915634,-0.399985314988351,3717.186096,"Gamla Far",2930.386978,"Gamla Far 02/08/22",0,0,0,0,0,0,2,0,0,0,0,0,0,5
"2243","T4",2022,"Gamla Far 4 round 2","Herbaceous and Dwarf Shrub Vegetation",NA,"Gamla","Far",NA,NA,35.743611,32.917053,31/08/22,3776, 1.26796209,71,0.951054653254375,-0.309022728166071,3975.969826,"Gamla Far",2596.971935,"Gamla Far 31/08/22",0,0,0,0,0,0,6,0,0,0,0,0,0,0
"2244","T4",2022,"Gamla Far 5 round 1","Herbaceous and Dwarf Shrub Vegetation",NA,"Gamla","Far",NA,NA,35.74354,32.916323,02/08/22,3747, 1.24465326,42,-0.916521547915634,-0.399985314988351,3986.054152,"Gamla Far",2539.600649,"Gamla Far 02/08/22",0,0,0,0,0,0,5,0,0,0,1,0,0,5
"2245","T4",2022,"Gamla Far 5 round 2","Herbaceous and Dwarf Shrub Vegetation",NA,"Gamla","Far",NA,NA,35.74354,32.916323,31/08/22,3776, 1.26796209,71,0.951054653254375,-0.309022728166071,4055.892066,"Gamla Far",2517.424072,"Gamla Far 31/08/22",0,0,0,0,0,0,4,0,0,0,0,0,0,0
"2246","T4",2022,"Gamla Far 6 round 1","Herbaceous and Dwarf Shrub Vegetation",NA,"Gamla","Far",NA,NA,35.742833,32.91564,02/08/22,3747, 1.24465326,42,-0.916521547915634,-0.399985314988351,4124.43621,"Gamla Far",2427.832042,"Gamla Far 02/08/22",1,0,0,0,0,0,7,0,0,0,0,0,1,4
"2247","T4",2022,"Gamla Far 6 round 2","Herbaceous and Dwarf Shrub Vegetation",NA,"Gamla","Far",NA,NA,35.742833,32.915649,31/08/22,3776, 1.26796209,71,0.951054653254375,-0.309022728166071,4124.43621,"Gamla Far",2427.832042,"Gamla Far 31/08/22",0,0,0,0,0,0,9,0,0,0,0,0,0,0
"2248","T4",2022,"Gamla Far 7 round 1","Herbaceous and Dwarf Shrub Vegetation",NA,"Gamla","Far",NA,NA,35.741903,32.914983,02/08/22,3747, 1.24465326,42,-0.916521547915634,-0.399985314988351,4192.183759,"Gamla Far",2335.604609,"Gamla Far 02/08/22",0,0,0,0,0,0,12,0,0,0,0,0,0,3
"2249","T4",2022,"Gamla Far 8 round 1","Herbaceous and Dwarf Shrub Vegetation",NA,"Gamla","Far",NA,NA,35.741611,32.915809,02/08/22,3747, 1.24465326,42,-0.916521547915634,-0.399985314988351,4099.171265,"Gamla Far",2419.462862,"Gamla Far 02/08/22",0,0,0,0,0,0,4,0,0,0,0,0,0,1
"2250","T4",2022,"Karei Deshe Far 2","Herbaceous and Dwarf Shrub Vegetation",NA,"Karei Deshe","Far",NA,NA,35.58077596,32.92441153,05/08/22,3750, 1.24706452,45,0.850903524534118,0.52532198881773,498.107316,"Karei Deshe Far",848.866477,"Karei Deshe Far 05/08/22",4,0,0,0,0,0,0,0,0,0,0,0,0,1
"2251","T4",2022,"Karei Deshe Far 3","Herbaceous and Dwarf Shrub Vegetation",NA,"Karei Deshe","Far",NA,NA,35.58112599,32.92518742,05/08/22,3750, 1.24706452,45,0.850903524534118,0.52532198881773,438.292205,"Karei Deshe Far",914.983877,"Karei Deshe Far 05/08/22",49,0,0,0,0,0,0,0,2,0,0,0,1,0
"2252","T4",2022,"Karei Deshe Far 4","Herbaceous and Dwarf Shrub Vegetation",NA,"Karei Deshe","Far",NA,NA,35.58258142,32.92551218,05/08/22,3750, 1.24706452,45,0.850903524534118,0.52532198881773,500.615377,"Karei Deshe Far",909.069006,"Karei Deshe Far 05/08/22",31,0,0,0,0,0,0,0,0,0,0,0,14,1
"2253","T4",2022,"Karei Deshe Far 5","Herbaceous and Dwarf Shrub Vegetation",NA,"Karei Deshe","Far",NA,NA,35.58379613,32.92471519,05/08/22,3750, 1.24706452,45,0.850903524534118,0.52532198881773,644.352639,"Karei Deshe Far",797.240026,"Karei Deshe Far 05/08/22",6,0,0,0,0,0,12,0,1,0,0,0,1,0
"2254","T4",2022,"Karei Deshe Far 6","Herbaceous and Dwarf Shrub Vegetation",NA,"Karei Deshe","Far",NA,NA,35.58356915,32.92400796,05/08/22,3750, 1.24706452,45,0.850903524534118,0.52532198881773,683.267942,"Karei Deshe Far",724.524554,"Karei Deshe Far 05/08/22",0,0,0,0,0,0,1,0,7,0,0,0,0,1
"2255","T4",2022,"Karei Deshe Far 7","Herbaceous and Dwarf Shrub Vegetation",NA,"Karei Deshe","Far",NA,NA,35.58340117,32.92339276,05/08/22,3750, 1.24706452,45,0.850903524534118,0.52532198881773,724.583073,"Karei Deshe Far",662.147616,"Karei Deshe Far 05/08/22",0,0,0,0,0,0,0,0,0,0,0,0,0,1
"2256","T4",2022,"Karei Deshe Far 8","Herbaceous and Dwarf Shrub Vegetation",NA,"Karei Deshe","Far",NA,NA,35.58345683,32.92261178,05/08/22,3750, 1.24706452,45,0.850903524534118,0.52532198881773,797.090419,"Karei Deshe Far",577.220296,"Karei Deshe Far 05/08/22",0,0,0,0,0,0,3,0,0,0,0,0,0,0
"2257","T4",2022,"Karei Deshe Far 9","Herbaceous and Dwarf Shrub Vegetation",NA,"Karei Deshe","Far",NA,NA,35.58325768,32.92184122,05/08/22,3750, 1.24706452,45,0.850903524534118,0.52532198881773,858.812714,"Karei Deshe Far",499.660013,"Karei Deshe Far 05/08/22",1,0,0,0,0,0,0,0,0,0,0,0,0,0
"2258","T4",2022,"Natur Far 1","Herbaceous and Dwarf Shrub Vegetation",NA,"Natur","Far",NA,NA,35.73840939,32.83987278,19/07/22,3733, 1.23340072,28,0.270905788307869,-0.962605866313567,917.734362,"Natur Far",667.456261,"Natur Far 19/07/22",8,0,0,0,0,0,0,0,1,0,0,0,0,0
"2259","T4",2022,"Natur Far 2","Herbaceous and Dwarf Shrub Vegetation",NA,"Natur","Far",NA,NA,35.7381928,32.84079645,19/07/22,3733, 1.23340072,28,0.270905788307869,-0.962605866313567,815.132639,"Natur Far",740.735368,"Natur Far 19/07/22",3,0,0,0,0,0,0,0,2,0,0,0,0,2
"2260","T4",2022,"Natur Far 3","Herbaceous and Dwarf Shrub Vegetation",NA,"Natur","Far",NA,NA,35.73773079,32.84156237,19/07/22,3733, 1.23340072,28,0.270905788307869,-0.962605866313567,730.851502,"Natur Far",827.05674,"Natur Far 19/07/22",41,2,0,0,0,0,0,0,2,0,0,0,20,11
"2261","T4",2022,"Natur Far 4","Herbaceous and Dwarf Shrub Vegetation",NA,"Natur","Far",NA,NA,35.73735628,32.84248068,19/07/22,3733, 1.23340072,28,0.270905788307869,-0.962605866313567,631.90623,"Natur Far",920.565502,"Natur Far 19/07/22",1,0,0,0,0,0,0,0,0,0,0,0,1,2
"2262","T4",2022,"Natur Far 5","Herbaceous and Dwarf Shrub Vegetation",NA,"Natur","Far",NA,NA,35.73699184,32.84381896,19/07/22,3733, 1.23340072,28,0.270905788307869,-0.962605866313567,490.517925,"Natur Far",1049.988621,"Natur Far 19/07/22",27,0,0,0,0,0,1,0,1,0,0,0,0,5
"2263","T4",2022,"Natur Far 6","Herbaceous and Dwarf Shrub Vegetation",NA,"Natur","Far",NA,NA,35.73698446,32.84485555,19/07/22,3733, 1.23340072,28,0.270905788307869,-0.962605866313567,378.988925,"Natur Far",1137.960045,"Natur Far 19/07/22",0,0,0,0,0,0,0,0,1,0,0,0,0,1
"2264","T4",2022,"Natur Far 7","Herbaceous and Dwarf Shrub Vegetation",NA,"Natur","Far",NA,NA,35.73720574,32.84572622,19/07/22,3733, 1.23340072,28,0.270905788307869,-0.962605866313567,280.48763,"Natur Far",1202.866585,"Natur Far 19/07/22",0,0,0,0,0,0,1,0,0,0,0,0,0,0
"2265","T4",2022,"Natur Far 8","Herbaceous and Dwarf Shrub Vegetation",NA,"Natur","Far",NA,NA,35.73704213,32.84663039,19/07/22,3733, 1.23340072,28,0.270905788307869,-0.962605866313567,194.037243,"Natur Far",1294.630808,"Natur Far 19/07/22",2,0,0,0,0,0,0,0,3,0,0,0,0,1
"2266","T4",2022,"Natur Far 9","Herbaceous and Dwarf Shrub Vegetation",NA,"Natur","Far",NA,NA,35.73750213,32.84692784,19/07/22,3733, 1.23340072,28,0.270905788307869,-0.962605866313567,145.434102,"Natur Far",1300.071145,"Natur Far 19/07/22",1,0,0,0,0,0,0,0,1,0,0,0,1,1
"2267","T4",2022,"Shaal Far 1","Herbaceous and Dwarf Shrub Vegetation",NA,"Shaal","Far",NA,NA,35.751803,33.08822413,19/07/22,3733, 1.23340072,28,0.270905788307869,-0.962605866313567,360.520661,"Shaal Far",558.295736,"Shaal Far 19/07/22",2,0,0,0,0,0,5,0,0,0,1,0,0,6
"2268","T4",2022,"Shaal Far 2","Herbaceous and Dwarf Shrub Vegetation",NA,"Shaal","Far",NA,NA,35.75087126,33.08840559,19/07/22,3733, 1.23340072,28,0.270905788307869,-0.962605866313567,449.782007,"Shaal Far",634.70933,"Shaal Far 19/07/22",7,2,0,0,0,0,3,0,0,0,0,0,3,9
"2269","T4",2022,"Shaal Far 3","Herbaceous and Dwarf Shrub Vegetation",NA,"Shaal","Far",NA,NA,35.74988253,33.08821767,19/07/22,3733, 1.23340072,28,0.270905788307869,-0.962605866313567,536.012014,"Shaal Far",687.560287,"Shaal Far 19/07/22",14,14,0,0,0,0,19,0,0,0,0,0,1,2
"2270","T4",2022,"Shaal Far 4","Herbaceous and Dwarf Shrub Vegetation",NA,"Shaal","Far",NA,NA,35.74962538,33.08715163,19/07/22,3733, 1.23340072,28,0.270905788307869,-0.962605866313567,546.024221,"Shaal Far",636.331162,"Shaal Far 19/07/22",0,0,0,0,0,0,0,0,0,0,0,0,0,1
"2271","T4",2022,"Shaal Far 5","Herbaceous and Dwarf Shrub Vegetation",NA,"Shaal","Far",NA,NA,35.74929245,33.08630974,19/07/22,3733, 1.23340072,28,0.270905788307869,-0.962605866313567,582.818999,"Shaal Far",620.952745,"Shaal Far 19/07/22",3,0,0,0,0,0,0,0,0,0,0,0,0,0
"2272","T4",2022,"Shaal Far 6","Herbaceous and Dwarf Shrub Vegetation",NA,"Shaal","Far",NA,NA,35.74986577,33.08571674,19/07/22,3733, 1.23340072,28,0.270905788307869,-0.962605866313567,535.56305,"Shaal Far",547.403346,"Shaal Far 19/07/22",3,3,0,0,0,0,1,0,0,0,0,0,1,1
"2273","T4",2022,"Shaal Far 7","Herbaceous and Dwarf Shrub Vegetation",NA,"Shaal","Far",NA,NA,35.74985035,33.08481219,19/07/22,3733, 1.23340072,28,0.270905788307869,-0.962605866313567,546.219149,"Shaal Far",525.160139,"Shaal Far 19/07/22",3,1,0,0,0,0,6,0,0,0,0,0,3,2
"2274","T4",2022,"Shaal Far 8","Herbaceous and Dwarf Shrub Vegetation",NA,"Shaal","Far",NA,NA,35.74913453,33.08462257,19/07/22,3733, 1.23340072,28,0.270905788307869,-0.962605866313567,614.703996,"Shaal Far",587.788266,"Shaal Far 19/07/22",5,2,0,0,0,0,2,0,0,0,0,0,0,8
"2275","T4",2022,"Shaal Far 9","Herbaceous and Dwarf Shrub Vegetation",NA,"Shaal","Far",NA,NA,35.74830204,33.08442003,19/07/22,3733, 1.23340072,28,0.270905788307869,-0.962605866313567,694.167937,"Shaal Far",662.524455,"Shaal Far 19/07/22",0,0,0,0,0,0,0,0,2,0,0,0,0,3
"2276","T4",2022,"Yavneel Far 1","Herbaceous and Dwarf Shrub Vegetation",NA,"Yavneel","Far",NA,NA,35.509687,32.679954,16/08/22,3761, 1.25590580,56,-0.521551002086912,0.853220107722584,1548.348159,"Yavneel Far",94.468926,"Yavneel Far 16/08/22",0,0,0,0,0,0,1,0,0,0,0,0,27,0
"2277","T4",2022,"Yavneel Far 2","Herbaceous and Dwarf Shrub Vegetation",NA,"Yavneel","Far",NA,NA,35.509952,32.67916,16/08/22,3761, 1.25590580,56,-0.521551002086912,0.853220107722584,1638.927167,"Yavneel Far",89.338283,"Yavneel Far 16/08/22",0,0,0,0,0,0,1,0,0,0,0,0,9,0
"2278","T4",2022,"Yavneel Far 3","Herbaceous and Dwarf Shrub Vegetation",NA,"Yavneel","Far",NA,NA,35.510685,32.678735,16/08/22,3761, 1.25590580,56,-0.521551002086912,0.853220107722584,1702.848117,"Yavneel Far",132.904803,"Yavneel Far 16/08/22",2,0,0,0,0,0,11,0,1,0,0,0,1,4
"2279","T4",2022,"Yavneel Far 4","Herbaceous and Dwarf Shrub Vegetation",NA,"Yavneel","Far",NA,NA,35.511521,32.677803,16/08/22,3761, 1.25590580,56,-0.521551002086912,0.853220107722584,1824.099175,"Yavneel Far",54.88829,"Yavneel Far 16/08/22",2,0,0,0,0,0,14,0,1,0,0,0,1,10
"2280","T4",2022,"Yavneel Far 5","Herbaceous and Dwarf Shrub Vegetation",NA,"Yavneel","Far",NA,NA,35.512414,32.677343,16/08/22,3761, 1.25590580,56,-0.521551002086912,0.853220107722584,1898.646567,"Yavneel Far",42.111548,"Yavneel Far 16/08/22",0,2,0,0,0,0,0,0,0,0,0,0,3,2
"2281","T4",2022,"Yavneel Far 6","Herbaceous and Dwarf Shrub Vegetation",NA,"Yavneel","Far",NA,NA,35.513409,32.677126,16/08/22,3761, 1.25590580,56,-0.521551002086912,0.853220107722584,1953.636202,"Yavneel Far",37.680384,"Yavneel Far 16/08/22",0,0,0,0,0,0,0,0,0,0,0,0,6,1
"2282","T4",2022,"Yavneel Far 7","Herbaceous and Dwarf Shrub Vegetation",NA,"Yavneel","Far",NA,NA,35.51013,32.677337,16/08/22,3761, 1.25590580,56,-0.521551002086912,0.853220107722584,1840.41297,"Yavneel Far",20.536224,"Yavneel Far 16/08/22",5,0,0,0,0,0,0,0,0,0,0,0,4,2
"2283","T4",2022,"Yavneel Far 8","Herbaceous and Dwarf Shrub Vegetation",NA,"Yavneel","Far",NA,NA,35.511465,32.677317,16/08/22,3761, 1.25590580,56,-0.521551002086912,0.853220107722584,1874.196334,"Yavneel Far",18.735593,"Yavneel Far 16/08/22",0,0,0,0,0,0,0,0,0,0,0,0,11,1
"2284","T4",2022,"Yavneel Far 9","Herbaceous and Dwarf Shrub Vegetation",NA,"Yavneel","Far",NA,NA,35.509742,32.678195,16/08/22,3761, 1.25590580,56,-0.521551002086912,0.853220107722584,1739.721973,"Yavneel Far",27.693305,"Yavneel Far 16/08/22",0,0,0,0,0,0,0,0,0,0,0,0,3,0
"2285","T4",2021,"Beer Milka Far Shifting 1_1","Inland Sands",NA,"Beer Milka",NA,"Far","Shifting",34.41727526,30.94818668,11/12/21,3513, 1.05657506,173,-0.210810532913481,-0.977526940402531,1740.314588,"Beer Milka Far Shifting 1",2345.137287,"Beer Milka Far Shifting 1 11/12/21",0,0,0,0,0,0,0,0,0,0,0,0,0,1
"2286","T4",2021,"Beer Milka Far Shifting 1_2","Inland Sands",NA,"Beer Milka",NA,"Far","Shifting",34.41742145,30.94760671,11/12/21,3513, 1.05657506,173,-0.210810532913481,-0.977526940402531,1701.112011,"Beer Milka Far Shifting 1",2279.341555,"Beer Milka Far Shifting 1 11/12/21",0,0,0,0,0,0,0,0,0,0,0,0,0,1
"2287","T4",2021,"Beer Milka Far Shifting 1_3","Inland Sands",NA,"Beer Milka",NA,"Far","Shifting",34.42029208,30.94837819,11/12/21,3513, 1.05657506,173,-0.210810532913481,-0.977526940402531,1953.893566,"Beer Milka Far Shifting 1",2307.840947,"Beer Milka Far Shifting 1 11/12/21",0,0,0,0,0,0,0,0,0,2,0,0,0,2
"2288","T4",2021,"Beer Milka Far Shifting 1_4","Inland Sands",NA,"Beer Milka",NA,"Far","Shifting",34.41905726,30.94808719,11/12/21,3513, 1.05657506,173,-0.210810532913481,-0.977526940402531,1847.142099,"Beer Milka Far Shifting 1",2303.165522,"Beer Milka Far Shifting 1 11/12/21",0,0,0,0,0,0,0,0,0,1,0,0,0,0
"2289","T4",2021,"Beer Milka Far Shifting 1_5","Inland Sands",NA,"Beer Milka",NA,"Far","Shifting",34.42159329,30.94673659,11/12/21,3513, 1.05657506,173,-0.210810532913481,-0.977526940402531,1916.96033,"Beer Milka Far Shifting 1",2106.349591,"Beer Milka Far Shifting 1 11/12/21",0,0,0,0,0,1,0,0,0,0,0,0,0,0
"2290","T4",2021,"Beer Milka Far Shifting 1_6","Inland Sands",NA,"Beer Milka",NA,"Far","Shifting",34.42110311,30.9475975,11/12/21,3513, 1.05657506,173,-0.210810532913481,-0.977526940402531,1951.881888,"Beer Milka Far Shifting 1",2208.326476,"Beer Milka Far Shifting 1 11/12/21",0,0,0,0,0,0,0,0,0,1,0,0,0,1
"2291","T4",2021,"Beer Milka Far Shifting 1_7","Inland Sands",NA,"Beer Milka",NA,"Far","Shifting",34.42039602,30.94675097,11/12/21,3513, 1.05657506,173,-0.210810532913481,-0.977526940402531,1837.266515,"Beer Milka Far Shifting 1",2129.289128,"Beer Milka Far Shifting 1 11/12/21",0,0,0,0,0,0,0,0,0,0,0,0,0,1
"2292","T4",2021,"Beer Milka Far Shifting 1_8","Inland Sands",NA,"Beer Milka",NA,"Far","Shifting",34.41570986,30.9480639,11/12/21,3513, 1.05657506,173,-0.210810532913481,-0.977526940402531,1636.560694,"Beer Milka Far Shifting 1",2357.456556,"Beer Milka Far Shifting 1 11/12/21",0,0,0,0,0,0,0,1,0,0,0,0,0,0
"2293","T4",2021,"Beer Milka Far Shifting 1_9","Inland Sands",NA,"Beer Milka",NA,"Far","Shifting",34.41658325,30.94813148,11/12/21,3513, 1.05657506,173,-0.210810532913481,-0.977526940402531,1693.509548,"Beer Milka Far Shifting 1",2350.391581,"Beer Milka Far Shifting 1 11/12/21",0,0,0,0,0,1,0,0,0,0,0,0,0,2
"2294","T4",2021,"Beer Milka Far Shifting 2_1","Inland Sands",NA,"Beer Milka",NA,"Far","Shifting",34.37983364,30.98137296,11/12/21,3513, 1.05657506,173,-0.210810532913481,-0.977526940402531,5562.176852,"Beer Milka Far Shifting 2",1127.94766,"Beer Milka Far Shifting 2 11/12/21",0,0,0,0,0,0,0,0,0,0,0,0,0,2
"2295","T4",2021,"Beer Milka Far Shifting 2_4","Inland Sands",NA,"Beer Milka",NA,"Far","Shifting",34.37845431,30.9811499,11/12/21,3513, 1.05657506,173,-0.210810532913481,-0.977526940402531,5598.971824,"Beer Milka Far Shifting 2",1026.470465,"Beer Milka Far Shifting 2 11/12/21",0,0,0,0,0,0,0,0,0,0,0,0,0,1
"2296","T4",2021,"Beer Milka Far Shifting 2_8","Inland Sands",NA,"Beer Milka",NA,"Far","Shifting",34.37660091,30.98169863,11/12/21,3513, 1.05657506,173,-0.210810532913481,-0.977526940402531,5735.531228,"Beer Milka Far Shifting 2",987.542246,"Beer Milka Far Shifting 2 11/12/21",0,0,0,0,0,0,0,0,0,0,0,0,0,1
"2297","T4",2021,"Beer Milka Far Shifting 2_9","Inland Sands",NA,"Beer Milka",NA,"Far","Shifting",34.37795676,30.98206627,11/12/21,3513, 1.05657506,173,-0.210810532913481,-0.977526940402531,5711.068369,"Beer Milka Far Shifting 2",1084.937612,"Beer Milka Far Shifting 2 11/12/21",0,0,0,0,0,1,0,0,0,0,0,0,0,1
"2298","T4",2021,"Beer Milka Far Shifting 3_2","Inland Sands",NA,"Beer Milka",NA,"Far","Shifting",34.44445744,30.91569159,11/12/21,3513, 1.05657506,173,-0.210810532913481,-0.977526940402531,993.555424,"Beer Milka Far Shifting 3",1298.914439,"Beer Milka Far Shifting 3 11/12/21",0,0,0,0,0,2,0,0,0,0,0,0,0,2
"2299","T4",2021,"Beer Milka Far Shifting 3_4","Inland Sands",NA,"Beer Milka",NA,"Far","Shifting",34.44353309,30.91544652,11/12/21,3513, 1.05657506,173,-0.210810532913481,-0.977526940402531,902.313412,"Beer Milka Far Shifting 3",1235.6021,"Beer Milka Far Shifting 3 11/12/21",0,0,0,0,0,0,0,0,0,1,0,0,0,2
"2300","T4",2021,"Beer Milka Far Shifting 3_5","Inland Sands",NA,"Beer Milka",NA,"Far","Shifting",34.44471829,30.91573617,11/12/21,3513, 1.05657506,173,-0.210810532913481,-0.977526940402531,1018.164636,"Beer Milka Far Shifting 3",1314.965181,"Beer Milka Far Shifting 3 11/12/21",0,0,0,0,0,1,0,0,0,0,0,0,0,1
"2301","T4",2021,"Beer Milka Far Shifting 3_6","Inland Sands",NA,"Beer Milka",NA,"Far","Shifting",34.44642954,30.91567376,11/12/21,3513, 1.05657506,173,-0.210810532913481,-0.977526940402531,1165.301979,"Beer Milka Far Shifting 3",1394.837382,"Beer Milka Far Shifting 3 11/12/21",0,0,0,0,0,8,0,0,0,0,0,0,0,1
"2302","T4",2021,"Beer Milka Far Shifting 3_7","Inland Sands",NA,"Beer Milka",NA,"Far","Shifting",34.44776628,30.91591279,11/12/21,3513, 1.05657506,173,-0.210810532913481,-0.977526940402531,1294.003547,"Beer Milka Far Shifting 3",1478.15601,"Beer Milka Far Shifting 3 11/12/21",0,0,0,0,0,0,0,0,0,2,0,0,0,2
"2303","T4",2021,"Beer Milka Far Shifting 3_8","Inland Sands",NA,"Beer Milka",NA,"Far","Shifting",34.44907486,30.91656228,11/12/21,3513, 1.05657506,173,-0.210810532913481,-0.977526940402531,1436.685194,"Beer Milka Far Shifting 3",1542.392001,"Beer Milka Far Shifting 3 11/12/21",0,0,0,0,0,0,0,0,0,0,0,0,0,1
"2304","T4",2021,"Beer Milka Far Shifting 3_9","Inland Sands",NA,"Beer Milka",NA,"Far","Shifting",34.45083138,30.91695807,11/12/21,3513, 1.05657506,173,-0.210810532913481,-0.977526940402531,1609.072918,"Beer Milka Far Shifting 3",1592.173169,"Beer Milka Far Shifting 3 11/12/21",0,0,0,0,0,0,0,0,0,0,0,0,0,1
"2305","T4",2021,"Beer Milka Near Semi-Shifting 1_3","Inland Sands",NA,"Beer Milka",NA,"Near","Semi-Shifting",34.39218622,30.96396607,24/11/21,3496, 1.04291126,156,-0.881784618814781,0.471652293561339,3317.742679,"Beer Milka Near Semi-Shifting",121.996582,"Beer Milka Near Semi-Shifting 24/11/21",1,0,0,0,0,0,0,0,0,0,0,0,0,0
"2306","T4",2021,"Beer Milka Near Semi-Shifting 1_5","Inland Sands",NA,"Beer Milka",NA,"Near","Semi-Shifting",34.39017054,30.96439559,24/11/21,3496, 1.04291126,156,-0.881784618814781,0.471652293561339,3438.09791,"Beer Milka Near Semi-Shifting",162.207139,"Beer Milka Near Semi-Shifting 24/11/21",0,0,0,0,0,0,0,0,0,0,0,0,0,2
"2307","T4",2021,"Beer Milka Near Semi-Shifting 1_8","Inland Sands",NA,"Beer Milka",NA,"Near","Semi-Shifting",34.39378951,30.96466123,24/11/21,3496, 1.04291126,156,-0.881784618814781,0.471652293561339,3335.88487,"Beer Milka Near Semi-Shifting",207.66875,"Beer Milka Near Semi-Shifting 24/11/21",0,0,0,0,0,0,0,0,0,2,0,0,0,8
"2308","T4",2021,"Beer Milka Near Semi-Shifting 1_9","Inland Sands",NA,"Beer Milka",NA,"Near","Semi-Shifting",34.39327486,30.96476732,24/11/21,3496, 1.04291126,156,-0.881784618814781,0.471652293561339,3363.41214,"Beer Milka Near Semi-Shifting",209.709103,"Beer Milka Near Semi-Shifting 24/11/21",0,0,0,0,0,3,0,0,0,0,0,0,0,11
"2309","T4",2021,"Beer Milka Near Shifting 1_1","Inland Sands",NA,"Beer Milka",NA,"Near","Shifting",34.42497857,30.92982266,24/11/21,3496, 1.04291126,156,-0.881784618814781,0.471652293561339,1514.878512,"Beer Milka Near Shifting",204.071453,"Beer Milka Near Shifting 24/11/21",0,0,0,0,0,0,0,0,0,0,0,0,0,2
"2310","T4",2021,"Beer Milka Near Shifting 1_2","Inland Sands",NA,"Beer Milka",NA,"Near","Shifting",34.41823013,30.92833634,24/11/21,3496, 1.04291126,156,-0.881784618814781,0.471652293561339,918.103689,"Beer Milka Near Shifting",240.661298,"Beer Milka Near Shifting 24/11/21",3,0,0,0,0,0,0,0,0,0,0,0,0,2
"2311","T4",2021,"Beer Milka Near Shifting 1_3","Inland Sands",NA,"Beer Milka",NA,"Near","Shifting",34.41679314,30.92835992,24/11/21,3496, 1.04291126,156,-0.881784618814781,0.471652293561339,789.447759,"Beer Milka Near Shifting",324.138163,"Beer Milka Near Shifting 24/11/21",1,0,0,0,0,0,0,0,0,1,0,0,0,0
"2312","T4",2021,"Beer Milka Near Shifting 1_4","Inland Sands",NA,"Beer Milka",NA,"Near","Shifting",34.41876389,30.92832167,24/11/21,3496, 1.04291126,156,-0.881784618814781,0.471652293561339,966.716343,"Beer Milka Near Shifting",199.987188,"Beer Milka Near Shifting 24/11/21",0,0,0,0,0,0,0,0,0,0,0,0,0,1
"2313","T4",2021,"Beer Milka Near Shifting 1_5","Inland Sands",NA,"Beer Milka",NA,"Near","Shifting",34.41971138,30.92787588,24/11/21,3496, 1.04291126,156,-0.881784618814781,0.471652293561339,1068.609384,"Beer Milka Near Shifting",100.202913,"Beer Milka Near Shifting 24/11/21",0,0,0,0,0,0,0,0,0,0,0,0,0,1
"2314","T4",2021,"Beer Milka Near Shifting 1_6","Inland Sands",NA,"Beer Milka",NA,"Near","Shifting",34.42080338,30.92808555,24/11/21,3496, 1.04291126,156,-0.881784618814781,0.471652293561339,1160.140634,"Beer Milka Near Shifting",98.395339,"Beer Milka Near Shifting 24/11/21",8,0,0,0,0,0,0,1,0,1,0,0,0,6
"2315","T4",2021,"Beer Milka Near Shifting 1_7","Inland Sands",NA,"Beer Milka",NA,"Near","Shifting",34.42164358,30.92901249,24/11/21,3496, 1.04291126,156,-0.881784618814781,0.471652293561339,1212.641377,"Beer Milka Near Shifting",178.573323,"Beer Milka Near Shifting 24/11/21",1,0,0,0,0,1,0,0,0,0,0,0,0,0
"2316","T4",2021,"Beer Milka Near Shifting 1_8","Inland Sands",NA,"Beer Milka",NA,"Near","Shifting",34.42269802,30.92922244,24/11/21,3496, 1.04291126,156,-0.881784618814781,0.471652293561339,1307.525522,"Beer Milka Near Shifting",194.724299,"Beer Milka Near Shifting 24/11/21",1,0,0,0,0,0,0,0,0,0,0,0,0,0
"2317","T4",2021,"Beer Milka Near Shifting 1_9","Inland Sands",NA,"Beer Milka",NA,"Near","Shifting",34.42378733,30.92939759,24/11/21,3496, 1.04291126,156,-0.881784618814781,0.471652293561339,1407.455404,"Beer Milka Near Shifting",184.436258,"Beer Milka Near Shifting 24/11/21",0,0,0,0,0,0,0,1,0,0,0,0,0,0
"2318","T4",2021,"Secher Far Semi-Shifting 1_1","Inland Sands",NA,"Secher",NA,"Far","Semi-Shifting",34.76497203,31.08342784,25/12/21,3527, 1.06782760,187,-0.997171023392149,0.0751661500081933,4832.618292,"Secher Far",3384.114299,"Secher Far 25/12/21",0,0,0,0,0,3,0,0,0,1,0,0,0,6
"2319","T4",2021,"Secher Far Semi-Shifting 1_2","Inland Sands",NA,"Secher",NA,"Far","Semi-Shifting",34.7654213,31.08316195,25/12/21,3527, 1.06782760,187,-0.997171023392149,0.0751661500081933,4845.074974,"Secher Far",3401.703147,"Secher Far 25/12/21",0,0,0,0,0,4,0,0,0,1,0,0,0,2
"2320","T4",2021,"Secher Far Semi-Shifting 1_3","Inland Sands",NA,"Secher",NA,"Far","Semi-Shifting",34.76636577,31.08380427,25/12/21,3527, 1.06782760,187,-0.997171023392149,0.0751661500081933,4746.67319,"Secher Far",3516.435021,"Secher Far 25/12/21",0,0,0,0,0,4,0,0,0,1,0,0,0,4
"2321","T4",2021,"Secher Far Semi-Shifting 1_4","Inland Sands",NA,"Secher",NA,"Far","Semi-Shifting",34.7654669,31.08426168,25/12/21,3527, 1.06782760,187,-0.997171023392149,0.0751661500081933,4729.430492,"Secher Far",3476.532224,"Secher Far 25/12/21",0,0,0,0,0,4,0,0,0,7,0,0,0,4
"2322","T4",2021,"Secher Far Semi-Shifting 1_5","Inland Sands",NA,"Secher",NA,"Far","Semi-Shifting",34.76296037,31.08307609,25/12/21,3527, 1.06782760,187,-0.997171023392149,0.0751661500081933,4940.106693,"Secher Far",3205.956503,"Secher Far 25/12/21",0,0,0,0,0,3,0,0,0,1,0,0,0,2
"2323","T4",2021,"Shunra East East Far Semi-Shifting 2_1","Inland Sands",NA,"Shunra",NA,"Far","Semi-Shifting",34.6072283,30.95656678,24/11/21,3496, 1.04291126,156,-0.881784618814781,0.471652293561339,7428.750682,"Shunra Far",3714.818169,"Shunra Far 24/11/21",0,0,0,0,0,1,0,0,0,0,0,0,0,0
"2324","T4",2021,"Shunra East East Far Semi-Shifting 2_2","Inland Sands",NA,"Shunra",NA,"Far","Semi-Shifting",34.60629422,30.95710329,24/11/21,3496, 1.04291126,156,-0.881784618814781,0.471652293561339,7519.2687,"Shunra Far",3797.167053,"Shunra Far 24/11/21",0,0,0,0,0,0,0,0,0,0,0,0,0,1
"2325","T4",2021,"Shunra East East Far Semi-Shifting 2_3","Inland Sands",NA,"Shunra",NA,"Far","Semi-Shifting",34.60519787,30.95713836,24/11/21,3496, 1.04291126,156,-0.881784618814781,0.471652293561339,7624.091997,"Shunra Far",3832.841493,"Shunra Far 24/11/21",0,0,0,0,0,0,0,0,0,1,0,0,0,1
"2326","T4",2021,"Shunra East East Far Semi-Shifting 2_4","Inland Sands",NA,"Shunra",NA,"Far","Semi-Shifting",34.60797999,30.95943531,24/11/21,3496, 1.04291126,156,-0.881784618814781,0.471652293561339,7369.50485,"Shunra Far",4003.776592,"Shunra Far 24/11/21",1,0,0,0,0,0,0,0,0,0,0,0,0,1
"2327","T4",2021,"Shunra East East Far Semi-Shifting 2_5","Inland Sands",NA,"Shunra",NA,"Far","Semi-Shifting",34.60427787,30.95756216,24/11/21,3496, 1.04291126,156,-0.881784618814781,0.471652293561339,7713.302789,"Shunra Far",3905.938298,"Shunra Far 24/11/21",1,0,0,0,0,0,0,0,0,0,0,0,0,2
"2328","T4",2021,"Shunra East East Far Semi-Shifting 2_6","Inland Sands",NA,"Shunra",NA,"Far","Semi-Shifting",34.60884366,30.95959718,24/11/21,3496, 1.04291126,156,-0.881784618814781,0.471652293561339,7288.267863,"Shunra Far",4002.497279,"Shunra Far 24/11/21",0,0,0,0,0,0,0,0,0,0,0,0,0,1
"2329","T4",2022,"Har Amasa Far 1","Mediterranean Desert Transition Zone",NA,"Har Amasa","Far",NA,NA,35.09315438,31.334302,24/11/22,3861, 1.33628110,156,-0.881784618814781,0.471652293561339,1123.959371,"Har Amasa Far",130.04903,"Har Amasa Far 24/11/22",0,0,0,0,0,0,0,0,0,0,0,0,0,2
"2330","T4",2022,"Har Amasa Far 2","Mediterranean Desert Transition Zone",NA,"Har Amasa","Far",NA,NA,35.09243421,31.33415767,24/11/22,3861, 1.33628110,156,-0.881784618814781,0.471652293561339,1181.460196,"Har Amasa Far",160.694168,"Har Amasa Far 24/11/22",0,0,0,0,0,0,0,0,0,0,1,0,0,1
"2331","T4",2022,"Har Amasa Far 3","Mediterranean Desert Transition Zone",NA,"Har Amasa","Far",NA,NA,35.092538,31.33356143,24/11/22,3861, 1.33628110,156,-0.881784618814781,0.471652293561339,1224.501103,"Har Amasa Far",185.794537,"Har Amasa Far 24/11/22",0,0,0,0,0,0,1,0,1,0,0,0,0,2
"2332","T4",2022,"Har Amasa Far 4","Mediterranean Desert Transition Zone",NA,"Har Amasa","Far",NA,NA,35.09253345,31.33296376,24/11/22,3861, 1.33628110,156,-0.881784618814781,0.471652293561339,1276.111042,"Har Amasa Far",211.860884,"Har Amasa Far 24/11/22",0,0,0,0,0,0,1,0,0,2,0,0,0,5
"2333","T4",2022,"Har Amasa Far 5","Mediterranean Desert Transition Zone",NA,"Har Amasa","Far",NA,NA,35.09234771,31.33241105,24/11/22,3861, 1.33628110,156,-0.881784618814781,0.471652293561339,1335.381262,"Har Amasa Far",237.411302,"Har Amasa Far 24/11/22",0,0,0,0,0,0,2,0,0,0,0,0,0,0
"2334","T4",2022,"Har Amasa Far 6","Mediterranean Desert Transition Zone",NA,"Har Amasa","Far",NA,NA,35.09228635,31.33190845,24/11/22,3861, 1.33628110,156,-0.881784618814781,0.471652293561339,1383.575058,"Har Amasa Far",277.36808,"Har Amasa Far 24/11/22",1,0,0,0,0,0,0,0,0,0,0,0,0,0
"2335","T4",2022,"Har Amasa Far 7","Mediterranean Desert Transition Zone",NA,"Har Amasa","Far",NA,NA,35.09194571,31.33134685,24/11/22,3861, 1.33628110,156,-0.881784618814781,0.471652293561339,1453.034605,"Har Amasa Far",255.864456,"Har Amasa Far 24/11/22",2,0,0,0,0,0,4,0,0,11,0,0,0,5
"2336","T4",2022,"Har Amasa Far 8","Mediterranean Desert Transition Zone",NA,"Har Amasa","Far",NA,NA,35.09176634,31.33059938,24/11/22,3861, 1.33628110,156,-0.881784618814781,0.471652293561339,1530.720514,"Har Amasa Far",209.457557,"Har Amasa Far 24/11/22",0,0,0,0,0,0,1,0,0,0,0,0,0,1
"2337","T4",2022,"Har Amasa Near 1","Mediterranean Desert Transition Zone",NA,"Har Amasa","Near",NA,NA,35.09923194,31.34524492,24/11/22,3861, 1.33628110,156,-0.881784618814781,0.471652293561339,79.599692,"Har Amasa Near",54.058243,"Har Amasa Near 24/11/22",0,0,0,0,0,0,2,0,0,0,0,0,0,1
"2338","T4",2022,"Har Amasa Near 2","Mediterranean Desert Transition Zone",NA,"Har Amasa","Near",NA,NA,35.09822275,31.34581703,24/11/22,3861, 1.33628110,156,-0.881784618814781,0.471652293561339,187.836468,"Har Amasa Near",42.918145,"Har Amasa Near 24/11/22",1,0,0,0,0,0,1,0,0,0,0,0,0,2
"2339","T4",2022,"Har Amasa Near 3","Mediterranean Desert Transition Zone",NA,"Har Amasa","Near",NA,NA,35.09792503,31.3448008,24/11/22,3861, 1.33628110,156,-0.881784618814781,0.471652293561339,202.031215,"Har Amasa Near",0,"Har Amasa Near 24/11/22",2,0,0,0,0,0,5,0,0,1,0,0,0,3
"2340","T4",2022,"Har Amasa Near 4","Mediterranean Desert Transition Zone",NA,"Har Amasa","Near",NA,NA,35.09697452,31.34497948,24/11/22,3861, 1.33628110,156,-0.881784618814781,0.471652293561339,293.160396,"Har Amasa Near",0,"Har Amasa Near 24/11/22",1,0,0,0,0,0,2,0,0,0,0,0,0,1
"2341","T4",2022,"Har Amasa Near 5","Mediterranean Desert Transition Zone",NA,"Har Amasa","Near",NA,NA,35.09622116,31.34480595,24/11/22,3861, 1.33628110,156,-0.881784618814781,0.471652293561339,364.078993,"Har Amasa Near",0,"Har Amasa Near 24/11/22",3,0,0,0,0,0,16,1,0,3,0,0,0,2
"2342","T4",2022,"Har Amasa Near 6","Mediterranean Desert Transition Zone",NA,"Har Amasa","Near",NA,NA,35.09601764,31.34406318,24/11/22,3861, 1.33628110,156,-0.881784618814781,0.471652293561339,379.963011,"Har Amasa Near",0,"Har Amasa Near 24/11/22",1,0,0,0,0,0,20,0,0,1,0,0,0,9
"2343","T4",2022,"Har Amasa Near 7","Mediterranean Desert Transition Zone",NA,"Har Amasa","Near",NA,NA,35.09607732,31.34344524,24/11/22,3861, 1.33628110,156,-0.881784618814781,0.471652293561339,370.582523,"Har Amasa Near",43.54697,"Har Amasa Near 24/11/22",0,0,0,0,0,0,6,0,0,1,0,0,0,11
"2344","T4",2022,"Har Amasa Near 8","Mediterranean Desert Transition Zone",NA,"Har Amasa","Near",NA,NA,35.09703789,31.34314773,24/11/22,3861, 1.33628110,156,-0.881784618814781,0.471652293561339,281.408663,"Har Amasa Near",46.615921,"Har Amasa Near 24/11/22",2,0,0,0,0,0,2,1,0,3,0,0,0,5
"2345","T4",2022,"Har Amasa Near 9","Mediterranean Desert Transition Zone",NA,"Har Amasa","Near",NA,NA,35.09631604,31.34230901,24/11/22,3861, 1.33628110,156,-0.881784618814781,0.471652293561339,370.818975,"Har Amasa Near",160.205508,"Har Amasa Near 24/11/22",0,0,0,0,0,0,3,0,0,0,0,0,0,3
"2346","T4",2022,"Lahav Far 2","Mediterranean Desert Transition Zone",NA,"Lahav","Far",NA,NA,34.85803294,31.3734376,13/11/22,3850, 1.32743981,145,0.467745162045133,0.8838633737085,856.851811,"Lahav Far",30.812118,"Lahav Far 13/11/22",3,0,0,0,0,0,0,0,0,0,0,0,0,5
"2347","T4",2022,"Lahav Far 3","Mediterranean Desert Transition Zone",NA,"Lahav","Far",NA,NA,34.8590485,31.37325387,13/11/22,3850, 1.32743981,145,0.467745162045133,0.8838633737085,782.261102,"Lahav Far",33.764268,"Lahav Far 13/11/22",1,0,0,0,0,0,0,0,1,0,0,0,0,5
"2348","T4",2022,"Lahav Far 4","Mediterranean Desert Transition Zone",NA,"Lahav","Far",NA,NA,34.8600858,31.37347944,13/11/22,3850, 1.32743981,145,0.467745162045133,0.8838633737085,682.540527,"Lahav Far",42.307418,"Lahav Far 13/11/22",0,0,0,0,0,0,0,0,0,0,0,0,0,1
"2349","T4",2022,"Lahav Far 5","Mediterranean Desert Transition Zone",NA,"Lahav","Far",NA,NA,34.86063603,31.37344365,13/11/22,3850, 1.32743981,145,0.467745162045133,0.8838633737085,638.122092,"Lahav Far",42.467739,"Lahav Far 13/11/22",2,0,0,0,0,0,0,0,0,0,1,0,0,6
"2350","T4",2022,"Lahav Far 6","Mediterranean Desert Transition Zone",NA,"Lahav","Far",NA,NA,34.86140884,31.37318516,13/11/22,3850, 1.32743981,145,0.467745162045133,0.8838633737085,590.953095,"Lahav Far",75.102092,"Lahav Far 13/11/22",5,0,0,0,0,0,0,0,0,0,1,0,0,12
"2351","T4",2022,"Lahav Far 7","Mediterranean Desert Transition Zone",NA,"Lahav","Far",NA,NA,34.86217696,31.37334804,13/11/22,3850, 1.32743981,145,0.467745162045133,0.8838633737085,521.442282,"Lahav Far",54.204247,"Lahav Far 13/11/22",3,0,0,0,0,0,0,0,1,0,1,0,0,2
"2352","T4",2022,"Lahav Far 8","Mediterranean Desert Transition Zone",NA,"Lahav","Far",NA,NA,34.862228,31.37240941,13/11/22,3850, 1.32743981,145,0.467745162045133,0.8838633737085,584.413053,"Lahav Far",53.051029,"Lahav Far 13/11/22",1,0,0,0,0,0,0,0,0,0,0,0,0,3
"2353","T4",2022,"Lahav Near 1","Mediterranean Desert Transition Zone",NA,"Lahav","Near",NA,NA,34.86229095,31.38481964,13/11/22,3850, 1.32743981,145,0.467745162045133,0.8838633737085,490.099158,"Lahav Near",961.613359,"Lahav Near 13/11/22",0,0,0,0,0,0,0,0,0,0,1,0,0,1
"2354","T4",2022,"Lahav Near 3","Mediterranean Desert Transition Zone",NA,"Lahav","Near",NA,NA,34.8644011,31.38431017,13/11/22,3850, 1.32743981,145,0.467745162045133,0.8838633737085,337.84132,"Lahav Near",803.176305,"Lahav Near 13/11/22",0,0,0,0,0,0,0,0,1,0,0,0,0,0
"2355","T4",2022,"Lahav Near 5","Mediterranean Desert Transition Zone",NA,"Lahav","Near",NA,NA,34.8654697,31.38363497,13/11/22,3850, 1.32743981,145,0.467745162045133,0.8838633737085,227.390668,"Lahav Near",691.616722,"Lahav Near 13/11/22",1,0,0,0,0,0,0,0,0,0,0,0,0,0
"2356","T4",2022,"Lahav Near 6","Mediterranean Desert Transition Zone",NA,"Lahav","Near",NA,NA,34.86670587,31.38374402,13/11/22,3850, 1.32743981,145,0.467745162045133,0.8838633737085,209.109267,"Lahav Near",577.339284,"Lahav Near 13/11/22",12,0,0,0,0,0,0,0,3,0,0,0,0,9
"2357","T4",2022,"Lahav Near 7","Mediterranean Desert Transition Zone",NA,"Lahav","Near",NA,NA,34.86798629,31.38330123,13/11/22,3850, 1.32743981,145,0.467745162045133,0.8838633737085,78.663054,"Lahav Near",449.520481,"Lahav Near 13/11/22",25,0,0,0,0,0,0,0,0,0,0,0,0,2
"2358","T4",2022,"Lahav Near 8","Mediterranean Desert Transition Zone",NA,"Lahav","Near",NA,NA,34.86811805,31.38263088,13/11/22,3850, 1.32743981,145,0.467745162045133,0.8838633737085,31.124907,"Lahav Near",434.089138,"Lahav Near 13/11/22",40,0,0,0,0,0,0,0,4,0,0,0,0,5
"2359","T4",2022,"Lahav Near 9","Mediterranean Desert Transition Zone",NA,"Lahav","Near",NA,NA,34.86763693,31.38217606,13/11/22,3850, 1.32743981,145,0.467745162045133,0.8838633737085,28.884185,"Lahav Near",484.083686,"Lahav Near 13/11/22",39,0,0,0,0,0,0,0,1,0,0,0,0,6
"2360","T4",2022,"Lehavim Far 1","Mediterranean Desert Transition Zone",NA,"Lehavim","Far",NA,NA,34.8288485,31.37488265,27/11/22,3864, 1.33869236,159,0.939519731713148,-0.342494779115907,495.273969,"Lehavim Far",855.198378,"Lehavim Far 27/11/22",0,0,0,0,0,0,3,0,0,2,0,0,0,2
"2361","T4",2022,"Lehavim Far 2","Mediterranean Desert Transition Zone",NA,"Lehavim","Far",NA,NA,34.82766699,31.37571593,27/11/22,3864, 1.33869236,159,0.939519731713148,-0.342494779115907,485.958886,"Lehavim Far",716.491273,"Lehavim Far 27/11/22",0,0,0,0,0,0,0,0,0,0,1,0,0,3
"2362","T4",2022,"Lehavim Far 3","Mediterranean Desert Transition Zone",NA,"Lehavim","Far",NA,NA,34.828073,31.37636485,27/11/22,3864, 1.33869236,159,0.939519731713148,-0.342494779115907,565.890177,"Lehavim Far",732.303539,"Lehavim Far 27/11/22",0,0,0,0,0,0,0,0,0,0,0,0,0,1
"2363","T4",2022,"Lehavim Far 4","Mediterranean Desert Transition Zone",NA,"Lehavim","Far",NA,NA,34.82799556,31.3775582,27/11/22,3864, 1.33869236,159,0.939519731713148,-0.342494779115907,662.434246,"Lehavim Far",704.870982,"Lehavim Far 27/11/22",0,0,0,0,0,0,4,0,0,0,0,0,0,4
"2364","T4",2022,"Lehavim Far 5","Mediterranean Desert Transition Zone",NA,"Lehavim","Far",NA,NA,34.82740346,31.37801763,27/11/22,3864, 1.33869236,159,0.939519731713148,-0.342494779115907,665.18226,"Lehavim Far",647.143515,"Lehavim Far 27/11/22",0,0,0,0,0,0,3,0,0,1,0,0,0,2
"2365","T4",2022,"Lehavim Far 6","Mediterranean Desert Transition Zone",NA,"Lehavim","Far",NA,NA,34.82676979,31.37855777,27/11/22,3864, 1.33869236,159,0.939519731713148,-0.342494779115907,672.645258,"Lehavim Far",590.716826,"Lehavim Far 27/11/22",2,0,0,0,0,0,4,0,0,0,0,0,0,1
"2366","T4",2022,"Lehavim Far 8","Mediterranean Desert Transition Zone",NA,"Lehavim","Far",NA,NA,34.8274732,31.37993028,27/11/22,3864, 1.33869236,159,0.939519731713148,-0.342494779115907,834.735633,"Lehavim Far",689.557606,"Lehavim Far 27/11/22",0,0,0,0,0,0,1,2,0,0,0,0,0,1
"2367","T4",2022,"Lehavim Far 9","Mediterranean Desert Transition Zone",NA,"Lehavim","Far",NA,NA,34.82829395,31.380833,27/11/22,3864, 1.33869236,159,0.939519731713148,-0.342494779115907,961.558762,"Lehavim Far",609.390414,"Lehavim Far 27/11/22",0,0,0,0,0,0,3,0,0,0,1,0,0,7
"2368","T4",2022,"Lehavim Near 1","Mediterranean Desert Transition Zone",NA,"Lehavim","Near",NA,NA,34.82299995,31.36495521,27/11/22,3864, 1.33869236,159,0.939519731713148,-0.342494779115907,182.044879,"Lehavim Near",764.643048,"Lehavim Near 27/11/22",1,0,0,0,0,0,0,0,0,4,0,0,0,3
"2369","T4",2022,"Lehavim Near 2","Mediterranean Desert Transition Zone",NA,"Lehavim","Near",NA,NA,34.82452679,31.36482552,27/11/22,3864, 1.33869236,159,0.939519731713148,-0.342494779115907,301.027446,"Lehavim Near",821.685918,"Lehavim Near 27/11/22",0,0,0,0,0,0,0,0,0,2,1,0,0,0
"2370","T4",2022,"Lehavim Near 4","Mediterranean Desert Transition Zone",NA,"Lehavim","Near",NA,NA,34.82327923,31.36398986,27/11/22,3864, 1.33869236,159,0.939519731713148,-0.342494779115907,273.957351,"Lehavim Near",680.640212,"Lehavim Near 27/11/22",4,0,0,0,0,0,0,0,0,8,0,0,0,2
"2371","T4",2022,"Lehavim Near 5","Mediterranean Desert Transition Zone",NA,"Lehavim","Near",NA,NA,34.82388306,31.36349487,27/11/22,3864, 1.33869236,159,0.939519731713148,-0.342494779115907,347.470704,"Lehavim Near",665.430466,"Lehavim Near 27/11/22",0,0,0,0,0,0,0,0,0,6,0,0,0,1
"2372","T4",2022,"Lehavim Near 6","Mediterranean Desert Transition Zone",NA,"Lehavim","Near",NA,NA,34.82431289,31.36442988,27/11/22,3864, 1.33869236,159,0.939519731713148,-0.342494779115907,310.707674,"Lehavim Near",773.854574,"Lehavim Near 27/11/22",2,0,0,0,0,0,0,0,0,7,0,0,0,2
"2373","T4",2022,"Lehavim Near 7","Mediterranean Desert Transition Zone",NA,"Lehavim","Near",NA,NA,34.82565433,31.36396066,27/11/22,3864, 1.33869236,159,0.939519731713148,-0.342494779115907,443.482325,"Lehavim Near",750.327586,"Lehavim Near 27/11/22",3,0,0,0,0,0,3,0,0,4,0,0,0,1
"2374","T4",2022,"Lehavim Near 8","Mediterranean Desert Transition Zone",NA,"Lehavim","Near",NA,NA,34.82634902,31.3637136,27/11/22,3864, 1.33869236,159,0.939519731713148,-0.342494779115907,513.537467,"Lehavim Near",711.108802,"Lehavim Near 27/11/22",0,0,0,0,0,0,0,0,0,1,0,0,0,1
"2375","T4",2021,"Aderet Far 1","Mediterranean Maquis","Judea","Aderet","Far",NA,NA,34.9819148,31.66638788,10/08/21,3390, 0.95771345,50,-0.262374853703929,0.964966028492113,894.023099,"Aderet Far",918.420206,"Aderet Far 10/08/21",5,0,0,0,0,0,0,0,0,0,1,0,0,1
"2376","T4",2021,"Aderet Far 2","Mediterranean Maquis","Judea","Aderet","Far",NA,NA,34.98071115,31.66569017,10/08/21,3390, 0.95771345,50,-0.262374853703929,0.964966028492113,962.967956,"Aderet Far",780.482126,"Aderet Far 10/08/21",4,0,0,0,0,0,3,0,1,0,0,0,0,5
"2377","T4",2021,"Aderet Far 3","Mediterranean Maquis","Judea","Aderet","Far",NA,NA,34.98110879,31.66593672,10/08/21,3390, 0.95771345,50,-0.262374853703929,0.964966028492113,939.253135,"Aderet Far",827.082662,"Aderet Far 10/08/21",0,0,0,0,0,0,0,0,1,0,1,0,0,3
"2378","T4",2021,"Aderet Far 4","Mediterranean Maquis","Judea","Aderet","Far",NA,NA,34.98151012,31.66627573,10/08/21,3390, 0.95771345,50,-0.262374853703929,0.964966028492113,921.71454,"Aderet Far",879.659859,"Aderet Far 10/08/21",7,0,0,0,0,0,0,0,0,0,0,0,0,2
"2379","T4",2021,"Aderet Far 5","Mediterranean Maquis","Judea","Aderet","Far",NA,NA,34.98072524,31.66531263,10/08/21,3390, 0.95771345,50,-0.262374853703929,0.964966028492113,946.650945,"Aderet Far",759.213293,"Aderet Far 10/08/21",1,0,0,0,0,0,0,0,4,0,1,0,0,0
"2380","T4",2021,"Aderet Far 6","Mediterranean Maquis","Judea","Aderet","Far",NA,NA,34.98058677,31.6646055,10/08/21,3390, 0.95771345,50,-0.262374853703929,0.964966028492113,935.532087,"Aderet Far",710.156739,"Aderet Far 10/08/21",6,0,0,0,0,0,0,0,3,0,0,0,0,0
"2381","T4",2021,"Aderet Far 7","Mediterranean Maquis","Judea","Aderet","Far",NA,NA,34.98094082,31.66428475,10/08/21,3390, 0.95771345,50,-0.262374853703929,0.964966028492113,894.195313,"Aderet Far",726.108521,"Aderet Far 10/08/21",6,0,0,0,0,0,0,1,0,0,0,0,0,1
"2382","T4",2021,"Aderet Far 9","Mediterranean Maquis","Judea","Aderet","Far",NA,NA,34.98180248,31.66326713,10/08/21,3390, 0.95771345,50,-0.262374853703929,0.964966028492113,793.577262,"Aderet Far",634.558946,"Aderet Far 10/08/21",10,0,0,0,0,0,3,0,1,0,0,0,0,1
"2383","T4",2021,"Aderet Near 1","Mediterranean Maquis","Judea","Aderet","Near",NA,NA,34.98839904,31.66197496,10/08/21,3390, 0.95771345,50,-0.262374853703929,0.964966028492113,158.749033,"Aderet Near",582.984349,"Aderet Near 10/08/21",18,0,0,0,0,0,16,1,0,0,0,0,0,0
"2384","T4",2021,"Aderet Near 2","Mediterranean Maquis","Judea","Aderet","Near",NA,NA,34.98856097,31.66113796,10/08/21,3390, 0.95771345,50,-0.262374853703929,0.964966028492113,152.006017,"Aderet Near",511.986331,"Aderet Near 10/08/21",3,0,0,0,0,0,24,2,2,0,2,0,0,2
"2385","T4",2021,"Aderet Near 3","Mediterranean Maquis","Judea","Aderet","Near",NA,NA,34.98904344,31.66043822,10/08/21,3390, 0.95771345,50,-0.262374853703929,0.964966028492113,158.468702,"Aderet Near",470.751728,"Aderet Near 10/08/21",0,0,0,0,0,0,11,0,6,0,0,0,0,5
"2386","T4",2021,"Aderet Near 4","Mediterranean Maquis","Judea","Aderet","Near",NA,NA,34.98973176,31.66005067,10/08/21,3390, 0.95771345,50,-0.262374853703929,0.964966028492113,135.062856,"Aderet Near",474.704322,"Aderet Near 10/08/21",2,0,0,0,0,0,2,0,0,0,0,0,0,3
"2387","T4",2021,"Aderet Near 5","Mediterranean Maquis","Judea","Aderet","Near",NA,NA,34.98865049,31.65936176,10/08/21,3390, 0.95771345,50,-0.262374853703929,0.964966028492113,262.797001,"Aderet Near",350.84597,"Aderet Near 10/08/21",0,0,0,0,0,0,3,0,0,0,0,0,0,4
"2388","T4",2021,"Aderet Near 6","Mediterranean Maquis","Judea","Aderet","Near",NA,NA,34.98931535,31.65962916,10/08/21,3390, 0.95771345,50,-0.262374853703929,0.964966028492113,195.644263,"Aderet Near",413.442428,"Aderet Near 10/08/21",0,0,0,0,0,0,3,0,5,0,0,0,0,2
"2389","T4",2021,"Aderet Near 7","Mediterranean Maquis","Judea","Aderet","Near",NA,NA,34.98936899,31.66318665,10/08/21,3390, 0.95771345,50,-0.262374853703929,0.964966028492113,111.839975,"Aderet Near",559.667952,"Aderet Near 10/08/21",0,0,0,0,0,0,1,0,3,0,0,0,0,1
"2390","T4",2021,"Aderet Near 8","Mediterranean Maquis","Judea","Aderet","Near",NA,NA,34.98955876,31.66276973,10/08/21,3390, 0.95771345,50,-0.262374853703929,0.964966028492113,66.261308,"Aderet Near",542.891419,"Aderet Near 10/08/21",7,0,0,0,0,0,10,0,1,0,1,0,0,3
"2391","T4",2021,"Aderet Near 9","Mediterranean Maquis","Judea","Aderet","Near",NA,NA,34.98874705,31.66254257,10/08/21,3390, 0.95771345,50,-0.262374853703929,0.964966028492113,130.081372,"Aderet Near",621.775971,"Aderet Near 10/08/21",0,0,0,0,0,0,3,1,0,0,3,0,0,2
"2392","T4",2021,"Beit Oren Far 1","Mediterranean Maquis","Carmel","Beit Oren","Far",NA,NA,35.00842944,32.72557098,07/08/21,3387, 0.95530219,47,0.123573122745224,-0.992335469150929,342.939275,"Beit Oren Far",590.989579,"Beit Oren Far 07/08/21",46,0,0,0,0,0,0,0,1,0,0,0,6,0
"2393","T4",2021,"Beit Oren Far 2","Mediterranean Maquis","Carmel","Beit Oren","Far",NA,NA,35.0078769,32.72610294,07/08/21,3387, 0.95530219,47,0.123573122745224,-0.992335469150929,358.311246,"Beit Oren Far",545.97545,"Beit Oren Far 07/08/21",39,0,0,0,0,0,0,0,0,0,0,0,0,0
"2394","T4",2021,"Beit Oren Far 3","Mediterranean Maquis","Carmel","Beit Oren","Far",NA,NA,35.00737064,32.72631871,07/08/21,3387, 0.95530219,47,0.123573122745224,-0.992335469150929,326.199746,"Beit Oren Far",535.45301,"Beit Oren Far 07/08/21",17,0,0,0,0,0,0,0,3,0,0,0,0,0
"2395","T4",2021,"Beit Oren Far 5","Mediterranean Maquis","Carmel","Beit Oren","Far",NA,NA,35.00650361,32.72566913,07/08/21,3387, 0.95530219,47,0.123573122745224,-0.992335469150929,382.364242,"Beit Oren Far",628.60383,"Beit Oren Far 07/08/21",1,0,0,0,0,0,0,0,0,0,0,0,1,0
"2396","T4",2021,"Beit Oren Far 6","Mediterranean Maquis","Carmel","Beit Oren","Far",NA,NA,35.0056557,32.72521248,07/08/21,3387, 0.95530219,47,0.123573122745224,-0.992335469150929,421.372529,"Beit Oren Far",705.056142,"Beit Oren Far 07/08/21",3,0,0,0,0,0,0,1,0,0,0,0,0,0
"2397","T4",2021,"Beit Oren Far 8","Mediterranean Maquis","Carmel","Beit Oren","Far",NA,NA,35.00436455,32.72568577,07/08/21,3387, 0.95530219,47,0.123573122745224,-0.992335469150929,368.136233,"Beit Oren Far",667.946146,"Beit Oren Far 07/08/21",4,0,0,0,0,0,0,1,0,0,0,0,0,0
"2398","T4",2021,"Beit Oren Far 9","Mediterranean Maquis","Carmel","Beit Oren","Far",NA,NA,35.00359643,32.72525761,07/08/21,3387, 0.95530219,47,0.123573122745224,-0.992335469150929,415.483356,"Beit Oren Far",714.013319,"Beit Oren Far 07/08/21",8,0,0,0,0,0,0,2,3,0,0,0,0,0
"2399","T4",2021,"Beit Oren Near 3","Mediterranean Maquis","Carmel","Beit Oren","Near",NA,NA,35.00111975,32.73439612,07/08/21,3387, 0.95530219,47,0.123573122745224,-0.992335469150929,48.217381,"Beit Oren Near",232.263816,"Beit Oren Near 07/08/21",1,0,0,0,0,0,0,0,0,0,0,0,11,0
"2400","T4",2021,"Beit Oren Near 4","Mediterranean Maquis","Carmel","Beit Oren","Near",NA,NA,35.00207964,32.73342622,07/08/21,3387, 0.95530219,47,0.123573122745224,-0.992335469150929,31.644156,"Beit Oren Near",123.415049,"Beit Oren Near 07/08/21",0,0,0,0,0,0,0,0,3,0,0,0,4,0
"2401","T4",2021,"Beit Oren Near 5","Mediterranean Maquis","Carmel","Beit Oren","Near",NA,NA,35.00241358,32.73334725,07/08/21,3387, 0.95530219,47,0.123573122745224,-0.992335469150929,24.701906,"Beit Oren Near",120.234008,"Beit Oren Near 07/08/21",0,0,0,0,0,0,0,0,0,0,0,0,11,1
"2402","T4",2021,"Beit Oren Near 6","Mediterranean Maquis","Carmel","Beit Oren","Near",NA,NA,35.00308111,32.7334626,07/08/21,3387, 0.95530219,47,0.123573122745224,-0.992335469150929,0,"Beit Oren Near",142.284992,"Beit Oren Near 07/08/21",5,0,0,0,0,0,0,0,8,0,2,0,11,2
"2403","T4",2021,"Beit Oren Near 7","Mediterranean Maquis","Carmel","Beit Oren","Near",NA,NA,35.00393271,32.73301388,07/08/21,3387, 0.95530219,47,0.123573122745224,-0.992335469150929,0,"Beit Oren Near",84.39878,"Beit Oren Near 07/08/21",3,0,0,0,0,0,0,0,0,0,0,0,12,0
"2404","T4",2021,"Beit Oren Near 8","Mediterranean Maquis","Carmel","Beit Oren","Near",NA,NA,35.0041312,32.73310442,07/08/21,3387, 0.95530219,47,0.123573122745224,-0.992335469150929,0,"Beit Oren Near",88.386161,"Beit Oren Near 07/08/21",8,0,0,0,0,0,0,0,5,0,3,0,19,3
"2405","T4",2021,"Beit Oren Near 9","Mediterranean Maquis","Carmel","Beit Oren","Near",NA,NA,35.00422675,32.73291856,07/08/21,3387, 0.95530219,47,0.123573122745224,-0.992335469150929,0,"Beit Oren Near",66.535626,"Beit Oren Near 07/08/21",1,0,0,0,0,0,0,0,0,0,0,0,17,0
"2406","T4",2021,"Ein Yaakov Far 1","Mediterranean Maquis","Galilee","Ein Yaakov","Far",NA,NA,35.22749417,33.0038578,06/07/21,3355, 0.92958209,15,0.650287840157117,-0.759687912858821,222.485723,"Ein Yaakov Far",351.188037,"Ein Yaakov Far 06/07/21",39,0,0,0,0,0,0,0,0,0,0,0,73,2
"2407","T4",2021,"Ein Yaakov Far 2","Mediterranean Maquis","Galilee","Ein Yaakov","Far",NA,NA,35.22768695,33.00335,06/07/21,3355, 0.92958209,15,0.650287840157117,-0.759687912858821,281.577295,"Ein Yaakov Far",398.942954,"Ein Yaakov Far 06/07/21",0,0,0,0,0,0,0,0,0,0,0,0,3,0
"2408","T4",2021,"Ein Yaakov Far 3","Mediterranean Maquis","Galilee","Ein Yaakov","Far",NA,NA,35.22804368,33.00321307,06/07/21,3355, 0.92958209,15,0.650287840157117,-0.759687912858821,305.215725,"Ein Yaakov Far",434.577762,"Ein Yaakov Far 06/07/21",3,0,0,0,0,0,0,0,0,0,0,0,11,0
"2409","T4",2021,"Ein Yaakov Far 4","Mediterranean Maquis","Galilee","Ein Yaakov","Far",NA,NA,35.22824015,33.00293498,06/07/21,3355, 0.92958209,15,0.650287840157117,-0.759687912858821,339.874364,"Ein Yaakov Far",468.06383,"Ein Yaakov Far 06/07/21",8,0,0,0,0,0,0,0,0,0,0,0,24,0
"2410","T4",2021,"Ein Yaakov Far 5","Mediterranean Maquis","Galilee","Ein Yaakov","Far",NA,NA,35.22910584,33.00277865,06/07/21,3355, 0.92958209,15,0.650287840157117,-0.759687912858821,378.574823,"Ein Yaakov Far",543.076469,"Ein Yaakov Far 06/07/21",2,0,0,0,0,0,0,0,0,0,0,0,18,0
"2411","T4",2021,"Ein Yaakov Far 6","Mediterranean Maquis","Galilee","Ein Yaakov","Far",NA,NA,35.22948135,33.00259701,06/07/21,3355, 0.92958209,15,0.650287840157117,-0.759687912858821,409.10897,"Ein Yaakov Far",583.363313,"Ein Yaakov Far 06/07/21",0,0,0,0,0,0,0,0,2,0,0,0,8,0
"2412","T4",2021,"Ein Yaakov Far 7","Mediterranean Maquis","Galilee","Ein Yaakov","Far",NA,NA,35.23037251,33.00275559,06/07/21,3355, 0.92958209,15,0.650287840157117,-0.759687912858821,424.144038,"Ein Yaakov Far",644.761364,"Ein Yaakov Far 06/07/21",3,0,0,0,0,0,0,0,0,0,0,0,4,1
"2413","T4",2021,"Ein Yaakov Far 8","Mediterranean Maquis","Galilee","Ein Yaakov","Far",NA,NA,35.23078959,33.00287819,06/07/21,3355, 0.92958209,15,0.650287840157117,-0.759687912858821,426.389055,"Ein Yaakov Far",672.852857,"Ein Yaakov Far 06/07/21",2,0,0,0,0,0,0,0,0,0,0,0,5,0
"2414","T4",2021,"Ein Yaakov Far 9","Mediterranean Maquis","Galilee","Ein Yaakov","Far",NA,NA,35.2312573,33.00293161,06/07/21,3355, 0.92958209,15,0.650287840157117,-0.759687912858821,437.817713,"Ein Yaakov Far",709.617305,"Ein Yaakov Far 06/07/21",5,0,0,0,0,0,0,0,0,0,0,0,12,0
"2415","T4",2021,"Ein Yaakov Near 1","Mediterranean Maquis","Galilee","Ein Yaakov","Near",NA,NA,35.22499569,33.00561653,06/07/21,3355, 0.92958209,15,0.650287840157117,-0.759687912858821,56.296719,"Ein Yaakov Near",56.383813,"Ein Yaakov Near 06/07/21",23,0,0,0,0,0,0,0,0,0,0,0,55,2
"2416","T4",2021,"Ein Yaakov Near 2","Mediterranean Maquis","Galilee","Ein Yaakov","Near",NA,NA,35.22589054,33.00549872,06/07/21,3355, 0.92958209,15,0.650287840157117,-0.759687912858821,34.052597,"Ein Yaakov Near",136.052003,"Ein Yaakov Near 06/07/21",9,0,0,0,0,0,0,0,0,0,0,0,59,0
"2417","T4",2021,"Ein Yaakov Near 3","Mediterranean Maquis","Galilee","Ein Yaakov","Near",NA,NA,35.22617988,33.00555973,06/07/21,3355, 0.92958209,15,0.650287840157117,-0.759687912858821,25.497279,"Ein Yaakov Near",159.573427,"Ein Yaakov Near 06/07/21",56,1,0,0,0,0,0,0,0,0,0,0,42,0
"2418","T4",2021,"Ein Yaakov Near 4","Mediterranean Maquis","Galilee","Ein Yaakov","Near",NA,NA,35.22685781,33.00556226,06/07/21,3355, 0.92958209,15,0.650287840157117,-0.759687912858821,24.412534,"Ein Yaakov Near",221.233383,"Ein Yaakov Near 06/07/21",5,0,0,0,0,0,0,0,0,0,0,0,66,0
"2419","T4",2021,"Ein Yaakov Near 5","Mediterranean Maquis","Galilee","Ein Yaakov","Near",NA,NA,35.22727087,33.00574896,06/07/21,3355, 0.92958209,15,0.650287840157117,-0.759687912858821,14.920976,"Ein Yaakov Near",256.639752,"Ein Yaakov Near 06/07/21",59,0,0,0,0,0,0,0,0,0,0,0,45,0
"2420","T4",2021,"Ein Yaakov Near 6","Mediterranean Maquis","Galilee","Ein Yaakov","Near",NA,NA,35.22744823,33.00577792,06/07/21,3355, 0.92958209,15,0.650287840157117,-0.759687912858821,16.312637,"Ein Yaakov Near",272.888018,"Ein Yaakov Near 06/07/21",27,1,0,0,0,0,0,0,0,0,0,0,20,0
"2421","T4",2021,"Ein Yaakov Near 7","Mediterranean Maquis","Galilee","Ein Yaakov","Near",NA,NA,35.22794344,33.00578073,06/07/21,3355, 0.92958209,15,0.650287840157117,-0.759687912858821,28.531562,"Ein Yaakov Near",319.035123,"Ein Yaakov Near 06/07/21",73,0,0,0,0,0,0,0,0,0,0,0,30,0
"2422","T4",2021,"Ein Yaakov Near 8","Mediterranean Maquis","Galilee","Ein Yaakov","Near",NA,NA,35.22839338,33.00568429,06/07/21,3355, 0.92958209,15,0.650287840157117,-0.759687912858821,53.571154,"Ein Yaakov Near",358.088511,"Ein Yaakov Near 06/07/21",16,1,0,0,0,0,0,0,1,0,0,0,20,0
"2423","T4",2021,"Ein Yaakov Near 9","Mediterranean Maquis","Galilee","Ein Yaakov","Near",NA,NA,35.22884231,33.00583078,06/07/21,3355, 0.92958209,15,0.650287840157117,-0.759687912858821,54.343384,"Ein Yaakov Near",355.519329,"Ein Yaakov Near 06/07/21",22,1,0,0,0,0,0,0,0,0,0,0,54,0
"2424","T4",2021,"Givat Yearim Far 1","Mediterranean Maquis","Judea","Givat Yearim","Far",NA,NA,35.09062842,31.77569678,11/07/21,3360, 0.93360086,20,0.912945250727628,0.408082061813392,434.240512,"Givat Yearim Far",496.095714,"Givat Yearim Far 11/07/21",8,0,0,0,0,0,1,0,0,0,0,0,0,0
"2425","T4",2021,"Givat Yearim Far 3","Mediterranean Maquis","Judea","Givat Yearim","Far",NA,NA,35.0932439,31.77513186,11/07/21,3360, 0.93360086,20,0.912945250727628,0.408082061813392,254.372948,"Givat Yearim Far",356.553603,"Givat Yearim Far 11/07/21",1,0,0,0,0,0,0,0,0,0,0,0,0,0
"2426","T4",2021,"Givat Yearim Far 5","Mediterranean Maquis","Judea","Givat Yearim","Far",NA,NA,35.09231787,31.77492009,11/07/21,3360, 0.93360086,20,0.912945250727628,0.408082061813392,338.539442,"Givat Yearim Far",427.954391,"Givat Yearim Far 11/07/21",24,0,0,0,0,0,0,4,0,0,0,0,0,2
"2427","T4",2021,"Givat Yearim Far 9","Mediterranean Maquis","Judea","Givat Yearim","Far",NA,NA,35.08978251,31.77560928,11/07/21,3360, 0.93360086,20,0.912945250727628,0.408082061813392,504.712356,"Givat Yearim Far",571.379182,"Givat Yearim Far 11/07/21",2,0,0,0,0,0,0,0,1,0,0,0,0,0
"2428","T4",2021,"Givat Yearim Near 1","Mediterranean Maquis","Judea","Givat Yearim","Near",NA,NA,35.09519689,31.78676729,11/07/21,3360, 0.93360086,20,0.912945250727628,0.408082061813392,58.352524,"Givat Yearim Near",384.858668,"Givat Yearim Near 11/07/21",9,0,0,0,0,0,2,3,1,0,0,0,2,0
"2429","T4",2021,"Givat Yearim Near 2","Mediterranean Maquis","Judea","Givat Yearim","Near",NA,NA,35.09438686,31.78694085,11/07/21,3360, 0.93360086,20,0.912945250727628,0.408082061813392,53.52037,"Givat Yearim Near",415.840935,"Givat Yearim Near 11/07/21",1,0,0,0,0,0,0,0,2,0,0,0,0,0
"2430","T4",2021,"Givat Yearim Near 3","Mediterranean Maquis","Judea","Givat Yearim","Near",NA,NA,35.09623691,31.78633582,11/07/21,3360, 0.93360086,20,0.912945250727628,0.408082061813392,37.815981,"Givat Yearim Near",289.828726,"Givat Yearim Near 11/07/21",3,0,0,0,0,0,1,1,4,0,0,0,4,0
"2431","T4",2021,"Givat Yearim Near 4","Mediterranean Maquis","Judea","Givat Yearim","Near",NA,NA,35.09525556,31.78662138,11/07/21,3360, 0.93360086,20,0.912945250727628,0.408082061813392,44.413929,"Givat Yearim Near",368.773418,"Givat Yearim Near 11/07/21",8,0,0,0,0,0,0,0,1,0,0,0,6,1
"2432","T4",2021,"Givat Yearim Near 5","Mediterranean Maquis","Judea","Givat Yearim","Near",NA,NA,35.09566795,31.78655583,11/07/21,3360, 0.93360086,20,0.912945250727628,0.408082061813392,48.522408,"Givat Yearim Near",339.315537,"Givat Yearim Near 11/07/21",1,0,0,0,0,0,1,2,1,0,0,0,2,0
"2433","T4",2021,"Givat Yearim Near 6","Mediterranean Maquis","Judea","Givat Yearim","Near",NA,NA,35.09661645,31.78653844,11/07/21,3360, 0.93360086,20,0.912945250727628,0.408082061813392,67.438066,"Givat Yearim Near",294.807975,"Givat Yearim Near 11/07/21",8,0,0,0,0,0,0,0,31,0,0,0,3,0
"2434","T4",2021,"Givat Yearim Near 8","Mediterranean Maquis","Judea","Givat Yearim","Near",NA,NA,35.09494744,31.78660912,11/07/21,3360, 0.93360086,20,0.912945250727628,0.408082061813392,34.833077,"Givat Yearim Near",387.101802,"Givat Yearim Near 11/07/21",1,0,0,0,0,0,1,0,7,0,0,0,5,0
"2435","T4",2021,"Givat Yearim Near 9","Mediterranean Maquis","Judea","Givat Yearim","Near",NA,NA,35.09423733,31.78676302,11/07/21,3360, 0.93360086,20,0.912945250727628,0.408082061813392,30.01104,"Givat Yearim Near",392.077851,"Givat Yearim Near 11/07/21",5,0,0,0,0,0,0,0,5,0,0,0,13,0
"2436","T4",2021,"Givat Yeshayahu Far 2","Mediterranean Maquis","Judea","Givat Yeshayahu","Far",NA,NA,34.95731324,31.66098671,28/06/21,3347, 0.92315207,7,0.656986598718789,0.753902254343305,504.222987,"Givat Yeshayahu Far",214.967701,"Givat Yeshayahu Far 28/06/21",5,0,0,0,0,0,0,1,0,2,0,0,0,5
"2437","T4",2021,"Givat Yeshayahu Far 3","Mediterranean Maquis","Judea","Givat Yeshayahu","Far",NA,NA,34.95642174,31.66112683,28/06/21,3347, 0.92315207,7,0.656986598718789,0.753902254343305,517.671297,"Givat Yeshayahu Far",273.904026,"Givat Yeshayahu Far 28/06/21",0,0,0,0,0,0,1,0,0,0,0,0,0,0
"2438","T4",2021,"Givat Yeshayahu Far 4","Mediterranean Maquis","Judea","Givat Yeshayahu","Far",NA,NA,34.95593492,31.66149668,28/06/21,3347, 0.92315207,7,0.656986598718789,0.753902254343305,502.601378,"Givat Yeshayahu Far",293.826528,"Givat Yeshayahu Far 28/06/21",2,0,0,0,0,0,1,0,1,0,0,0,0,1
"2439","T4",2021,"Givat Yeshayahu Far 5","Mediterranean Maquis","Judea","Givat Yeshayahu","Far",NA,NA,34.95621521,31.66179233,28/06/21,3347, 0.92315207,7,0.656986598718789,0.753902254343305,460.861768,"Givat Yeshayahu Far",333.805648,"Givat Yeshayahu Far 28/06/21",3,0,0,0,0,0,0,0,0,0,0,0,0,1
"2440","T4",2021,"Givat Yeshayahu Far 6","Mediterranean Maquis","Judea","Givat Yeshayahu","Far",NA,NA,34.95611664,31.66211594,28/06/21,3347, 0.92315207,7,0.656986598718789,0.753902254343305,435.304298,"Givat Yeshayahu Far",364.356214,"Givat Yeshayahu Far 28/06/21",1,0,0,0,0,0,0,0,11,0,0,0,0,4
"2441","T4",2021,"Givat Yeshayahu Far 7","Mediterranean Maquis","Judea","Givat Yeshayahu","Far",NA,NA,34.95610189,31.66254171,28/06/21,3347, 0.92315207,7,0.656986598718789,0.753902254343305,397.677903,"Givat Yeshayahu Far",409.05449,"Givat Yeshayahu Far 28/06/21",0,0,0,0,0,0,0,0,4,0,0,0,0,0
"2442","T4",2021,"Givat Yeshayahu Far 8","Mediterranean Maquis","Judea","Givat Yeshayahu","Far",NA,NA,34.95535959,31.66265786,28/06/21,3347, 0.92315207,7,0.656986598718789,0.753902254343305,430.44494,"Givat Yeshayahu Far",408.136952,"Givat Yeshayahu Far 28/06/21",1,0,0,0,0,0,1,1,8,0,0,0,0,0
"2443","T4",2021,"Givat Yeshayahu Far 9","Mediterranean Maquis","Judea","Givat Yeshayahu","Far",NA,NA,34.95870262,31.66062599,28/06/21,3347, 0.92315207,7,0.656986598718789,0.753902254343305,527.92443,"Givat Yeshayahu Far",149.30085,"Givat Yeshayahu Far 28/06/21",0,0,0,0,0,0,0,0,0,0,0,0,0,1
"2444","T4",2021,"Givat Yeshayahu Near 1","Mediterranean Maquis","Judea","Givat Yeshayahu","Near",NA,NA,34.95118238,31.6723577,28/06/21,3347, 0.92315207,7,0.656986598718789,0.753902254343305,120.472436,"Givat Yeshayahu Near",75.973365,"Givat Yeshayahu Near 28/06/21",4,0,0,0,0,0,1,0,36,0,0,0,0,3
"2445","T4",2021,"Givat Yeshayahu Near 2","Mediterranean Maquis","Judea","Givat Yeshayahu","Near",NA,NA,34.95121155,31.67209148,28/06/21,3347, 0.92315207,7,0.656986598718789,0.753902254343305,97.597291,"Givat Yeshayahu Near",101.403787,"Givat Yeshayahu Near 28/06/21",13,0,0,0,0,0,0,0,21,0,1,0,0,2
"2446","T4",2021,"Givat Yeshayahu Near 3","Mediterranean Maquis","Judea","Givat Yeshayahu","Near",NA,NA,34.95325204,31.6705255,28/06/21,3347, 0.92315207,7,0.656986598718789,0.753902254343305,50.53952,"Givat Yeshayahu Near",358.426745,"Givat Yeshayahu Near 28/06/21",0,0,0,0,0,0,0,1,1,0,0,0,0,6
"2447","T4",2021,"Givat Yeshayahu Near 4","Mediterranean Maquis","Judea","Givat Yeshayahu","Near",NA,NA,34.95195284,31.67198904,28/06/21,3347, 0.92315207,7,0.656986598718789,0.753902254343305,127.663345,"Givat Yeshayahu Near",157.653749,"Givat Yeshayahu Near 28/06/21",0,0,0,0,0,0,0,0,14,0,0,0,0,1
"2448","T4",2021,"Givat Yeshayahu Near 5","Mediterranean Maquis","Judea","Givat Yeshayahu","Near",NA,NA,34.95227672,31.67171054,28/06/21,3347, 0.92315207,7,0.656986598718789,0.753902254343305,118.762847,"Givat Yeshayahu Near",200.922019,"Givat Yeshayahu Near 28/06/21",0,0,0,0,0,0,0,0,20,0,0,0,0,13
"2449","T4",2021,"Givat Yeshayahu Near 6","Mediterranean Maquis","Judea","Givat Yeshayahu","Near",NA,NA,34.95339923,31.6709247,28/06/21,3347, 0.92315207,7,0.656986598718789,0.753902254343305,96.278921,"Givat Yeshayahu Near",338.459281,"Givat Yeshayahu Near 28/06/21",0,0,0,0,0,0,0,0,3,0,0,0,0,1
"2450","T4",2021,"Givat Yeshayahu Near 7","Mediterranean Maquis","Judea","Givat Yeshayahu","Near",NA,NA,34.953614,31.6709883,28/06/21,3347, 0.92315207,7,0.656986598718789,0.753902254343305,111.88056,"Givat Yeshayahu Near",350.232735,"Givat Yeshayahu Near 28/06/21",0,0,0,0,0,0,0,0,20,0,0,0,0,9
"2451","T4",2021,"Givat Yeshayahu Near 8","Mediterranean Maquis","Judea","Givat Yeshayahu","Near",NA,NA,34.95019332,31.6728599,28/06/21,3347, 0.92315207,7,0.656986598718789,0.753902254343305,145.602466,"Givat Yeshayahu Near",16.436947,"Givat Yeshayahu Near 28/06/21",0,0,0,0,0,0,0,0,16,0,1,0,0,0
"2452","T4",2021,"Givat Yeshayahu Near 9","Mediterranean Maquis","Judea","Givat Yeshayahu","Near",NA,NA,34.95292984,31.67136642,28/06/21,3347, 0.92315207,7,0.656986598718789,0.753902254343305,119.413306,"Givat Yeshayahu Near",273.202141,"Givat Yeshayahu Near 28/06/21",0,0,0,0,0,0,0,0,18,0,0,0,0,2
"2453","T4",2021,"Goren Far 1","Mediterranean Maquis","Galilee","Goren","Far",NA,NA,35.25378417,33.0470361,17/08/21,3397, 0.96333972,57,0.436164755247825,0.899866826969194,1061.610036,"Goren Far",84.120297,"Goren Far 17/08/21",0,0,0,0,0,0,0,0,0,0,0,0,1,0
"2454","T4",2021,"Goren Far 2","Mediterranean Maquis","Galilee","Goren","Far",NA,NA,35.25410134,33.04738852,17/08/21,3397, 0.96333972,57,0.436164755247825,0.899866826969194,1083.692377,"Goren Far",97.615607,"Goren Far 17/08/21",4,0,0,0,0,0,0,0,0,0,0,0,9,0
"2455","T4",2021,"Goren Far 3","Mediterranean Maquis","Galilee","Goren","Far",NA,NA,35.25415532,33.04810488,17/08/21,3397, 0.96333972,57,0.436164755247825,0.899866826969194,1005.692004,"Goren Far",114.442534,"Goren Far 17/08/21",1,0,0,0,0,0,0,0,0,0,0,0,4,0
"2456","T4",2021,"Goren Far 4","Mediterranean Maquis","Galilee","Goren","Far",NA,NA,35.2553013,33.04867228,17/08/21,3397, 0.96333972,57,0.436164755247825,0.899866826969194,962.590966,"Goren Far",181.65684,"Goren Far 17/08/21",5,0,0,0,0,0,0,0,0,0,0,0,0,15
"2457","T4",2021,"Goren Far 5","Mediterranean Maquis","Galilee","Goren","Far",NA,NA,35.25680467,33.04933298,17/08/21,3397, 0.96333972,57,0.436164755247825,0.899866826969194,931.796774,"Goren Far",56.018253,"Goren Far 17/08/21",13,4,0,0,0,0,0,0,2,0,0,0,9,7
"2458","T4",2021,"Goren Far 6","Mediterranean Maquis","Galilee","Goren","Far",NA,NA,35.25547866,33.05046974,17/08/21,3397, 0.96333972,57,0.436164755247825,0.899866826969194,772.796533,"Goren Far",14.059513,"Goren Far 17/08/21",6,0,0,0,0,0,0,0,3,0,0,0,0,8
"2459","T4",2021,"Goren Far 7","Mediterranean Maquis","Galilee","Goren","Far",NA,NA,35.25478967,33.05095254,17/08/21,3397, 0.96333972,57,0.436164755247825,0.899866826969194,705.271349,"Goren Far",95.049774,"Goren Far 17/08/21",2,0,0,0,0,0,0,0,4,0,0,0,4,6
"2460","T4",2021,"Goren Far 8","Mediterranean Maquis","Galilee","Goren","Far",NA,NA,35.25504481,33.05405498,17/08/21,3397, 0.96333972,57,0.436164755247825,0.899866826969194,385.628239,"Goren Far",26.291102,"Goren Far 17/08/21",0,0,0,2,0,0,0,0,0,0,0,0,10,2
"2461","T4",2021,"Goren Far 9","Mediterranean Maquis","Galilee","Goren","Far",NA,NA,35.25563926,33.05447341,17/08/21,3397, 0.96333972,57,0.436164755247825,0.899866826969194,375.282149,"Goren Far",94.156951,"Goren Far 17/08/21",1,0,0,0,0,0,0,0,0,0,0,0,3,2
"2462","T4",2021,"Goren Near 1","Mediterranean Maquis","Galilee","Goren","Near",NA,NA,35.23010228,33.05612322,17/08/21,3397, 0.96333972,57,0.436164755247825,0.899866826969194,26.879825,"Goren Near",232.14993,"Goren Near 17/08/21",21,0,0,1,0,0,0,0,0,0,0,0,9,1
"2463","T4",2021,"Goren Near 2","Mediterranean Maquis","Galilee","Goren","Near",NA,NA,35.23098439,33.05624996,17/08/21,3397, 0.96333972,57,0.436164755247825,0.899866826969194,0,"Goren Near",183.320144,"Goren Near 17/08/21",7,0,0,4,0,0,0,0,1,0,0,0,51,0
"2464","T4",2021,"Goren Near 3","Mediterranean Maquis","Galilee","Goren","Near",NA,NA,35.23122344,33.05582367,17/08/21,3397, 0.96333972,57,0.436164755247825,0.899866826969194,0,"Goren Near",132.204697,"Goren Near 17/08/21",10,0,0,4,0,0,0,0,1,0,0,0,21,0
"2465","T4",2021,"Goren Near 4","Mediterranean Maquis","Galilee","Goren","Near",NA,NA,35.23138773,33.05536815,17/08/21,3397, 0.96333972,57,0.436164755247825,0.899866826969194,6.91956,"Goren Near",85.77054,"Goren Near 17/08/21",29,0,0,4,0,0,0,0,4,0,0,0,22,0
"2466","T4",2021,"Goren Near 5","Mediterranean Maquis","Galilee","Goren","Near",NA,NA,35.2314987,33.05501352,17/08/21,3397, 0.96333972,57,0.436164755247825,0.899866826969194,0.546786,"Goren Near",59.470968,"Goren Near 17/08/21",5,0,0,1,0,0,0,0,0,0,0,0,40,0
"2467","T4",2021,"Goren Near 6","Mediterranean Maquis","Galilee","Goren","Near",NA,NA,35.23146283,33.05471986,17/08/21,3397, 0.96333972,57,0.436164755247825,0.899866826969194,7.141892,"Goren Near",63.118594,"Goren Near 17/08/21",12,0,0,0,0,0,0,0,0,0,0,0,3,0
"2468","T4",2021,"Goren Near 7","Mediterranean Maquis","Galilee","Goren","Near",NA,NA,35.2314407,33.05413058,17/08/21,3397, 0.96333972,57,0.436164755247825,0.899866826969194,15.743768,"Goren Near",89.62378,"Goren Near 17/08/21",7,0,0,8,0,0,0,0,0,0,1,0,8,0
"2469","T4",2021,"Goren Near 8","Mediterranean Maquis","Galilee","Goren","Near",NA,NA,35.23138437,33.05365594,17/08/21,3397, 0.96333972,57,0.436164755247825,0.899866826969194,26.250445,"Goren Near",125.235495,"Goren Near 17/08/21",9,0,0,1,0,0,0,0,0,0,0,0,21,0
"2470","T4",2021,"Goren Near 9","Mediterranean Maquis","Galilee","Goren","Near",NA,NA,35.22900291,33.05528891,17/08/21,3397, 0.96333972,57,0.436164755247825,0.899866826969194,86.442592,"Goren Near",292.3554,"Goren Near 17/08/21",4,0,0,3,0,0,0,0,3,0,0,0,2,0
"2471","T4",2021,"Iftach Far 1","Mediterranean Maquis","Galilee","Iftach","Far",NA,NA,35.5567541,33.12482288,09/09/21,3420, 0.98182604,80,-0.993888653923375,-0.110387243839048,139.543143,"Iftach Far",79.27787,"Iftach Far 09/09/21",8,0,0,0,0,0,2,0,0,0,0,0,67,6
"2472","T4",2021,"Iftach Far 2","Mediterranean Maquis","Galilee","Iftach","Far",NA,NA,35.55652276,33.12425204,09/09/21,3420, 0.98182604,80,-0.993888653923375,-0.110387243839048,122.896872,"Iftach Far",63.914608,"Iftach Far 09/09/21",50,2,0,0,0,0,0,3,5,0,0,0,137,33
"2473","T4",2021,"Iftach Far 3","Mediterranean Maquis","Galilee","Iftach","Far",NA,NA,35.55759866,33.12450672,09/09/21,3420, 0.98182604,80,-0.993888653923375,-0.110387243839048,220.82869,"Iftach Far",160.641969,"Iftach Far 09/09/21",3,0,0,0,0,0,3,0,0,0,0,0,32,2
"2474","T4",2021,"Iftach Far 4","Mediterranean Maquis","Galilee","Iftach","Far",NA,NA,35.55761576,33.12410603,09/09/21,3420, 0.98182604,80,-0.993888653923375,-0.110387243839048,225.844965,"Iftach Far",166.947555,"Iftach Far 09/09/21",0,0,0,0,0,0,4,0,0,0,0,0,3,1
"2475","T4",2021,"Iftach Far 5","Mediterranean Maquis","Galilee","Iftach","Far",NA,NA,35.55815455,33.12471506,09/09/21,3420, 0.98182604,80,-0.993888653923375,-0.110387243839048,270.771152,"Iftach Far",210.561238,"Iftach Far 09/09/21",2,0,0,0,0,0,4,0,1,0,0,0,24,2
"2476","T4",2021,"Iftach Far 6","Mediterranean Maquis","Galilee","Iftach","Far",NA,NA,35.55820215,33.12437475,09/09/21,3420, 0.98182604,80,-0.993888653923375,-0.110387243839048,278.109398,"Iftach Far",217.891222,"Iftach Far 09/09/21",3,0,0,0,0,0,3,0,7,0,1,0,18,6
"2477","T4",2021,"Iftach Far 7","Mediterranean Maquis","Galilee","Iftach","Far",NA,NA,35.55803921,33.12404706,09/09/21,3420, 0.98182604,80,-0.993888653923375,-0.110387243839048,265.749721,"Iftach Far",206.94159,"Iftach Far 09/09/21",2,0,0,0,0,0,3,1,3,0,1,0,2,1
"2478","T4",2021,"Iftach Far 9","Mediterranean Maquis","Galilee","Iftach","Far",NA,NA,35.5575772,33.12365536,09/09/21,3420, 0.98182604,80,-0.993888653923375,-0.110387243839048,226.109484,"Iftach Far",169.99898,"Iftach Far 09/09/21",4,0,0,0,0,0,0,0,0,0,0,0,5,0
"2479","T4",2021,"Iftach Near 1","Mediterranean Maquis","Galilee","Iftach","Near",NA,NA,35.55395823,33.13159298,09/09/21,3420, 0.98182604,80,-0.993888653923375,-0.110387243839048,13.965463,"Iftach Near",103.374679,"Iftach Near 09/09/21",6,0,0,0,0,0,0,0,0,0,0,0,16,0
"2480","T4",2021,"Iftach Near 2","Mediterranean Maquis","Galilee","Iftach","Near",NA,NA,35.55468176,33.13106289,09/09/21,3420, 0.98182604,80,-0.993888653923375,-0.110387243839048,18.062175,"Iftach Near",117.744674,"Iftach Near 09/09/21",2,0,0,0,0,0,0,0,2,0,0,0,45,4
"2481","T4",2021,"Iftach Near 3","Mediterranean Maquis","Galilee","Iftach","Near",NA,NA,35.55506364,33.13091661,09/09/21,3420, 0.98182604,80,-0.993888653923375,-0.110387243839048,36.570528,"Iftach Near",92.675878,"Iftach Near 09/09/21",0,0,0,0,0,0,0,0,1,0,0,0,2,7
"2482","T4",2021,"Iftach Near 4","Mediterranean Maquis","Galilee","Iftach","Near",NA,NA,35.55530537,33.12991314,09/09/21,3420, 0.98182604,80,-0.993888653923375,-0.110387243839048,0,"Iftach Near",135.768275,"Iftach Near 09/09/21",2,0,0,0,0,0,0,0,1,0,0,0,1,2
"2483","T4",2021,"Iftach Near 5","Mediterranean Maquis","Galilee","Iftach","Near",NA,NA,35.55545423,33.12964753,09/09/21,3420, 0.98182604,80,-0.993888653923375,-0.110387243839048,0,"Iftach Near",152.334832,"Iftach Near 09/09/21",2,0,0,0,0,0,0,0,0,0,0,0,11,6
"2484","T4",2021,"Iftach Near 6","Mediterranean Maquis","Galilee","Iftach","Near",NA,NA,35.55556454,33.12922777,09/09/21,3420, 0.98182604,80,-0.993888653923375,-0.110387243839048,0,"Iftach Near",190.861189,"Iftach Near 09/09/21",1,0,0,0,0,0,0,0,0,0,0,0,34,0
"2485","T4",2021,"Iftach Near 7","Mediterranean Maquis","Galilee","Iftach","Near",NA,NA,35.55554811,33.12861428,09/09/21,3420, 0.98182604,80,-0.993888653923375,-0.110387243839048,0,"Iftach Near",256.557823,"Iftach Near 09/09/21",0,0,0,0,0,0,0,0,0,0,0,0,1,0
"2486","T4",2021,"Iftach Near 8","Mediterranean Maquis","Galilee","Iftach","Near",NA,NA,35.55546563,33.1280662,09/09/21,3420, 0.98182604,80,-0.993888653923375,-0.110387243839048,0,"Iftach Near",262.360659,"Iftach Near 09/09/21",5,0,0,0,0,0,0,0,1,0,0,0,44,2
"2487","T4",2021,"Iftach Near 9","Mediterranean Maquis","Galilee","Iftach","Near",NA,NA,35.55609696,33.12769193,09/09/21,3420, 0.98182604,80,-0.993888653923375,-0.110387243839048,53.87814,"Iftach Near",238.071537,"Iftach Near 09/09/21",0,0,0,0,0,0,1,0,0,0,0,0,4,0
"2488","T4",2021,"Kerem Maharal Far 1","Mediterranean Maquis","Carmel","Kerem Maharal","Far",NA,NA,35.00434946,32.67146749,24/07/21,3373, 0.94404965,33,0.999911860107267,-0.0132767472230595,2088.949755,"Kerem Maharal Far",475.975424,"Kerem Maharal Far 24/07/21",3,0,0,0,0,0,0,1,0,0,0,0,4,2
"2489","T4",2021,"Kerem Maharal Far 3","Mediterranean Maquis","Carmel","Kerem Maharal","Far",NA,NA,35.00511825,32.67174859,24/07/21,3373, 0.94404965,33,0.999911860107267,-0.0132767472230595,2072.350991,"Kerem Maharal Far",528.90137,"Kerem Maharal Far 24/07/21",0,0,0,0,0,0,0,0,0,0,0,0,6,0
"2490","T4",2021,"Kerem Maharal Far 4","Mediterranean Maquis","Carmel","Kerem Maharal","Far",NA,NA,35.00563491,32.67189648,24/07/21,3373, 0.94404965,33,0.999911860107267,-0.0132767472230595,2067.222699,"Kerem Maharal Far",562.26356,"Kerem Maharal Far 24/07/21",2,0,0,0,0,0,1,1,0,0,0,0,11,24
"2491","T4",2021,"Kerem Maharal Far 5","Mediterranean Maquis","Carmel","Kerem Maharal","Far",NA,NA,35.00558663,32.67200429,24/07/21,3373, 0.94404965,33,0.999911860107267,-0.0132767472230595,2054.536155,"Kerem Maharal Far",571.425218,"Kerem Maharal Far 24/07/21",0,0,0,0,0,0,2,0,0,0,0,0,2,3
"2492","T4",2021,"Kerem Maharal Far 6","Mediterranean Maquis","Carmel","Kerem Maharal","Far",NA,NA,35.00599064,32.67183862,24/07/21,3373, 0.94404965,33,0.999911860107267,-0.0132767472230595,2081.561642,"Kerem Maharal Far",571.101155,"Kerem Maharal Far 24/07/21",0,0,0,0,0,0,2,0,0,0,0,0,10,0
"2493","T4",2021,"Kerem Maharal Far 7","Mediterranean Maquis","Carmel","Kerem Maharal","Far",NA,NA,35.00638459,32.67173843,24/07/21,3373, 0.94404965,33,0.999911860107267,-0.0132767472230595,2101.82988,"Kerem Maharal Far",579.43883,"Kerem Maharal Far 24/07/21",0,0,0,0,0,0,3,0,0,0,0,0,0,2
"2494","T4",2021,"Kerem Maharal Far 8","Mediterranean Maquis","Carmel","Kerem Maharal","Far",NA,NA,35.00679228,32.67161453,24/07/21,3373, 0.94404965,33,0.999911860107267,-0.0132767472230595,2125.491363,"Kerem Maharal Far",588.88943,"Kerem Maharal Far 24/07/21",0,0,0,0,0,0,3,0,0,0,0,0,1,2
"2495","T4",2021,"Kerem Maharal Far 9","Mediterranean Maquis","Carmel","Kerem Maharal","Far",NA,NA,35.00742126,32.67163118,24/07/21,3373, 0.94404965,33,0.999911860107267,-0.0132767472230595,2141.035083,"Kerem Maharal Far",607.828864,"Kerem Maharal Far 24/07/21",0,0,0,0,0,0,1,0,0,0,0,0,4,0
"2496","T4",2021,"Kerem Maharal Near 1","Mediterranean Maquis","Carmel","Kerem Maharal","Near",NA,NA,34.9909468,32.65551083,23/07/21,3372, 0.94324589,32,0.551426681241691,0.83422336050651,384.358236,"Kerem Maharal Near",100.550256,"Kerem Maharal Near 23/07/21",0,0,0,0,0,0,0,0,3,0,1,0,0,3
"2497","T4",2021,"Kerem Maharal Near 2","Mediterranean Maquis","Carmel","Kerem Maharal","Near",NA,NA,34.99141987,32.65550801,23/07/21,3372, 0.94324589,32,0.551426681241691,0.83422336050651,389.040154,"Kerem Maharal Near",67.737381,"Kerem Maharal Near 23/07/21",1,0,0,0,0,0,0,0,4,0,1,0,0,0
"2498","T4",2021,"Kerem Maharal Near 3","Mediterranean Maquis","Carmel","Kerem Maharal","Near",NA,NA,34.99162272,32.65497563,23/07/21,3372, 0.94324589,32,0.551426681241691,0.83422336050651,333.633724,"Kerem Maharal Near",14.76143,"Kerem Maharal Near 23/07/21",1,0,0,0,0,0,0,0,38,0,0,0,0,1
"2499","T4",2021,"Kerem Maharal Near 4","Mediterranean Maquis","Carmel","Kerem Maharal","Near",NA,NA,34.99132667,32.65722058,23/07/21,3372, 0.94324589,32,0.551426681241691,0.83422336050651,576.218681,"Kerem Maharal Near",34.590251,"Kerem Maharal Near 23/07/21",0,0,0,0,0,0,0,0,14,0,0,0,3,2
"2500","T4",2021,"Kerem Maharal Near 6","Mediterranean Maquis","Carmel","Kerem Maharal","Near",NA,NA,34.9908898,32.6579957,23/07/21,3372, 0.94324589,32,0.551426681241691,0.83422336050651,659.518429,"Kerem Maharal Near",30.262206,"Kerem Maharal Near 23/07/21",1,0,0,0,0,0,0,0,16,0,2,0,0,5
"2501","T4",2021,"Kerem Maharal Near 7","Mediterranean Maquis","Carmel","Kerem Maharal","Near",NA,NA,34.9910276,32.65766121,23/07/21,3372, 0.94324589,32,0.551426681241691,0.83422336050651,622.910437,"Kerem Maharal Near",39.841835,"Kerem Maharal Near 23/07/21",0,0,0,0,0,0,0,1,0,0,0,0,1,0
"2502","T4",2021,"Kerem Maharal Near 8","Mediterranean Maquis","Carmel","Kerem Maharal","Near",NA,NA,34.99062125,32.65740632,23/07/21,3372, 0.94324589,32,0.551426681241691,0.83422336050651,594.017126,"Kerem Maharal Near",86.320369,"Kerem Maharal Near 23/07/21",0,0,0,0,0,0,1,0,2,0,0,0,7,22
"2503","T4",2021,"Kerem Maharal Near 9","Mediterranean Maquis","Carmel","Kerem Maharal","Near",NA,NA,34.99049015,32.65708791,23/07/21,3372, 0.94324589,32,0.551426681241691,0.83422336050651,559.038327,"Kerem Maharal Near",112.146587,"Kerem Maharal Near 23/07/21",0,0,0,0,0,0,4,0,5,0,1,0,5,22
"2504","T4",2021,"Kfar Shamai Far 1","Mediterranean Maquis","Galilee","Kfar Shamai","Far",NA,NA,35.46819996,32.97061932,09/11/21,3481, 1.03085497,141,0.363171365373259,-0.93172236174352,1144.780012,"Kfar Shamai Far",971.774948,"Kfar Shamai Far 09/11/21",0,0,0,0,0,0,0,0,9,0,1,0,52,2
"2505","T4",2021,"Kfar Shamai Far 2","Mediterranean Maquis","Galilee","Kfar Shamai","Far",NA,NA,35.4681604,32.96982892,09/11/21,3481, 1.03085497,141,0.363171365373259,-0.93172236174352,1113.781127,"Kfar Shamai Far",931.758144,"Kfar Shamai Far 09/11/21",2,0,0,0,0,0,0,0,6,0,1,0,25,0
"2506","T4",2021,"Kfar Shamai Far 3","Mediterranean Maquis","Galilee","Kfar Shamai","Far",NA,NA,35.46967886,32.9697285,09/11/21,3481, 1.03085497,141,0.363171365373259,-0.93172236174352,978.107867,"Kfar Shamai Far",1060.846615,"Kfar Shamai Far 09/11/21",4,0,0,0,0,0,0,0,8,0,0,0,8,1
"2507","T4",2021,"Kfar Shamai Far 4","Mediterranean Maquis","Galilee","Kfar Shamai","Far",NA,NA,35.47017977,32.96841659,09/11/21,3481, 1.03085497,141,0.363171365373259,-0.93172236174352,884.881044,"Kfar Shamai Far",1042.829,"Kfar Shamai Far 09/11/21",1,0,0,0,0,0,0,0,2,0,0,0,15,1
"2508","T4",2021,"Kfar Shamai Far 5","Mediterranean Maquis","Galilee","Kfar Shamai","Far",NA,NA,35.46928927,32.96867087,09/11/21,3481, 1.03085497,141,0.363171365373259,-0.93172236174352,972.683771,"Kfar Shamai Far",993.384288,"Kfar Shamai Far 09/11/21",1,0,0,0,0,0,0,0,4,0,3,0,22,1
"2509","T4",2021,"Kfar Shamai Far 6","Mediterranean Maquis","Galilee","Kfar Shamai","Far",NA,NA,35.47041882,32.96801913,09/11/21,3481, 1.03085497,141,0.363171365373259,-0.93172236174352,852.072085,"Kfar Shamai Far",1020.725695,"Kfar Shamai Far 09/11/21",8,0,0,0,0,0,0,0,2,0,0,0,103,1
"2510","T4",2021,"Kfar Shamai Far 7","Mediterranean Maquis","Galilee","Kfar Shamai","Far",NA,NA,35.47033869,32.96712716,09/11/21,3481, 1.03085497,141,0.363171365373259,-0.93172236174352,842.0108,"Kfar Shamai Far",939.620844,"Kfar Shamai Far 09/11/21",6,0,0,0,0,0,0,0,3,0,0,0,7,0
"2511","T4",2021,"Kfar Shamai Far 8","Mediterranean Maquis","Galilee","Kfar Shamai","Far",NA,NA,35.46874881,32.96712463,09/11/21,3481, 1.03085497,141,0.363171365373259,-0.93172236174352,989.509918,"Kfar Shamai Far",848.935001,"Kfar Shamai Far 09/11/21",1,0,0,0,0,0,0,0,4,0,5,0,15,0
"2512","T4",2021,"Kfar Shamai Far 9","Mediterranean Maquis","Galilee","Kfar Shamai","Far",NA,NA,35.46805378,32.96682336,09/11/21,3481, 1.03085497,141,0.363171365373259,-0.93172236174352,1050.002778,"Kfar Shamai Far",785.865395,"Kfar Shamai Far 09/11/21",3,0,0,0,0,0,0,0,1,0,0,0,38,0
"2513","T4",2021,"Kfar Shamai Near 1","Mediterranean Maquis","Galilee","Kfar Shamai","Near",NA,NA,35.45958437,32.96584868,09/11/21,3481, 1.03085497,141,0.363171365373259,-0.93172236174352,399.990828,"Kfar Shamai Near",85.939988,"Kfar Shamai Near 09/11/21",70,0,0,0,0,0,0,0,13,0,1,0,222,1
"2514","T4",2021,"Kfar Shamai Near 2","Mediterranean Maquis","Galilee","Kfar Shamai","Near",NA,NA,35.45941975,32.96566021,09/11/21,3481, 1.03085497,141,0.363171365373259,-0.93172236174352,374.337375,"Kfar Shamai Near",79.247303,"Kfar Shamai Near 09/11/21",40,0,0,0,0,0,0,0,7,0,0,0,192,0
"2515","T4",2021,"Kfar Shamai Near 3","Mediterranean Maquis","Galilee","Kfar Shamai","Near",NA,NA,35.45939494,32.96522448,09/11/21,3481, 1.03085497,141,0.363171365373259,-0.93172236174352,338.604966,"Kfar Shamai Near",88.792653,"Kfar Shamai Near 09/11/21",32,0,0,0,0,0,0,0,10,0,0,0,44,0
"2516","T4",2021,"Kfar Shamai Near 4","Mediterranean Maquis","Galilee","Kfar Shamai","Near",NA,NA,35.45916695,32.96489227,09/11/21,3481, 1.03085497,141,0.363171365373259,-0.93172236174352,297.665438,"Kfar Shamai Near",74.356985,"Kfar Shamai Near 09/11/21",30,0,0,0,0,0,0,0,4,0,1,0,32,0
"2517","T4",2021,"Kfar Shamai Near 5","Mediterranean Maquis","Galilee","Kfar Shamai","Near",NA,NA,35.45893896,32.96447454,09/11/21,3481, 1.03085497,141,0.363171365373259,-0.93172236174352,250.475609,"Kfar Shamai Near",51.779106,"Kfar Shamai Near 09/11/21",24,0,0,0,0,0,0,0,30,0,0,0,58,1
"2518","T4",2021,"Kfar Shamai Near 6","Mediterranean Maquis","Galilee","Kfar Shamai","Near",NA,NA,35.45884408,32.9639983,09/11/21,3481, 1.03085497,141,0.363171365373259,-0.93172236174352,207.958372,"Kfar Shamai Near",42.480051,"Kfar Shamai Near 09/11/21",20,0,0,0,0,0,0,0,18,0,0,0,45,0
"2519","T4",2021,"Kfar Shamai Near 7","Mediterranean Maquis","Galilee","Kfar Shamai","Near",NA,NA,35.45859396,32.96367762,09/11/21,3481, 1.03085497,141,0.363171365373259,-0.93172236174352,166.598113,"Kfar Shamai Near",27.482102,"Kfar Shamai Near 09/11/21",0,0,0,0,0,0,0,0,12,0,0,0,13,0
"2520","T4",2021,"Kfar Shamai Near 8","Mediterranean Maquis","Galilee","Kfar Shamai","Near",NA,NA,35.45886017,32.96308745,09/11/21,3481, 1.03085497,141,0.363171365373259,-0.93172236174352,140.145464,"Kfar Shamai Near",52.783349,"Kfar Shamai Near 09/11/21",20,0,0,0,0,0,0,0,16,0,0,0,95,1
"2521","T4",2021,"Kfar Shamai Near 9","Mediterranean Maquis","Galilee","Kfar Shamai","Near",NA,NA,35.45909386,32.96230598,09/11/21,3481, 1.03085497,141,0.363171365373259,-0.93172236174352,101.91006,"Kfar Shamai Near",40.857825,"Kfar Shamai Near 09/11/21",21,0,0,0,0,0,0,0,17,0,1,0,40,0
"2522","T4",2021,"Kisalon Far 1","Mediterranean Maquis","Judea","Kisalon","Far",NA,NA,35.0407571,31.76838022,19/11/21,3491, 1.03889250,151,0.202149881415654,0.979354596376429,664.055826,"Kisalon Far",1227.908663,"Kisalon Far 19/11/21",0,0,0,0,0,0,0,0,0,0,0,0,1,0
"2523","T4",2021,"Kisalon Far 2","Mediterranean Maquis","Judea","Kisalon","Far",NA,NA,35.04021864,31.7682967,19/11/21,3491, 1.03889250,151,0.202149881415654,0.979354596376429,706.780275,"Kisalon Far",1279.378542,"Kisalon Far 19/11/21",1,0,0,0,0,0,2,0,1,0,0,0,2,0
"2524","T4",2021,"Kisalon Far 3","Mediterranean Maquis","Judea","Kisalon","Far",NA,NA,35.03969327,31.76815133,19/11/21,3491, 1.03889250,151,0.202149881415654,0.979354596376429,754.284144,"Kisalon Far",1330.274483,"Kisalon Far 19/11/21",0,0,0,0,0,0,0,0,1,0,0,0,1,1
"2525","T4",2021,"Kisalon Far 4","Mediterranean Maquis","Judea","Kisalon","Far",NA,NA,35.03931843,31.76814249,19/11/21,3491, 1.03889250,151,0.202149881415654,0.979354596376429,781.720681,"Kisalon Far",1365.767534,"Kisalon Far 19/11/21",1,0,0,0,0,0,0,1,0,0,0,0,0,0
"2526","T4",2021,"Kisalon Far 6","Mediterranean Maquis","Judea","Kisalon","Far",NA,NA,35.04088886,31.76878213,19/11/21,3491, 1.03889250,151,0.202149881415654,0.979354596376429,623.699211,"Kisalon Far",1213.315665,"Kisalon Far 19/11/21",8,0,0,0,0,0,1,2,0,0,0,0,0,1
"2527","T4",2021,"Kisalon Far 7","Mediterranean Maquis","Judea","Kisalon","Far",NA,NA,35.03759176,31.76795265,19/11/21,3491, 1.03889250,151,0.202149881415654,0.979354596376429,894.861418,"Kisalon Far",1530.43154,"Kisalon Far 19/11/21",0,0,0,0,0,0,1,0,0,0,0,0,0,0
"2528","T4",2021,"Kisalon Far 8","Mediterranean Maquis","Judea","Kisalon","Far",NA,NA,35.03793072,31.76831893,19/11/21,3491, 1.03889250,151,0.202149881415654,0.979354596376429,843.326484,"Kisalon Far",1495.53016,"Kisalon Far 19/11/21",3,0,0,0,0,0,0,0,0,0,0,0,1,0
"2529","T4",2021,"Kisalon Far 9","Mediterranean Maquis","Judea","Kisalon","Far",NA,NA,35.03747307,31.76757924,19/11/21,3491, 1.03889250,151,0.202149881415654,0.979354596376429,935.807787,"Kisalon Far",1545.642972,"Kisalon Far 19/11/21",2,0,0,0,0,0,1,1,0,0,0,0,0,1
"2530","T4",2021,"Kisalon Near 1","Mediterranean Maquis","Judea","Kisalon","Near",NA,NA,35.05114663,31.77483771,19/11/21,3491, 1.03889250,151,0.202149881415654,0.979354596376429,0,"Kisalon Near",113.059068,"Kisalon Near 19/11/21",28,0,0,0,0,0,0,0,10,0,0,0,0,0
"2531","T4",2021,"Kisalon Near 2","Mediterranean Maquis","Judea","Kisalon","Near",NA,NA,35.05175952,31.77496398,19/11/21,3491, 1.03889250,151,0.202149881415654,0.979354596376429,24.262172,"Kisalon Near",68.334375,"Kisalon Near 19/11/21",0,0,0,0,0,0,0,0,2,0,0,0,0,0
"2532","T4",2021,"Kisalon Near 3","Mediterranean Maquis","Judea","Kisalon","Near",NA,NA,35.05276669,31.77486964,19/11/21,3491, 1.03889250,151,0.202149881415654,0.979354596376429,44.78946,"Kisalon Near",49.395703,"Kisalon Near 19/11/21",1,0,0,0,0,0,0,0,0,0,1,0,0,0
"2533","T4",2021,"Kisalon Near 7","Mediterranean Maquis","Judea","Kisalon","Near",NA,NA,35.05564872,31.77432894,19/11/21,3491, 1.03889250,151,0.202149881415654,0.979354596376429,135.30574,"Kisalon Near",0,"Kisalon Near 19/11/21",0,0,0,0,0,0,0,0,0,0,0,0,23,0
"2534","T4",2021,"Kisalon Near 8","Mediterranean Maquis","Judea","Kisalon","Near",NA,NA,35.05522527,31.77460086,19/11/21,3491, 1.03889250,151,0.202149881415654,0.979354596376429,142.431511,"Kisalon Near",0,"Kisalon Near 19/11/21",0,0,0,0,0,0,0,0,5,0,0,0,4,0
"2535","T4",2021,"Kisalon Near 9","Mediterranean Maquis","Judea","Kisalon","Near",NA,NA,35.05229294,31.77481035,19/11/21,3491, 1.03889250,151,0.202149881415654,0.979354596376429,24.239773,"Kisalon Near",73.176331,"Kisalon Near 19/11/21",0,0,0,0,0,0,0,0,0,0,0,0,2,0
"2536","T4",2022,"Margaliot Far 1","Mediterranean Maquis","Galilee","Margaliot","Far",NA,NA,35.54384597,33.20594116,18/01/22,3551, 1.08711768,-154,0.0619203372560573,-0.9980810948185,533.572476,"Margaliot Far",76.483031,"Margaliot Far 18/01/22",22,0,0,0,0,0,0,0,0,0,1,0,8,2
"2537","T4",2022,"Margaliot Far 2","Mediterranean Maquis","Galilee","Margaliot","Far",NA,NA,35.54317206,33.20639057,18/01/22,3551, 1.08711768,-154,0.0619203372560573,-0.9980810948185,513.657128,"Margaliot Far",33.093444,"Margaliot Far 18/01/22",11,0,0,0,0,0,0,0,2,0,0,0,11,4
"2538","T4",2022,"Margaliot Far 3","Mediterranean Maquis","Galilee","Margaliot","Far",NA,NA,35.54174647,33.20642339,18/01/22,3551, 1.08711768,-154,0.0619203372560573,-0.9980810948185,541.685236,"Margaliot Far",57.435932,"Margaliot Far 18/01/22",13,0,0,0,0,0,0,0,1,0,2,0,14,3
"2539","T4",2022,"Margaliot Far 4","Mediterranean Maquis","Galilee","Margaliot","Far",NA,NA,35.54174647,33.20642339,18/01/22,3551, 1.08711768,-154,0.0619203372560573,-0.9980810948185,580.228146,"Margaliot Far",113.487102,"Margaliot Far 18/01/22",14,0,0,0,0,0,0,0,14,0,0,0,11,1
"2540","T4",2022,"Margaliot Far 5","Mediterranean Maquis","Galilee","Margaliot","Far",NA,NA,35.5414645,33.20764648,18/01/22,3551, 1.08711768,-154,0.0619203372560573,-0.9980810948185,482.434051,"Margaliot Far",158.350692,"Margaliot Far 18/01/22",0,0,0,0,0,0,0,0,13,0,0,0,4,1
"2541","T4",2022,"Margaliot Far 6","Mediterranean Maquis","Galilee","Margaliot","Far",NA,NA,35.54081172,33.20751547,18/01/22,3551, 1.08711768,-154,0.0619203372560573,-0.9980810948185,530.317934,"Margaliot Far",205.641161,"Margaliot Far 18/01/22",8,0,0,0,0,0,0,0,7,0,0,0,7,1
"2542","T4",2022,"Margaliot Far 7","Mediterranean Maquis","Galilee","Margaliot","Far",NA,NA,35.54024275,33.20725767,18/01/22,3551, 1.08711768,-154,0.0619203372560573,-0.9980810948185,586.137193,"Margaliot Far",169.894284,"Margaliot Far 18/01/22",1,0,0,0,0,0,0,0,4,0,0,0,0,1
"2543","T4",2022,"Margaliot Far 8","Mediterranean Maquis","Galilee","Margaliot","Far",NA,NA,35.54031249,33.20640067,18/01/22,3551, 1.08711768,-154,0.0619203372560573,-0.9980810948185,657.322766,"Margaliot Far",75.503551,"Margaliot Far 18/01/22",94,0,0,0,0,0,0,0,8,0,0,0,9,3
"2544","T4",2022,"Margaliot Far 9","Mediterranean Maquis","Galilee","Margaliot","Far",NA,NA,35.54108061,33.20654682,18/01/22,3551, 1.08711768,-154,0.0619203372560573,-0.9980810948185,602.406331,"Margaliot Far",117.902536,"Margaliot Far 18/01/22",0,0,0,0,0,0,0,0,0,0,0,0,26,0
"2545","T4",2022,"Margaliot Near 1","Mediterranean Maquis","Galilee","Margaliot","Near",NA,NA,35.54081742,33.21532825,18/01/22,3551, 1.08711768,-154,0.0619203372560573,-0.9980810948185,82.764237,"Margaliot Near",92.01965,"Margaliot Near 18/01/22",2,0,0,0,0,0,0,0,2,0,0,0,0,0
"2546","T4",2022,"Margaliot Near 2","Mediterranean Maquis","Galilee","Margaliot","Near",NA,NA,35.54137398,33.21533779,18/01/22,3551, 1.08711768,-154,0.0619203372560573,-0.9980810948185,40.893286,"Margaliot Near",115.080508,"Margaliot Near 18/01/22",16,0,0,0,0,0,0,0,0,0,0,0,2,0
"2547","T4",2022,"Margaliot Near 3","Mediterranean Maquis","Galilee","Margaliot","Near",NA,NA,35.54181788,33.21473107,18/01/22,3551, 1.08711768,-154,0.0619203372560573,-0.9980810948185,51.438301,"Margaliot Near",157.961078,"Margaliot Near 18/01/22",11,0,0,0,0,0,0,0,3,0,0,0,6,0
"2548","T4",2022,"Margaliot Near 4","Mediterranean Maquis","Galilee","Margaliot","Near",NA,NA,35.54226514,33.2144141,18/01/22,3551, 1.08711768,-154,0.0619203372560573,-0.9980810948185,43.034105,"Margaliot Near",104.617018,"Margaliot Near 18/01/22",3,0,0,0,0,0,0,0,0,0,0,0,14,0
"2549","T4",2022,"Margaliot Near 5","Mediterranean Maquis","Galilee","Margaliot","Near",NA,NA,35.54208811,33.21388031,18/01/22,3551, 1.08711768,-154,0.0619203372560573,-0.9980810948185,75.004902,"Margaliot Near",77.732067,"Margaliot Near 18/01/22",11,0,0,0,0,0,0,0,0,0,0,0,7,0
"2550","T4",2022,"Margaliot Near 6","Mediterranean Maquis","Galilee","Margaliot","Near",NA,NA,35.54184571,33.21334679,18/01/22,3551, 1.08711768,-154,0.0619203372560573,-0.9980810948185,102.461095,"Margaliot Near",57.827859,"Margaliot Near 18/01/22",32,0,0,0,0,0,0,0,14,0,0,0,24,1
"2551","T4",2022,"Margaliot Near 7","Mediterranean Maquis","Galilee","Margaliot","Near",NA,NA,35.54161873,33.2130834,18/01/22,3551, 1.08711768,-154,0.0619203372560573,-0.9980810948185,126.124196,"Margaliot Near",35.254654,"Margaliot Near 18/01/22",18,0,0,0,0,0,0,0,20,0,0,0,39,0
"2552","T4",2022,"Margaliot Near 8","Mediterranean Maquis","Galilee","Margaliot","Near",NA,NA,35.54124959,33.21253697,18/01/22,3551, 1.08711768,-154,0.0619203372560573,-0.9980810948185,177.087557,"Margaliot Near",28.194266,"Margaliot Near 18/01/22",50,0,0,0,0,0,0,0,11,0,0,0,44,1
"2553","T4",2022,"Margaliot Near 9","Mediterranean Maquis","Galilee","Margaliot","Near",NA,NA,35.54091565,33.21223571,18/01/22,3551, 1.08711768,-154,0.0619203372560573,-0.9980810948185,220.275541,"Margaliot Near",68.81243,"Margaliot Near 18/01/22",4,0,0,0,0,0,0,0,0,0,0,0,1,0
"2554","T4",2021,"Nehusha Far 1","Mediterranean Maquis","Judea","Nehusha","Far",NA,NA,34.94557422,31.63888338,23/08/21,3403, 0.96816223,63,0.167355700302807,0.98589658158255,598.452015,"Nehusha Far",366.410038,"Nehusha Far 23/08/21",0,0,0,0,0,0,2,0,0,0,0,0,0,2
"2555","T4",2021,"Nehusha Far 2","Mediterranean Maquis","Judea","Nehusha","Far",NA,NA,34.94553868,31.63818347,23/08/21,3403, 0.96816223,63,0.167355700302807,0.98589658158255,560.790223,"Nehusha Far",415.74666,"Nehusha Far 23/08/21",0,0,0,0,0,0,0,0,3,0,1,0,0,0
"2556","T4",2021,"Nehusha Far 3","Mediterranean Maquis","Judea","Nehusha","Far",NA,NA,34.94553331,31.63771676,23/08/21,3403, 0.96816223,63,0.167355700302807,0.98589658158255,538.845573,"Nehusha Far",432.79849,"Nehusha Far 23/08/21",1,0,0,0,0,0,8,1,1,0,0,0,0,1
"2557","T4",2021,"Nehusha Far 4","Mediterranean Maquis","Judea","Nehusha","Far",NA,NA,34.94564597,31.63732113,23/08/21,3403, 0.96816223,63,0.167355700302807,0.98589658158255,513.022731,"Nehusha Far",439.037767,"Nehusha Far 23/08/21",1,0,0,0,0,0,2,0,6,0,0,0,0,0
"2558","T4",2021,"Nehusha Far 5","Mediterranean Maquis","Judea","Nehusha","Far",NA,NA,34.94599029,31.63716956,23/08/21,3403, 0.96816223,63,0.167355700302807,0.98589658158255,476.681199,"Nehusha Far",416.79648,"Nehusha Far 23/08/21",0,0,0,0,0,0,5,0,0,0,1,0,0,1
"2559","T4",2021,"Nehusha Far 7","Mediterranean Maquis","Judea","Nehusha","Far",NA,NA,34.94690828,31.63770991,23/08/21,3403, 0.96816223,63,0.167355700302807,0.98589658158255,421.699462,"Nehusha Far",312.1723,"Nehusha Far 23/08/21",0,0,0,0,0,0,0,1,1,0,0,0,0,3
"2560","T4",2021,"Nehusha Far 8","Mediterranean Maquis","Judea","Nehusha","Far",NA,NA,34.94749837,31.63754178,23/08/21,3403, 0.96816223,63,0.167355700302807,0.98589658158255,364.11256,"Nehusha Far",272.446858,"Nehusha Far 23/08/21",1,0,0,0,0,0,2,0,3,0,1,0,0,4
"2561","T4",2021,"Nehusha Near 1","Mediterranean Maquis","Judea","Nehusha","Near",NA,NA,34.95164171,31.63578997,23/08/21,3403, 0.96816223,63,0.167355700302807,0.98589658158255,0,"Nehusha Near",64.044526,"Nehusha Near 23/08/21",3,0,0,0,0,0,0,0,2,0,0,0,0,3
"2562","T4",2021,"Nehusha Near 2","Mediterranean Maquis","Judea","Nehusha","Near",NA,NA,34.95060403,31.63584849,23/08/21,3403, 0.96816223,63,0.167355700302807,0.98589658158255,15.135254,"Nehusha Near",158.727036,"Nehusha Near 23/08/21",20,0,0,0,0,0,0,0,2,0,1,0,0,0
"2563","T4",2021,"Nehusha Near 3","Mediterranean Maquis","Judea","Nehusha","Near",NA,NA,34.95215502,31.63585819,23/08/21,3403, 0.96816223,63,0.167355700302807,0.98589658158255,0,"Nehusha Near",38.182082,"Nehusha Near 23/08/21",6,0,0,0,0,0,0,0,16,0,0,0,0,4
"2564","T4",2021,"Nehusha Near 4","Mediterranean Maquis","Judea","Nehusha","Near",NA,NA,34.95247956,31.63586676,23/08/21,3403, 0.96816223,63,0.167355700302807,0.98589658158255,0,"Nehusha Near",26.624146,"Nehusha Near 23/08/21",0,0,0,0,0,0,0,0,1,0,0,0,0,0
"2565","T4",2021,"Nehusha Near 5","Mediterranean Maquis","Judea","Nehusha","Near",NA,NA,34.95281853,31.63614907,23/08/21,3403, 0.96816223,63,0.167355700302807,0.98589658158255,12.517443,"Nehusha Near",64.529262,"Nehusha Near 23/08/21",2,0,0,0,0,0,0,0,7,0,0,0,0,5
"2566","T4",2021,"Nehusha Near 6","Mediterranean Maquis","Judea","Nehusha","Near",NA,NA,34.95344616,31.63605772,23/08/21,3403, 0.96816223,63,0.167355700302807,0.98589658158255,28.959374,"Nehusha Near",100.39025,"Nehusha Near 23/08/21",2,0,0,0,0,0,0,0,4,0,0,0,0,1
"2567","T4",2021,"Nehusha Near 7","Mediterranean Maquis","Judea","Nehusha","Near",NA,NA,34.95346326,31.63565095,23/08/21,3403, 0.96816223,63,0.167355700302807,0.98589658158255,0.126739,"Nehusha Near",64.571109,"Nehusha Near 23/08/21",3,0,0,0,0,0,0,1,17,0,0,0,0,3
"2568","T4",2021,"Nehusha Near 8","Mediterranean Maquis","Judea","Nehusha","Near",NA,NA,34.95398026,31.63526045,23/08/21,3403, 0.96816223,63,0.167355700302807,0.98589658158255,7.868443,"Nehusha Near",60.292752,"Nehusha Near 23/08/21",16,0,0,0,0,0,4,0,6,0,0,0,0,0
"2569","T4",2021,"Nehusha Near 9","Mediterranean Maquis","Judea","Nehusha","Near",NA,NA,34.95456666,31.63476176,23/08/21,3403, 0.96816223,63,0.167355700302807,0.98589658158255,24.837698,"Nehusha Near",82.574359,"Nehusha Near 23/08/21",11,0,0,0,0,0,1,0,2,0,0,0,0,0
"2570","T4",2021,"Nir Etzion Far 1","Mediterranean Maquis","Carmel","Nir Etzion","Far",NA,NA,35.00610128,32.69843911,26/06/21,3345, 0.92154456,5,-0.958924274663138,0.283662185463226,680.679795,"Nir Etzion Far",554.578915,"Nir Etzion Far 26/06/21",0,0,0,0,0,0,0,0,2,0,0,0,0,0
"2571","T4",2021,"Nir Etzion Far 2","Mediterranean Maquis","Carmel","Nir Etzion","Far",NA,NA,35.00644695,32.69825487,26/06/21,3345, 0.92154456,5,-0.958924274663138,0.283662185463226,708.053885,"Nir Etzion Far",516.403947,"Nir Etzion Far 26/06/21",1,0,0,0,0,0,0,0,0,0,0,0,0,1
"2572","T4",2021,"Nir Etzion Far 3","Mediterranean Maquis","Carmel","Nir Etzion","Far",NA,NA,35.00670612,32.69812339,26/06/21,3345, 0.92154456,5,-0.958924274663138,0.283662185463226,729.087907,"Nir Etzion Far",488.233587,"Nir Etzion Far 26/06/21",2,0,0,0,0,0,0,1,7,0,0,0,3,1
"2573","T4",2021,"Nir Etzion Far 4","Mediterranean Maquis","Carmel","Nir Etzion","Far",NA,NA,35.00710107,32.69792787,26/06/21,3345, 0.92154456,5,-0.958924274663138,0.283662185463226,762.129939,"Nir Etzion Far",445.75304,"Nir Etzion Far 26/06/21",0,0,0,0,0,0,0,1,2,0,0,0,6,0
"2574","T4",2021,"Nir Etzion Far 5","Mediterranean Maquis","Carmel","Nir Etzion","Far",NA,NA,35.0075718,32.69805342,26/06/21,3345, 0.92154456,5,-0.958924274663138,0.283662185463226,807.848151,"Nir Etzion Far",421.622675,"Nir Etzion Far 26/06/21",0,0,0,0,0,0,0,2,0,0,0,0,0,0
"2575","T4",2021,"Nir Etzion Far 7","Mediterranean Maquis","Carmel","Nir Etzion","Far",NA,NA,35.00910971,32.69798289,26/06/21,3345, 0.92154456,5,-0.958924274663138,0.283662185463226,916.79092,"Nir Etzion Far",325.17115,"Nir Etzion Far 26/06/21",0,0,0,0,0,0,1,0,0,0,0,0,2,0
"2576","T4",2021,"Nir Etzion Far 9","Mediterranean Maquis","Carmel","Nir Etzion","Far",NA,NA,35.01045551,32.69863661,26/06/21,3345, 0.92154456,5,-0.958924274663138,0.283662185463226,1060.470765,"Nir Etzion Far",310.175609,"Nir Etzion Far 26/06/21",3,0,0,0,0,0,0,1,2,0,0,0,5,0
"2577","T4",2021,"Nir Etzion Near 1","Mediterranean Maquis","Carmel","Nir Etzion","Near",NA,NA,34.99200728,32.7015954,26/06/21,3345, 0.92154456,5,-0.958924274663138,0.283662185463226,0,"Nir Etzion Near",731.945233,"Nir Etzion Near 26/06/21",0,0,0,0,0,0,0,0,2,0,3,0,89,0
"2578","T4",2021,"Nir Etzion Near 3","Mediterranean Maquis","Carmel","Nir Etzion","Near",NA,NA,34.99297589,32.70143627,26/06/21,3345, 0.92154456,5,-0.958924274663138,0.283662185463226,11.174146,"Nir Etzion Near",771.307645,"Nir Etzion Near 26/06/21",0,0,0,0,0,0,0,0,0,0,0,0,1,0
"2579","T4",2021,"Nir Etzion Near 4","Mediterranean Maquis","Carmel","Nir Etzion","Near",NA,NA,34.99339666,32.70100912,26/06/21,3345, 0.92154456,5,-0.958924274663138,0.283662185463226,0,"Nir Etzion Near",762.080539,"Nir Etzion Near 26/06/21",1,0,0,0,0,0,0,0,0,0,0,0,6,0
"2580","T4",2021,"Nir Etzion Near 5","Mediterranean Maquis","Carmel","Nir Etzion","Near",NA,NA,34.99406688,32.70088413,26/06/21,3345, 0.92154456,5,-0.958924274663138,0.283662185463226,30.582524,"Nir Etzion Near",797.510668,"Nir Etzion Near 26/06/21",0,0,0,0,0,0,0,0,2,0,0,0,53,0
"2581","T4",2021,"Nir Etzion Near 6","Mediterranean Maquis","Carmel","Nir Etzion","Near",NA,NA,34.99436527,32.7005893,26/06/21,3345, 0.92154456,5,-0.958924274663138,0.283662185463226,11.597703,"Nir Etzion Near",797.403251,"Nir Etzion Near 26/06/21",0,0,0,0,0,0,0,0,0,0,0,0,1,2
"2582","T4",2021,"Nir Etzion Near 7","Mediterranean Maquis","Carmel","Nir Etzion","Near",NA,NA,34.99464389,32.7004677,26/06/21,3345, 0.92154456,5,-0.958924274663138,0.283662185463226,8.238525,"Nir Etzion Near",809.691034,"Nir Etzion Near 26/06/21",3,0,0,0,0,0,0,1,1,0,4,0,52,1
"2583","T4",2021,"Nir Etzion Near 8","Mediterranean Maquis","Carmel","Nir Etzion","Near",NA,NA,34.99505695,32.70045077,26/06/21,3345, 0.92154456,5,-0.958924274663138,0.283662185463226,16.187728,"Nir Etzion Near",839.77068,"Nir Etzion Near 26/06/21",0,0,0,0,0,0,0,0,2,0,3,0,85,0
"2584","T4",2021,"Nir Etzion Near 9","Mediterranean Maquis","Carmel","Nir Etzion","Near",NA,NA,34.99582775,32.70016892,26/06/21,3345, 0.92154456,5,-0.958924274663138,0.283662185463226,0,"Nir Etzion Near",883.054329,"Nir Etzion Near 26/06/21",0,0,0,0,0,0,0,0,0,0,0,0,2,0
"2585","T4",2022,"Ofer Far 1","Mediterranean Maquis","Carmel","Ofer","Far",NA,NA,34.99040512,32.61497436,04/01/22,3537, 1.07586513,-168,0.99717328877408,-0.0751360908983532,526.78233,"Ofer Far",4.441672,"Ofer Far 04/01/22",2,0,0,0,0,0,0,0,0,0,0,0,8,0
"2586","T4",2022,"Ofer Far 2","Mediterranean Maquis","Carmel","Ofer","Far",NA,NA,34.99109767,32.61520953,04/01/22,3537, 1.07586513,-168,0.99717328877408,-0.0751360908983532,563.353742,"Ofer Far",24.229181,"Ofer Far 04/01/22",0,0,0,0,0,0,0,0,1,0,0,0,3,1
"2587","T4",2022,"Ofer Far 4","Mediterranean Maquis","Carmel","Ofer","Far",NA,NA,34.99221917,32.61554192,04/01/22,3537, 1.07586513,-168,0.99717328877408,-0.0751360908983532,636.911802,"Ofer Far",90.8799,"Ofer Far 04/01/22",0,0,0,0,0,0,0,1,5,0,0,0,0,0
"2588","T4",2022,"Ofer Far 5","Mediterranean Maquis","Carmel","Ofer","Far",NA,NA,34.99275897,32.61547584,04/01/22,3537, 1.07586513,-168,0.99717328877408,-0.0751360908983532,685.952633,"Ofer Far",100.051805,"Ofer Far 04/01/22",0,1,0,0,0,0,0,1,3,0,2,0,3,4
"2589","T4",2022,"Ofer Far 6","Mediterranean Maquis","Carmel","Ofer","Far",NA,NA,34.99345466,32.6153112,04/01/22,3537, 1.07586513,-168,0.99717328877408,-0.0751360908983532,753.051014,"Ofer Far",68.552047,"Ofer Far 04/01/22",0,0,0,0,0,0,0,2,8,0,0,0,1,3
"2590","T4",2022,"Ofer Far 7","Mediterranean Maquis","Carmel","Ofer","Far",NA,NA,34.99408465,32.61530018,04/01/22,3537, 1.07586513,-168,0.99717328877408,-0.0751360908983532,808.076525,"Ofer Far",31.004841,"Ofer Far 04/01/22",1,0,0,0,0,0,0,1,3,0,2,0,0,3
"2591","T4",2022,"Ofer Far 8","Mediterranean Maquis","Carmel","Ofer","Far",NA,NA,34.99427911,32.61476615,04/01/22,3537, 1.07586513,-168,0.99717328877408,-0.0751360908983532,848.472503,"Ofer Far",60.630696,"Ofer Far 04/01/22",1,0,0,0,0,0,0,0,10,0,1,0,0,25
"2592","T4",2022,"Ofer Far 9","Mediterranean Maquis","Carmel","Ofer","Far",NA,NA,34.9950318,32.61499123,04/01/22,3537, 1.07586513,-168,0.99717328877408,-0.0751360908983532,903.339475,"Ofer Far",16.950724,"Ofer Far 04/01/22",0,0,0,0,0,0,0,0,0,0,0,0,0,2
"2593","T4",2022,"Ofer Near 1","Mediterranean Maquis","Carmel","Ofer","Near",NA,NA,34.98243313,32.61686329,04/01/22,3537, 1.07586513,-168,0.99717328877408,-0.0751360908983532,67.803504,"Ofer Near",164.425138,"Ofer Near 04/01/22",14,0,0,0,0,0,0,0,8,0,1,0,5,3
"2594","T4",2022,"Ofer Near 2","Mediterranean Maquis","Carmel","Ofer","Near",NA,NA,34.98276204,32.61688305,04/01/22,3537, 1.07586513,-168,0.99717328877408,-0.0751360908983532,62.132865,"Ofer Near",145.518659,"Ofer Near 04/01/22",4,0,0,0,0,0,0,0,0,0,0,0,3,0
"2595","T4",2022,"Ofer Near 3","Mediterranean Maquis","Carmel","Ofer","Near",NA,NA,34.98313922,32.61719962,04/01/22,3537, 1.07586513,-168,0.99717328877408,-0.0751360908983532,27.93355,"Ofer Near",98.65649,"Ofer Near 04/01/22",8,0,0,0,0,0,0,0,0,0,2,0,4,0
"2596","T4",2022,"Ofer Near 4","Mediterranean Maquis","Carmel","Ofer","Near",NA,NA,34.98344567,32.61721996,04/01/22,3537, 1.07586513,-168,0.99717328877408,-0.0751360908983532,26.407143,"Ofer Near",86.941571,"Ofer Near 04/01/22",5,0,0,0,0,0,0,0,3,0,1,0,5,1
"2597","T4",2022,"Ofer Near 5","Mediterranean Maquis","Carmel","Ofer","Near",NA,NA,34.98368941,32.61715557,04/01/22,3537, 1.07586513,-168,0.99717328877408,-0.0751360908983532,34.125078,"Ofer Near",86.033296,"Ofer Near 04/01/22",8,0,0,0,0,0,0,0,0,0,0,0,3,0
"2598","T4",2022,"Ofer Near 6","Mediterranean Maquis","Carmel","Ofer","Near",NA,NA,34.98421915,32.6173219,04/01/22,3537, 1.07586513,-168,0.99717328877408,-0.0751360908983532,31.118735,"Ofer Near",55.389811,"Ofer Near 04/01/22",0,0,0,0,0,0,0,0,0,0,0,0,2,1
"2599","T4",2022,"Ofer Near 7","Mediterranean Maquis","Carmel","Ofer","Near",NA,NA,34.98475458,32.61698613,04/01/22,3537, 1.07586513,-168,0.99717328877408,-0.0751360908983532,87.455293,"Ofer Near",105.604256,"Ofer Near 04/01/22",11,0,0,0,0,0,0,2,0,0,0,0,9,0
"2600","T4",2022,"Ofer Near 8","Mediterranean Maquis","Carmel","Ofer","Near",NA,NA,34.98543452,32.61723634,04/01/22,3537, 1.07586513,-168,0.99717328877408,-0.0751360908983532,85.021862,"Ofer Near",131.625302,"Ofer Near 04/01/22",6,0,0,0,0,0,0,0,3,0,0,0,4,0
"2601","T4",2022,"Ofer Near 9","Mediterranean Maquis","Carmel","Ofer","Near",NA,NA,34.98607591,32.61800446,04/01/22,3537, 1.07586513,-168,0.99717328877408,-0.0751360908983532,1.497304,"Ofer Near",83.219076,"Ofer Near 04/01/22",24,0,0,0,0,0,0,2,5,0,0,0,1,1
"2602","T4",2021,"Yagur Far 1","Mediterranean Maquis","Carmel","Yagur","Far",NA,NA,35.05404375,32.75579481,10/06/21,3329, 0.90868451,-11,0.999990206550703,0.00442569798805079,367.409831,"Yagur Far",531.171879,"Yagur Far 10/06/21",0,0,0,0,0,0,0,0,0,0,0,0,8,0
"2603","T4",2021,"Yagur Far 2","Mediterranean Maquis","Carmel","Yagur","Far",NA,NA,35.05406085,32.75630262,10/06/21,3329, 0.90868451,-11,0.999990206550703,0.00442569798805079,327.499377,"Yagur Far",527.431871,"Yagur Far 10/06/21",0,0,0,0,0,0,0,0,2,0,0,0,2,0
"2604","T4",2021,"Yagur Far 3","Mediterranean Maquis","Carmel","Yagur","Far",NA,NA,35.05364846,32.75589152,10/06/21,3329, 0.90868451,-11,0.999990206550703,0.00442569798805079,387.242436,"Yagur Far",567.322677,"Yagur Far 10/06/21",12,0,0,0,0,0,0,0,0,0,0,0,18,0
"2605","T4",2021,"Yagur Far 4","Mediterranean Maquis","Carmel","Yagur","Far",NA,NA,35.05358342,32.75568795,10/06/21,3329, 0.90868451,-11,0.999990206550703,0.00442569798805079,408.11708,"Yagur Far",575.327911,"Yagur Far 10/06/21",7,0,0,0,0,0,0,0,0,0,0,0,1,0
"2606","T4",2021,"Yagur Far 5","Mediterranean Maquis","Carmel","Yagur","Far",NA,NA,35.05367495,32.75544038,10/06/21,3329, 0.90868451,-11,0.999990206550703,0.00442569798805079,418.852378,"Yagur Far",570.333977,"Yagur Far 10/06/21",0,0,0,0,0,0,0,0,0,0,0,0,14,2
"2607","T4",2021,"Yagur Far 7","Mediterranean Maquis","Carmel","Yagur","Far",NA,NA,35.05342986,32.75521199,10/06/21,3329, 0.90868451,-11,0.999990206550703,0.00442569798805079,452.550387,"Yagur Far",597.295481,"Yagur Far 10/06/21",4,0,0,0,0,0,0,0,0,0,0,0,0,2
"2608","T4",2021,"Yagur Far 8","Mediterranean Maquis","Carmel","Yagur","Far",NA,NA,35.05340036,32.75472476,10/06/21,3329, 0.90868451,-11,0.999990206550703,0.00442569798805079,488.032585,"Yagur Far",612.53074,"Yagur Far 10/06/21",8,0,0,0,0,0,0,0,0,0,2,0,11,2
"2609","T4",2021,"Yagur Far 9","Mediterranean Maquis","Carmel","Yagur","Far",NA,NA,35.05384192,32.75466837,10/06/21,3329, 0.90868451,-11,0.999990206550703,0.00442569798805079,459.182876,"Yagur Far",574.666465,"Yagur Far 10/06/21",1,0,0,0,0,0,0,0,0,0,0,0,3,1
"2610","T4",2021,"Yagur Near 1","Mediterranean Maquis","Carmel","Yagur","Near",NA,NA,35.07428505,32.73951763,10/06/21,3329, 0.90868451,-11,0.999990206550703,0.00442569798805079,22.256233,"Yagur Near",720.307428,"Yagur Near 10/06/21",10,0,0,0,0,0,0,0,0,0,14,0,15,0
"2611","T4",2021,"Yagur Near 2","Mediterranean Maquis","Carmel","Yagur","Near",NA,NA,35.07449292,32.73878863,10/06/21,3329, 0.90868451,-11,0.999990206550703,0.00442569798805079,39.114483,"Yagur Near",787.047539,"Yagur Near 10/06/21",0,0,0,0,0,0,0,0,0,0,0,0,11,0
"2612","T4",2021,"Yagur Near 3","Mediterranean Maquis","Carmel","Yagur","Near",NA,NA,35.07408153,32.73871869,10/06/21,3329, 0.90868451,-11,0.999990206550703,0.00442569798805079,63.847616,"Yagur Near",805.642104,"Yagur Near 10/06/21",12,0,0,0,0,0,0,3,0,0,2,0,18,0
"2613","T4",2021,"Yagur Near 4","Mediterranean Maquis","Carmel","Yagur","Near",NA,NA,35.07335097,32.73915045,10/06/21,3329, 0.90868451,-11,0.999990206550703,0.00442569798805079,99.100523,"Yagur Near",753.067298,"Yagur Near 10/06/21",0,0,0,0,0,0,0,0,0,0,0,0,1,0
"2614","T4",2021,"Yagur Near 5","Mediterranean Maquis","Carmel","Yagur","Near",NA,NA,35.07506859,32.73889156,10/06/21,3329, 0.90868451,-11,0.999990206550703,0.00442569798805079,28.873232,"Yagur Near",745.571628,"Yagur Near 10/06/21",0,0,0,0,0,0,0,0,0,0,0,0,8,0
"2615","T4",2021,"Yagur Near 6","Mediterranean Maquis","Carmel","Yagur","Near",NA,NA,35.07554568,32.73904103,10/06/21,3329, 0.90868451,-11,0.999990206550703,0.00442569798805079,35.243653,"Yagur Near",704.095303,"Yagur Near 10/06/21",2,0,0,0,0,0,0,0,0,0,0,0,9,0
"2616","T4",2021,"Yagur Near 7","Mediterranean Maquis","Carmel","Yagur","Near",NA,NA,35.07579513,32.73906416,10/06/21,3329, 0.90868451,-11,0.999990206550703,0.00442569798805079,29.039517,"Yagur Near",680.679357,"Yagur Near 10/06/21",8,0,0,0,0,0,0,0,1,0,5,0,11,0
"2617","T4",2021,"Yagur Near 8","Mediterranean Maquis","Carmel","Yagur","Near",NA,NA,35.07639058,32.73876973,10/06/21,3329, 0.90868451,-11,0.999990206550703,0.00442569798805079,68.654817,"Yagur Near",633.068939,"Yagur Near 10/06/21",3,0,0,0,0,0,0,0,0,0,0,0,12,0
"2618","T4",2021,"Yagur Near 9","Mediterranean Maquis","Carmel","Yagur","Near",NA,NA,35.0770333,32.73828071,10/06/21,3329, 0.90868451,-11,0.999990206550703,0.00442569798805079,81.818315,"Yagur Near",553.848347,"Yagur Near 10/06/21",6,0,0,0,0,0,0,0,0,0,0,0,4,0
"2619","T4",2022,"Bislach Far 1","Negev Highlands",NA,"Bislach","Far",NA,NA,34.89347365,31.00343977,12/10/22,3818, 1.30171972,113,-0.097181905893209,0.995266636217131,2094.994486,"Bislach Far",6207.214232,"Bislach Far 12/10/22",5,0,0,0,0,0,0,0,0,10,0,0,0,4
"2620","T4",2022,"Bislach Far 2","Negev Highlands",NA,"Bislach","Far",NA,NA,34.8957428,31.00368634,12/10/22,3818, 1.30171972,113,-0.097181905893209,0.995266636217131,1985.417856,"Bislach Far",6270.477487,"Bislach Far 12/10/22",0,0,0,0,0,0,0,0,0,0,0,0,0,1
"2621","T4",2022,"Bislach Far 3","Negev Highlands",NA,"Bislach","Far",NA,NA,34.89675835,31.0038329,12/10/22,3818, 1.30171972,113,-0.097181905893209,0.995266636217131,1934.898414,"Bislach Far",6297.33302,"Bislach Far 12/10/22",0,0,0,0,0,0,0,1,0,0,0,0,0,0
"2622","T4",2022,"Bislach Far 5","Negev Highlands",NA,"Bislach","Far",NA,NA,34.89819065,31.00499562,12/10/22,3818, 1.30171972,113,-0.097181905893209,0.995266636217131,1957.404305,"Bislach Far",6243.474934,"Bislach Far 12/10/22",0,0,0,0,0,1,0,1,2,0,0,0,0,0
"2623","T4",2022,"Bislach Far 6","Negev Highlands",NA,"Bislach","Far",NA,NA,34.89879582,31.00522839,12/10/22,3818, 1.30171972,113,-0.097181905893209,0.995266636217131,1945.538472,"Bislach Far",6247.62973,"Bislach Far 12/10/22",0,0,0,0,0,0,0,0,2,2,0,0,0,0
"2624","T4",2022,"Bislach Far 7","Negev Highlands",NA,"Bislach","Far",NA,NA,34.89914551,31.00555513,12/10/22,3818, 1.30171972,113,-0.097181905893209,0.995266636217131,1953.113992,"Bislach Far",6231.528297,"Bislach Far 12/10/22",0,0,0,0,0,3,0,0,0,0,0,0,0,2
"2625","T4",2022,"Bislach Far 8","Negev Highlands",NA,"Bislach","Far",NA,NA,34.89943787,31.00624539,12/10/22,3818, 1.30171972,113,-0.097181905893209,0.995266636217131,1997.699894,"Bislach Far",6177.885138,"Bislach Far 12/10/22",0,0,0,0,0,0,0,0,1,0,0,0,0,1
"2626","T4",2022,"Bislach Near 1","Negev Highlands",NA,"Bislach","Near",NA,NA,34.87181749,31.02186089,12/10/22,3818, 1.30171972,113,-0.097181905893209,0.995266636217131,4916.924141,"Bislach Near",3686.940132,"Bislach Near 12/10/22",5,0,0,0,0,1,0,3,3,0,0,0,0,0
"2627","T4",2022,"Bislach Near 2","Negev Highlands",NA,"Bislach","Near",NA,NA,34.87250045,31.02123797,12/10/22,3818, 1.30171972,113,-0.097181905893209,0.995266636217131,4822.840001,"Bislach Near",3762.549085,"Bislach Near 12/10/22",0,0,0,0,0,3,0,3,0,1,0,0,0,1
"2628","T4",2022,"Bislach Near 3","Negev Highlands",NA,"Bislach","Near",NA,NA,34.87282835,31.02087566,12/10/22,3818, 1.30171972,113,-0.097181905893209,0.995266636217131,4771.960744,"Bislach Near",3806.081739,"Bislach Near 12/10/22",2,1,0,0,0,2,0,2,1,0,0,0,0,0
"2629","T4",2022,"Bislach Near 4","Negev Highlands",NA,"Bislach","Near",NA,NA,34.87414129,31.0203352,12/10/22,3818, 1.30171972,113,-0.097181905893209,0.995266636217131,4651.05045,"Bislach Near",3882.533393,"Bislach Near 12/10/22",0,0,0,0,0,2,0,3,0,0,0,0,0,1
"2630","T4",2022,"Bislach Near 5","Negev Highlands",NA,"Bislach","Near",NA,NA,34.87041235,31.02381523,12/10/22,3818, 1.30171972,113,-0.097181905893209,0.995266636217131,5171.259437,"Bislach Near",3459.047526,"Bislach Near 12/10/22",0,0,0,0,0,18,0,0,0,0,0,0,0,0
"2631","T4",2022,"Bislach Near 6","Negev Highlands",NA,"Bislach","Near",NA,NA,34.87135481,31.02254529,12/10/22,3818, 1.30171972,113,-0.097181905893209,0.995266636217131,5004.35759,"Bislach Near",3607.311342,"Bislach Near 12/10/22",2,0,0,0,0,0,0,1,1,0,0,0,0,0
"2632","T4",2022,"Bislach Near 7","Negev Highlands",NA,"Bislach","Near",NA,NA,34.87693481,31.01913618,12/10/22,3818, 1.30171972,113,-0.097181905893209,0.995266636217131,4392.757139,"Bislach Near",4061.462298,"Bislach Near 12/10/22",1,0,0,0,0,0,0,0,0,0,0,0,0,0
"2633","T4",2022,"Bislach Near 8","Negev Highlands",NA,"Bislach","Near",NA,NA,34.87623475,31.01966084,12/10/22,3818, 1.30171972,113,-0.097181905893209,0.995266636217131,4477.858242,"Bislach Near",3990.886487,"Bislach Near 12/10/22",0,0,0,0,0,3,0,9,0,0,0,0,0,0
"2634","T4",2022,"Bislach Near 9","Negev Highlands",NA,"Bislach","Near",NA,NA,34.87529095,31.01984531,12/10/22,3818, 1.30171972,113,-0.097181905893209,0.995266636217131,4544.489951,"Bislach Near",3954.058115,"Bislach Near 12/10/22",4,0,0,0,0,3,0,2,2,0,0,0,0,0
"2635","T4",2022,"Ezuz Far 1","Negev Highlands",NA,"Ezuz","Far",NA,NA,34.4661488,30.78166024,06/11/22,3843, 1.32181354,138,-0.228052259500861,0.973648893049518,1188.027368,"Ezuz Far",1242.067499,"Ezuz Far 06/11/22",0,0,0,0,0,7,0,0,0,7,0,0,0,0
"2636","T4",2022,"Ezuz Far 2","Negev Highlands",NA,"Ezuz","Far",NA,NA,34.4655681,30.78117056,06/11/22,3843, 1.32181354,138,-0.228052259500861,0.973648893049518,1262.162492,"Ezuz Far",1308.012421,"Ezuz Far 06/11/22",11,0,0,0,0,0,0,0,0,1,0,0,0,2
"2637","T4",2022,"Ezuz Far 3","Negev Highlands",NA,"Ezuz","Far",NA,NA,34.46797103,30.78166139,06/11/22,3843, 1.32181354,138,-0.228052259500861,0.973648893049518,1117.566231,"Ezuz Far",1071.693673,"Ezuz Far 06/11/22",7,0,0,0,0,1,0,2,0,1,0,0,0,5
"2638","T4",2022,"Ezuz Far 6","Negev Highlands",NA,"Ezuz","Far",NA,NA,34.46601368,30.78059245,06/11/22,3843, 1.32181354,138,-0.228052259500861,0.973648893049518,1299.598268,"Ezuz Far",1281.954375,"Ezuz Far 06/11/22",2,0,0,0,0,4,0,0,0,2,0,0,0,2
"2639","T4",2022,"Ezuz Far 7","Negev Highlands",NA,"Ezuz","Far",NA,NA,34.46652364,30.78285273,06/11/22,3843, 1.32181354,138,-0.228052259500861,0.973648893049518,1054.69789,"Ezuz Far",1182.160242,"Ezuz Far 06/11/22",0,0,0,0,2,0,0,0,0,1,0,0,0,0
"2640","T4",2022,"Ezuz Far 8","Negev Highlands",NA,"Ezuz","Far",NA,NA,34.4658323,30.78358521,06/11/22,3843, 1.32181354,138,-0.228052259500861,0.973648893049518,1020.930642,"Ezuz Far",1239.795788,"Ezuz Far 06/11/22",1,0,0,0,0,3,0,0,0,5,0,0,0,0
"2641","T4",2022,"Ezuz Far 9","Negev Highlands",NA,"Ezuz","Far",NA,NA,34.46553893,30.78271188,06/11/22,3843, 1.32181354,138,-0.228052259500861,0.973648893049518,1116.943324,"Ezuz Far",1277.70935,"Ezuz Far 06/11/22",2,0,0,0,0,0,0,0,0,0,0,0,0,0
"2642","T4",2022,"Ezuz Near 1","Negev Highlands",NA,"Ezuz","Near",NA,NA,34.46347062,30.79885779,06/11/22,3843, 1.32181354,138,-0.228052259500861,0.973648893049518,1049.259018,"Ezuz Near",848.559314,"Ezuz Near 06/11/22",4,0,0,0,2,5,0,0,0,0,0,0,0,0
"2643","T4",2022,"Ezuz Near 2","Negev Highlands",NA,"Ezuz","Near",NA,NA,34.46454082,30.79902655,06/11/22,3843, 1.32181354,138,-0.228052259500861,0.973648893049518,972.940038,"Ezuz Near",746.012943,"Ezuz Near 06/11/22",1,0,0,0,1,0,0,0,0,0,0,0,0,0
"2644","T4",2022,"Ezuz Near 3","Negev Highlands",NA,"Ezuz","Near",NA,NA,34.465665,30.79827834,06/11/22,3843, 1.32181354,138,-0.228052259500861,0.973648893049518,837.303423,"Ezuz Near",685.203676,"Ezuz Near 06/11/22",4,0,0,0,5,0,0,0,9,3,0,0,0,2
"2645","T4",2022,"Ezuz Near 4","Negev Highlands",NA,"Ezuz","Near",NA,NA,34.46587857,30.79732018,06/11/22,3843, 1.32181354,138,-0.228052259500861,0.973648893049518,764.709704,"Ezuz Near",729.01797,"Ezuz Near 06/11/22",26,0,0,0,1,6,0,0,3,3,0,0,0,2
"2646","T4",2022,"Ezuz Near 6","Negev Highlands",NA,"Ezuz","Near",NA,NA,34.46790766,30.79724473,06/11/22,3843, 1.32181354,138,-0.228052259500861,0.973648893049518,595.831611,"Ezuz Near",596.68856,"Ezuz Near 06/11/22",1,0,0,0,0,0,0,0,1,0,0,0,0,0
"2647","T4",2022,"Ezuz Near 8","Negev Highlands",NA,"Ezuz","Near",NA,NA,34.46810648,30.79630153,06/11/22,3843, 1.32181354,138,-0.228052259500861,0.973648893049518,523.415824,"Ezuz Near",667.504076,"Ezuz Near 06/11/22",9,0,0,0,1,6,0,0,3,7,0,0,0,3
"2648","T4",2022,"Ezuz Near 9","Negev Highlands",NA,"Ezuz","Near",NA,NA,34.46761966,30.79565411,06/11/22,3843, 1.32181354,138,-0.228052259500861,0.973648893049518,530.326888,"Ezuz Near",752.775625,"Ezuz Near 06/11/22",24,0,0,0,0,4,0,0,2,0,0,0,0,0
"2649","T4",2022,"Merhav Am Far 1","Negev Highlands",NA,"Merhav Am","Far",NA,NA,34.83864527,30.89573093,29/09/22,3805, 1.29127093,100,-0.506365641109759,0.862318872287684,1182.324604,"Merhav Am Far",727.853528,"Merhav Am Far 29/09/22",8,0,0,0,0,4,0,0,0,1,0,0,0,2
"2650","T4",2022,"Merhav Am Far 2","Negev Highlands",NA,"Merhav Am","Far",NA,NA,34.83824864,30.89650427,29/09/22,3805, 1.29127093,100,-0.506365641109759,0.862318872287684,1222.492874,"Merhav Am Far",634.894767,"Merhav Am Far 29/09/22",1,0,0,0,0,0,0,0,0,2,0,0,0,0
"2651","T4",2022,"Merhav Am Far 3","Negev Highlands",NA,"Merhav Am","Far",NA,NA,34.83740207,30.89717949,29/09/22,3805, 1.29127093,100,-0.506365641109759,0.862318872287684,1234.156585,"Merhav Am Far",543.487117,"Merhav Am Far 29/09/22",2,0,0,0,0,0,0,0,1,0,0,0,0,0
"2652","T4",2022,"Merhav Am Far 5","Negev Highlands",NA,"Merhav Am","Far",NA,NA,34.83597614,30.89715072,29/09/22,3805, 1.29127093,100,-0.506365641109759,0.862318872287684,1151.668489,"Merhav Am Far",539.669881,"Merhav Am Far 29/09/22",2,0,0,0,0,0,0,1,6,0,0,0,0,2
"2653","T4",2022,"Merhav Am Far 6","Negev Highlands",NA,"Merhav Am","Far",NA,NA,34.83487342,30.897689,29/09/22,3805, 1.29127093,100,-0.506365641109759,0.862318872287684,1141.146017,"Merhav Am Far",500.327229,"Merhav Am Far 29/09/22",16,0,0,0,0,0,0,0,3,0,0,0,0,0
"2654","T4",2022,"Merhav Am Far 7","Negev Highlands",NA,"Merhav Am","Far",NA,NA,34.83434636,30.89789212,29/09/22,3805, 1.29127093,100,-0.506365641109759,0.862318872287684,1135.065182,"Merhav Am Far",496.559111,"Merhav Am Far 29/09/22",16,0,0,0,0,0,0,3,1,0,0,0,0,1
"2655","T4",2022,"Merhav Am Far 8","Negev Highlands",NA,"Merhav Am","Far",NA,NA,34.83384211,30.8984068,29/09/22,3805, 1.29127093,100,-0.506365641109759,0.862318872287684,1163.671497,"Merhav Am Far",468.007674,"Merhav Am Far 29/09/22",14,0,0,0,0,0,0,1,1,0,0,0,0,0
"2656","T4",2022,"Merhav Am Far 9","Negev Highlands",NA,"Merhav Am","Far",NA,NA,34.83326644,30.89862113,29/09/22,3805, 1.29127093,100,-0.506365641109759,0.862318872287684,1161.512088,"Merhav Am Far",480.2727,"Merhav Am Far 29/09/22",3,0,0,0,0,0,0,2,12,0,0,0,0,4
"2657","T4",2022,"Merhav Am Near 1","Negev Highlands",NA,"Merhav Am","Near",NA,NA,34.8286527,30.88571638,29/09/22,3805, 1.29127093,100,-0.506365641109759,0.862318872287684,65.709481,"Merhav Am Near",837.962584,"Merhav Am Near 29/09/22",1,0,0,0,0,0,0,0,4,0,0,0,0,2
"2658","T4",2022,"Merhav Am Near 2","Negev Highlands",NA,"Merhav Am","Near",NA,NA,34.82940171,30.88452574,29/09/22,3805, 1.29127093,100,-0.506365641109759,0.862318872287684,189.15527,"Merhav Am Near",911.269752,"Merhav Am Near 29/09/22",0,0,0,0,0,0,0,0,0,0,0,0,0,2
"2659","T4",2022,"Merhav Am Near 4","Negev Highlands",NA,"Merhav Am","Near",NA,NA,34.83088497,30.88248538,29/09/22,3805, 1.29127093,100,-0.506365641109759,0.862318872287684,418.144377,"Merhav Am Near",988.944897,"Merhav Am Near 29/09/22",2,0,0,0,0,7,0,2,8,0,0,0,0,10
"2660","T4",2022,"Merhav Am Near 5","Negev Highlands",NA,"Merhav Am","Near",NA,NA,34.82924815,30.88287988,29/09/22,3805, 1.29127093,100,-0.506365641109759,0.862318872287684,372.147562,"Merhav Am Near",842.0062,"Merhav Am Near 29/09/22",1,0,0,0,0,1,0,0,0,0,0,0,0,0
"2661","T4",2022,"Merhav Am Near 6","Negev Highlands",NA,"Merhav Am","Near",NA,NA,34.82836939,30.88362512,29/09/22,3805, 1.29127093,100,-0.506365641109759,0.862318872287684,298.681177,"Merhav Am Near",783.069883,"Merhav Am Near 29/09/22",25,0,0,0,0,2,0,0,6,0,0,0,0,5
"2662","T4",2022,"Merhav Am Near 7","Negev Highlands",NA,"Merhav Am","Near",NA,NA,34.82766364,30.88428835,29/09/22,3805, 1.29127093,100,-0.506365641109759,0.862318872287684,224.921433,"Merhav Am Near",749.133453,"Merhav Am Near 29/09/22",41,0,0,0,0,1,0,1,2,0,0,0,0,2
"2663","T4",2022,"Merhav Am Near 8","Negev Highlands",NA,"Merhav Am","Near",NA,NA,34.82695218,30.88440748,29/09/22,3805, 1.29127093,100,-0.506365641109759,0.862318872287684,219.454423,"Merhav Am Near",695.11964,"Merhav Am Near 29/09/22",6,0,0,0,0,1,0,1,1,0,0,0,0,3
"2664","T4",2022,"Merhav Am Near 9","Negev Highlands",NA,"Merhav Am","Near",NA,NA,34.82692938,30.88526118,29/09/22,3805, 1.29127093,100,-0.506365641109759,0.862318872287684,131.548062,"Merhav Am Near",683.329003,"Merhav Am Near 29/09/22",59,0,0,0,0,1,0,0,6,0,0,0,0,4
"2665","T4",2022,"Sde Boker Far 1","Negev Highlands",NA,"Sde Boker","Far",NA,NA,34.77621216,30.8847706,18/09/22,3794, 1.28242965,89,0.860069405812453,0.510177044941669,1515.247078,"Sde Boker Far",988.012965,"Sde Boker Far 18/09/22",1,0,0,0,0,0,0,0,1,0,0,0,0,1
"2666","T4",2022,"Sde Boker Far 2","Negev Highlands",NA,"Sde Boker","Far",NA,NA,34.77848064,30.88509056,18/09/22,3794, 1.28242965,89,0.860069405812453,0.510177044941669,1389.10968,"Sde Boker Far",870.681079,"Sde Boker Far 18/09/22",0,0,0,0,0,1,0,0,0,0,0,0,0,0
"2667","T4",2022,"Sde Boker Far 3","Negev Highlands",NA,"Sde Boker","Far",NA,NA,34.77713216,30.88518033,18/09/22,3794, 1.28242965,89,0.860069405812453,0.510177044941669,1483.702176,"Sde Boker Far",958.945927,"Sde Boker Far 18/09/22",0,0,0,0,0,0,0,0,0,2,0,0,0,2
"2668","T4",2022,"Sde Boker Far 4","Negev Highlands",NA,"Sde Boker","Far",NA,NA,34.77412239,30.88459623,18/09/22,3794, 1.28242965,89,0.860069405812453,0.510177044941669,1647.200415,"Sde Boker Far",1131.259409,"Sde Boker Far 18/09/22",0,0,0,0,0,0,0,1,1,0,0,0,0,0
"2669","T4",2022,"Sde Boker Far 5","Negev Highlands",NA,"Sde Boker","Far",NA,NA,34.77437854,30.88639801,18/09/22,3794, 1.28242965,89,0.860069405812453,0.510177044941669,1766.608906,"Sde Boker Far",1239.265876,"Sde Boker Far 18/09/22",1,0,0,0,0,0,0,0,0,0,0,0,0,0
"2670","T4",2022,"Sde Boker Far 7","Negev Highlands",NA,"Sde Boker","Far",NA,NA,34.77628961,30.88738204,18/09/22,3794, 1.28242965,89,0.860069405812453,0.510177044941669,1718.342573,"Sde Boker Far",1199.384045,"Sde Boker Far 18/09/22",0,0,0,0,0,1,0,0,0,0,0,0,0,2
"2671","T4",2022,"Sde Boker Far 8","Negev Highlands",NA,"Sde Boker","Far",NA,NA,34.77659941,30.8862412,18/09/22,3794, 1.28242965,89,0.860069405812453,0.510177044941669,1604.093847,"Sde Boker Far",1081.525681,"Sde Boker Far 18/09/22",0,0,0,0,0,2,0,0,0,3,0,0,0,1
"2672","T4",2022,"Sde Boker Far 9","Negev Highlands",NA,"Sde Boker","Far",NA,NA,34.77859162,30.88611143,18/09/22,3794, 1.28242965,89,0.860069405812453,0.510177044941669,1470.140849,"Sde Boker Far",959.339826,"Sde Boker Far 18/09/22",1,0,0,0,0,0,0,0,1,0,0,0,0,1
"2673","T4",2022,"Sde Boker Near 1","Negev Highlands",NA,"Sde Boker","Near",NA,NA,34.79412697,30.87947585,18/09/22,3794, 1.28242965,89,0.860069405812453,0.510177044941669,283.203213,"Sde Boker Near",160.344959,"Sde Boker Near 18/09/22",13,0,0,0,0,0,0,0,16,0,0,0,0,0
"2674","T4",2022,"Sde Boker Near 2","Negev Highlands",NA,"Sde Boker","Near",NA,NA,34.79478914,30.87998373,18/09/22,3794, 1.28242965,89,0.860069405812453,0.510177044941669,324.398073,"Sde Boker Near",146.080873,"Sde Boker Near 18/09/22",5,0,0,0,0,3,0,0,2,0,0,0,0,1
"2675","T4",2022,"Sde Boker Near 3","Negev Highlands",NA,"Sde Boker","Near",NA,NA,34.7927966,30.87848944,18/09/22,3794, 1.28242965,89,0.860069405812453,0.510177044941669,181.990489,"Sde Boker Near",195.328524,"Sde Boker Near 18/09/22",4,0,0,0,0,0,0,1,2,0,0,0,0,2
"2676","T4",2022,"Sde Boker Near 4","Negev Highlands",NA,"Sde Boker","Near",NA,NA,34.7922454,30.8782014,18/09/22,3794, 1.28242965,89,0.860069405812453,0.510177044941669,153.662499,"Sde Boker Near",145.765795,"Sde Boker Near 18/09/22",3,0,0,0,0,0,0,0,0,0,0,0,0,5
"2677","T4",2022,"Sde Boker Near 5","Negev Highlands",NA,"Sde Boker","Near",NA,NA,34.79189873,30.87780746,18/09/22,3794, 1.28242965,89,0.860069405812453,0.510177044941669,115.580149,"Sde Boker Near",96.917879,"Sde Boker Near 18/09/22",6,0,1,0,0,0,0,0,2,0,0,0,0,8
"2678","T4",2022,"Sde Boker Near 6","Negev Highlands",NA,"Sde Boker","Near",NA,NA,34.79152255,30.87764919,18/09/22,3794, 1.28242965,89,0.860069405812453,0.510177044941669,103.848273,"Sde Boker Near",82.197776,"Sde Boker Near 18/09/22",3,0,0,0,0,0,0,0,2,0,0,0,0,4
"2679","T4",2022,"Sde Boker Near 7","Negev Highlands",NA,"Sde Boker","Near",NA,NA,34.79072224,30.87708548,18/09/22,3794, 1.28242965,89,0.860069405812453,0.510177044941669,54.029401,"Sde Boker Near",29.530075,"Sde Boker Near 18/09/22",2,0,0,0,0,0,0,0,2,0,0,0,0,7
"2680","T4",2022,"Sde Boker Near 8","Negev Highlands",NA,"Sde Boker","Near",NA,NA,34.79523808,30.88076928,18/09/22,3794, 1.28242965,89,0.860069405812453,0.510177044941669,397.441854,"Sde Boker Near",101.840039,"Sde Boker Near 18/09/22",5,0,0,0,0,0,0,0,1,0,0,0,0,0
"2681","T4",2022,"Sde Boker Near 9","Negev Highlands",NA,"Sde Boker","Near",NA,NA,34.79575709,30.87935039,18/09/22,3794, 1.28242965,89,0.860069405812453,0.510177044941669,233.582172,"Sde Boker Near",76.51698,"Sde Boker Near 18/09/22",2,0,0,0,0,0,0,0,10,0,0,0,0,0
"2682","T4",2022,"Yeruham Far 1","Negev Highlands",NA,"Yeruham","Far",NA,NA,34.89181001,30.97951433,31/10/22,3837, 1.31699103,132,0.0530835871460582,0.998590072439991,1053.810129,"Yeruham Far",4910.945304,"Yeruham Far 31/10/22",9,0,0,0,0,0,0,0,2,1,0,0,0,2
"2683","T4",2022,"Yeruham Far 2","Negev Highlands",NA,"Yeruham","Far",NA,NA,34.89245374,30.97923608,31/10/22,3837, 1.31699103,132,0.0530835871460582,0.998590072439991,994.160032,"Yeruham Far",4906.038761,"Yeruham Far 31/10/22",1,0,0,0,0,0,0,1,0,1,0,0,0,3
"2684","T4",2022,"Yeruham Far 3","Negev Highlands",NA,"Yeruham","Far",NA,NA,34.89272464,30.97992452,31/10/22,3837, 1.31699103,132,0.0530835871460582,0.998590072439991,965.57918,"Yeruham Far",4986.483284,"Yeruham Far 31/10/22",1,0,0,0,0,0,0,1,0,2,0,0,0,5
"2685","T4",2022,"Yeruham Far 4","Negev Highlands",NA,"Yeruham","Far",NA,NA,34.89314407,30.9791806,31/10/22,3837, 1.31699103,132,0.0530835871460582,0.998590072439991,928.910401,"Yeruham Far",4926.500001,"Yeruham Far 31/10/22",5,0,0,0,0,0,0,0,2,2,0,0,0,2
"2686","T4",2022,"Yeruham Far 5","Negev Highlands",NA,"Yeruham","Far",NA,NA,34.89357993,30.97871119,31/10/22,3837, 1.31699103,132,0.0530835871460582,0.998590072439991,893.583786,"Yeruham Far",4895.83879,"Yeruham Far 31/10/22",10,0,0,0,0,0,0,4,4,2,0,0,0,1
"2687","T4",2022,"Yeruham Far 6","Negev Highlands",NA,"Yeruham","Far",NA,NA,34.89460118,30.97838148,31/10/22,3837, 1.31699103,132,0.0530835871460582,0.998590072439991,804.041231,"Yeruham Far",4903.820298,"Yeruham Far 31/10/22",6,0,0,0,0,0,0,1,1,7,0,0,0,1
"2688","T4",2022,"Yeruham Far 7","Negev Highlands",NA,"Yeruham","Far",NA,NA,34.89516143,30.97788333,31/10/22,3837, 1.31699103,132,0.0530835871460582,0.998590072439991,766.006249,"Yeruham Far",4877.628829,"Yeruham Far 31/10/22",2,0,0,0,0,0,0,1,0,1,0,0,0,7
"2689","T4",2022,"Yeruham Far 8","Negev Highlands",NA,"Yeruham","Far",NA,NA,34.89517517,30.97721959,31/10/22,3837, 1.31699103,132,0.0530835871460582,0.998590072439991,789.358231,"Yeruham Far",4812.507537,"Yeruham Far 31/10/22",4,0,0,0,0,0,0,2,0,0,0,0,0,5
"2690","T4",2022,"Yeruham Far 9","Negev Highlands",NA,"Yeruham","Far",NA,NA,34.89589266,30.97673321,31/10/22,3837, 1.31699103,132,0.0530835871460582,0.998590072439991,749.938682,"Yeruham Far",4796.024184,"Yeruham Far 31/10/22",9,0,0,0,0,0,0,5,1,0,0,0,0,2
"2691","T4",2022,"Yeruham Near 1","Negev Highlands",NA,"Yeruham","Near",NA,NA,34.91467785,30.98480411,31/10/22,3837, 1.31699103,132,0.0530835871460582,0.998590072439991,0,"Yeruham Near",6530.792126,"Yeruham Near 31/10/22",27,0,0,0,0,0,0,0,6,0,0,0,0,3
"2692","T4",2022,"Yeruham Near 2","Negev Highlands",NA,"Yeruham","Near",NA,NA,34.90886383,30.98574373,31/10/22,3837, 1.31699103,132,0.0530835871460582,0.998590072439991,0,"Yeruham Near",6289.640182,"Yeruham Near 31/10/22",5,0,0,0,0,0,0,0,1,0,0,0,0,5
"2693","T4",2022,"Yeruham Near 3","Negev Highlands",NA,"Yeruham","Near",NA,NA,34.91512142,30.98444597,31/10/22,3837, 1.31699103,132,0.0530835871460582,0.998590072439991,11.835473,"Yeruham Near",6525.980714,"Yeruham Near 31/10/22",2,0,0,0,0,0,0,0,1,0,0,0,0,2
"2694","T4",2022,"Yeruham Near 4","Negev Highlands",NA,"Yeruham","Near",NA,NA,34.91403781,30.98500244,31/10/22,3837, 1.31699103,132,0.0530835871460582,0.998590072439991,0,"Yeruham Near",6510.576786,"Yeruham Near 31/10/22",0,0,0,0,0,0,0,0,1,0,0,0,0,0
"2695","T4",2022,"Yeruham Near 5","Negev Highlands",NA,"Yeruham","Near",NA,NA,34.91311412,30.98544739,31/10/22,3837, 1.31699103,132,0.0530835871460582,0.998590072439991,0,"Yeruham Near",6496.560802,"Yeruham Near 31/10/22",8,0,0,0,0,0,0,0,2,0,0,0,0,0
"2696","T4",2022,"Yeruham Near 6","Negev Highlands",NA,"Yeruham","Near",NA,NA,34.91194803,30.98592079,31/10/22,3837, 1.31699103,132,0.0530835871460582,0.998590072439991,0,"Yeruham Near",6473.195308,"Yeruham Near 31/10/22",39,0,0,0,0,0,0,4,2,0,0,0,0,2
"2697","T4",2022,"Yeruham Near 7","Negev Highlands",NA,"Yeruham","Near",NA,NA,34.91061799,30.98695783,31/10/22,3837, 1.31699103,132,0.0530835871460582,0.998590072439991,0,"Yeruham Near",6494.775033,"Yeruham Near 31/10/22",17,0,0,0,0,0,0,1,9,0,0,0,0,1
"2698","T4",2022,"Yeruham Near 8","Negev Highlands",NA,"Yeruham","Near",NA,NA,34.9101238,30.9862634,31/10/22,3837, 1.31699103,132,0.0530835871460582,0.998590072439991,0,"Yeruham Near",6404.519165,"Yeruham Near 31/10/22",18,0,0,0,0,0,0,2,5,0,0,0,0,3
"2699","T4",2022,"Yeruham Near 9","Negev Highlands",NA,"Yeruham","Near",NA,NA,34.90909148,30.986268,31/10/22,3837, 1.31699103,132,0.0530835871460582,0.998590072439991,0,"Yeruham Near",6350.048958,"Yeruham Near 31/10/22",5,0,0,0,0,0,0,0,0,0,0,0,0,0
"2700","T4",2021,"Aderet KKL Plantings 1","Planted Conifer Forests","Judea","Aderet","Far",NA,NA,34.98245526,31.67883644,16/10/21,3457, 1.01156490,117,-0.689697940935389,-0.724097196700474,614.095456,"Aderet Far",133.081252,"Aderet Far 16/10/21",2,0,0,0,0,0,2,1,1,0,2,0,0,0
"2701","T4",2021,"Aderet KKL Plantings 2","Planted Conifer Forests","Judea","Aderet","Far",NA,NA,34.98330317,31.67837194,16/10/21,3457, 1.01156490,117,-0.689697940935389,-0.724097196700474,664.593869,"Aderet Far",149.081557,"Aderet Far 16/10/21",10,0,0,0,0,0,16,2,3,0,2,0,2,2
"2702","T4",2021,"Aderet KKL Plantings 3","Planted Conifer Forests","Judea","Aderet","Far",NA,NA,34.98226382,31.67832543,16/10/21,3457, 1.01156490,117,-0.689697940935389,-0.724097196700474,669.618582,"Aderet Far",192.564526,"Aderet Far 16/10/21",0,0,0,0,0,0,0,0,0,0,0,0,0,1
"2703","T4",2021,"Aderet KKL Plantings 4","Planted Conifer Forests","Judea","Aderet","Far",NA,NA,34.982928,31.67788517,16/10/21,3457, 1.01156490,117,-0.689697940935389,-0.724097196700474,719.466132,"Aderet Far",212.569626,"Aderet Far 16/10/21",8,0,0,0,0,0,0,0,3,0,0,0,0,2
"2704","T4",2021,"Aderet KKL Plantings 5","Planted Conifer Forests","Judea","Aderet","Far",NA,NA,34.98323511,31.67766547,16/10/21,3457, 1.01156490,117,-0.689697940935389,-0.724097196700474,743.069478,"Aderet Far",225.833231,"Aderet Far 16/10/21",3,0,0,0,0,0,0,1,1,0,0,0,0,2
"2705","T4",2021,"Aderet KKL Plantings 6","Planted Conifer Forests","Judea","Aderet","Far",NA,NA,34.9837558,31.67763123,16/10/21,3457, 1.01156490,117,-0.689697940935389,-0.724097196700474,745.593825,"Aderet Far",219.708888,"Aderet Far 16/10/21",0,0,0,0,0,0,0,0,0,0,0,0,0,1
"2706","T4",2021,"Aderet KKL Plantings 7","Planted Conifer Forests","Judea","Aderet","Far",NA,NA,34.98450346,31.67725945,16/10/21,3457, 1.01156490,117,-0.689697940935389,-0.724097196700474,785.034951,"Aderet Far",248.818729,"Aderet Far 16/10/21",6,0,0,0,0,0,2,1,1,0,0,0,0,7
"2707","T4",2021,"Aderet KKL Plantings 8","Planted Conifer Forests","Judea","Aderet","Far",NA,NA,34.98478342,31.67675642,16/10/21,3457, 1.01156490,117,-0.689697940935389,-0.724097196700474,840.884799,"Aderet Far",288.18205,"Aderet Far 16/10/21",1,0,0,0,0,0,0,0,0,0,0,0,0,0
"2708","T4",2021,"Aderet KKL Plantings 9","Planted Conifer Forests","Judea","Aderet","Far",NA,NA,34.98570979,31.67638778,16/10/21,3457, 1.01156490,117,-0.689697940935389,-0.724097196700474,887.675599,"Aderet Far",281.468159,"Aderet Far 16/10/21",7,0,0,0,0,0,3,0,4,0,0,0,0,2
"2709","T4",2021,"Amatzia KKL Plantings 1","Planted Conifer Forests","Judea","Amatzia","Far",NA,NA,34.89330534,31.50949437,04/12/21,3506, 1.05094879,166,0.483291563728257,-0.875459459043705,2984.854211,"Amatzia Far",261.5344,"Amatzia Far 04/12/21",20,0,0,0,0,0,1,0,0,0,0,0,0,3
"2710","T4",2021,"Amatzia KKL Plantings 2","Planted Conifer Forests","Judea","Amatzia","Far",NA,NA,34.89362922,31.50959042,04/12/21,3506, 1.05094879,166,0.483291563728257,-0.875459459043705,2956.986967,"Amatzia Far",232.28449,"Amatzia Far 04/12/21",28,0,0,0,0,0,6,0,0,0,0,0,0,3
"2711","T4",2021,"Amatzia KKL Plantings 3","Planted Conifer Forests","Judea","Amatzia","Far",NA,NA,34.8946213,31.509625,04/12/21,3506, 1.05094879,166,0.483291563728257,-0.875459459043705,2894.803126,"Amatzia Far",160.114291,"Amatzia Far 04/12/21",7,0,0,0,0,0,0,1,1,0,0,0,0,7
"2712","T4",2021,"Amatzia KKL Plantings 4","Planted Conifer Forests","Judea","Amatzia","Far",NA,NA,34.89505649,31.50999631,04/12/21,3506, 1.05094879,166,0.483291563728257,-0.875459459043705,2836.889675,"Amatzia Far",101.83153,"Amatzia Far 04/12/21",6,0,0,0,0,0,1,0,4,0,0,0,0,1
"2713","T4",2021,"Amatzia KKL Plantings 5","Planted Conifer Forests","Judea","Amatzia","Far",NA,NA,34.89418644,31.51147351,04/12/21,3506, 1.05094879,166,0.483291563728257,-0.875459459043705,2763.917394,"Amatzia Far",79.817038,"Amatzia Far 04/12/21",2,0,0,0,0,0,1,0,0,0,0,0,0,0
"2714","T4",2021,"Amatzia KKL Plantings 6","Planted Conifer Forests","Judea","Amatzia","Far",NA,NA,34.8948181,31.51087297,04/12/21,3506, 1.05094879,166,0.483291563728257,-0.875459459043705,2775.426812,"Amatzia Far",51.767623,"Amatzia Far 04/12/21",0,0,0,0,0,0,2,1,0,0,0,0,0,1
"2715","T4",2021,"Amatzia KKL Plantings 7","Planted Conifer Forests","Judea","Amatzia","Far",NA,NA,34.89297844,31.51200488,04/12/21,3506, 1.05094879,166,0.483291563728257,-0.875459459043705,2798.662148,"Amatzia Far",204.006902,"Amatzia Far 04/12/21",1,0,0,0,0,0,6,0,0,0,0,0,0,0
"2716","T4",2021,"Amatzia KKL Plantings 8","Planted Conifer Forests","Judea","Amatzia","Far",NA,NA,34.89331037,31.51150381,04/12/21,3506, 1.05094879,166,0.483291563728257,-0.875459459043705,2817.306766,"Amatzia Far",163.088072,"Amatzia Far 04/12/21",0,0,0,0,0,0,3,0,4,0,0,0,0,2
"2717","T4",2021,"Amatzia KKL Plantings 9","Planted Conifer Forests","Judea","Amatzia","Far",NA,NA,34.89373919,31.5114698,04/12/21,3506, 1.05094879,166,0.483291563728257,-0.875459459043705,2792.566594,"Amatzia Far",122.210073,"Amatzia Far 04/12/21",0,0,0,0,0,0,0,0,0,0,0,0,0,1
"2718","T4",2021,"Bat Shlomo KKL Plantings 1","Planted Conifer Forests","Carmel","Bat Shlomo","Far",NA,NA,35.00747021,32.58951648,21/08/21,3401, 0.96655473,61,-0.966117770008393,-0.258101635938267,658.414196,"Bat Shlomo Far",164.319374,"Bat Shlomo Far 21/08/21",0,0,0,0,0,0,0,0,0,0,0,0,3,0
"2719","T4",2021,"Bat Shlomo KKL Plantings 2","Planted Conifer Forests","Carmel","Bat Shlomo","Far",NA,NA,35.00694316,32.58963004,21/08/21,3401, 0.96655473,61,-0.966117770008393,-0.258101635938267,630.081895,"Bat Shlomo Far",146.773363,"Bat Shlomo Far 21/08/21",0,0,0,0,0,0,0,0,0,0,0,0,1,0
"2720","T4",2021,"Bat Shlomo KKL Plantings 3","Planted Conifer Forests","Carmel","Bat Shlomo","Far",NA,NA,35.00776123,32.58936987,21/08/21,3401, 0.96655473,61,-0.966117770008393,-0.258101635938267,683.764412,"Bat Shlomo Far",188.136429,"Bat Shlomo Far 21/08/21",1,0,0,0,0,0,0,0,0,0,0,0,11,6
"2721","T4",2021,"Bat Shlomo KKL Plantings 4","Planted Conifer Forests","Carmel","Bat Shlomo","Far",NA,NA,35.00737801,32.589008,21/08/21,3401, 0.96655473,61,-0.966117770008393,-0.258101635938267,708.386632,"Bat Shlomo Far",217.892158,"Bat Shlomo Far 21/08/21",1,0,0,0,0,0,0,0,2,0,5,0,4,6
"2722","T4",2021,"Bat Shlomo KKL Plantings 5","Planted Conifer Forests","Carmel","Bat Shlomo","Far",NA,NA,35.00785176,32.58902749,21/08/21,3401, 0.96655473,61,-0.966117770008393,-0.258101635938267,722.078539,"Bat Shlomo Far",226.760405,"Bat Shlomo Far 21/08/21",0,0,0,0,0,0,0,0,0,0,0,0,0,3
"2723","T4",2021,"Bat Shlomo KKL Plantings 6","Planted Conifer Forests","Carmel","Bat Shlomo","Far",NA,NA,35.00958882,32.58932552,21/08/21,3401, 0.96655473,61,-0.966117770008393,-0.258101635938267,771.112745,"Bat Shlomo Far",294.709769,"Bat Shlomo Far 21/08/21",0,0,0,0,0,0,0,0,0,0,0,0,0,4
"2724","T4",2021,"Bat Shlomo KKL Plantings 8","Planted Conifer Forests","Carmel","Bat Shlomo","Far",NA,NA,35.01032241,32.588595,21/08/21,3401, 0.96655473,61,-0.966117770008393,-0.258101635938267,876.974231,"Bat Shlomo Far",399.759048,"Bat Shlomo Far 21/08/21",0,0,0,0,0,0,0,0,2,0,0,0,0,1
"2725","T4",2021,"Eitanim KKL Plantings 1","Planted Conifer Forests","Judea","Eitanim","Far",NA,NA,35.10715216,31.77871855,08/10/21,3449, 1.00513487,109,0.816742606636317,-0.577002178942952,729.498879,"Eitanim Far",393.917636,"Eitanim Far 08/10/21",1,0,0,0,0,0,0,0,0,0,0,0,1,0
"2726","T4",2021,"Eitanim KKL Plantings 2","Planted Conifer Forests","Judea","Eitanim","Far",NA,NA,35.10683466,31.77891664,08/10/21,3449, 1.00513487,109,0.816742606636317,-0.577002178942952,693.564824,"Eitanim Far",372.170744,"Eitanim Far 08/10/21",1,0,0,0,0,0,0,0,0,0,0,0,0,2
"2727","T4",2021,"Eitanim KKL Plantings 3","Planted Conifer Forests","Judea","Eitanim","Far",NA,NA,35.10652084,31.77893773,08/10/21,3449, 1.00513487,109,0.816742606636317,-0.577002178942952,673.687978,"Eitanim Far",360.029703,"Eitanim Far 08/10/21",0,0,0,0,0,0,0,0,3,0,0,0,0,1
"2728","T4",2021,"Eitanim KKL Plantings 4","Planted Conifer Forests","Judea","Eitanim","Far",NA,NA,35.10621775,31.77860768,08/10/21,3449, 1.00513487,109,0.816742606636317,-0.577002178942952,686.985862,"Eitanim Far",383.620789,"Eitanim Far 08/10/21",0,0,0,0,0,0,2,0,5,0,1,0,0,1
"2729","T4",2021,"Eitanim KKL Plantings 5","Planted Conifer Forests","Judea","Eitanim","Far",NA,NA,35.10611817,31.77827678,08/10/21,3449, 1.00513487,109,0.816742606636317,-0.577002178942952,712.131265,"Eitanim Far",411.432862,"Eitanim Far 08/10/21",3,0,0,0,0,0,1,0,5,0,0,0,0,1
"2730","T4",2021,"Eitanim KKL Plantings 6","Planted Conifer Forests","Judea","Eitanim","Far",NA,NA,35.10580234,31.77807784,08/10/21,3449, 1.00513487,109,0.816742606636317,-0.577002178942952,707.663836,"Eitanim Far",419.241644,"Eitanim Far 08/10/21",0,0,0,0,0,0,1,0,0,0,0,0,0,0
"2731","T4",2021,"Eitanim KKL Plantings 7","Planted Conifer Forests","Judea","Eitanim","Far",NA,NA,35.10508385,31.77792849,08/10/21,3449, 1.00513487,109,0.816742606636317,-0.577002178942952,640.05384,"Eitanim Far",410.537617,"Eitanim Far 08/10/21",0,0,0,0,0,0,0,0,1,0,0,0,1,2
"2732","T4",2021,"Eitanim KKL Plantings 8","Planted Conifer Forests","Judea","Eitanim","Far",NA,NA,35.10480054,31.7779225,08/10/21,3449, 1.00513487,109,0.816742606636317,-0.577002178942952,613.268005,"Eitanim Far",404.387357,"Eitanim Far 08/10/21",0,0,0,0,0,0,1,0,3,0,0,0,0,1
"2733","T4",2021,"Elyakim KKL Plantings 1","Planted Conifer Forests","Carmel","Elyakim","Far",NA,NA,35.05884994,32.67046388,04/09/21,3415, 0.97780727,75,-0.38778163540943,0.921751269724749,1138.157909,"Elyakim Far",708.258064,"Elyakim Far 04/09/21",0,0,0,0,0,0,0,0,0,0,0,0,0,2
"2734","T4",2021,"Elyakim KKL Plantings 3","Planted Conifer Forests","Carmel","Elyakim","Far",NA,NA,35.0595396,32.67026999,04/09/21,3415, 0.97780727,75,-0.38778163540943,0.921751269724749,1132.870581,"Elyakim Far",723.341631,"Elyakim Far 04/09/21",0,0,0,0,0,0,0,0,3,0,0,0,2,1
"2735","T4",2021,"Elyakim KKL Plantings 4","Planted Conifer Forests","Carmel","Elyakim","Far",NA,NA,35.05987287,32.6703191,04/09/21,3415, 0.97780727,75,-0.38778163540943,0.921751269724749,1116.858343,"Elyakim Far",716.967494,"Elyakim Far 04/09/21",0,0,0,0,0,0,0,0,0,0,0,0,0,1
"2736","T4",2021,"Elyakim KKL Plantings 5","Planted Conifer Forests","Carmel","Elyakim","Far",NA,NA,35.06014511,32.67032361,04/09/21,3415, 0.97780727,75,-0.38778163540943,0.921751269724749,1108.027015,"Elyakim Far",716.6485,"Elyakim Far 04/09/21",0,0,0,0,0,0,0,0,0,0,0,0,2,2
"2737","T4",2021,"Elyakim KKL Plantings 7","Planted Conifer Forests","Carmel","Elyakim","Far",NA,NA,35.06051425,32.67001711,04/09/21,3415, 0.97780727,75,-0.38778163540943,0.921751269724749,1130.125313,"Elyakim Far",711.222143,"Elyakim Far 04/09/21",0,0,0,0,0,0,0,0,1,0,0,0,3,0
"2738","T4",2021,"Elyakim KKL Plantings 8","Planted Conifer Forests","Carmel","Elyakim","Far",NA,NA,35.06086797,32.67013169,04/09/21,3415, 0.97780727,75,-0.38778163540943,0.921751269724749,1108.989175,"Elyakim Far",707.29784,"Elyakim Far 04/09/21",0,0,0,0,0,0,0,0,0,0,1,0,2,0
"2739","T4",2021,"Elyakim KKL Plantings 9","Planted Conifer Forests","Carmel","Elyakim","Far",NA,NA,35.06081834,32.66977608,04/09/21,3415, 0.97780727,75,-0.38778163540943,0.921751269724749,1148.319204,"Elyakim Far",690.150724,"Elyakim Far 04/09/21",0,0,0,0,0,0,0,0,0,0,0,0,4,0
"2740","T4",2021,"Eshtaol KKL Plantings 1","Planted Conifer Forests","Judea","Eshtaol","Far",NA,NA,35.02056275,31.78914436,22/10/21,3463, 1.01638741,123,-0.459903490689591,-0.887968906691855,799.369783,"Eshtaol Far",655.515948,"Eshtaol Far 22/10/21",0,0,0,0,0,0,6,0,0,0,0,0,0,0
"2741","T4",2021,"Eshtaol KKL Plantings 2","Planted Conifer Forests","Judea","Eshtaol","Far",NA,NA,35.02029754,31.78950343,22/10/21,3463, 1.01638741,123,-0.459903490689591,-0.887968906691855,806.949265,"Eshtaol Far",622.08491,"Eshtaol Far 22/10/21",0,0,0,0,0,0,1,0,0,0,0,0,0,0
"2742","T4",2021,"Eshtaol KKL Plantings 3","Planted Conifer Forests","Judea","Eshtaol","Far",NA,NA,35.02045814,31.79023783,22/10/21,3463, 1.01638741,123,-0.459903490689591,-0.887968906691855,875.124862,"Eshtaol Far",625.057858,"Eshtaol Far 22/10/21",0,0,0,0,0,0,7,0,0,0,0,0,0,0
"2743","T4",2021,"Eshtaol KKL Plantings 4","Planted Conifer Forests","Judea","Eshtaol","Far",NA,NA,35.02113104,31.78856527,22/10/21,3463, 1.01638741,123,-0.459903490689591,-0.887968906691855,803.923403,"Eshtaol Far",712.436904,"Eshtaol Far 22/10/21",0,0,0,0,0,0,0,0,3,0,0,0,0,0
"2744","T4",2021,"Eshtaol KKL Plantings 5","Planted Conifer Forests","Judea","Eshtaol","Far",NA,NA,35.02115451,31.78780493,22/10/21,3463, 1.01638741,123,-0.459903490689591,-0.887968906691855,762.122745,"Eshtaol Far",711.734215,"Eshtaol Far 22/10/21",0,0,0,0,0,0,5,0,14,0,0,0,0,0
"2745","T4",2021,"Eshtaol KKL Plantings 6","Planted Conifer Forests","Judea","Eshtaol","Far",NA,NA,35.02108343,31.78726203,22/10/21,3463, 1.01638741,123,-0.459903490689591,-0.887968906691855,728.439605,"Eshtaol Far",700.748064,"Eshtaol Far 22/10/21",0,0,0,0,0,0,5,0,0,0,0,0,0,0
"2746","T4",2021,"Eshtaol KKL Plantings 7","Planted Conifer Forests","Judea","Eshtaol","Far",NA,NA,35.02167385,31.78643556,22/10/21,3463, 1.01638741,123,-0.459903490689591,-0.887968906691855,736.355004,"Eshtaol Far",750.878318,"Eshtaol Far 22/10/21",0,0,0,0,0,0,6,0,0,0,0,0,6,0
"2747","T4",2021,"Eshtaol KKL Plantings 8","Planted Conifer Forests","Judea","Eshtaol","Far",NA,NA,35.02250802,31.78624946,22/10/21,3463, 1.01638741,123,-0.459903490689591,-0.887968906691855,799.31112,"Eshtaol Far",829.796021,"Eshtaol Far 22/10/21",4,0,0,0,0,0,1,0,4,0,0,0,0,1
"2748","T4",2021,"Eshtaol KKL Plantings 9","Planted Conifer Forests","Judea","Eshtaol","Far",NA,NA,35.022274,31.78678667,22/10/21,3463, 1.01638741,123,-0.459903490689591,-0.887968906691855,804.69421,"Eshtaol Far",809.254697,"Eshtaol Far 22/10/21",0,0,0,0,0,0,1,0,0,0,0,0,0,0
"2749","T4",2021,"Givat Yeshayahu KKL Plantings 3","Planted Conifer Forests","Judea","Givat Yeshayahu","Far",NA,NA,34.9225726,31.66904597,16/10/21,3457, 1.01156490,117,-0.689697940935389,-0.724097196700474,1163.895602,"Givat Yeshayahu Far",441.955845,"Givat Yeshayahu Far 16/10/21",1,0,0,0,0,0,0,0,2,0,0,0,0,4
"2750","T4",2021,"Givat Yeshayahu KKL Plantings 4","Planted Conifer Forests","Judea","Givat Yeshayahu","Far",NA,NA,34.92195971,31.66916981,16/10/21,3457, 1.01156490,117,-0.689697940935389,-0.724097196700474,1202.035421,"Givat Yeshayahu Far",501.669999,"Givat Yeshayahu Far 16/10/21",0,0,0,0,0,0,0,0,1,0,0,0,0,0
"2751","T4",2021,"Givat Yeshayahu KKL Plantings 6","Planted Conifer Forests","Judea","Givat Yeshayahu","Far",NA,NA,34.92088012,31.66869413,16/10/21,3457, 1.01156490,117,-0.689697940935389,-0.724097196700474,1315.536588,"Givat Yeshayahu Far",595.409737,"Givat Yeshayahu Far 16/10/21",0,0,0,0,0,0,0,0,0,0,0,0,0,3
"2752","T4",2021,"Givat Yeshayahu KKL Plantings 8","Planted Conifer Forests","Judea","Givat Yeshayahu","Far",NA,NA,34.92028903,31.66768055,16/10/21,3457, 1.01156490,117,-0.689697940935389,-0.724097196700474,1427.960145,"Givat Yeshayahu Far",635.518575,"Givat Yeshayahu Far 16/10/21",2,0,0,0,0,0,0,0,1,0,0,0,0,1
"2753","T4",2021,"Givat Yeshayahu KKL Plantings 9","Planted Conifer Forests","Judea","Givat Yeshayahu","Far",NA,NA,34.9202887,31.66818306,16/10/21,3457, 1.01156490,117,-0.689697940935389,-0.724097196700474,1394.437231,"Givat Yeshayahu Far",646.340746,"Givat Yeshayahu Far 16/10/21",0,0,0,0,0,0,0,0,4,0,0,0,0,1
"2754","T4",2021,"Kabri KKL Plantings 1","Planted Conifer Forests","Galilee","Kabri","Far",NA,NA,35.1672997,33.02084694,15/10/21,3456, 1.01076114,116,0.236661393364286,-0.971592190628802,1087.686973,"Kabri Far",109.087082,"Kabri Far 15/10/21",0,0,0,0,0,0,0,0,0,0,0,0,5,0
"2755","T4",2021,"Kabri KKL Plantings 2","Planted Conifer Forests","Galilee","Kabri","Far",NA,NA,35.16675889,33.02104091,15/10/21,3456, 1.01076114,116,0.236661393364286,-0.971592190628802,1111.787851,"Kabri Far",116.801585,"Kabri Far 15/10/21",1,0,0,0,0,0,0,0,0,0,0,0,9,1
"2756","T4",2021,"Kabri KKL Plantings 3","Planted Conifer Forests","Galilee","Kabri","Far",NA,NA,35.16648766,33.0208669,15/10/21,3456, 1.01076114,116,0.236661393364286,-0.971592190628802,1088.550013,"Kabri Far",97.289622,"Kabri Far 15/10/21",1,0,0,0,0,0,0,0,13,0,2,0,2,3
"2757","T4",2021,"Kabri KKL Plantings 4","Planted Conifer Forests","Galilee","Kabri","Far",NA,NA,35.16581241,33.02040418,15/10/21,3456, 1.01076114,116,0.236661393364286,-0.971592190628802,1033.239137,"Kabri Far",48.68481,"Kabri Far 15/10/21",1,0,0,0,0,0,0,0,3,0,0,0,9,1
"2758","T4",2021,"Kabri KKL Plantings 5","Planted Conifer Forests","Galilee","Kabri","Far",NA,NA,35.16524613,33.02044663,15/10/21,3456, 1.01076114,116,0.236661393364286,-0.971592190628802,980.298974,"Kabri Far",61.877323,"Kabri Far 15/10/21",6,0,0,23,0,0,0,0,2,0,0,0,3,0
"2759","T4",2021,"Kabri KKL Plantings 6","Planted Conifer Forests","Galilee","Kabri","Far",NA,NA,35.16483877,33.02020936,15/10/21,3456, 1.01076114,116,0.236661393364286,-0.971592190628802,947.885844,"Kabri Far",50.778984,"Kabri Far 15/10/21",0,0,0,6,0,0,0,0,0,0,0,0,5,1
"2760","T4",2021,"Kabri KKL Plantings 7","Planted Conifer Forests","Galilee","Kabri","Far",NA,NA,35.16435061,33.02016354,15/10/21,3456, 1.01076114,116,0.236661393364286,-0.971592190628802,904.408394,"Kabri Far",63.476216,"Kabri Far 15/10/21",4,0,0,0,0,0,0,0,7,0,0,0,7,4
"2761","T4",2021,"Kabri KKL Plantings 8","Planted Conifer Forests","Galilee","Kabri","Far",NA,NA,35.16419839,33.02070245,15/10/21,3456, 1.01076114,116,0.236661393364286,-0.971592190628802,879.055944,"Kabri Far",124.095385,"Kabri Far 15/10/21",1,0,0,0,0,0,0,0,0,0,0,0,0,0
"2762","T4",2021,"Kabri KKL Plantings 9","Planted Conifer Forests","Galilee","Kabri","Far",NA,NA,35.16462285,33.02038197,15/10/21,3456, 1.01076114,116,0.236661393364286,-0.971592190628802,924.322339,"Kabri Far",76.189784,"Kabri Far 15/10/21",5,0,0,3,0,0,0,0,1,0,0,0,1,0
"2763","T4",2021,"Kerem Maharal KKL Plantings 1","Planted Conifer Forests","Carmel","Kerem Maharal","Far",NA,NA,34.98188797,32.65979629,04/09/21,3415, 0.97780727,75,-0.38778163540943,0.921751269724749,1193.165597,"Kerem Maharal Far",789.529265,"Kerem Maharal Far 04/09/21",0,0,0,0,0,0,0,0,0,0,0,0,1,0
"2764","T4",2021,"Kerem Maharal KKL Plantings 2","Planted Conifer Forests","Carmel","Kerem Maharal","Far",NA,NA,34.98206131,32.65945898,04/09/21,3415, 0.97780727,75,-0.38778163540943,0.921751269724749,1155.037022,"Kerem Maharal Far",771.656592,"Kerem Maharal Far 04/09/21",0,0,0,0,0,0,0,0,0,0,0,0,1,0
"2765","T4",2021,"Kerem Maharal KKL Plantings 5","Planted Conifer Forests","Carmel","Kerem Maharal","Far",NA,NA,34.98045802,32.658838,04/09/21,3415, 0.97780727,75,-0.38778163540943,0.921751269724749,1169.452921,"Kerem Maharal Far",923.382471,"Kerem Maharal Far 04/09/21",0,0,0,0,0,0,0,0,1,0,0,0,1,0
"2766","T4",2021,"Kerem Maharal KKL Plantings 6","Planted Conifer Forests","Carmel","Kerem Maharal","Far",NA,NA,34.98015292,32.65822237,04/09/21,3415, 0.97780727,75,-0.38778163540943,0.921751269724749,1129.038713,"Kerem Maharal Far",958.171433,"Kerem Maharal Far 04/09/21",0,0,0,0,0,0,0,1,1,0,0,0,3,0
"2767","T4",2021,"Kerem Maharal KKL Plantings 7","Planted Conifer Forests","Carmel","Kerem Maharal","Far",NA,NA,34.97967415,32.65774363,04/09/21,3415, 0.97780727,75,-0.38778163540943,0.921751269724749,1114.210837,"Kerem Maharal Far",1010.538643,"Kerem Maharal Far 04/09/21",0,0,0,0,0,0,0,0,0,0,0,0,4,0
"2768","T4",2021,"Kerem Maharal KKL Plantings 9","Planted Conifer Forests","Carmel","Kerem Maharal","Far",NA,NA,34.97954506,32.65691008,04/09/21,3415, 0.97780727,75,-0.38778163540943,0.921751269724749,1052.41521,"Kerem Maharal Far",1042.207933,"Kerem Maharal Far 04/09/21",1,0,0,0,0,0,0,1,3,0,1,0,2,1
"2769","T4",2021,"Manara KKL Plantings 1","Planted Conifer Forests","Galilee","Manara","Far",NA,NA,35.55078283,33.1716601,03/10/21,3444, 1.00111611,104,-0.321622403162531,-0.946868010751213,2423.804575,"Manara Far",352.178057,"Manara Far 03/10/21",2,0,0,0,0,0,0,0,0,0,0,0,2,0
"2770","T4",2021,"Manara KKL Plantings 2","Planted Conifer Forests","Galilee","Manara","Far",NA,NA,35.55089381,33.17193849,03/10/21,3444, 1.00111611,104,-0.321622403162531,-0.946868010751213,2396.393877,"Manara Far",369.793514,"Manara Far 03/10/21",3,0,0,0,0,0,0,0,3,0,0,0,0,3
"2771","T4",2021,"Manara KKL Plantings 4","Planted Conifer Forests","Galilee","Manara","Far",NA,NA,35.550804,33.172832,03/10/21,3444, 1.00111611,104,-0.321622403162531,-0.946868010751213,2298.335874,"Manara Far",401.705572,"Manara Far 03/10/21",0,0,0,0,0,0,0,0,1,0,2,0,0,4
"2772","T4",2021,"Manara KKL Plantings 5","Planted Conifer Forests","Galilee","Manara","Far",NA,NA,35.55070605,33.17314466,03/10/21,3444, 1.00111611,104,-0.321622403162531,-0.946868010751213,2262.509856,"Manara Far",412.851254,"Manara Far 03/10/21",0,0,0,0,0,0,0,0,3,0,0,0,0,0
"2773","T4",2021,"Manara KKL Plantings 6","Planted Conifer Forests","Galilee","Manara","Far",NA,NA,35.55043984,33.17349377,03/10/21,3444, 1.00111611,104,-0.321622403162531,-0.946868010751213,2218.785847,"Manara Far",417.444182,"Manara Far 03/10/21",1,0,0,0,0,0,0,0,1,0,0,0,0,2
"2774","T4",2021,"Manara KKL Plantings 7","Planted Conifer Forests","Galilee","Manara","Far",NA,NA,35.5503976,33.17411396,03/10/21,3444, 1.00111611,104,-0.321622403162531,-0.946868010751213,2151.222533,"Manara Far",463.279888,"Manara Far 03/10/21",0,0,0,0,0,0,0,0,3,0,0,0,0,0
"2775","T4",2021,"Meron KKL Plantings 1","Planted Conifer Forests","Galilee","Meron","Far",NA,NA,35.46185553,32.98913515,31/10/21,3472, 1.02362119,132,0.0530835871460582,0.998590072439991,1185.080342,"Meron Far",184.906549,"Meron Far 31/10/21",2,0,0,0,0,0,4,0,0,0,0,0,30,1
"2776","T4",2021,"Meron KKL Plantings 2","Planted Conifer Forests","Galilee","Meron","Far",NA,NA,35.46147835,32.98874088,31/10/21,3472, 1.02362119,132,0.0530835871460582,0.998590072439991,1186.702946,"Meron Far",239.069007,"Meron Far 31/10/21",3,0,0,0,0,0,6,0,0,0,0,0,20,0
"2777","T4",2021,"Meron KKL Plantings 3","Planted Conifer Forests","Galilee","Meron","Far",NA,NA,35.46207245,32.98831961,31/10/21,3472, 1.02362119,132,0.0530835871460582,0.998590072439991,1259.269374,"Meron Far",220.941959,"Meron Far 31/10/21",0,0,0,0,0,0,0,0,2,0,0,0,6,1
"2778","T4",2021,"Meron KKL Plantings 4","Planted Conifer Forests","Galilee","Meron","Far",NA,NA,35.46192829,32.98809181,31/10/21,3472, 1.02362119,132,0.0530835871460582,0.998590072439991,1265.481439,"Meron Far",245.371765,"Meron Far 31/10/21",5,0,0,0,0,0,9,0,0,0,0,0,2,7
"2779","T4",2021,"Meron KKL Plantings 5","Planted Conifer Forests","Galilee","Meron","Far",NA,NA,35.46168555,32.98735135,31/10/21,3472, 1.02362119,132,0.0530835871460582,0.998590072439991,1301.700675,"Meron Far",312.477382,"Meron Far 31/10/21",17,10,0,0,0,0,1,0,0,0,0,0,15,17
"2780","T4",2021,"Meron KKL Plantings 6","Planted Conifer Forests","Galilee","Meron","Far",NA,NA,35.46072699,32.98739494,31/10/21,3472, 1.02362119,132,0.0530835871460582,0.998590072439991,1231.326272,"Meron Far",381.477224,"Meron Far 31/10/21",2,0,0,0,0,0,0,0,0,0,0,0,1,0
"2781","T4",2021,"Meron KKL Plantings 7","Planted Conifer Forests","Galilee","Meron","Far",NA,NA,35.45999173,32.98739494,31/10/21,3472, 1.02362119,132,0.0530835871460582,0.998590072439991,1142.034418,"Meron Far",391.374588,"Meron Far 31/10/21",0,0,0,0,0,0,4,0,0,0,0,0,10,0
"2782","T4",2021,"Meron KKL Plantings 8","Planted Conifer Forests","Galilee","Meron","Far",NA,NA,35.45982912,32.98732547,31/10/21,3472, 1.02362119,132,0.0530835871460582,0.998590072439991,1176.497949,"Meron Far",452.792713,"Meron Far 31/10/21",4,0,0,0,0,0,0,0,1,0,0,0,18,2
"2783","T4",2021,"Meron KKL Plantings 9","Planted Conifer Forests","Galilee","Meron","Far",NA,NA,35.45918539,32.98816578,31/10/21,3472, 1.02362119,132,0.0530835871460582,0.998590072439991,1067.999647,"Meron Far",422.697696,"Meron Far 31/10/21",0,0,0,0,0,0,0,0,0,0,0,0,4,0
"2784","T4",2021,"Ofer KKL Plantings 2","Planted Conifer Forests","Carmel","Ofer","Far",NA,NA,34.97033771,32.61185618,10/07/21,3359, 0.93279710,19,0.149877209662952,0.988704618186669,982.372996,"Ofer Far",77.760516,"Ofer Far 10/07/21",0,0,0,0,0,0,0,0,0,0,0,0,2,0
"2785","T4",2021,"Ofer KKL Plantings 4","Planted Conifer Forests","Carmel","Ofer","Far",NA,NA,34.96925544,32.61106682,10/07/21,3359, 0.93279710,19,0.149877209662952,0.988704618186669,1114.060559,"Ofer Far",82.036376,"Ofer Far 10/07/21",2,0,0,0,0,0,0,0,0,0,0,0,4,0
"2786","T4",2021,"Ofer KKL Plantings 5","Planted Conifer Forests","Carmel","Ofer","Far",NA,NA,34.96960983,32.61161188,10/07/21,3359, 0.93279710,19,0.149877209662952,0.988704618186669,1046.230217,"Ofer Far",111.437865,"Ofer Far 10/07/21",10,0,0,0,0,0,0,0,2,0,0,0,0,0
"2787","T4",2021,"Ofer KKL Plantings 7","Planted Conifer Forests","Carmel","Ofer","Far",NA,NA,34.96840216,32.61237667,10/07/21,3359, 0.93279710,19,0.149877209662952,0.988704618186669,1062.842255,"Ofer Far",229.936317,"Ofer Far 10/07/21",1,0,0,0,0,0,0,1,1,0,0,0,3,5
"2788","T4",2021,"Ofer KKL Plantings 9","Planted Conifer Forests","Carmel","Ofer","Far",NA,NA,34.96766154,32.61167741,10/07/21,3359, 0.93279710,19,0.149877209662952,0.988704618186669,1166.553649,"Ofer Far",156.096507,"Ofer Far 10/07/21",9,0,0,0,0,0,0,2,1,5,0,0,8,18
"2789","T4",2021,"Ramat Hashofet KKL Plantings 1","Planted Conifer Forests","Carmel","Ramat Hashofet","Far",NA,NA,35.11157647,32.61718889,30/11/21,3502, 1.04773378,162,-0.97845035079338,0.206482229337811,1075.669089,"Ramat Hashofet Far",68.007274,"Ramat Hashofet Far 30/11/21",3,0,0,0,0,0,0,0,1,0,0,0,2,1
"2790","T4",2021,"Ramat Hashofet KKL Plantings 2","Planted Conifer Forests","Carmel","Ramat Hashofet","Far",NA,NA,35.11213571,32.61737358,30/11/21,3502, 1.04773378,162,-0.97845035079338,0.206482229337811,1131.982008,"Ramat Hashofet Far",115.463558,"Ramat Hashofet Far 30/11/21",15,0,0,0,0,0,0,0,4,0,6,0,4,0
"2791","T4",2021,"Ramat Hashofet KKL Plantings 3","Planted Conifer Forests","Carmel","Ramat Hashofet","Far",NA,NA,35.1127848,32.61739646,30/11/21,3502, 1.04773378,162,-0.97845035079338,0.206482229337811,1190.388921,"Ramat Hashofet Far",175.213543,"Ramat Hashofet Far 30/11/21",10,0,0,0,0,0,0,0,1,0,0,0,4,0
"2792","T4",2021,"Ramat Hashofet KKL Plantings 4","Planted Conifer Forests","Carmel","Ramat Hashofet","Far",NA,NA,35.11316299,32.617155,30/11/21,3502, 1.04773378,162,-0.97845035079338,0.206482229337811,1216.017199,"Ramat Hashofet Far",196.4614,"Ramat Hashofet Far 30/11/21",14,0,0,0,0,0,0,0,0,0,0,0,17,1
"2793","T4",2021,"Ramat Hashofet KKL Plantings 5","Planted Conifer Forests","Carmel","Ramat Hashofet","Far",NA,NA,35.11404075,32.61692344,30/11/21,3502, 1.04773378,162,-0.97845035079338,0.206482229337811,1288.282587,"Ramat Hashofet Far",240.381707,"Ramat Hashofet Far 30/11/21",5,0,0,0,0,0,0,0,0,0,0,0,23,0
"2794","T4",2021,"Ramat Hashofet KKL Plantings 6","Planted Conifer Forests","Carmel","Ramat Hashofet","Far",NA,NA,35.11489034,32.61692937,30/11/21,3502, 1.04773378,162,-0.97845035079338,0.206482229337811,1365.702602,"Ramat Hashofet Far",310.24366,"Ramat Hashofet Far 30/11/21",7,0,0,0,0,0,0,0,0,0,1,0,31,0
"2795","T4",2021,"Ramat Hashofet KKL Plantings 7","Planted Conifer Forests","Carmel","Ramat Hashofet","Far",NA,NA,35.11580899,32.61733292,30/11/21,3502, 1.04773378,162,-0.97845035079338,0.206482229337811,1460.33577,"Ramat Hashofet Far",407.394955,"Ramat Hashofet Far 30/11/21",0,0,0,0,0,0,0,0,0,0,0,0,20,1
"2796","T4",2021,"Ramat Hashofet KKL Plantings 8","Planted Conifer Forests","Carmel","Ramat Hashofet","Far",NA,NA,35.11661734,32.61710926,30/11/21,3502, 1.04773378,162,-0.97845035079338,0.206482229337811,1527.955246,"Ramat Hashofet Far",467.847829,"Ramat Hashofet Far 30/11/21",0,0,0,0,0,0,0,0,1,0,0,0,1,0
"2797","T4",2021,"Ramat Hashofet KKL Plantings 9","Planted Conifer Forests","Carmel","Ramat Hashofet","Far",NA,NA,35.11663277,32.61656253,30/11/21,3502, 1.04773378,162,-0.97845035079338,0.206482229337811,1516.694188,"Ramat Hashofet Far",447.821209,"Ramat Hashofet Far 30/11/21",2,0,0,0,0,0,0,0,1,0,0,0,17,0
"2798","T4",2021,"Ramot Naftali KKL Plantings 1","Planted Conifer Forests","Galilee","Ramot Naftali","Far",NA,NA,35.56202061,33.094767,17/10/21,3458, 1.01236865,118,-0.981952169044084,0.189129420528958,593.321608,"Ramot Naftali Far",157.263394,"Ramot Naftali Far 17/10/21",12,0,0,0,0,0,4,2,0,0,0,0,2,5
"2799","T4",2021,"Ramot Naftali KKL Plantings 2","Planted Conifer Forests","Galilee","Ramot Naftali","Far",NA,NA,35.56160554,33.09526107,17/10/21,3458, 1.01236865,118,-0.981952169044084,0.189129420528958,534.496554,"Ramot Naftali Far",206.828027,"Ramot Naftali Far 17/10/21",1,0,0,0,0,0,1,1,0,0,0,0,2,0
"2800","T4",2021,"Ramot Naftali KKL Plantings 3","Planted Conifer Forests","Galilee","Ramot Naftali","Far",NA,NA,35.56180906,33.09570683,17/10/21,3458, 1.01236865,118,-0.981952169044084,0.189129420528958,533.709195,"Ramot Naftali Far",257.724065,"Ramot Naftali Far 17/10/21",12,0,0,0,0,0,1,1,0,0,0,0,22,1
"2801","T4",2021,"Ramot Naftali KKL Plantings 4","Planted Conifer Forests","Galilee","Ramot Naftali","Far",NA,NA,35.56125719,33.0964065,17/10/21,3458, 1.01236865,118,-0.981952169044084,0.189129420528958,457.960733,"Ramot Naftali Far",332.362081,"Ramot Naftali Far 17/10/21",3,0,0,0,0,0,1,0,0,0,0,0,25,0
"2802","T4",2021,"Ramot Naftali KKL Plantings 5","Planted Conifer Forests","Galilee","Ramot Naftali","Far",NA,NA,35.56137923,33.09739266,17/10/21,3458, 1.01236865,118,-0.981952169044084,0.189129420528958,429.846018,"Ramot Naftali Far",441.78097,"Ramot Naftali Far 17/10/21",0,0,0,0,0,0,0,1,0,0,0,0,1,0
"2803","T4",2021,"Ramot Naftali KKL Plantings 6","Planted Conifer Forests","Galilee","Ramot Naftali","Far",NA,NA,35.56176446,33.09765135,17/10/21,3458, 1.01236865,118,-0.981952169044084,0.189129420528958,455.908532,"Ramot Naftali Far",472.19583,"Ramot Naftali Far 17/10/21",3,0,0,0,0,0,0,1,0,0,0,0,15,0
"2804","T4",2021,"Ramot Naftali KKL Plantings 7","Planted Conifer Forests","Galilee","Ramot Naftali","Far",NA,NA,35.56159716,33.09785189,17/10/21,3458, 1.01236865,118,-0.981952169044084,0.189129420528958,435.57876,"Ramot Naftali Far",493.339748,"Ramot Naftali Far 17/10/21",3,0,0,0,0,0,0,0,0,0,0,0,5,1
"2805","T4",2021,"Ramot Naftali KKL Plantings 8","Planted Conifer Forests","Galilee","Ramot Naftali","Far",NA,NA,35.56218021,33.09825691,17/10/21,3458, 1.01236865,118,-0.981952169044084,0.189129420528958,482.501955,"Ramot Naftali Far",542.570043,"Ramot Naftali Far 17/10/21",3,0,0,0,0,0,0,0,0,0,0,0,12,1
"2806","T4",2021,"Ramot Naftali KKL Plantings 9","Planted Conifer Forests","Galilee","Ramot Naftali","Far",NA,NA,35.56267608,33.09812799,17/10/21,3458, 1.01236865,118,-0.981952169044084,0.189129420528958,530.052719,"Ramot Naftali Far",535.005419,"Ramot Naftali Far 17/10/21",0,0,0,0,0,0,0,0,0,0,0,0,26,0
"2807","T4",2021,"Zuriel KKL Plantings 1","Planted Conifer Forests","Galilee","Zuriel","Far",NA,NA,35.31331345,33.00934924,15/10/21,3456, 1.01076114,116,0.236661393364286,-0.971592190628802,54.371179,"Zuriel Far",160.171189,"Zuriel Far 15/10/21",8,0,0,0,0,0,0,0,0,0,2,0,17,3
"2808","T4",2021,"Zuriel KKL Plantings 2","Planted Conifer Forests","Galilee","Zuriel","Far",NA,NA,35.31327523,33.00979431,15/10/21,3456, 1.01076114,116,0.236661393364286,-0.971592190628802,83.842615,"Zuriel Far",193.305153,"Zuriel Far 15/10/21",0,0,0,0,0,0,0,0,0,0,0,0,12,1
"2809","T4",2021,"Zuriel KKL Plantings 3","Planted Conifer Forests","Galilee","Zuriel","Far",NA,NA,35.3132055,33.01011342,15/10/21,3456, 1.01076114,116,0.236661393364286,-0.971592190628802,101.974178,"Zuriel Far",209.245919,"Zuriel Far 15/10/21",0,0,0,0,0,0,0,0,0,0,0,0,10,1
"2810","T4",2021,"Zuriel KKL Plantings 4","Planted Conifer Forests","Galilee","Zuriel","Far",NA,NA,35.31315554,33.01041397,15/10/21,3456, 1.01076114,116,0.236661393364286,-0.971592190628802,117.221928,"Zuriel Far",228.824728,"Zuriel Far 15/10/21",0,0,0,0,0,0,0,0,0,0,0,0,2,3
"2811","T4",2021,"Zuriel KKL Plantings 5","Planted Conifer Forests","Galilee","Zuriel","Far",NA,NA,35.31322662,33.01073139,15/10/21,3456, 1.01076114,116,0.236661393364286,-0.971592190628802,141.516639,"Zuriel Far",259.76409,"Zuriel Far 15/10/21",7,0,0,0,0,0,0,0,5,0,0,0,11,9
"2812","T4",2021,"Zuriel KKL Plantings 6","Planted Conifer Forests","Galilee","Zuriel","Far",NA,NA,35.31318638,33.01108424,15/10/21,3456, 1.01076114,116,0.236661393364286,-0.971592190628802,159.074459,"Zuriel Far",289.192676,"Zuriel Far 15/10/21",0,0,0,0,0,0,0,0,0,0,0,0,2,8
"2813","T4",2021,"Zuriel KKL Plantings 7","Planted Conifer Forests","Galilee","Zuriel","Far",NA,NA,35.31322896,33.01143708,15/10/21,3456, 1.01076114,116,0.236661393364286,-0.971592190628802,183.193592,"Zuriel Far",304.640786,"Zuriel Far 15/10/21",0,0,0,0,0,0,0,0,0,0,0,0,1,0
"2814","T4",2021,"Zuriel KKL Plantings 8","Planted Conifer Forests","Galilee","Zuriel","Far",NA,NA,35.31347372,33.01160268,15/10/21,3456, 1.01076114,116,0.236661393364286,-0.971592190628802,212.322618,"Zuriel Far",326.730061,"Zuriel Far 15/10/21",0,0,0,0,0,0,0,0,0,0,0,0,1,0
"2815","T4",2021,"Zuriel KKL Plantings 9","Planted Conifer Forests","Galilee","Zuriel","Far",NA,NA,35.31344254,33.01122931,15/10/21,3456, 1.01076114,116,0.236661393364286,-0.971592190628802,187.899722,"Zuriel Far",316.023228,"Zuriel Far 15/10/21",2,0,0,0,0,0,0,0,1,0,0,0,2,2
"2816","T4",2023,"Beit Yatir Far 1","Mediterranean Desert Transition Zone",NA,"Beit Yatir","Far",NA,NA,35.12511358,31.37126122,26/02/23,3955, 1.41183388,-115,-0.94543533402477,-0.325809805219964,1147.818781,"Beit Yatir Far",988.149552,"Beit Yatir Far 26/02/23",1,0,0,0,0,0,27,1,0,1,0,0,0,2
"2817","T4",2023,"Beit Yatir Far 2","Mediterranean Desert Transition Zone",NA,"Beit Yatir","Far",NA,NA,35.12449667,31.37174443,26/02/23,3955, 1.41183388,-115,-0.94543533402477,-0.325809805219964,1096.305011,"Beit Yatir Far",977.306826,"Beit Yatir Far 26/02/23",1,0,0,0,0,0,33,1,0,0,0,0,0,1
"2818","T4",2023,"Beit Yatir Far 3","Mediterranean Desert Transition Zone",NA,"Beit Yatir","Far",NA,NA,35.12439273,31.3723742,26/02/23,3955, 1.41183388,-115,-0.94543533402477,-0.325809805219964,1099.431196,"Beit Yatir Far",927.618806,"Beit Yatir Far 26/02/23",0,0,0,0,0,0,11,0,0,0,0,0,0,1
"2819","T4",2023,"Beit Yatir Far 4","Mediterranean Desert Transition Zone",NA,"Beit Yatir","Far",NA,NA,35.12501869,31.37336981,26/02/23,3955, 1.41183388,-115,-0.94543533402477,-0.325809805219964,1185.169738,"Beit Yatir Far",804.511416,"Beit Yatir Far 26/02/23",0,0,0,0,0,0,35,0,0,0,0,0,0,0
"2820","T4",2023,"Beit Yatir Far 5","Mediterranean Desert Transition Zone",NA,"Beit Yatir","Far",NA,NA,35.12628738,31.37320435,26/02/23,3955, 1.41183388,-115,-0.94543533402477,-0.325809805219964,1296.272872,"Beit Yatir Far",747.315433,"Beit Yatir Far 26/02/23",0,0,0,0,0,0,17,1,0,1,0,0,0,2
"2821","T4",2023,"Beit Yatir Far 6","Mediterranean Desert Transition Zone",NA,"Beit Yatir","Far",NA,NA,35.12616064,31.37248355,26/02/23,3955, 1.41183388,-115,-0.94543533402477,-0.325809805219964,1266.515098,"Beit Yatir Far",819.994698,"Beit Yatir Far 26/02/23",2,0,0,0,0,0,33,0,0,4,0,0,0,4
"2822","T4",2023,"Beit Yatir Far 7","Mediterranean Desert Transition Zone",NA,"Beit Yatir","Far",NA,NA,35.1256148,31.3717936,26/02/23,3955, 1.41183388,-115,-0.94543533402477,-0.325809805219964,1202.315738,"Beit Yatir Far",912.466359,"Beit Yatir Far 26/02/23",5,0,0,0,0,0,30,0,0,0,0,0,0,2
"2823","T4",2023,"Beit Yatir Far 8","Mediterranean Desert Transition Zone",NA,"Beit Yatir","Far",NA,NA,35.12424621,31.37000279,26/02/23,3955, 1.41183388,-115,-0.94543533402477,-0.325809805219964,1060.010872,"Beit Yatir Far",1149.903606,"Beit Yatir Far 26/02/23",0,0,0,0,0,0,3,1,0,0,0,0,0,4
"2824","T4",2023,"Beit Yatir Far 9","Mediterranean Desert Transition Zone",NA,"Beit Yatir","Far",NA,NA,35.12302045,31.37029737,26/02/23,3955, 1.41183388,-115,-0.94543533402477,-0.325809805219964,943.098616,"Beit Yatir Far",1189.761736,"Beit Yatir Far 26/02/23",3,0,0,0,0,0,2,0,0,3,0,0,0,5
"2825","T4",2023,"Beit Yatir Near 1","Mediterranean Desert Transition Zone",NA,"Beit Yatir","Near",NA,NA,35.10688528,31.35624954,26/02/23,3955, 1.41183388,-115,-0.94543533402477,-0.325809805219964,617.359251,"Beit Yatir Near",0,"Beit Yatir Near 26/02/23",0,0,0,0,0,0,12,0,0,0,1,0,0,12
"2826","T4",2023,"Beit Yatir Near 2","Mediterranean Desert Transition Zone",NA,"Beit Yatir","Near",NA,NA,35.10656308,31.35560821,26/02/23,3955, 1.41183388,-115,-0.94543533402477,-0.325809805219964,679.288747,"Beit Yatir Near",0,"Beit Yatir Near 26/02/23",6,0,0,0,0,0,9,0,0,0,0,0,0,23
"2827","T4",2023,"Beit Yatir Near 3","Mediterranean Desert Transition Zone",NA,"Beit Yatir","Near",NA,NA,35.1059,31.35631,26/02/23,3955, 1.41183388,-115,-0.94543533402477,-0.325809805219964,698.264229,"Beit Yatir Near",0,"Beit Yatir Near 26/02/23",5,0,0,0,0,0,7,0,0,0,0,0,0,2
"2828","T4",2023,"Beit Yatir Near 4","Mediterranean Desert Transition Zone",NA,"Beit Yatir","Near",NA,NA,35.10625094,31.3568923,26/02/23,3955, 1.41183388,-115,-0.94543533402477,-0.325809805219964,643.048433,"Beit Yatir Near",1.958108,"Beit Yatir Near 26/02/23",5,0,0,0,0,0,1,0,0,0,0,0,0,1
"2829","T4",2023,"Beit Yatir Near 5","Mediterranean Desert Transition Zone",NA,"Beit Yatir","Near",NA,NA,35.10728426,31.35716057,26/02/23,3955, 1.41183388,-115,-0.94543533402477,-0.325809805219964,540.546916,"Beit Yatir Near",0,"Beit Yatir Near 26/02/23",6,0,0,0,0,0,15,0,0,0,0,0,0,6
"2830","T4",2023,"Beit Yatir Near 6","Mediterranean Desert Transition Zone",NA,"Beit Yatir","Near",NA,NA,35.10798633,31.3573461,26/02/23,3955, 1.41183388,-115,-0.94543533402477,-0.325809805219964,470.826014,"Beit Yatir Near",0,"Beit Yatir Near 26/02/23",3,0,0,0,0,0,22,0,0,0,0,0,0,0
"2831","T4",2023,"Beit Yatir Near 7","Mediterranean Desert Transition Zone",NA,"Beit Yatir","Near",NA,NA,35.10886475,31.35737616,26/02/23,3955, 1.41183388,-115,-0.94543533402477,-0.325809805219964,392.783923,"Beit Yatir Near",0,"Beit Yatir Near 26/02/23",0,0,0,0,0,0,5,0,0,0,0,0,0,0
"2832","T4",2023,"Beit Yatir Near 9","Mediterranean Desert Transition Zone",NA,"Beit Yatir","Near",NA,NA,35.10773286,31.35657737,26/02/23,3955, 1.41183388,-115,-0.94543533402477,-0.325809805219964,529.172375,"Beit Yatir Near",0,"Beit Yatir Near 26/02/23",3,0,0,0,0,0,49,0,0,0,0,0,0,0
"2833","T4",2023,"Mirsham Far 3","Mediterranean Desert Transition Zone",NA,"Mirsham","Far",NA,NA,34.90495954,31.46305486,24/02/23,3953, 1.41022637,-117,0.689697940935389,-0.724097196700474,1344.973664,"Mirsham Far",230.453341,"Mirsham Far 24/02/23",1,0,0,0,0,0,3,0,0,0,0,0,0,6
"2834","T4",2023,"Mirsham Far 4","Mediterranean Desert Transition Zone",NA,"Mirsham","Far",NA,NA,34.90460549,31.46250834,24/02/23,3953, 1.41022637,-117,0.689697940935389,-0.724097196700474,1315.18533,"Mirsham Far",164.046315,"Mirsham Far 24/02/23",0,0,0,0,0,0,2,0,0,0,0,0,0,1
"2835","T4",2023,"Mirsham Far 5","Mediterranean Desert Transition Zone",NA,"Mirsham","Far",NA,NA,34.9023779,31.4633571,24/02/23,3953, 1.41022637,-117,0.689697940935389,-0.724097196700474,1521.683849,"Mirsham Far",184.702832,"Mirsham Far 24/02/23",0,0,0,0,0,0,3,0,0,0,0,0,0,3
"2836","T4",2023,"Mirsham Far 7","Mediterranean Desert Transition Zone",NA,"Mirsham","Far",NA,NA,34.90328215,31.465522,24/02/23,3953, 1.41022637,-117,0.689697940935389,-0.724097196700474,1660.988954,"Mirsham Far",156.04796,"Mirsham Far 24/02/23",0,0,0,0,0,0,9,0,0,0,0,0,0,6
"2837","T4",2023,"Mirsham Far 8","Mediterranean Desert Transition Zone",NA,"Mirsham","Far",NA,NA,34.90270481,31.46636848,24/02/23,3953, 1.41022637,-117,0.689697940935389,-0.724097196700474,1769.558502,"Mirsham Far",180.017803,"Mirsham Far 24/02/23",0,0,0,0,0,0,0,0,0,0,0,0,0,1
"2838","T4",2023,"Mirsham Far 9","Mediterranean Desert Transition Zone",NA,"Mirsham","Far",NA,NA,34.90099356,31.46455482,24/02/23,3953, 1.41022637,-117,0.689697940935389,-0.724097196700474,1708.290848,"Mirsham Far",34.297253,"Mirsham Far 24/02/23",0,0,0,0,0,0,19,0,0,0,1,0,0,5
"2839","T4",2023,"Mirsham Near 1","Mediterranean Desert Transition Zone",NA,"Mirsham","Near",NA,NA,34.92984239,31.47955661,24/02/23,3953, 1.41022637,-117,0.689697940935389,-0.724097196700474,480.712222,"Mirsham Near",306.210195,"Mirsham Near 24/02/23",0,0,0,0,0,0,28,0,1,0,0,0,0,5
"2840","T4",2023,"Mirsham Near 2","Mediterranean Desert Transition Zone",NA,"Mirsham","Near",NA,NA,34.93065041,31.47996006,24/02/23,3953, 1.41022637,-117,0.689697940935389,-0.724097196700474,518.747208,"Mirsham Near",248.117604,"Mirsham Near 24/02/23",0,0,0,0,0,0,29,0,2,0,0,0,0,3
"2841","T4",2023,"Mirsham Near 3","Mediterranean Desert Transition Zone",NA,"Mirsham","Near",NA,NA,34.93136723,31.48085674,24/02/23,3953, 1.41022637,-117,0.689697940935389,-0.724097196700474,540.895655,"Mirsham Near",151.687004,"Mirsham Near 24/02/23",0,0,0,0,0,0,28,1,1,0,0,0,0,1
"2842","T4",2023,"Mirsham Near 4","Mediterranean Desert Transition Zone",NA,"Mirsham","Near",NA,NA,34.93078049,31.4817717,24/02/23,3953, 1.41022637,-117,0.689697940935389,-0.724097196700474,453.59591,"Mirsham Near",46.83368,"Mirsham Near 24/02/23",2,0,0,0,0,0,82,0,0,2,1,0,0,2
"2843","T4",2023,"Mirsham Near 5","Mediterranean Desert Transition Zone",NA,"Mirsham","Near",NA,NA,34.93186343,31.48188035,24/02/23,3953, 1.41022637,-117,0.689697940935389,-0.724097196700474,548.792103,"Mirsham Near",86.007398,"Mirsham Near 24/02/23",3,0,0,0,0,0,23,2,0,0,0,0,0,2
"2844","T4",2023,"Mirsham Near 6","Mediterranean Desert Transition Zone",NA,"Mirsham","Near",NA,NA,34.92895827,31.48193154,24/02/23,3953, 1.41022637,-117,0.689697940935389,-0.724097196700474,284.899124,"Mirsham Near",175.066182,"Mirsham Near 24/02/23",0,0,0,0,0,0,10,0,0,0,0,0,0,0
"2845","T4",2023,"Mirsham Near 7","Mediterranean Desert Transition Zone",NA,"Mirsham","Near",NA,NA,34.92790483,31.482178,24/02/23,3953, 1.41022637,-117,0.689697940935389,-0.724097196700474,181.524756,"Mirsham Near",183.232381,"Mirsham Near 24/02/23",5,0,0,0,0,0,23,0,3,0,0,0,0,15
"2846","T4",2023,"Mirsham Near 8","Mediterranean Desert Transition Zone",NA,"Mirsham","Near",NA,NA,34.92686715,31.48187035,24/02/23,3953, 1.41022637,-117,0.689697940935389,-0.724097196700474,101.60671,"Mirsham Near",107.263367,"Mirsham Near 24/02/23",0,0,0,0,0,0,5,0,0,0,0,0,0,0
"2847","T4",2023,"Mirsham Near 9","Mediterranean Desert Transition Zone",NA,"Mirsham","Near",NA,NA,34.926381,31.48217257,24/02/23,3953, 1.41022637,-117,0.689697940935389,-0.724097196700474,45.869372,"Mirsham Near",51.348638,"Mirsham Near 24/02/23",0,0,0,0,0,0,1,0,0,0,0,0,0,0
